rule_id,med_id,principio_activo,indicacion,poblacion,edad_min_meses,edad_max_meses,peso_min_kg,peso_max_kg,peso_min_exclusivo,peso_max_exclusivo,via,tipo_dosis,unidad_dosis,dosis_valor,dosis_valor_max,intervalo_h,divisiones_dia,dosis_fija_mg,dosis_fija_valor,dosis_fija_valor_max,max_dosis_mg,max_dosis_valor,max_dosis_valorkg,max_dia_mg,max_dia_valor,max_dia_mgkg,max_dia_valorkg,frecuencia_texto,duracion,notas,nota_renal,nivel_uso,permite_conversion_volumen,fuente,url_fuente,fecha_revision,estado,automatizable,comentario_validacion
PED-0001,MED-0017,ACICLOVIR,"HSV mucocutáneo, huésped inmunocompetente",≥3 meses,3,,,,,,IV,MG_KG_DOSIS,mg,5,,8,,,,,1000,1000,,,,,,,,,Ajustar si CrCl <50 mL/min/1.73m².,GENERAL,SI,UCSF Benioff Children’s Hospitals – Pediatric Antimicrobial Dosing (last update 4/2025),https://idmp.ucsf.edu/pediatric-antimicrobial-dosing-benioff-childrens-hospitals,2026-09-02,VALIDADO,SI,Regla heredada de V5.
PED-0002,MED-0017,ACICLOVIR,HSV SNC,≥3 meses a <12 años,3,144,,,,,IV,MG_KG_DOSIS,mg,15,,8,,,,,1000,1000,,,,,,,,,Ajustar si CrCl <50 mL/min/1.73m².,GENERAL,SI,UCSF Benioff Children’s Hospitals – Pediatric Antimicrobial Dosing (last update 4/2025),https://idmp.ucsf.edu/pediatric-antimicrobial-dosing-benioff-childrens-hospitals,2026-09-02,VALIDADO,SI,Regla heredada de V5.
PED-0003,MED-0017,ACICLOVIR,HSV SNC / HSV inmunocomprometido / VZV,≥12 años,144,216,,,,,IV,MG_KG_DOSIS,mg,10,,8,,,,,1000,1000,,,,,,,,,Ajustar si CrCl <50 mL/min/1.73m².,GENERAL,SI,UCSF Benioff Children’s Hospitals – Pediatric Antimicrobial Dosing (last update 4/2025),https://idmp.ucsf.edu/pediatric-antimicrobial-dosing-benioff-childrens-hospitals,2026-09-02,VALIDADO,SI,Regla heredada de V5.
PED-0004,MED-0017,ACICLOVIR,HSV,<3 meses,1,3,,,,,IV,MG_KG_DOSIS,mg,20,,8,,,,,1000,1000,,,,,,,,En neonatos y lactantes con disfunción renal usar referencia neonatal específica.,Ajuste renal específico neonatal.,GENERAL,SI,UCSF Benioff Children’s Hospitals – Pediatric Antimicrobial Dosing (last update 4/2025),https://idmp.ucsf.edu/pediatric-antimicrobial-dosing-benioff-childrens-hospitals,2026-09-02,VALIDADO,SI,Regla heredada de V5.
PED-0005,MED-0054,AMPICILINA,Infección habitual,>1 mes,1,,,,,,IV,MG_KG_DOSIS,mg,50,,6,,,,,2000,2000,,,,,,,,,Ajustar si CrCl <50 mL/min/1.73m².,GENERAL,SI,UCSF Benioff Children’s Hospitals – Pediatric Antimicrobial Dosing (last update 4/2025),https://idmp.ucsf.edu/pediatric-antimicrobial-dosing-benioff-childrens-hospitals,2026-09-02,VALIDADO,SI,Regla heredada de V5.
PED-0006,MED-0054,AMPICILINA,Meningitis / endocarditis,>1 mes,1,,,,,,IV,MG_KG_DIA,mg,400,,,4,,,,2000,2000,,,,,,,,Fuente permite dividir 400 mg/kg/día cada 4–6 h; la app calcula q6h como opción conservadora y muestra esta nota.,Ajustar si CrCl <50 mL/min/1.73m².,GENERAL,SI,UCSF Benioff Children’s Hospitals – Pediatric Antimicrobial Dosing (last update 4/2025),https://idmp.ucsf.edu/pediatric-antimicrobial-dosing-benioff-childrens-hospitals,2026-09-02,VALIDADO,SI,Regla heredada de V5.
PED-0007,MED-0053,AMOXICILINA,Dosis estándar (infecciones comunes),>1 mes,1,,,,,,PO,MG_KG_DOSIS,mg,22.5,,12,,,,,1000,1000,,,,,,,,,Ajustar si CrCl <30 mL/min/1.73m².,GENERAL,SI,UCSF Benioff Children’s Hospitals – Pediatric Antimicrobial Dosing (last update 4/2025),https://idmp.ucsf.edu/pediatric-antimicrobial-dosing-benioff-childrens-hospitals,2026-09-02,VALIDADO,SI,Regla heredada de V5.
PED-0008,MED-0053,AMOXICILINA,Neumonía bacteriana ambulatoria (MINSAL Chile 2025),<5 años,3,60,,,,,PO,MG_KG_DIA,mg,50,,,2,,,,1000,1000,,2000,2000,,,,7 días (duración según orientación MINSAL 2021),GPC MINSAL 2025 recomienda 50 mg/kg/día por sobre dosis altas de 90 mg/kg/día en menores de 5 años con neumonía bacteriana. La pauta histórica MINSAL de 80–100 mg/kg/día no se usa como regla vigente por defecto.,Ajustar si CrCl <30 mL/min/1.73m².,GENERAL,SI,MINSAL Chile – GPC IRA menores de 5 años (2025); duración complementada con Orientación Técnica antimicrobianos 2021,https://diprece.minsal.cl/wp-content/uploads/2025/05/RES.-EXENTA-N%C2%B0-573-GUIA-DE-PRACTICA-CLINICA.pdf,2026-09-02,VALIDADO,SI,Regla heredada de V5.
PED-0009,MED-0053,AMOXICILINA,Faringitis estreptocócica,>1 mes,1,,,,,,PO,MG_KG_DOSIS,mg,50,,24,,,,,1000,1000,,,,,,,,,Ajustar si CrCl <30 mL/min/1.73m².,GENERAL,SI,UCSF Benioff Children’s Hospitals – Pediatric Antimicrobial Dosing (last update 4/2025),https://idmp.ucsf.edu/pediatric-antimicrobial-dosing-benioff-childrens-hospitals,2026-09-02,VALIDADO,SI,Regla heredada de V5.
PED-0010,MED-0110,CEFALEXINA,Infección leve-moderada,>1 mes,1,,,,,,PO,MG_KG_DOSIS,mg,25,,8,,,,,500,500,,,,,,,,,Ajustar si CrCl <50 mL/min/1.73m².,GENERAL,SI,UCSF Benioff Children’s Hospitals – Pediatric Antimicrobial Dosing (last update 4/2025),https://idmp.ucsf.edu/pediatric-antimicrobial-dosing-benioff-childrens-hospitals,2026-09-02,VALIDADO,SI,Regla heredada de V5.
PED-0011,MED-0110,CEFALEXINA,"Infección grave (p. ej., osteomielitis/pielonefritis)",>1 mes,1,,,,,,PO,MG_KG_DOSIS,mg,50,,8,,,,,1000,1000,,,,,,,,,Ajustar si CrCl <50 mL/min/1.73m².,GENERAL,SI,UCSF Benioff Children’s Hospitals – Pediatric Antimicrobial Dosing (last update 4/2025),https://idmp.ucsf.edu/pediatric-antimicrobial-dosing-benioff-childrens-hospitals,2026-09-02,VALIDADO,SI,Regla heredada de V5.
PED-0012,MED-0109,CEFADROXILO,ITU,≥1 mes (la ficha citada no define pauta neonatal),1,,,,,,PO,MG_KG_DIA,mg,30,,,2,,,,,,,,,,,,Según infección; para estreptococo β-hemolítico al menos 10 días.,30 mg/kg/día divididos cada 12 h. No extrapolar a neonatos.,,GENERAL,SI,DailyMed – Cefadroxil prescribing information,https://dailymed.nlm.nih.gov/dailymed/drugInfo.cfm?setid=485bc35b-637a-426b-aaa2-023c664914ae,2026-09-02,VALIDADO,SI,Regla heredada de V5.
PED-0013,MED-0109,CEFADROXILO,Faringitis / amigdalitis / impétigo,≥1 mes (la ficha citada no define pauta neonatal),1,,,,,,PO,MG_KG_DIA,mg,30,,,1,,,,,,,,,,,,Al menos 10 días si infección estreptocócica β-hemolítica.,Puede darse una vez al día o dividido cada 12 h según ficha técnica. No extrapolar a neonatos.,,GENERAL,SI,DailyMed – Cefadroxil prescribing information,https://dailymed.nlm.nih.gov/dailymed/drugInfo.cfm?setid=485bc35b-637a-426b-aaa2-023c664914ae,2026-09-02,VALIDADO,SI,Regla heredada de V5.
PED-0014,MED-0109,CEFADROXILO,Infección de piel y estructuras cutáneas,≥1 mes (la ficha citada no define pauta neonatal),1,,,,,,PO,MG_KG_DIA,mg,30,,,2,,,,,,,,,,,,,30 mg/kg/día divididos cada 12 h. No extrapolar a neonatos.,,GENERAL,SI,DailyMed – Cefadroxil prescribing information,https://dailymed.nlm.nih.gov/dailymed/drugInfo.cfm?setid=485bc35b-637a-426b-aaa2-023c664914ae,2026-09-02,VALIDADO,SI,Regla heredada de V5.
PED-0015,MED-0129,CIPROFLOXACINA,Infecciones susceptibles,>1 mes,1,,,,,,PO,MG_KG_DOSIS,mg,15,,12,,,,,750,750,,,,,,,,,Ajustar si CrCl <30 mL/min/1.73m².,GENERAL,SI,UCSF Benioff Children’s Hospitals – Pediatric Antimicrobial Dosing (last update 4/2025),https://idmp.ucsf.edu/pediatric-antimicrobial-dosing-benioff-childrens-hospitals,2026-09-02,VALIDADO,SI,Regla heredada de V5.
PED-0016,MED-0129,CIPROFLOXACINA,Infecciones susceptibles,>1 mes,1,,,,,,IV,MG_KG_DOSIS,mg,10,,8,,,,,400,400,,,,,,,,,Ajustar si CrCl <30 mL/min/1.73m².,GENERAL,SI,UCSF Benioff Children’s Hospitals – Pediatric Antimicrobial Dosing (last update 4/2025),https://idmp.ucsf.edu/pediatric-antimicrobial-dosing-benioff-childrens-hospitals,2026-09-02,VALIDADO,SI,Regla heredada de V5.
PED-0017,MED-0138,CLINDAMICINA,Infección habitual,>1 mes,1,,,,,,PO/IV,MG_KG_DOSIS,mg,10,,8,,,,,600,600,,,,,,,,,No requiere ajuste renal.,GENERAL,SI,UCSF Benioff Children’s Hospitals – Pediatric Antimicrobial Dosing (last update 4/2025),https://idmp.ucsf.edu/pediatric-antimicrobial-dosing-benioff-childrens-hospitals,2026-09-02,VALIDADO,SI,Regla heredada de V5.
PED-0018,MED-0138,CLINDAMICINA,Infección ósea/articular,>1 mes,1,,,,,,PO/IV,MG_KG_DOSIS,mg,13,,8,,,,,600,600,,,,,,,,,No requiere ajuste renal.,GENERAL,SI,UCSF Benioff Children’s Hospitals – Pediatric Antimicrobial Dosing (last update 4/2025),https://idmp.ucsf.edu/pediatric-antimicrobial-dosing-benioff-childrens-hospitals,2026-09-02,VALIDADO,SI,Regla heredada de V5.
PED-0019,MED-0138,CLINDAMICINA,Fascitis necrotizante,>1 mes,1,,,,,,IV,MG_KG_DOSIS,mg,10,,8,,,,,900,900,,,,,,,,UCSF lista máximo IV de 900 mg/dosis para fascitis necrotizante.,No requiere ajuste renal.,GENERAL,SI,UCSF Benioff Children’s Hospitals – Pediatric Antimicrobial Dosing (last update 4/2025),https://idmp.ucsf.edu/pediatric-antimicrobial-dosing-benioff-childrens-hospitals,2026-09-02,VALIDADO,SI,Regla heredada de V5.
PED-0020,MED-0266,FLUCONAZOL,Candidiasis invasiva,>1 mes,1,,,,,,PO/IV,MG_KG_DOSIS,mg,12,,24,,,,,800,800,,,,,,,,,Ajustar si CrCl <50 mL/min/1.73m².,GENERAL,SI,UCSF Benioff Children’s Hospitals – Pediatric Antimicrobial Dosing (last update 4/2025),https://idmp.ucsf.edu/pediatric-antimicrobial-dosing-benioff-childrens-hospitals,2026-09-02,VALIDADO,SI,Regla heredada de V5.
PED-0021,MED-0342,LEVOFLOXACINA,Infecciones susceptibles,6 meses a <5 años,6,60,,,,,PO/IV,MG_KG_DOSIS,mg,10,,12,,,,,750,750,,,,,,,,,Ajustar si CrCl <30 mL/min/1.73m².,GENERAL,SI,UCSF Benioff Children’s Hospitals – Pediatric Antimicrobial Dosing (last update 4/2025),https://idmp.ucsf.edu/pediatric-antimicrobial-dosing-benioff-childrens-hospitals,2026-09-02,VALIDADO,SI,Regla heredada de V5.
PED-0022,MED-0342,LEVOFLOXACINA,Infecciones susceptibles,≥5 años,60,216,,,,,PO/IV,MG_KG_DOSIS,mg,10,,24,,,,,750,750,,,,,,,,,Ajustar si CrCl <30 mL/min/1.73m².,GENERAL,SI,UCSF Benioff Children’s Hospitals – Pediatric Antimicrobial Dosing (last update 4/2025),https://idmp.ucsf.edu/pediatric-antimicrobial-dosing-benioff-childrens-hospitals,2026-09-02,VALIDADO,SI,Regla heredada de V5.
PED-0023,MED-0389,METRONIDAZOL,Infección habitual,>1 mes,1,,,,,,PO/IV,MG_KG_DOSIS,mg,10,,8,,,,,500,500,,,,,,,,,Ajustar si CrCl <10 mL/min/1.73m².,GENERAL,SI,UCSF Benioff Children’s Hospitals – Pediatric Antimicrobial Dosing (last update 4/2025),https://idmp.ucsf.edu/pediatric-antimicrobial-dosing-benioff-childrens-hospitals,2026-09-02,VALIDADO,SI,Regla heredada de V5.
PED-0024,MED-0389,METRONIDAZOL,Apendicitis,>1 mes,1,,,,,,PO/IV,MG_KG_DOSIS,mg,30,,24,,,,,1500,1500,,,,,,,,,Ajustar si CrCl <10 mL/min/1.73m².,GENERAL,SI,UCSF Benioff Children’s Hospitals – Pediatric Antimicrobial Dosing (last update 4/2025),https://idmp.ucsf.edu/pediatric-antimicrobial-dosing-benioff-childrens-hospitals,2026-09-02,VALIDADO,SI,Regla heredada de V5.
PED-0025,MED-0601,VANCOMICINA,Dosis inicial,1 a <3 meses (PMA 45–52 semanas),1,3,,,,,IV,MG_KG_DOSIS,mg,15,,8,,,,,1000,1000,,,,,,,,Requiere monitorización y ajuste farmacocinético; verificar PMA.,Ajuste por función renal y monitorización farmacocinética.,GENERAL,SI,UCSF Benioff Children’s Hospitals – Pediatric Antimicrobial Dosing (last update 4/2025),https://idmp.ucsf.edu/pediatric-antimicrobial-dosing-benioff-childrens-hospitals,2026-09-02,VALIDADO,SI,Regla heredada de V5.
PED-0026,MED-0601,VANCOMICINA,Dosis inicial,3 meses a <12 años,3,144,,,,,IV,MG_KG_DOSIS,mg,17.5,,6,,,,,1000,1000,,,,,,,,Dosis inicial; ajustar con monitorización.,Ajuste por función renal y monitorización farmacocinética.,GENERAL,SI,UCSF Benioff Children’s Hospitals – Pediatric Antimicrobial Dosing (last update 4/2025),https://idmp.ucsf.edu/pediatric-antimicrobial-dosing-benioff-childrens-hospitals,2026-09-02,VALIDADO,SI,Regla heredada de V5.
PED-0027,MED-0601,VANCOMICINA,Dosis inicial,12 a <15 años,144,180,,,,,IV,MG_KG_DOSIS,mg,15,,6,,,,,1000,1000,,,,,,,,Dosis inicial; ajustar con monitorización.,Ajuste por función renal y monitorización farmacocinética.,GENERAL,SI,UCSF Benioff Children’s Hospitals – Pediatric Antimicrobial Dosing (last update 4/2025),https://idmp.ucsf.edu/pediatric-antimicrobial-dosing-benioff-childrens-hospitals,2026-09-02,VALIDADO,SI,Regla heredada de V5.
PED-0028,MED-0601,VANCOMICINA,Dosis inicial,15 a <18 años,180,216,,,,,IV,MG_KG_DOSIS,mg,15,,8,,,,,1000,1000,,,,,,,,Dosis inicial; ajustar con monitorización.,Ajuste por función renal y monitorización farmacocinética.,GENERAL,SI,UCSF Benioff Children’s Hospitals – Pediatric Antimicrobial Dosing (last update 4/2025),https://idmp.ucsf.edu/pediatric-antimicrobial-dosing-benioff-childrens-hospitals,2026-09-02,VALIDADO,SI,Regla heredada de V5.
PED-0029,MED-0612,VORICONAZOL,Dosis empírica inicial si PGx desconocido,<12 años,1,144,,,,,PO/IV,MG_KG_DOSIS,mg,10,,12,,,,,400,400,,,,,,,,,No ajuste de dosis renal; evitar formulación IV si CrCl <50 mL/min/1.73m².,GENERAL,SI,UCSF Benioff Children’s Hospitals – Pediatric Antimicrobial Dosing (last update 4/2025),https://idmp.ucsf.edu/pediatric-antimicrobial-dosing-benioff-childrens-hospitals,2026-09-02,VALIDADO,SI,Regla heredada de V5.
PED-0030,MED-0612,VORICONAZOL,Dosis empírica inicial si PGx desconocido,12 a <18 años,144,216,,,,,PO/IV,MG_KG_DOSIS,mg,6,,12,,,,,400,400,,,,,,,,,No ajuste de dosis renal; evitar formulación IV si CrCl <50 mL/min/1.73m².,GENERAL,SI,UCSF Benioff Children’s Hospitals – Pediatric Antimicrobial Dosing (last update 4/2025),https://idmp.ucsf.edu/pediatric-antimicrobial-dosing-benioff-childrens-hospitals,2026-09-02,VALIDADO,SI,Regla heredada de V5.
PED-0031,MED-0136,CLARITROMICINA,Infecciones pediátricas según ficha técnica,≥6 meses,6,,,,,,PO,MG_KG_DOSIS,mg,7.5,,12,,,,,500,500,,,,,,,10 días,Equivale a 15 mg/kg/día divididos cada 12 h; no exceder dosis adulta. En esta app no se automatiza por debajo de 6 meses.,,GENERAL,SI,DailyMed – Clarithromycin prescribing information,https://dailymed.nlm.nih.gov/dailymed/drugInfo.cfm?setid=fa69ea92-0b41-43fb-918f-ed80e0dedf04,2026-09-02,VALIDADO,SI,Regla heredada de V5.
PED-0032,MED-0430,NITROFURANTOINA,ITU,≥1 mes,1,,,,,,PO,MG_KG_DIA_RANGE,mg,5,7,,4,,,,,,,,,,,,,5–7 mg/kg/día en 4 dosis; administrar con alimentos. Contraindicada <1 mes.,,GENERAL,SI,DailyMed – Nitrofurantoin oral suspension prescribing information,https://dailymed.nlm.nih.gov/dailymed/drugInfo.cfm?setid=04af8b73-7e15-7da8-e063-6294a90af284,2026-09-02,VALIDADO,SI,Regla heredada de V5.
PED-0033,MED-0440,OSELTAMIVIR,Tratamiento influenza,2 semanas a <1 año,0.5,12,,,,,PO,MG_KG_DOSIS,mg,3,,12,,,,,,,,,,,,,5 días,,,GENERAL,SI,DailyMed – Oseltamivir phosphate prescribing information,https://dailymed.nlm.nih.gov/dailymed/drugInfo.cfm?setid=31c90a2e-9d14-4236-8dc2-b2a862e8cbac,2026-09-02,VALIDADO,SI,Regla heredada de V5.
PED-0034,MED-0440,OSELTAMIVIR,Tratamiento influenza,"1 a 12 años, por peso",12,156,,15,,,PO,FIJA,mg,,,12,,30,30,,,,,,,,,,5 días,,,GENERAL,SI,DailyMed – Oseltamivir phosphate prescribing information,https://dailymed.nlm.nih.gov/dailymed/drugInfo.cfm?setid=31c90a2e-9d14-4236-8dc2-b2a862e8cbac,2026-09-02,VALIDADO,SI,Regla heredada de V5.
PED-0035,MED-0440,OSELTAMIVIR,Tratamiento influenza,"1 a 12 años, por peso",12,156,15.0001,23,,,PO,FIJA,mg,,,12,,45,45,,,,,,,,,,5 días,,,GENERAL,SI,DailyMed – Oseltamivir phosphate prescribing information,https://dailymed.nlm.nih.gov/dailymed/drugInfo.cfm?setid=31c90a2e-9d14-4236-8dc2-b2a862e8cbac,2026-09-02,VALIDADO,SI,Regla heredada de V5.
PED-0036,MED-0440,OSELTAMIVIR,Tratamiento influenza,"1 a 12 años, por peso",12,156,23.0001,40,,,PO,FIJA,mg,,,12,,60,60,,,,,,,,,,5 días,,,GENERAL,SI,DailyMed – Oseltamivir phosphate prescribing information,https://dailymed.nlm.nih.gov/dailymed/drugInfo.cfm?setid=31c90a2e-9d14-4236-8dc2-b2a862e8cbac,2026-09-02,VALIDADO,SI,Regla heredada de V5.
PED-0037,MED-0440,OSELTAMIVIR,Tratamiento influenza,"1 a 12 años, por peso",12,156,40.0001,,,,PO,FIJA,mg,,,12,,75,75,,,,,,,,,,5 días,,,GENERAL,SI,DailyMed – Oseltamivir phosphate prescribing information,https://dailymed.nlm.nih.gov/dailymed/drugInfo.cfm?setid=31c90a2e-9d14-4236-8dc2-b2a862e8cbac,2026-09-02,VALIDADO,SI,Regla heredada de V5.
PED-0038,MED-0440,OSELTAMIVIR,Profilaxis postexposición,"1 a 12 años, por peso",12,156,,15,,,PO,FIJA,mg,,,24,,30,30,,,,,,,,,,10 días postexposición; revisar duración en brote comunitario/inmunocompromiso.,,,GENERAL,SI,DailyMed – Oseltamivir phosphate prescribing information,https://dailymed.nlm.nih.gov/dailymed/drugInfo.cfm?setid=31c90a2e-9d14-4236-8dc2-b2a862e8cbac,2026-09-02,VALIDADO,SI,Regla heredada de V5.
PED-0039,MED-0440,OSELTAMIVIR,Profilaxis postexposición,"1 a 12 años, por peso",12,156,15.0001,23,,,PO,FIJA,mg,,,24,,45,45,,,,,,,,,,10 días postexposición; revisar duración en brote comunitario/inmunocompromiso.,,,GENERAL,SI,DailyMed – Oseltamivir phosphate prescribing information,https://dailymed.nlm.nih.gov/dailymed/drugInfo.cfm?setid=31c90a2e-9d14-4236-8dc2-b2a862e8cbac,2026-09-02,VALIDADO,SI,Regla heredada de V5.
PED-0040,MED-0440,OSELTAMIVIR,Profilaxis postexposición,"1 a 12 años, por peso",12,156,23.0001,40,,,PO,FIJA,mg,,,24,,60,60,,,,,,,,,,10 días postexposición; revisar duración en brote comunitario/inmunocompromiso.,,,GENERAL,SI,DailyMed – Oseltamivir phosphate prescribing information,https://dailymed.nlm.nih.gov/dailymed/drugInfo.cfm?setid=31c90a2e-9d14-4236-8dc2-b2a862e8cbac,2026-09-02,VALIDADO,SI,Regla heredada de V5.
PED-0041,MED-0440,OSELTAMIVIR,Profilaxis postexposición,"1 a 12 años, por peso",12,156,40.0001,,,,PO,FIJA,mg,,,24,,75,75,,,,,,,,,,10 días postexposición; revisar duración en brote comunitario/inmunocompromiso.,,,GENERAL,SI,DailyMed – Oseltamivir phosphate prescribing information,https://dailymed.nlm.nih.gov/dailymed/drugInfo.cfm?setid=31c90a2e-9d14-4236-8dc2-b2a862e8cbac,2026-09-02,VALIDADO,SI,Regla heredada de V5.
PED-0042,MED-0440,OSELTAMIVIR,Tratamiento influenza,>12 a <18 años,156,216,,,,,PO,FIJA,mg,,,12,,75,75,,,,,,,,,,5 días,,,GENERAL,SI,DailyMed – Oseltamivir phosphate prescribing information,https://dailymed.nlm.nih.gov/dailymed/drugInfo.cfm?setid=31c90a2e-9d14-4236-8dc2-b2a862e8cbac,2026-09-02,VALIDADO,SI,Regla heredada de V5.
PED-0043,MED-0440,OSELTAMIVIR,Profilaxis postexposición,>12 a <18 años,156,216,,,,,PO,FIJA,mg,,,24,,75,75,,,,,,,,,,10 días,,,GENERAL,SI,DailyMed – Oseltamivir phosphate prescribing information,https://dailymed.nlm.nih.gov/dailymed/drugInfo.cfm?setid=31c90a2e-9d14-4236-8dc2-b2a862e8cbac,2026-09-02,VALIDADO,SI,Regla heredada de V5.
PED-0044,MED-0454,PARACETAMOL,Dolor/fiebre – vía oral,Nacimiento a 1 mes,0,1,,,,,PO,MG_KG_DOSIS,mg,15,,6,,,,,1000,1000,,,,60,60,,,RCH indica 15 mg/kg cada 4–6 h; se configura q6h para respetar máximo diario neonatal.,,GENERAL,SI,Royal Children’s Hospital Melbourne – Acute pain management (updated 10/2024),https://www.rch.org.au/clinicalguide/guideline_index/Acute_pain_management/,2026-09-02,VALIDADO,SI,Regla heredada de V5.
PED-0045,MED-0454,PARACETAMOL,Dolor/fiebre – vía oral,>1 mes,1,216,,,,,PO,MG_KG_DOSIS,mg,15,,6,,,,,1000,1000,,4000,4000,90,90,,,90 mg/kg/día (máx 4 g) solo para dolor intenso y máximo 48 h; luego 60 mg/kg/día.,,GENERAL,SI,Royal Children’s Hospital Melbourne – Acute pain management (updated 10/2024),https://www.rch.org.au/clinicalguide/guideline_index/Acute_pain_management/,2026-09-02,VALIDADO,SI,Regla heredada de V5.
PED-0046,MED-0454,PARACETAMOL,Dolor/fiebre – vía IV,<1 mes,0,1,,,,,IV,MG_KG_DOSIS,mg,10,,6,,,,,,,,,,40,40,,,,,GENERAL,SI,Royal Children’s Hospital Melbourne – Acute pain management (updated 10/2024),https://www.rch.org.au/clinicalguide/guideline_index/Acute_pain_management/,2026-09-02,VALIDADO,SI,Regla heredada de V5.
PED-0047,MED-0454,PARACETAMOL,Dolor/fiebre – vía IV,>1 mes,1,216,,,,,IV,MG_KG_DOSIS,mg,15,,6,,,,,1000,1000,,4000,4000,60,60,,,,,GENERAL,SI,Royal Children’s Hospital Melbourne – Acute pain management (updated 10/2024),https://www.rch.org.au/clinicalguide/guideline_index/Acute_pain_management/,2026-09-02,VALIDADO,SI,Regla heredada de V5.
PED-0048,MED-0301,IBUPROFENO,Dolor/fiebre,>3 meses,3,216,,,,,PO,MG_KG_DOSIS,mg,10,,8,,,,,400,400,,2400,2400,30,30,,,RCH: cada 6–8 h con alimentos; precaución en insuficiencia renal/deshidratación.,,GENERAL,SI,Royal Children’s Hospital Melbourne – Acute pain management (updated 10/2024),https://www.rch.org.au/clinicalguide/guideline_index/Acute_pain_management/,2026-09-02,VALIDADO,SI,Regla heredada de V5.
PED-0049,MED-0182,DEXAMETASONA,Croup leve-moderado con indicación de corticoide,Edad típica 6 meses–6 años,6,72,,,,,PO,MG_KG_DOSIS,mg,0.15,,,,,,,,,,,,,,,,Dosis única; no todos los cuadros leves requieren corticoide.,,GENERAL,SI,Royal Children’s Hospital Melbourne – Croup,https://www.rch.org.au/clinicalguide/guideline_index/Croup_Laryngotracheobronchitis/,2026-09-02,VALIDADO,SI,Regla heredada de V5.
PED-0050,MED-0182,DEXAMETASONA,Croup grave o amenaza vital,Edad pediátrica,6,216,,,,,PO/IM/IV,MG_KG_DOSIS,mg,0.6,,,,,,,12,12,,,,,,,,Dosis única inicial.,,GENERAL,SI,Royal Children’s Hospital Melbourne – Croup,https://www.rch.org.au/clinicalguide/guideline_index/Croup_Laryngotracheobronchitis/,2026-09-02,VALIDADO,SI,Regla heredada de V5.
PED-0051,MED-0479,PREDNISOLONA,Croup leve-moderado,Edad pediátrica,6,216,,,,,PO,MG_KG_DOSIS,mg,1,,,,,,,,,,,,,,,,Dosis única en la pauta de RCH.,,GENERAL,SI,Royal Children’s Hospital Melbourne – Croup,https://www.rch.org.au/clinicalguide/guideline_index/Croup_Laryngotracheobronchitis/,2026-09-02,VALIDADO,SI,Regla heredada de V5.
PED-0052,MED-0479,PREDNISOLONA,Urticaria aguda grave refractaria a antihistamínico,Edad pediátrica,6,216,,,,,PO,MG_KG_DOSIS_RANGE,mg,0.5,1,,,,,,60,60,,,,,,,,Dosis única.,,GENERAL,SI,Royal Children’s Hospital Melbourne – Urticaria,https://www.rch.org.au/clinicalguide/guideline_index/Urticaria/,2026-09-02,VALIDADO,SI,Regla heredada de V5.
PED-0053,MED-0118,CETIRIZINA,Urticaria aguda,6–11 meses,6,12,,,,,PO,MG_KG_DOSIS,mg,0.25,,24,,,,,2.5,2.5,,,,,,,,,,GENERAL,SI,Royal Children’s Hospital Melbourne – Urticaria,https://www.rch.org.au/clinicalguide/guideline_index/Urticaria/,2026-09-02,VALIDADO,SI,Regla heredada de V5.
PED-0054,MED-0118,CETIRIZINA,Urticaria aguda,1–2 años,12,24,,,,,PO,FIJA,mg,,,12,,2.5,2.5,,,,,,,,,,,,,GENERAL,SI,Royal Children’s Hospital Melbourne – Urticaria,https://www.rch.org.au/clinicalguide/guideline_index/Urticaria/,2026-09-02,VALIDADO,SI,Regla heredada de V5.
PED-0055,MED-0118,CETIRIZINA,Urticaria aguda,2–6 años,24,72,,,,,PO,FIJA,mg,,,24,,5,5,,,,,,,,,,,Alternativa: 2.5 mg cada 12 h.,,GENERAL,SI,Royal Children’s Hospital Melbourne – Urticaria,https://www.rch.org.au/clinicalguide/guideline_index/Urticaria/,2026-09-02,VALIDADO,SI,Regla heredada de V5.
PED-0056,MED-0118,CETIRIZINA,Urticaria aguda,6–12 años,72,144,,,,,PO,FIJA,mg,,,24,,10,10,,,,,,,,,,,Alternativa: 5 mg cada 12 h.,,GENERAL,SI,Royal Children’s Hospital Melbourne – Urticaria,https://www.rch.org.au/clinicalguide/guideline_index/Urticaria/,2026-09-02,VALIDADO,SI,Regla heredada de V5.
PED-0057,MED-0118,CETIRIZINA,Urticaria aguda,12–18 años,144,216,,,,,PO,FIJA,mg,,,24,,10,10,,,,,,,,,,,,,GENERAL,SI,Royal Children’s Hospital Melbourne – Urticaria,https://www.rch.org.au/clinicalguide/guideline_index/Urticaria/,2026-09-02,VALIDADO,SI,Regla heredada de V5.
PED-0058,MED-0355,LORATADINA,Reacción alérgica leve-moderada,1–2 años,12,24,,,,,PO,FIJA,mg,,,24,,2.5,2.5,,,,,,,,,,,,,GENERAL,SI,Royal Children’s Hospital Melbourne – IgE-mediated food allergy,https://www.rch.org.au/clinicalguide/guideline_index/Food_allergy_-_IgE_mediated_food_allergy/,2026-09-02,VALIDADO,SI,Regla heredada de V5.
PED-0059,MED-0355,LORATADINA,Reacción alérgica leve-moderada,>2 años y <30 kg,24,216,,29.999,,,PO,FIJA,mg,,,24,,5,5,,,,,,,,,,,,,GENERAL,SI,Royal Children’s Hospital Melbourne – IgE-mediated food allergy,https://www.rch.org.au/clinicalguide/guideline_index/Food_allergy_-_IgE_mediated_food_allergy/,2026-09-02,VALIDADO,SI,Regla heredada de V5.
PED-0060,MED-0355,LORATADINA,Reacción alérgica leve-moderada,>2 años y ≥30 kg,24,216,30,,,,PO,FIJA,mg,,,24,,10,10,,,,,,,,,,,,,GENERAL,SI,Royal Children’s Hospital Melbourne – IgE-mediated food allergy,https://www.rch.org.au/clinicalguide/guideline_index/Food_allergy_-_IgE_mediated_food_allergy/,2026-09-02,VALIDADO,SI,Regla heredada de V5.
PED-0061,MED-0438,ONDANSETRON,Gastroenteritis con vómitos persistentes para facilitar hidratación,">6 meses, 8–15 kg",6,,8,15,,,PO,FIJA,mg,,,,,2,2,,,,,,,,,,,Dosis inicial.,,GENERAL,SI,Royal Children’s Hospital Melbourne – Gastroenteritis (updated 8/2025),https://www.rch.org.au/clinicalguide/guideline_index/Gastroenteritis/,2026-09-02,VALIDADO,SI,Regla heredada de V5.
PED-0062,MED-0438,ONDANSETRON,Gastroenteritis con vómitos persistentes para facilitar hidratación,">6 meses, >15–30 kg",6,,15.0001,30,,,PO,FIJA,mg,,,,,4,4,,,,,,,,,,,Dosis inicial.,,GENERAL,SI,Royal Children’s Hospital Melbourne – Gastroenteritis (updated 8/2025),https://www.rch.org.au/clinicalguide/guideline_index/Gastroenteritis/,2026-09-02,VALIDADO,SI,Regla heredada de V5.
PED-0063,MED-0438,ONDANSETRON,Gastroenteritis con vómitos persistentes para facilitar hidratación,">6 meses, >30 kg",6,,30.0001,,,,PO,FIJA,mg,,,,,8,8,,,,,,,,,,,Dosis inicial.,,GENERAL,SI,Royal Children’s Hospital Melbourne – Gastroenteritis (updated 8/2025),https://www.rch.org.au/clinicalguide/guideline_index/Gastroenteritis/,2026-09-02,VALIDADO,SI,Regla heredada de V5.
PED-0064,MED-0438,ONDANSETRON,Dosis posterior si se requiere,>6 meses,6,,,,,,PO,MG_KG_DOSIS,mg,0.15,,,,,,,,,,,,,,,,La guía informa 0.15 mg/kg para dosificación posterior; individualizar frecuencia.,,GENERAL,SI,Royal Children’s Hospital Melbourne – Gastroenteritis (updated 8/2025),https://www.rch.org.au/clinicalguide/guideline_index/Gastroenteritis/,2026-09-02,VALIDADO,SI,Regla heredada de V5.
PED-0065,MED-0392,MIDAZOLAM,Convulsión aguda – primera línea,Pediatría,,,,,,,IV/IM/IO,MG_KG_DOSIS,mg,0.15,,,,,,,10,10,,,,,,,,Máximo 2 dosis apropiadas de benzodiazepina incluyendo dosis prehospitalarias.,,GENERAL,SI,Royal Children’s Hospital Melbourne – Seizures: acute management,https://www.rch.org.au/afebrile_seizures/,2026-09-02,VALIDADO,SI,Regla heredada de V5.
PED-0066,MED-0392,MIDAZOLAM,Convulsión aguda – primera línea,Pediatría,,,,,,,BUCAL/IN,MG_KG_DOSIS,mg,0.3,,,,,,,10,10,,,,,,,,Máximo 2 dosis apropiadas de benzodiazepina incluyendo dosis prehospitalarias.,,GENERAL,SI,Royal Children’s Hospital Melbourne – Seizures: acute management,https://www.rch.org.au/afebrile_seizures/,2026-09-02,VALIDADO,SI,Regla heredada de V5.
PED-0067,MED-0188,DIAZEPAM,Convulsión aguda – primera línea,Pediatría,,,,,,,IV/IO,MG_KG_DOSIS,mg,0.3,,,,,,,10,10,,,,,,,,No administrar IM.,,GENERAL,SI,Royal Children’s Hospital Melbourne – Seizures: acute management,https://www.rch.org.au/afebrile_seizures/,2026-09-02,VALIDADO,SI,Regla heredada de V5.
PED-0068,MED-0254,FENITOINA SODICA,"Convulsión aguda – segunda línea, carga",Pediatría,,,,,,,IV/IO,MG_KG_DOSIS,mg,20,,,,,,,2000,2000,,,,,,,,"Carga. Monitorización cardíaca; infundir 1 mg/kg/min, máximo 50 mg/min. Contraindicada en Dravet.",,GENERAL,SI,Royal Children’s Hospital Melbourne – Seizures: acute management,https://www.rch.org.au/afebrile_seizures/,2026-09-02,VALIDADO,SI,Regla heredada de V5.
PED-0069,MED-0339,LEVETIRACETAM,Convulsión aguda – segunda línea,Pediatría,,,,,,,IV/IO,MG_KG_DOSIS_RANGE,mg,40,60,,,,,,4500,4500,,,,,,,,Infundir sobre ~5 min según guía.,,GENERAL,SI,Royal Children’s Hospital Melbourne – Seizures: acute management,https://www.rch.org.au/afebrile_seizures/,2026-09-02,VALIDADO,SI,Regla heredada de V5.
PED-0070,MED-0255,FENOBARBITAL,Convulsión aguda – segunda línea,Pediatría,,,,,,,IV/IO,MG_KG_DOSIS,mg,20,,,,,,,1000,1000,,,,,,,,Monitorización cardíaca; infusión lenta.,,GENERAL,SI,Royal Children’s Hospital Melbourne – Seizures: acute management,https://www.rch.org.au/afebrile_seizures/,2026-09-02,VALIDADO,SI,Regla heredada de V5.
PED-0071,MED-0037,ACIDO VALPROICO,Convulsión aguda – segunda línea,≥3 años preferentemente,36,,,,,,IV,MG_KG_DOSIS_RANGE,mg,20,40,,,,,,3000,3000,,,,,,,,No recomendado <3 años por alto riesgo de hepatotoxicidad.,,GENERAL,SI,Royal Children’s Hospital Melbourne – Seizures: acute management,https://www.rch.org.au/afebrile_seizures/,2026-09-02,VALIDADO,SI,Regla heredada de V5.
PED-0072,MED-0469,PIRIDOXINA CLOHIDRATO,Convulsión refractaria – considerar deficiencia dependiente de piridoxina,≤6 meses,,6,,,,,IV,FIJA,mg,,,,,100,100,,,,,,,,,,,Tercera línea/escenario seleccionado; requiere monitorización y equipo experto.,,GENERAL,SI,Royal Children’s Hospital Melbourne – Seizures: acute management,https://www.rch.org.au/afebrile_seizures/,2026-09-02,VALIDADO,SI,Regla heredada de V5.
PED-0073,MED-0377,METFORMINA,Diabetes mellitus tipo 2 – inicio,≥10 años,120,216,,,,,PO,FIJA,mg,,,12,,500,500,,,,,2000,2000,,,,,Dosis inicial: 500 mg BID con comidas; incrementar 500 mg semanal según control/tolerancia hasta 2000 mg/día.,No iniciar si eGFR 30–45; contraindicado si eGFR <30 mL/min/1.73m².,GENERAL,SI,DailyMed – Metformin hydrochloride prescribing information,https://www.dailymed.nlm.nih.gov/dailymed/drugInfo.cfm?setid=498ac5fc-14be-d36a-e063-6394a90a3012,2026-09-02,VALIDADO,SI,Regla heredada de V5.
PED-0074,MED-0053,AMOXICILINA,Otitis media aguda – tratamiento antibiótico,≥6 meses,6,,,,,,PO,MG_KG_DOSIS,mg,45,,12,,,,,1000,1000,,,,,,,10 días <2 años o síntomas graves; 7 días 2–5 años; 5 días >5 años,En cuadros no graves seleccionados puede corresponder observación inicial 48–72 h. Esta regla es específica para OMA.,Ajustar si CrCl <30 mL/min/1.73 m².,GENERAL,SI,UCSF IDMP – Acute Otitis Media,https://idmp.ucsf.edu/content/acute-otitis-media,2026-09-03,VALIDADO,SI,Fuente regulatoria/guía revisada para escenario específico.
PED-0075,MED-0053,AMOXICILINA,Sinusitis bacteriana aguda – no grave,Pediatría,3,,,,,,PO,MG_KG_DOSIS,mg,45,,12,,,,,1000,1000,,,,,,,,No usar esta regla para sinusitis con criterios de gravedad; UCSF prefiere amoxicilina/clavulanato en ese escenario.,Ajustar si CrCl <30 mL/min/1.73 m².,GENERAL,SI,UCSF IDMP – Acute Bacterial Sinusitis,https://idmp.ucsf.edu/content/acute-bacterial-sinusitis-0,2026-09-03,VALIDADO,SI,Fuente regulatoria/guía revisada para escenario específico.
PED-0076,MED-0068,AZITROMICINA,Pertussis / profilaxis posexposición,<6 meses,,6,,,,,PO/IV,MG_KG_DOSIS,mg,10,,24,,,,,,,,,,,,,5 días,,,GENERAL,SI,UCSF IDMP – Pertussis,https://idmp.ucsf.edu/content/pertussis,2026-09-03,VALIDADO,SI,Fuente regulatoria/guía revisada para escenario específico.
PED-0077,MED-0068,AZITROMICINA,Pertussis / profilaxis posexposición – día 1,≥6 meses,6,,,,,,PO/IV,MG_KG_DOSIS,mg,10,,24,,,,,500,500,,,,,,,Día 1; continuar con regla días 2–5,,,GENERAL,SI,UCSF IDMP – Pertussis,https://idmp.ucsf.edu/content/pertussis,2026-09-03,VALIDADO,SI,Fuente regulatoria/guía revisada para escenario específico.
PED-0078,MED-0068,AZITROMICINA,Pertussis / profilaxis posexposición – días 2–5,≥6 meses,6,,,,,,PO/IV,MG_KG_DOSIS,mg,5,,24,,,,,250,250,,,,,,,Días 2–5,,,GENERAL,SI,UCSF IDMP – Pertussis,https://idmp.ucsf.edu/content/pertussis,2026-09-03,VALIDADO,SI,Fuente regulatoria/guía revisada para escenario específico.
PED-0079,MED-0068,AZITROMICINA,NAC ambulatoria – sospecha de etiología atípica – día 1,>5 años,60,,,,,,PO,MG_KG_DOSIS,mg,10,,24,,,,,500,500,,,,,,,Día 1; continuar 5 mg/kg/día días 2–5,Escenario internacional UCSF para neumonía atípica; no sustituye la regla MINSAL de amoxicilina para NAC bacteriana típica.,,GENERAL,SI,UCSF IDMP – Community-acquired Pneumonia,https://idmp.ucsf.edu/content/community-acquired-pneumonia,2026-09-03,VALIDADO,SI,Fuente regulatoria/guía revisada para escenario específico.
PED-0080,MED-0068,AZITROMICINA,NAC ambulatoria – sospecha de etiología atípica – días 2–5,>5 años,60,,,,,,PO,MG_KG_DOSIS,mg,5,,24,,,,,250,250,,,,,,,Días 2–5,Escenario internacional UCSF para neumonía atípica.,,GENERAL,SI,UCSF IDMP – Community-acquired Pneumonia,https://idmp.ucsf.edu/content/community-acquired-pneumonia,2026-09-03,VALIDADO,SI,Fuente regulatoria/guía revisada para escenario específico.
PED-0081,MED-0115,CEFUROXIMA,NAC / OMA / sinusitis – alternativa oral con cefalosporina,Pediatría,3,,,,,,PO,MG_KG_DOSIS,mg,15,,12,,,,,500,500,,,,,,,,"Alternativa oral en escenarios seleccionados; verificar alergia beta-lactámica, diagnóstico y guía local.",Requiere ajuste renal.,GENERAL,SI,UCSF IDMP – Respiratory/Head/Neck infections (oral cephalosporin option),https://idmp.ucsf.edu/guidelines-empiric-therapy-categories/respiratory-head-and-neck-infections,2026-09-03,VALIDADO,SI,Fuente regulatoria/guía revisada para escenario específico.
PED-0082,MED-0349,LINEZOLID,Infección por Gram positivos susceptible – tratamiento sistémico,<12 años,1,144,,,,,PO/IV,MG_KG_DOSIS,mg,10,,8,,,,,600,600,,,,,,,,"Usar según indicación microbiológica/ID; vigilar hemograma, interacciones serotoninérgicas y duración.",,ESPECIALISTA/MONITORIZACIÓN,SI,UCSF Benioff Children’s Hospitals – Pediatric Antimicrobial Dosing,https://idmp.ucsf.edu/pediatric-antimicrobial-dosing-benioff-childrens-hospitals,2026-09-03,VALIDADO,SI,Fuente regulatoria/guía revisada para escenario específico.
PED-0083,MED-0349,LINEZOLID,Infección por Gram positivos susceptible – tratamiento sistémico,≥12 años,144,,,,,,PO/IV,FIJA,mg,,,12,,600,600,,600,600,,,,,,,,Usar según indicación microbiológica/ID; vigilar hemograma e interacciones.,,ESPECIALISTA/MONITORIZACIÓN,SI,UCSF Benioff Children’s Hospitals – Pediatric Antimicrobial Dosing,https://idmp.ucsf.edu/pediatric-antimicrobial-dosing-benioff-childrens-hospitals,2026-09-03,VALIDADO,SI,Fuente regulatoria/guía revisada para escenario específico.
PED-0084,MED-0499,RIFAMPICINA,Tuberculosis latente (LTBI),Pediatría,1,,,,,,PO,MG_KG_DOSIS,mg,17.5,,24,,,,,600,600,,,,,,,4 meses,Evaluar interacciones farmacológicas y coordinación con programa/ID. No usar esta regla para tuberculosis activa.,,ESPECIALISTA/MONITORIZACIÓN,SI,UCSF IDMP – Pediatric Tuberculosis,https://idmp.ucsf.edu/content/tuberculosis,2026-09-03,VALIDADO,SI,Fuente regulatoria/guía revisada para escenario específico.
PED-0085,MED-0313,ISONIACIDA,Tuberculosis latente (LTBI) – alternativa a rifampicina,Pediatría,1,,,,,,PO,MG_KG_DOSIS,mg,12.5,,24,,,,,300,300,,,,,,,9 meses,Añadir piridoxina si lactancia exclusiva u otros factores de riesgo de neuropatía. No usar para TB activa sin régimen combinado.,,ESPECIALISTA/MONITORIZACIÓN,SI,UCSF IDMP – Pediatric Tuberculosis,https://idmp.ucsf.edu/content/tuberculosis,2026-09-03,VALIDADO,SI,Fuente regulatoria/guía revisada para escenario específico.
PED-0086,MED-0093,BUDESONIDA,Asma persistente – nebulizada; previo solo broncodilatador,12 meses–8 años,12,108,,,,,INH,FIJA,mg,,,24,,0.5,0.5,,,,,,,,,,,"Alternativa equivalente: 0,25 mg cada 12 h. No indicada para alivio de broncoespasmo agudo.",,MONITORIZACIÓN,SI,DailyMed – Budesonide inhalation suspension,https://dailymed.nlm.nih.gov/dailymed/search.cfm?query=budesonide%20inhalation%20suspension,2026-09-03,VALIDADO,SI,Fuente regulatoria/guía revisada para escenario específico.
PED-0087,MED-0093,BUDESONIDA,Asma persistente – nebulizada; previo corticosteroide inhalado,12 meses–8 años,12,108,,,,,INH,FIJA,mg,,,24,,0.5,0.5,,,,,1,1,,,,,"Puede administrarse como 0,25 mg cada 12 h; si respuesta insuficiente puede aumentarse hasta 0,5 mg cada 12 h (máx. 1 mg/día).",,MONITORIZACIÓN,SI,DailyMed – Budesonide inhalation suspension,https://dailymed.nlm.nih.gov/dailymed/search.cfm?query=budesonide%20inhalation%20suspension,2026-09-03,VALIDADO,SI,Fuente regulatoria/guía revisada para escenario específico.
PED-0088,MED-0093,BUDESONIDA,Asma persistente – nebulizada; previo corticosteroide oral,12 meses–8 años,12,108,,,,,INH,FIJA,mg,,,12,,0.5,0.5,,,,,1,1,,,,,También puede utilizarse 1 mg una vez al día; realizar descenso del corticoide sistémico según respuesta.,,MONITORIZACIÓN,SI,DailyMed – Budesonide inhalation suspension,https://dailymed.nlm.nih.gov/dailymed/search.cfm?query=budesonide%20inhalation%20suspension,2026-09-03,VALIDADO,SI,Fuente regulatoria/guía revisada para escenario específico.
PED-0089,MED-0488,PROPIONATO DE FLUTICASONA,Rinitis alérgica – dosis inicial intranasal,≥4 años,48,,,,,,INTRANASAL,FIJA,mcg,,,24,,,100,,,,,,200,,,1 spray (50 mcg) en cada fosa nasal una vez al día,,"Dosis total diaria 100 mcg. Si respuesta insuficiente puede aumentarse, sin exceder 200 mcg/día.",,GENERAL,NO,DailyMed – Fluticasone propionate nasal spray,https://dailymed.nlm.nih.gov/dailymed/drugInfo.cfm?setid=ab8c172b-c369-4372-95f9-dd1a28b3982b,2026-09-03,VALIDADO,SI,Fuente regulatoria/guía revisada para escenario específico.
PED-0090,MED-0488,PROPIONATO DE FLUTICASONA,Rinitis alérgica – dosis máxima intranasal,≥4 años,48,,,,,,INTRANASAL,FIJA,mcg,,,24,,,200,,,,,,200,,,2 sprays (50 mcg/spray) en cada fosa nasal una vez al día,,Usar solo si se requiere escalamiento; no exceder 200 mcg/día.,,GENERAL,NO,DailyMed – Fluticasone propionate nasal spray,https://dailymed.nlm.nih.gov/dailymed/drugInfo.cfm?setid=ab8c172b-c369-4372-95f9-dd1a28b3982b,2026-09-03,VALIDADO,SI,Fuente regulatoria/guía revisada para escenario específico.
PED-0091,MED-0410,MONTELUKAST,Asma – mantenimiento,12–23 meses,12,24,,,,,PO,FIJA,mg,,,24,,4,4,,,,,,,,,"una vez al día, por la tarde/noche",,No es medicación de rescate para crisis asmática aguda. Revisar advertencias neuropsiquiátricas.,,MONITORIZACIÓN,SI,DailyMed – Montelukast sodium,https://dailymed.nlm.nih.gov/dailymed/drugInfo.cfm?setid=67070e4e-f755-46b3-b900-fcc1993a0546,2026-09-03,VALIDADO,SI,Fuente regulatoria/guía revisada para escenario específico.
PED-0092,MED-0410,MONTELUKAST,Asma – mantenimiento,2–5 años,24,72,,,,,PO,FIJA,mg,,,24,,4,4,,,,,,,,,"una vez al día, por la tarde/noche",,No es medicación de rescate para crisis asmática aguda. Revisar advertencias neuropsiquiátricas.,,MONITORIZACIÓN,SI,DailyMed – Montelukast sodium,https://dailymed.nlm.nih.gov/dailymed/drugInfo.cfm?setid=67070e4e-f755-46b3-b900-fcc1993a0546,2026-09-03,VALIDADO,SI,Fuente regulatoria/guía revisada para escenario específico.
PED-0093,MED-0410,MONTELUKAST,Asma – mantenimiento,6–14 años,72,180,,,,,PO,FIJA,mg,,,24,,5,5,,,,,,,,,"una vez al día, por la tarde/noche",,No es medicación de rescate para crisis asmática aguda. Revisar advertencias neuropsiquiátricas.,,MONITORIZACIÓN,SI,DailyMed – Montelukast sodium,https://dailymed.nlm.nih.gov/dailymed/drugInfo.cfm?setid=67070e4e-f755-46b3-b900-fcc1993a0546,2026-09-03,VALIDADO,SI,Fuente regulatoria/guía revisada para escenario específico.
PED-0094,MED-0410,MONTELUKAST,Asma – mantenimiento,≥15 años,180,,,,,,PO,FIJA,mg,,,24,,10,10,,,,,,,,,"una vez al día, por la tarde/noche",,No es medicación de rescate para crisis asmática aguda. Revisar advertencias neuropsiquiátricas.,,MONITORIZACIÓN,SI,DailyMed – Montelukast sodium,https://dailymed.nlm.nih.gov/dailymed/drugInfo.cfm?setid=67070e4e-f755-46b3-b900-fcc1993a0546,2026-09-03,VALIDADO,SI,Fuente regulatoria/guía revisada para escenario específico.
PED-0095,MED-0179,DESLORATADINA,Rinitis alérgica / urticaria crónica idiopática,6–11 meses,6,12,,,,,PO,FIJA,mg,,,24,,1,1,,,,,,,,,,,,No existe recomendación pediátrica definida para insuficiencia renal/hepática en la ficha consultada.,GENERAL,SI,DailyMed – Desloratadine oral solution,https://dailymed.nlm.nih.gov/dailymed/lookup.cfm?setid=41d5e0d4-6188-847b-e063-6294a90a2e2f,2026-09-03,VALIDADO,SI,Fuente regulatoria/guía revisada para escenario específico.
PED-0096,MED-0179,DESLORATADINA,Rinitis alérgica / urticaria crónica idiopática,12 meses–5 años,12,72,,,,,PO,FIJA,mg,,,24,,1.25,1.25,,,,,,,,,,,,No existe recomendación pediátrica definida para insuficiencia renal/hepática en la ficha consultada.,GENERAL,SI,DailyMed – Desloratadine oral solution,https://dailymed.nlm.nih.gov/dailymed/lookup.cfm?setid=41d5e0d4-6188-847b-e063-6294a90a2e2f,2026-09-03,VALIDADO,SI,Fuente regulatoria/guía revisada para escenario específico.
PED-0097,MED-0179,DESLORATADINA,Rinitis alérgica / urticaria crónica idiopática,6–11 años,72,144,,,,,PO,FIJA,mg,,,24,,2.5,2.5,,,,,,,,,,,,No existe recomendación pediátrica definida para insuficiencia renal/hepática en la ficha consultada.,GENERAL,SI,DailyMed – Desloratadine oral solution,https://dailymed.nlm.nih.gov/dailymed/lookup.cfm?setid=41d5e0d4-6188-847b-e063-6294a90a2e2f,2026-09-03,VALIDADO,SI,Fuente regulatoria/guía revisada para escenario específico.
PED-0098,MED-0179,DESLORATADINA,Rinitis alérgica / urticaria crónica idiopática,≥12 años,144,,,,,,PO,FIJA,mg,,,24,,5,5,,,,,,,,,,,,No existe recomendación pediátrica definida para insuficiencia renal/hepática en la ficha consultada.,GENERAL,SI,DailyMed – Desloratadine oral solution,https://dailymed.nlm.nih.gov/dailymed/lookup.cfm?setid=41d5e0d4-6188-847b-e063-6294a90a2e2f,2026-09-03,VALIDADO,SI,Fuente regulatoria/guía revisada para escenario específico.
PED-0099,MED-0340,LEVOCETIRICINA,Rinitis alérgica perenne,6 meses–2 años,6,36,,,,,PO,FIJA,mg,,,24,,1.25,1.25,,,,,,,,,una vez al día en la noche,,,Contraindicada/no recomendada en niños de 6 meses a 11 años con insuficiencia renal según ficha.,GENERAL,SI,DailyMed – Levocetirizine oral solution,https://dailymed.nlm.nih.gov/dailymed/drugInfo.cfm?setid=b56652ad-2cf8-4ed0-bb66-0e832772c792,2026-09-03,VALIDADO,SI,Fuente regulatoria/guía revisada para escenario específico.
PED-0100,MED-0340,LEVOCETIRICINA,Urticaria crónica idiopática,6 meses–5 años,6,72,,,,,PO,FIJA,mg,,,24,,1.25,1.25,,,,,,,,,una vez al día en la noche,,,En 6 meses–11 años con insuficiencia renal no usar según ficha; ≥12 años requiere ajuste renal.,GENERAL,SI,DailyMed – Levocetirizine oral solution,https://dailymed.nlm.nih.gov/dailymed/drugInfo.cfm?setid=b56652ad-2cf8-4ed0-bb66-0e832772c792,2026-09-03,VALIDADO,SI,Fuente regulatoria/guía revisada para escenario específico.
PED-0101,MED-0340,LEVOCETIRICINA,Urticaria crónica idiopática,6–11 años,72,144,,,,,PO,FIJA,mg,,,24,,2.5,2.5,,,,,,,,,una vez al día en la noche,,,En 6 meses–11 años con insuficiencia renal no usar según ficha; ≥12 años requiere ajuste renal.,GENERAL,SI,DailyMed – Levocetirizine oral solution,https://dailymed.nlm.nih.gov/dailymed/drugInfo.cfm?setid=b56652ad-2cf8-4ed0-bb66-0e832772c792,2026-09-03,VALIDADO,SI,Fuente regulatoria/guía revisada para escenario específico.
PED-0102,MED-0340,LEVOCETIRICINA,Urticaria crónica idiopática,≥12 años,144,,,,,,PO,FIJA,mg,,,24,,5,5,,,,,,,,,una vez al día en la noche,,,En 6 meses–11 años con insuficiencia renal no usar según ficha; ≥12 años requiere ajuste renal.,GENERAL,SI,DailyMed – Levocetirizine oral solution,https://dailymed.nlm.nih.gov/dailymed/drugInfo.cfm?setid=b56652ad-2cf8-4ed0-bb66-0e832772c792,2026-09-03,VALIDADO,SI,Fuente regulatoria/guía revisada para escenario específico.
PED-0103,MED-0437,OMEPRAZOL,ERGE sintomático,1–16 años; 5–<10 kg,12,204,5,10,,SI,PO,FIJA,mg,,,24,,5,5,,,,,,,,,,hasta 4 semanas,,,GENERAL,SI,DailyMed – Omeprazole delayed-release,https://www.dailymed.nlm.nih.gov/dailymed/drugInfo.cfm?setid=b83329ac-a65e-b3af-a3fb-c5a6c740e5e7,2026-09-03,VALIDADO,SI,Fuente regulatoria/guía revisada para escenario específico.
PED-0104,MED-0437,OMEPRAZOL,ERGE sintomático,1–16 años; 10–<20 kg,12,204,10,20,,SI,PO,FIJA,mg,,,24,,10,10,,,,,,,,,,hasta 4 semanas,,,GENERAL,SI,DailyMed – Omeprazole delayed-release,https://www.dailymed.nlm.nih.gov/dailymed/drugInfo.cfm?setid=b83329ac-a65e-b3af-a3fb-c5a6c740e5e7,2026-09-03,VALIDADO,SI,Fuente regulatoria/guía revisada para escenario específico.
PED-0105,MED-0437,OMEPRAZOL,ERGE sintomático,1–16 años; 20–≥ kg,12,204,20,,,,PO,FIJA,mg,,,24,,20,20,,,,,,,,,,hasta 4 semanas,,,GENERAL,SI,DailyMed – Omeprazole delayed-release,https://www.dailymed.nlm.nih.gov/dailymed/drugInfo.cfm?setid=b83329ac-a65e-b3af-a3fb-c5a6c740e5e7,2026-09-03,VALIDADO,SI,Fuente regulatoria/guía revisada para escenario específico.
PED-0106,MED-0437,OMEPRAZOL,Esofagitis erosiva por ERGE,1–16 años; 5–<10 kg,12,204,5,10,,SI,PO,FIJA,mg,,,24,,5,5,,,,,,,,,,4–8 semanas,,,GENERAL,SI,DailyMed – Omeprazole delayed-release,https://www.dailymed.nlm.nih.gov/dailymed/drugInfo.cfm?setid=b83329ac-a65e-b3af-a3fb-c5a6c740e5e7,2026-09-03,VALIDADO,SI,Fuente regulatoria/guía revisada para escenario específico.
PED-0107,MED-0437,OMEPRAZOL,Esofagitis erosiva por ERGE,1–16 años; 10–<20 kg,12,204,10,20,,SI,PO,FIJA,mg,,,24,,10,10,,,,,,,,,,4–8 semanas,,,GENERAL,SI,DailyMed – Omeprazole delayed-release,https://www.dailymed.nlm.nih.gov/dailymed/drugInfo.cfm?setid=b83329ac-a65e-b3af-a3fb-c5a6c740e5e7,2026-09-03,VALIDADO,SI,Fuente regulatoria/guía revisada para escenario específico.
PED-0108,MED-0437,OMEPRAZOL,Esofagitis erosiva por ERGE,1–16 años; 20–≥ kg,12,204,20,,,,PO,FIJA,mg,,,24,,20,20,,,,,,,,,,4–8 semanas,,,GENERAL,SI,DailyMed – Omeprazole delayed-release,https://www.dailymed.nlm.nih.gov/dailymed/drugInfo.cfm?setid=b83329ac-a65e-b3af-a3fb-c5a6c740e5e7,2026-09-03,VALIDADO,SI,Fuente regulatoria/guía revisada para escenario específico.
PED-0109,MED-0437,OMEPRAZOL,Mantenimiento de cicatrización de esofagitis erosiva,1–16 años; 5–<10 kg,12,204,5,10,,SI,PO,FIJA,mg,,,24,,5,5,,,,,,,,,,según seguimiento; estudios controlados no >12 meses,,,GENERAL,SI,DailyMed – Omeprazole delayed-release,https://www.dailymed.nlm.nih.gov/dailymed/drugInfo.cfm?setid=b83329ac-a65e-b3af-a3fb-c5a6c740e5e7,2026-09-03,VALIDADO,SI,Fuente regulatoria/guía revisada para escenario específico.
PED-0110,MED-0437,OMEPRAZOL,Mantenimiento de cicatrización de esofagitis erosiva,1–16 años; 10–<20 kg,12,204,10,20,,SI,PO,FIJA,mg,,,24,,10,10,,,,,,,,,,según seguimiento; estudios controlados no >12 meses,,,GENERAL,SI,DailyMed – Omeprazole delayed-release,https://www.dailymed.nlm.nih.gov/dailymed/drugInfo.cfm?setid=b83329ac-a65e-b3af-a3fb-c5a6c740e5e7,2026-09-03,VALIDADO,SI,Fuente regulatoria/guía revisada para escenario específico.
PED-0111,MED-0437,OMEPRAZOL,Mantenimiento de cicatrización de esofagitis erosiva,1–16 años; 20–≥ kg,12,204,20,,,,PO,FIJA,mg,,,24,,20,20,,,,,,,,,,según seguimiento; estudios controlados no >12 meses,,,GENERAL,SI,DailyMed – Omeprazole delayed-release,https://www.dailymed.nlm.nih.gov/dailymed/drugInfo.cfm?setid=b83329ac-a65e-b3af-a3fb-c5a6c740e5e7,2026-09-03,VALIDADO,SI,Fuente regulatoria/guía revisada para escenario específico.
PED-0112,MED-0437,OMEPRAZOL,Esofagitis erosiva por ERGE – lactante,1 mes–<1 año; peso 3–<5 kg,1,12,3,5,,SI,PO,FIJA,mg,,,24,,2.5,2.5,,,,,,,,,,hasta 6 semanas,,,GENERAL,SI,DailyMed – Omeprazole delayed-release,https://www.dailymed.nlm.nih.gov/dailymed/drugInfo.cfm?setid=b83329ac-a65e-b3af-a3fb-c5a6c740e5e7,2026-09-03,VALIDADO,SI,Fuente regulatoria/guía revisada para escenario específico.
PED-0113,MED-0437,OMEPRAZOL,Esofagitis erosiva por ERGE – lactante,1 mes–<1 año; peso 5–<10 kg,1,12,5,10,,SI,PO,FIJA,mg,,,24,,5,5,,,,,,,,,,hasta 6 semanas,,,GENERAL,SI,DailyMed – Omeprazole delayed-release,https://www.dailymed.nlm.nih.gov/dailymed/drugInfo.cfm?setid=b83329ac-a65e-b3af-a3fb-c5a6c740e5e7,2026-09-03,VALIDADO,SI,Fuente regulatoria/guía revisada para escenario específico.
PED-0114,MED-0437,OMEPRAZOL,Esofagitis erosiva por ERGE – lactante,1 mes–<1 año; peso 10–≥ kg,1,12,10,,,,PO,FIJA,mg,,,24,,10,10,,,,,,,,,,hasta 6 semanas,,,GENERAL,SI,DailyMed – Omeprazole delayed-release,https://www.dailymed.nlm.nih.gov/dailymed/drugInfo.cfm?setid=b83329ac-a65e-b3af-a3fb-c5a6c740e5e7,2026-09-03,VALIDADO,SI,Fuente regulatoria/guía revisada para escenario específico.
PED-0115,MED-0331,LANSOPRAZOL,ERGE sintomático / esofagitis erosiva,1–11 años,12,144,,30,,NO,PO,FIJA,mg,,,24,,15,15,,,,,,,,,,hasta 12 semanas,,,GENERAL,SI,DailyMed – Lansoprazole,https://www.dailymed.nlm.nih.gov/dailymed/drugInfo.cfm?setid=495d3ca8-d37d-440a-80ce-9342d9ff281a,2026-09-03,VALIDADO,SI,Fuente regulatoria/guía revisada para escenario específico.
PED-0116,MED-0331,LANSOPRAZOL,ERGE sintomático / esofagitis erosiva,1–11 años,12,144,30,,SI,,PO,FIJA,mg,,,24,,30,30,,,,,,,,,,hasta 12 semanas,,,GENERAL,SI,DailyMed – Lansoprazole,https://www.dailymed.nlm.nih.gov/dailymed/drugInfo.cfm?setid=495d3ca8-d37d-440a-80ce-9342d9ff281a,2026-09-03,VALIDADO,SI,Fuente regulatoria/guía revisada para escenario específico.
PED-0117,MED-0331,LANSOPRAZOL,ERGE no erosivo,12–17 años,144,216,,,,,PO,FIJA,mg,,,24,,15,15,,,,,,,,,,hasta 8 semanas,,,GENERAL,SI,DailyMed – Lansoprazole,https://www.dailymed.nlm.nih.gov/dailymed/drugInfo.cfm?setid=495d3ca8-d37d-440a-80ce-9342d9ff281a,2026-09-03,VALIDADO,SI,Fuente regulatoria/guía revisada para escenario específico.
PED-0118,MED-0331,LANSOPRAZOL,Esofagitis erosiva,12–17 años,144,216,,,,,PO,FIJA,mg,,,24,,30,30,,,,,,,,,,hasta 8 semanas,,,GENERAL,SI,DailyMed – Lansoprazole,https://www.dailymed.nlm.nih.gov/dailymed/drugInfo.cfm?setid=495d3ca8-d37d-440a-80ce-9342d9ff281a,2026-09-03,VALIDADO,SI,Fuente regulatoria/guía revisada para escenario específico.
PED-0119,MED-0251,FAMOTIDINA,ERGE,Nacimiento–<3 meses,0,3,,,,,PO,MG_KG_DOSIS,mg,0.5,,24,,,,,,,,40,40,,,,,Puede aumentarse hasta 1 mg/kg una vez al día según respuesta.,,GENERAL,SI,DailyMed – Famotidine oral suspension,https://dailymed.nlm.nih.gov/dailymed/drugInfo.cfm?setid=c013654e-9cad-4c59-8fea-b00ae1567c18,2026-09-03,VALIDADO,SI,Fuente regulatoria/guía revisada para escenario específico.
PED-0120,MED-0251,FAMOTIDINA,ERGE,3 meses–<1 año,3,12,,,,,PO,MG_KG_DOSIS,mg,0.5,,12,,,,,,,,40,40,,,,,Puede aumentarse hasta 1 mg/kg cada 12 h según respuesta.,,GENERAL,SI,DailyMed – Famotidine oral suspension,https://dailymed.nlm.nih.gov/dailymed/drugInfo.cfm?setid=c013654e-9cad-4c59-8fea-b00ae1567c18,2026-09-03,VALIDADO,SI,Fuente regulatoria/guía revisada para escenario específico.
PED-0121,MED-0251,FAMOTIDINA,ERGE con/sin esofagitis y ulceraciones,1–<17 años,12,204,,,,,PO,MG_KG_DOSIS,mg,0.5,,12,,,,,40,40,,80,80,,,,,,,GENERAL,SI,DailyMed – Famotidine oral suspension,https://dailymed.nlm.nih.gov/dailymed/drugInfo.cfm?setid=c013654e-9cad-4c59-8fea-b00ae1567c18,2026-09-03,VALIDADO,SI,Fuente regulatoria/guía revisada para escenario específico.
PED-0122,MED-0251,FAMOTIDINA,Úlcera péptica – dosis inicial,1–<17 años,12,204,,,,,PO,MG_KG_DOSIS,mg,0.25,,12,,,,,,,,40,40,,,,,"Alternativa de inicio equivalente: 0,5 mg/kg una vez al día.",,GENERAL,SI,DailyMed – Famotidine oral suspension,https://dailymed.nlm.nih.gov/dailymed/drugInfo.cfm?setid=c013654e-9cad-4c59-8fea-b00ae1567c18,2026-09-03,VALIDADO,SI,Fuente regulatoria/guía revisada para escenario específico.
PED-0123,MED-0451,PANCREATINA,Insuficiencia pancreática exocrina – por alimentación,Nacimiento–12 meses,0,12,,,,,PO,FIJA,U lipasa,,,,,,2600,,,,,,,,,por cada 120 mL de fórmula o por cada lactancia,,No intercambiar productos de enzimas pancreáticas como equivalentes. Ajustar por respuesta nutricional/malabsorción.,,MONITORIZACIÓN,NO,DailyMed – PANCREAZE (pancrelipase),https://dailymed.nlm.nih.gov/dailymed/drugInfo.cfm?setid=e8f5d2fe-728d-42af-99a6-83dddc6539c5,2026-09-03,VALIDADO,SI,Fuente regulatoria/guía revisada para escenario específico.
PED-0124,MED-0451,PANCREATINA,Insuficiencia pancreática exocrina – dosis inicial por comida,>12 meses–<4 años,12,48,,,,,PO,CANT_KG_DOSIS,U lipasa,1000,,,,,,,,,2500,,,,10000,con cada comida; snack ≈ 1/2 de la dosis de una comida,,Los máximos se expresan en U lipasa/kg/comida y U lipasa/kg/día; también considerar <4000 U/g de grasa/día.,,MONITORIZACIÓN,NO,DailyMed – PANCREAZE (pancrelipase),https://dailymed.nlm.nih.gov/dailymed/drugInfo.cfm?setid=e8f5d2fe-728d-42af-99a6-83dddc6539c5,2026-09-03,VALIDADO,SI,Fuente regulatoria/guía revisada para escenario específico.
PED-0125,MED-0451,PANCREATINA,Insuficiencia pancreática exocrina – dosis inicial por comida,≥4 años,48,,,,,,PO,CANT_KG_DOSIS,U lipasa,500,,,,,,,,,2500,,,,10000,con cada comida; snack ≈ 1/2 de la dosis de una comida,,Los máximos se expresan en U lipasa/kg/comida y U lipasa/kg/día; también considerar <4000 U/g de grasa/día.,,MONITORIZACIÓN,NO,DailyMed – PANCREAZE (pancrelipase),https://dailymed.nlm.nih.gov/dailymed/drugInfo.cfm?setid=e8f5d2fe-728d-42af-99a6-83dddc6539c5,2026-09-03,VALIDADO,SI,Fuente regulatoria/guía revisada para escenario específico.
PED-0126,MED-0427,NISTATINA,Candidiasis oral,Lactantes,0,24,,,,,PO/TÓPICA ORAL,FIJA,U,,,6,,,200000,,,,,,,,,,,Suspensión 100.000 U/mL: 2 mL por dosis; colocar mitad en cada lado de la boca. Evitar alimentación 5–10 min.,,GENERAL,SI,DailyMed – Nystatin oral suspension,https://dailymed.nlm.nih.gov/dailymed/drugInfo.cfm?setid=b25cbae5-eaf5-4501-b013-02c778ca4a4e,2026-09-03,VALIDADO,SI,Fuente regulatoria/guía revisada para escenario específico.
PED-0127,MED-0427,NISTATINA,Candidiasis oral – prematuro/bajo peso (evidencia limitada),Prematuro / bajo peso,0,6,,,,,PO/TÓPICA ORAL,FIJA,U,,,6,,,100000,,,,,,,,,,,La ficha indica evidencia clínica limitada para 1 mL (100.000 U) cuatro veces al día.,,MONITORIZACIÓN,SI,DailyMed – Nystatin oral suspension,https://dailymed.nlm.nih.gov/dailymed/drugInfo.cfm?setid=b25cbae5-eaf5-4501-b013-02c778ca4a4e,2026-09-03,VALIDADO,SI,Fuente regulatoria/guía revisada para escenario específico.
PED-0128,MED-0427,NISTATINA,Candidiasis oral,Niños,24,,,,,,PO/TÓPICA ORAL,FIJA_RANGE,U,,,6,,,400000,600000,,,,,,,,,continuar ≥48 h después de resolución clínica/erradicación según ficha,,,GENERAL,SI,DailyMed – Nystatin oral suspension,https://dailymed.nlm.nih.gov/dailymed/drugInfo.cfm?setid=b25cbae5-eaf5-4501-b013-02c778ca4a4e,2026-09-03,VALIDADO,SI,Fuente regulatoria/guía revisada para escenario específico.
PED-0129,MED-0276,GABAPENTIN,Crisis focales – inicio,3–11 años,36,144,,,,,PO,MG_KG_DIA_RANGE,mg,10,15,,3,,,,,,,,,,,,,Titulación habitual hacia mantenimiento en ~3 días; máximo intervalo entre dosis ≤12 h.,"En <12 años, la ficha no establece esquema de ajuste renal pediátrico.",ESPECIALISTA/MONITORIZACIÓN,SI,DailyMed – Gabapentin,https://dailymed.nlm.nih.gov/dailymed/drugInfo.cfm?setid=3ad96553-73a4-4a9b-8a89-10a29b794ed3,2026-09-03,VALIDADO,SI,Fuente regulatoria/guía revisada para escenario específico.
PED-0130,MED-0276,GABAPENTIN,Crisis focales – mantenimiento,3–4 años,36,60,,,,,PO,MG_KG_DIA,mg,40,,,3,,,,,,,,,,,,,,,ESPECIALISTA/MONITORIZACIÓN,SI,DailyMed – Gabapentin,https://dailymed.nlm.nih.gov/dailymed/drugInfo.cfm?setid=3ad96553-73a4-4a9b-8a89-10a29b794ed3,2026-09-03,VALIDADO,SI,Fuente regulatoria/guía revisada para escenario específico.
PED-0131,MED-0276,GABAPENTIN,Crisis focales – mantenimiento,5–11 años,60,144,,,,,PO,MG_KG_DIA_RANGE,mg,25,35,,3,,,,,,,,,,,,,Dosis de hasta 50 mg/kg/día se han administrado en estudios de larga duración.,,ESPECIALISTA/MONITORIZACIÓN,SI,DailyMed – Gabapentin,https://dailymed.nlm.nih.gov/dailymed/drugInfo.cfm?setid=3ad96553-73a4-4a9b-8a89-10a29b794ed3,2026-09-03,VALIDADO,SI,Fuente regulatoria/guía revisada para escenario específico.
PED-0132,MED-0103,CARBAMAZEPINA,Epilepsia – inicio,<6 años,1,72,,,,,PO,MG_KG_DIA_RANGE,mg,10,20,,2,,,,,,,,,,,,,Puede dividirse BID/TID; aumentar semanalmente según respuesta. Mantenimiento usual <35 mg/kg/día.,,ESPECIALISTA/MONITORIZACIÓN,SI,DailyMed – Carbamazepine,https://dailymed.nlm.nih.gov/dailymed/drugInfo.cfm?setid=ebcffad6-da03-43f4-a75b-7de13e94bb7d,2026-09-03,VALIDADO,SI,Fuente regulatoria/guía revisada para escenario específico.
PED-0133,MED-0103,CARBAMAZEPINA,Epilepsia – inicio,6–12 años,72,144,,,,,PO,FIJA,mg,,,12,,100,100,,,,,1000,1000,,,,,Aumentar semanalmente hasta respuesta; mantenimiento habitual 400–800 mg/día.,,ESPECIALISTA/MONITORIZACIÓN,SI,DailyMed – Carbamazepine,https://dailymed.nlm.nih.gov/dailymed/drugInfo.cfm?setid=ebcffad6-da03-43f4-a75b-7de13e94bb7d,2026-09-03,VALIDADO,SI,Fuente regulatoria/guía revisada para escenario específico.
PED-0134,MED-0139,CLOBAZAM,Lennox-Gastaut – inicio,≥2 años,24,,,30,,,PO,FIJA,mg,,,24,,5,5,,,,,,,,,,,≤30 kg: 5 mg/día; puede administrarse una vez al día. No escalar más rápido que semanalmente; retirada gradual.,,ESPECIALISTA/MONITORIZACIÓN,SI,DailyMed – Clobazam (Lennox-Gastaut syndrome),https://dailymed.nlm.nih.gov/dailymed/lookup.cfm?setid=c9b51794-3cfa-4a34-b5bb-d523b5798c17,2026-09-03,VALIDADO,SI,Fuente regulatoria/guía revisada para escenario específico.
PED-0135,MED-0139,CLOBAZAM,Lennox-Gastaut – día 7,≥2 años,24,,,30,,,PO,FIJA,mg,,,12,,5,5,,,,,,,,,,,≤30 kg: 10 mg/día dividido BID. No escalar más rápido que semanalmente; retirada gradual.,,ESPECIALISTA/MONITORIZACIÓN,SI,DailyMed – Clobazam (Lennox-Gastaut syndrome),https://dailymed.nlm.nih.gov/dailymed/lookup.cfm?setid=c9b51794-3cfa-4a34-b5bb-d523b5798c17,2026-09-03,VALIDADO,SI,Fuente regulatoria/guía revisada para escenario específico.
PED-0136,MED-0139,CLOBAZAM,Lennox-Gastaut – día 14 / objetivo,≥2 años,24,,,30,,,PO,FIJA,mg,,,12,,10,10,,,,,,,,,,,≤30 kg: 20 mg/día dividido BID. No escalar más rápido que semanalmente; retirada gradual.,,ESPECIALISTA/MONITORIZACIÓN,SI,DailyMed – Clobazam (Lennox-Gastaut syndrome),https://dailymed.nlm.nih.gov/dailymed/lookup.cfm?setid=c9b51794-3cfa-4a34-b5bb-d523b5798c17,2026-09-03,VALIDADO,SI,Fuente regulatoria/guía revisada para escenario específico.
PED-0137,MED-0139,CLOBAZAM,Lennox-Gastaut – inicio,≥2 años,24,,30,,SI,,PO,FIJA,mg,,,12,,5,5,,,,,,,,,,,>30 kg: 10 mg/día dividido BID. No escalar más rápido que semanalmente; retirada gradual.,,ESPECIALISTA/MONITORIZACIÓN,SI,DailyMed – Clobazam (Lennox-Gastaut syndrome),https://dailymed.nlm.nih.gov/dailymed/lookup.cfm?setid=c9b51794-3cfa-4a34-b5bb-d523b5798c17,2026-09-03,VALIDADO,SI,Fuente regulatoria/guía revisada para escenario específico.
PED-0138,MED-0139,CLOBAZAM,Lennox-Gastaut – día 7,≥2 años,24,,30,,SI,,PO,FIJA,mg,,,12,,10,10,,,,,,,,,,,>30 kg: 20 mg/día dividido BID. No escalar más rápido que semanalmente; retirada gradual.,,ESPECIALISTA/MONITORIZACIÓN,SI,DailyMed – Clobazam (Lennox-Gastaut syndrome),https://dailymed.nlm.nih.gov/dailymed/lookup.cfm?setid=c9b51794-3cfa-4a34-b5bb-d523b5798c17,2026-09-03,VALIDADO,SI,Fuente regulatoria/guía revisada para escenario específico.
PED-0139,MED-0139,CLOBAZAM,Lennox-Gastaut – día 14 / objetivo,≥2 años,24,,30,,SI,,PO,FIJA,mg,,,12,,20,20,,,,,,,,,,,>30 kg: 40 mg/día dividido BID. No escalar más rápido que semanalmente; retirada gradual.,,ESPECIALISTA/MONITORIZACIÓN,SI,DailyMed – Clobazam (Lennox-Gastaut syndrome),https://dailymed.nlm.nih.gov/dailymed/lookup.cfm?setid=c9b51794-3cfa-4a34-b5bb-d523b5798c17,2026-09-03,VALIDADO,SI,Fuente regulatoria/guía revisada para escenario específico.
PED-0140,MED-0088,BRIVARACETAM,Crisis focales – Inicio,≥1 mes; peso <–11 kg,1,,,11,,SI,PO/IV,MG_KG_DOSIS_RANGE,mg,0.75,1.5,12,,,,,,,,,,,,,,Evitar suspensión brusca. Ajustar por respuesta y tolerabilidad.,,ESPECIALISTA/MONITORIZACIÓN,SI,DailyMed – Brivaracetam,https://dailymed.nlm.nih.gov/dailymed/drugInfo.cfm?setid=1915620d-4f37-56c2-437e-8362bb462d07,2026-09-03,VALIDADO,SI,Fuente regulatoria/guía revisada para escenario específico.
PED-0141,MED-0088,BRIVARACETAM,Crisis focales – Mantenimiento,≥1 mes; peso <–11 kg,1,,,11,,SI,PO/IV,MG_KG_DOSIS_RANGE,mg,0.75,3,12,,,,,,,,,,,,,,Evitar suspensión brusca. Ajustar por respuesta y tolerabilidad.,,ESPECIALISTA/MONITORIZACIÓN,SI,DailyMed – Brivaracetam,https://dailymed.nlm.nih.gov/dailymed/drugInfo.cfm?setid=1915620d-4f37-56c2-437e-8362bb462d07,2026-09-03,VALIDADO,SI,Fuente regulatoria/guía revisada para escenario específico.
PED-0142,MED-0088,BRIVARACETAM,Crisis focales – Inicio,≥1 mes; peso 11–20 kg,1,,11,20,,SI,PO/IV,MG_KG_DOSIS_RANGE,mg,0.5,1.25,12,,,,,,,,,,,,,,Evitar suspensión brusca. Ajustar por respuesta y tolerabilidad.,,ESPECIALISTA/MONITORIZACIÓN,SI,DailyMed – Brivaracetam,https://dailymed.nlm.nih.gov/dailymed/drugInfo.cfm?setid=1915620d-4f37-56c2-437e-8362bb462d07,2026-09-03,VALIDADO,SI,Fuente regulatoria/guía revisada para escenario específico.
PED-0143,MED-0088,BRIVARACETAM,Crisis focales – Mantenimiento,≥1 mes; peso 11–20 kg,1,,11,20,,SI,PO/IV,MG_KG_DOSIS_RANGE,mg,0.5,2.5,12,,,,,,,,,,,,,,Evitar suspensión brusca. Ajustar por respuesta y tolerabilidad.,,ESPECIALISTA/MONITORIZACIÓN,SI,DailyMed – Brivaracetam,https://dailymed.nlm.nih.gov/dailymed/drugInfo.cfm?setid=1915620d-4f37-56c2-437e-8362bb462d07,2026-09-03,VALIDADO,SI,Fuente regulatoria/guía revisada para escenario específico.
PED-0144,MED-0088,BRIVARACETAM,Crisis focales – Inicio,≥1 mes; peso 20–50 kg,1,,20,50,,SI,PO/IV,MG_KG_DOSIS_RANGE,mg,0.5,1.0,12,,,,,,,,,,,,,,Evitar suspensión brusca. Ajustar por respuesta y tolerabilidad.,,ESPECIALISTA/MONITORIZACIÓN,SI,DailyMed – Brivaracetam,https://dailymed.nlm.nih.gov/dailymed/drugInfo.cfm?setid=1915620d-4f37-56c2-437e-8362bb462d07,2026-09-03,VALIDADO,SI,Fuente regulatoria/guía revisada para escenario específico.
PED-0145,MED-0088,BRIVARACETAM,Crisis focales – Mantenimiento,≥1 mes; peso 20–50 kg,1,,20,50,,SI,PO/IV,MG_KG_DOSIS_RANGE,mg,0.5,2.0,12,,,,,,,,,,,,,,Evitar suspensión brusca. Ajustar por respuesta y tolerabilidad.,,ESPECIALISTA/MONITORIZACIÓN,SI,DailyMed – Brivaracetam,https://dailymed.nlm.nih.gov/dailymed/drugInfo.cfm?setid=1915620d-4f37-56c2-437e-8362bb462d07,2026-09-03,VALIDADO,SI,Fuente regulatoria/guía revisada para escenario específico.
PED-0146,MED-0088,BRIVARACETAM,Crisis focales – Inicio,≥1 mes; peso ≥50 kg,1,,50,,,,PO/IV,FIJA_RANGE,mg,,,12,,25,25,50,,,,,,,,,,,,ESPECIALISTA/MONITORIZACIÓN,SI,DailyMed – Brivaracetam,https://dailymed.nlm.nih.gov/dailymed/drugInfo.cfm?setid=1915620d-4f37-56c2-437e-8362bb462d07,2026-09-03,VALIDADO,SI,Fuente regulatoria/guía revisada para escenario específico.
PED-0147,MED-0088,BRIVARACETAM,Crisis focales – Mantenimiento,≥1 mes; peso ≥50 kg,1,,50,,,,PO/IV,FIJA_RANGE,mg,,,12,,25,25,100,,,,,,,,,,,,ESPECIALISTA/MONITORIZACIÓN,SI,DailyMed – Brivaracetam,https://dailymed.nlm.nih.gov/dailymed/drugInfo.cfm?setid=1915620d-4f37-56c2-437e-8362bb462d07,2026-09-03,VALIDADO,SI,Fuente regulatoria/guía revisada para escenario específico.
PED-0148,MED-0327,LACOSAMIDA,Crisis focales – Inicio,≥1 mes; 6–<11 kg,1,,6,11,,SI,PO/IV,MG_KG_DOSIS,mg,1,,12,,,,,,,,,,,,,,Titulación generalmente semanal. Ver indicación exacta por edad para crisis generalizadas tonicoclónicas.,,ESPECIALISTA/MONITORIZACIÓN,SI,DailyMed – Lacosamide,https://dailymed.nlm.nih.gov/dailymed/lookup.cfm?setid=47ae2f1f-d135-4f4e-acc2-500c1afa7b8b,2026-09-03,VALIDADO,SI,Fuente regulatoria/guía revisada para escenario específico.
PED-0149,MED-0327,LACOSAMIDA,Crisis focales – Mantenimiento,≥1 mes; 6–<11 kg,1,,6,11,,SI,PO/IV,MG_KG_DOSIS_RANGE,mg,3.75,7.5,12,,,,,,,,,,,,,,Titulación generalmente semanal. Ver indicación exacta por edad para crisis generalizadas tonicoclónicas.,,ESPECIALISTA/MONITORIZACIÓN,SI,DailyMed – Lacosamide,https://dailymed.nlm.nih.gov/dailymed/lookup.cfm?setid=47ae2f1f-d135-4f4e-acc2-500c1afa7b8b,2026-09-03,VALIDADO,SI,Fuente regulatoria/guía revisada para escenario específico.
PED-0150,MED-0327,LACOSAMIDA,Crisis focales – Inicio,≥1 mes; 11–<30 kg,1,,11,30,,SI,PO/IV,MG_KG_DOSIS,mg,1,,12,,,,,,,,,,,,,,Titulación generalmente semanal. Ver indicación exacta por edad para crisis generalizadas tonicoclónicas.,,ESPECIALISTA/MONITORIZACIÓN,SI,DailyMed – Lacosamide,https://dailymed.nlm.nih.gov/dailymed/lookup.cfm?setid=47ae2f1f-d135-4f4e-acc2-500c1afa7b8b,2026-09-03,VALIDADO,SI,Fuente regulatoria/guía revisada para escenario específico.
PED-0151,MED-0327,LACOSAMIDA,Crisis focales – Mantenimiento,≥1 mes; 11–<30 kg,1,,11,30,,SI,PO/IV,MG_KG_DOSIS_RANGE,mg,3,6,12,,,,,,,,,,,,,,Titulación generalmente semanal. Ver indicación exacta por edad para crisis generalizadas tonicoclónicas.,,ESPECIALISTA/MONITORIZACIÓN,SI,DailyMed – Lacosamide,https://dailymed.nlm.nih.gov/dailymed/lookup.cfm?setid=47ae2f1f-d135-4f4e-acc2-500c1afa7b8b,2026-09-03,VALIDADO,SI,Fuente regulatoria/guía revisada para escenario específico.
PED-0152,MED-0327,LACOSAMIDA,Crisis focales – Inicio,≥1 mes; 30–<50 kg,1,,30,50,,SI,PO/IV,MG_KG_DOSIS,mg,1,,12,,,,,,,,,,,,,,Titulación generalmente semanal. Ver indicación exacta por edad para crisis generalizadas tonicoclónicas.,,ESPECIALISTA/MONITORIZACIÓN,SI,DailyMed – Lacosamide,https://dailymed.nlm.nih.gov/dailymed/lookup.cfm?setid=47ae2f1f-d135-4f4e-acc2-500c1afa7b8b,2026-09-03,VALIDADO,SI,Fuente regulatoria/guía revisada para escenario específico.
PED-0153,MED-0327,LACOSAMIDA,Crisis focales – Mantenimiento,≥1 mes; 30–<50 kg,1,,30,50,,SI,PO/IV,MG_KG_DOSIS_RANGE,mg,2,4,12,,,,,,,,,,,,,,Titulación generalmente semanal. Ver indicación exacta por edad para crisis generalizadas tonicoclónicas.,,ESPECIALISTA/MONITORIZACIÓN,SI,DailyMed – Lacosamide,https://dailymed.nlm.nih.gov/dailymed/lookup.cfm?setid=47ae2f1f-d135-4f4e-acc2-500c1afa7b8b,2026-09-03,VALIDADO,SI,Fuente regulatoria/guía revisada para escenario específico.
PED-0154,MED-0327,LACOSAMIDA,Crisis focales – inicio,≥1 mes; ≥50 kg,1,,50,,,,PO/IV,FIJA,mg,,,12,,50,50,,,,,,,,,,,,,ESPECIALISTA/MONITORIZACIÓN,SI,DailyMed – Lacosamide,https://dailymed.nlm.nih.gov/dailymed/lookup.cfm?setid=47ae2f1f-d135-4f4e-acc2-500c1afa7b8b,2026-09-03,VALIDADO,SI,Fuente regulatoria/guía revisada para escenario específico.
PED-0155,MED-0327,LACOSAMIDA,Crisis focales – mantenimiento adyuvante,≥1 mes; ≥50 kg,1,,50,,,,PO/IV,FIJA_RANGE,mg,,,12,,100,100,200,,,,,,,,,,,,ESPECIALISTA/MONITORIZACIÓN,SI,DailyMed – Lacosamide,https://dailymed.nlm.nih.gov/dailymed/lookup.cfm?setid=47ae2f1f-d135-4f4e-acc2-500c1afa7b8b,2026-09-03,VALIDADO,SI,Fuente regulatoria/guía revisada para escenario específico.
PED-0156,MED-0444,OXCARBAZEPINA,Crisis focales – inicio adyuvante,2–<4 años,24,48,,,,,PO,MG_KG_DIA_RANGE,mg,8,10,,2,,,,,,,600,600,,,,,Si peso <20 kg puede considerarse inicio 16–20 mg/kg/día. Máx. mantenimiento 60 mg/kg/día.,CrCl <30 mL/min: iniciar a la mitad de la dosis habitual y titular lentamente.,ESPECIALISTA/MONITORIZACIÓN,SI,DailyMed – Oxcarbazepine,https://dailymed.nlm.nih.gov/dailymed/lookup.cfm?setid=ab4c1f36-82fa-40a2-a31a-227875d0f382,2026-09-03,VALIDADO,SI,Fuente regulatoria/guía revisada para escenario específico.
PED-0157,MED-0444,OXCARBAZEPINA,Crisis focales – inicio adyuvante,4–16 años,48,204,,,,,PO,MG_KG_DIA_RANGE,mg,8,10,,2,,,,,,,600,600,,,,,Objetivo de mantenimiento según peso; alcanzar aproximadamente en 2 semanas.,CrCl <30 mL/min: iniciar a la mitad de la dosis habitual.,ESPECIALISTA/MONITORIZACIÓN,SI,DailyMed – Oxcarbazepine,https://dailymed.nlm.nih.gov/dailymed/lookup.cfm?setid=ab4c1f36-82fa-40a2-a31a-227875d0f382,2026-09-03,VALIDADO,SI,Fuente regulatoria/guía revisada para escenario específico.
PED-0158,MED-0444,OXCARBAZEPINA,Crisis focales – objetivo mantenimiento adyuvante,4–16 años,48,204,20,29.1,,SI,PO,FIJA,mg,,,12,,450.0,450.0,,,,,,,,,,,Objetivo de mantenimiento total 900 mg/día dividido BID.,,ESPECIALISTA/MONITORIZACIÓN,SI,DailyMed – Oxcarbazepine,https://dailymed.nlm.nih.gov/dailymed/lookup.cfm?setid=ab4c1f36-82fa-40a2-a31a-227875d0f382,2026-09-03,VALIDADO,SI,Fuente regulatoria/guía revisada para escenario específico.
PED-0159,MED-0444,OXCARBAZEPINA,Crisis focales – objetivo mantenimiento adyuvante,4–16 años,48,204,29.1,39,SI,SI,PO,FIJA,mg,,,12,,600.0,600.0,,,,,,,,,,,Objetivo de mantenimiento total 1200 mg/día dividido BID.,,ESPECIALISTA/MONITORIZACIÓN,SI,DailyMed – Oxcarbazepine,https://dailymed.nlm.nih.gov/dailymed/lookup.cfm?setid=ab4c1f36-82fa-40a2-a31a-227875d0f382,2026-09-03,VALIDADO,SI,Fuente regulatoria/guía revisada para escenario específico.
PED-0160,MED-0444,OXCARBAZEPINA,Crisis focales – objetivo mantenimiento adyuvante,4–16 años,48,204,39,,SI,,PO,FIJA,mg,,,12,,900.0,900.0,,,,,,,,,,,Objetivo de mantenimiento total 1800 mg/día dividido BID.,,ESPECIALISTA/MONITORIZACIÓN,SI,DailyMed – Oxcarbazepine,https://dailymed.nlm.nih.gov/dailymed/lookup.cfm?setid=ab4c1f36-82fa-40a2-a31a-227875d0f382,2026-09-03,VALIDADO,SI,Fuente regulatoria/guía revisada para escenario específico.
PED-0161,MED-0609,VIGABATRINA,Espasmos infantiles – inicio,1 mes–2 años,1,24,,,,,PO,MG_KG_DIA,mg,50,,,2,,,,,,,,,,,,,25 mg/kg BID. Titular en incrementos de 25–50 mg/kg/día cada 3 días. Riesgo de pérdida visual permanente.,,ESPECIALISTA/MONITORIZACIÓN,SI,DailyMed – Vigabatrin,https://dailymed.nlm.nih.gov/dailymed/lookup.cfm?setid=04fef2ec-c275-405d-91b1-99a74ee8caa2,2026-09-03,VALIDADO,SI,Fuente regulatoria/guía revisada para escenario específico.
PED-0162,MED-0609,VIGABATRINA,Espasmos infantiles – dosis máxima,1 mes–2 años,1,24,,,,,PO,MG_KG_DIA,mg,150,,,2,,,,,,,,,,,,,"75 mg/kg BID. Si no hay beneficio clínico sustancial en 2–4 semanas, reevaluar/retirar según ficha.",,ESPECIALISTA/MONITORIZACIÓN,SI,DailyMed – Vigabatrin,https://dailymed.nlm.nih.gov/dailymed/lookup.cfm?setid=04fef2ec-c275-405d-91b1-99a74ee8caa2,2026-09-03,VALIDADO,SI,Fuente regulatoria/guía revisada para escenario específico.
PED-0163,MED-0521,SERTRALINA,TOC – inicio,6–12 años,72,156,,,,,PO,FIJA,mg,,,24,,25,25,,,,,200,200,,,,,Aumentos de 25–50 mg/día a intervalos no menores de 1 semana según respuesta/tolerancia.,,ESPECIALISTA/MONITORIZACIÓN,SI,DailyMed – Sertraline,https://dailymed.nlm.nih.gov/dailymed/drugInfo.cfm?setid=9f1d5689-3bf1-431c-9ea2-9e37217ecf40,2026-09-03,VALIDADO,SI,Fuente regulatoria/guía revisada para escenario específico.
PED-0164,MED-0521,SERTRALINA,TOC – rango terapéutico,6–12 años,72,156,,,,,PO,FIJA_RANGE,mg,,,24,,50,50,200,,,,200,200,,,,,,,ESPECIALISTA/MONITORIZACIÓN,SI,DailyMed – Sertraline,https://dailymed.nlm.nih.gov/dailymed/drugInfo.cfm?setid=9f1d5689-3bf1-431c-9ea2-9e37217ecf40,2026-09-03,VALIDADO,SI,Fuente regulatoria/guía revisada para escenario específico.
PED-0165,MED-0521,SERTRALINA,TOC – inicio,13–17 años,156,216,,,,,PO,FIJA,mg,,,24,,50,50,,,,,200,200,,,,,,,ESPECIALISTA/MONITORIZACIÓN,SI,DailyMed – Sertraline,https://dailymed.nlm.nih.gov/dailymed/drugInfo.cfm?setid=9f1d5689-3bf1-431c-9ea2-9e37217ecf40,2026-09-03,VALIDADO,SI,Fuente regulatoria/guía revisada para escenario específico.
PED-0166,MED-0521,SERTRALINA,TOC – rango terapéutico,13–17 años,156,216,,,,,PO,FIJA_RANGE,mg,,,24,,50,50,200,,,,200,200,,,,,,,ESPECIALISTA/MONITORIZACIÓN,SI,DailyMed – Sertraline,https://dailymed.nlm.nih.gov/dailymed/drugInfo.cfm?setid=9f1d5689-3bf1-431c-9ea2-9e37217ecf40,2026-09-03,VALIDADO,SI,Fuente regulatoria/guía revisada para escenario específico.
PED-0167,MED-0379,METILFENIDATO CLORHIDRATO,"TDAH – formulación inmediata, inicio",≥6 años,72,,,,,,PO,FIJA,mg,,,12,,5,5,,,,,60,60,,,5 mg antes del desayuno y del almuerzo,,Aumentar 5–10 mg por semana. Realizar evaluación cardiovascular y de tics antes del inicio. Esta regla NO aplica a formulaciones de liberación prolongada.,,ESPECIALISTA/MONITORIZACIÓN,SI,DailyMed – Methylphenidate immediate release,https://dailymed.nlm.nih.gov/dailymed/drugInfo.cfm?setid=1bf37f9f-29cf-4b09-9c81-eb369e35a042,2026-09-03,VALIDADO,SI,Fuente regulatoria/guía revisada para escenario específico.
PED-0168,MED-0491,QUETIAPINA,Esquizofrenia – inicio,13–17 años,156,216,,,,,PO,FIJA,mg,,,12,,25,25,,,,,,,,,,,"Titulación rápida descrita en ficha; dosis recomendada 400–800 mg/día, máx. 800 mg/día.",,ESPECIALISTA/MONITORIZACIÓN,SI,DailyMed – Quetiapine,https://dailymed.nlm.nih.gov/dailymed/drugInfo.cfm?setid=b7aa0fce-1406-4665-a791-e30aed7b24ff,2026-09-03,VALIDADO,SI,Fuente regulatoria/guía revisada para escenario específico.
PED-0169,MED-0491,QUETIAPINA,Esquizofrenia – rango recomendado,13–17 años,156,216,,,,,PO,FIJA_RANGE,mg,,,12,,200,200,400,,,,800,800,,,,,Equivale a 400–800 mg/día dividido BID. Requiere monitorización metabólica y clínica.,,ESPECIALISTA/MONITORIZACIÓN,SI,DailyMed – Quetiapine,https://dailymed.nlm.nih.gov/dailymed/drugInfo.cfm?setid=b7aa0fce-1406-4665-a791-e30aed7b24ff,2026-09-03,VALIDADO,SI,Fuente regulatoria/guía revisada para escenario específico.
PED-0170,MED-0491,QUETIAPINA,Manía bipolar I – inicio,10–17 años,120,216,,,,,PO,FIJA,mg,,,12,,25,25,,,,,,,,,,,Dosis recomendada 400–600 mg/día; máx. 600 mg/día.,,ESPECIALISTA/MONITORIZACIÓN,SI,DailyMed – Quetiapine,https://dailymed.nlm.nih.gov/dailymed/drugInfo.cfm?setid=b7aa0fce-1406-4665-a791-e30aed7b24ff,2026-09-03,VALIDADO,SI,Fuente regulatoria/guía revisada para escenario específico.
PED-0171,MED-0491,QUETIAPINA,Manía bipolar I – rango recomendado,10–17 años,120,216,,,,,PO,FIJA_RANGE,mg,,,12,,200,200,300,,,,600,600,,,,,,,ESPECIALISTA/MONITORIZACIÓN,SI,DailyMed – Quetiapine,https://dailymed.nlm.nih.gov/dailymed/drugInfo.cfm?setid=b7aa0fce-1406-4665-a791-e30aed7b24ff,2026-09-03,VALIDADO,SI,Fuente regulatoria/guía revisada para escenario específico.
PED-0172,MED-0059,ARIPIPRAZOL,Irritabilidad asociada a trastorno autista – inicio,6–17 años,72,216,,,,,PO,FIJA,mg,,,24,,2,2,,,,,,,,,,,"Aumentar a 5 mg/día; posteriores aumentos a 10 o 15 mg/día, en intervalos ≥1 semana.",,ESPECIALISTA/MONITORIZACIÓN,SI,DailyMed – Aripiprazole,https://dailymed.nlm.nih.gov/dailymed/drugInfo.cfm?setid=119e3387-39a2-4fe5-904b-c2d008425c0a,2026-09-03,VALIDADO,SI,Fuente regulatoria/guía revisada para escenario específico.
PED-0173,MED-0059,ARIPIPRAZOL,Irritabilidad asociada a trastorno autista – rango terapéutico,6–17 años,72,216,,,,,PO,FIJA_RANGE,mg,,,24,,5,5,15,,,,15,15,,,,,,,ESPECIALISTA/MONITORIZACIÓN,SI,DailyMed – Aripiprazole,https://dailymed.nlm.nih.gov/dailymed/drugInfo.cfm?setid=119e3387-39a2-4fe5-904b-c2d008425c0a,2026-09-03,VALIDADO,SI,Fuente regulatoria/guía revisada para escenario específico.
PED-0174,MED-0059,ARIPIPRAZOL,Síndrome de Tourette – inicio,6–18 años; <50 kg,72,228,,50,,SI,PO,FIJA,mg,,,24,,2,2,,,,,10,10,,,,,Objetivo 5 mg/día después de 2 días; puede aumentarse a 10 mg/día. Cambios posteriores ≥1 semana.,,ESPECIALISTA/MONITORIZACIÓN,SI,DailyMed – Aripiprazole,https://dailymed.nlm.nih.gov/dailymed/drugInfo.cfm?setid=119e3387-39a2-4fe5-904b-c2d008425c0a,2026-09-03,VALIDADO,SI,Fuente regulatoria/guía revisada para escenario específico.
PED-0175,MED-0059,ARIPIPRAZOL,Síndrome de Tourette – inicio,6–18 años; ≥50 kg,72,228,50,,,,PO,FIJA,mg,,,24,,2,2,,,,,20,20,,,,,2 mg/día x2 días → 5 mg/día x5 días → objetivo 10 mg/día día 8; puede aumentarse hasta 20 mg/día.,,ESPECIALISTA/MONITORIZACIÓN,SI,DailyMed – Aripiprazole,https://dailymed.nlm.nih.gov/dailymed/drugInfo.cfm?setid=119e3387-39a2-4fe5-904b-c2d008425c0a,2026-09-03,VALIDADO,SI,Fuente regulatoria/guía revisada para escenario específico.
PED-0176,MED-0052,AMLODIPINO,Hipertensión arterial,6–17 años,72,216,,,,,PO,FIJA_RANGE,mg,,,24,,2.5,2.5,5,,,,5,5,,,,,Dosis >5 mg/día no estudiadas en pediatría en la ficha.,,MONITORIZACIÓN,SI,DailyMed – Amlodipine,https://dailymed.nlm.nih.gov/dailymed/drugInfo.cfm?setid=6efc0ef6-0424-44fc-a9ea-eb30c3b83239,2026-09-03,VALIDADO,SI,Fuente regulatoria/guía revisada para escenario específico.
PED-0177,MED-0227,ENALAPRIL MALEATO,Hipertensión arterial – inicio,>1 mes,1,,,,,,PO,MG_KG_DOSIS,mg,0.08,,24,,,,,5,5,,,,,,,,"Ajustar a respuesta tensional. Dosis >0,58 mg/kg/día o >40 mg/día no estudiadas.","No recomendado en neonatos ni en pacientes pediátricos con FG <30 mL/min/1,73 m² según ficha.",MONITORIZACIÓN,SI,DailyMed – Enalapril,https://dailymed.nlm.nih.gov/dailymed/drugInfo.cfm?setid=b31372f7-cda3-4ead-a481-4cde62e843fd,2026-09-03,VALIDADO,SI,Fuente regulatoria/guía revisada para escenario específico.
PED-0178,MED-0357,LOSARTAN,Hipertensión arterial – inicio,≥6 años,72,,,,,,PO,MG_KG_DOSIS,mg,0.7,,24,,,,,50,50,,,,,,,,"Ajustar a respuesta tensional. Dosis >1,4 mg/kg/día o >100 mg/día no estudiadas.","No recomendado <6 años ni con FG <30 mL/min/1,73 m² según ficha.",MONITORIZACIÓN,SI,DailyMed – Losartan,https://dailymed.nlm.nih.gov/dailymed/drugInfo.cfm?setid=69605072-f130-4054-95b0-ff3c34554fb9,2026-09-03,VALIDADO,SI,Fuente regulatoria/guía revisada para escenario específico.
PED-0179,MED-0485,PROPANOLOL,Hemangioma infantil proliferativo – semana 1,Inicio entre 5 semanas y 5 meses,1.25,6,,,,,PO,MG_KG_DOSIS,mg,0.6,,12,,,,,,,,,,,,,,"Inicio: 0,6 mg/kg BID. Administrar durante/inmediatamente después de alimentación, dosis ≥9 h separadas; omitir si no come o vomita. Monitorizar FC/PA 2 h tras inicio o aumentos.",,ESPECIALISTA/MONITORIZACIÓN,SI,DailyMed – HEMANGEOL (propranolol),https://dailymed.nlm.nih.gov/dailymed/drugInfo.cfm?setid=4f8341ee-dac6-1ca9-e063-6394a90ac960,2026-09-03,VALIDADO,SI,Fuente regulatoria/guía revisada para escenario específico.
PED-0180,MED-0485,PROPANOLOL,Hemangioma infantil proliferativo – semana 2,Inicio entre 5 semanas y 5 meses,1.25,6,,,,,PO,MG_KG_DOSIS,mg,1.1,,12,,,,,,,,,,,,,,"Tras 1 semana: 1,1 mg/kg BID. Administrar durante/inmediatamente después de alimentación, dosis ≥9 h separadas; omitir si no come o vomita. Monitorizar FC/PA 2 h tras inicio o aumentos.",,ESPECIALISTA/MONITORIZACIÓN,SI,DailyMed – HEMANGEOL (propranolol),https://dailymed.nlm.nih.gov/dailymed/drugInfo.cfm?setid=4f8341ee-dac6-1ca9-e063-6394a90ac960,2026-09-03,VALIDADO,SI,Fuente regulatoria/guía revisada para escenario específico.
PED-0181,MED-0485,PROPANOLOL,Hemangioma infantil proliferativo – semana 3+ mantenimiento,Inicio entre 5 semanas y 5 meses,1.25,6,,,,,PO,MG_KG_DOSIS,mg,1.7,,12,,,,,,,,,,,,,,"Mantenimiento: 1,7 mg/kg BID durante 6 meses. Administrar durante/inmediatamente después de alimentación, dosis ≥9 h separadas; omitir si no come o vomita. Monitorizar FC/PA 2 h tras inicio o aumentos.",,ESPECIALISTA/MONITORIZACIÓN,SI,DailyMed – HEMANGEOL (propranolol),https://dailymed.nlm.nih.gov/dailymed/drugInfo.cfm?setid=4f8341ee-dac6-1ca9-e063-6394a90ac960,2026-09-03,VALIDADO,SI,Fuente regulatoria/guía revisada para escenario específico.
PED-0182,MED-0347,LEVOTIROXINA,Hipotiroidismo – reemplazo inicial,0–3 meses,0,3,,,,,PO,CANT_KG_DIA_RANGE,mcg,10,15,,1,,,,,,,,,,,,,Ajustar según TSH/T4 libre y respuesta clínica; la ficha recomienda titulación/monitorización estrecha.,,ESPECIALISTA/MONITORIZACIÓN,SI,DailyMed – Levothyroxine sodium,https://dailymed.nlm.nih.gov/dailymed/fda/fdaDrugXsl.cfm?setid=c760d0cc-2245-4914-8c67-d536c41ac90f,2026-09-03,VALIDADO,SI,Fuente regulatoria/guía revisada para escenario específico.
PED-0183,MED-0347,LEVOTIROXINA,Hipotiroidismo – reemplazo inicial,3–6 meses,3,6,,,,,PO,CANT_KG_DIA_RANGE,mcg,8,10,,1,,,,,,,,,,,,,Ajustar según TSH/T4 libre y respuesta clínica; la ficha recomienda titulación/monitorización estrecha.,,ESPECIALISTA/MONITORIZACIÓN,SI,DailyMed – Levothyroxine sodium,https://dailymed.nlm.nih.gov/dailymed/fda/fdaDrugXsl.cfm?setid=c760d0cc-2245-4914-8c67-d536c41ac90f,2026-09-03,VALIDADO,SI,Fuente regulatoria/guía revisada para escenario específico.
PED-0184,MED-0347,LEVOTIROXINA,Hipotiroidismo – reemplazo inicial,6–12 meses,6,12,,,,,PO,CANT_KG_DIA_RANGE,mcg,6,8,,1,,,,,,,,,,,,,Ajustar según TSH/T4 libre y respuesta clínica; la ficha recomienda titulación/monitorización estrecha.,,ESPECIALISTA/MONITORIZACIÓN,SI,DailyMed – Levothyroxine sodium,https://dailymed.nlm.nih.gov/dailymed/fda/fdaDrugXsl.cfm?setid=c760d0cc-2245-4914-8c67-d536c41ac90f,2026-09-03,VALIDADO,SI,Fuente regulatoria/guía revisada para escenario específico.
PED-0185,MED-0347,LEVOTIROXINA,Hipotiroidismo – reemplazo inicial,1–5 años,12,72,,,,,PO,CANT_KG_DIA_RANGE,mcg,5,6,,1,,,,,,,,,,,,,Ajustar según TSH/T4 libre y respuesta clínica; la ficha recomienda titulación/monitorización estrecha.,,ESPECIALISTA/MONITORIZACIÓN,SI,DailyMed – Levothyroxine sodium,https://dailymed.nlm.nih.gov/dailymed/fda/fdaDrugXsl.cfm?setid=c760d0cc-2245-4914-8c67-d536c41ac90f,2026-09-03,VALIDADO,SI,Fuente regulatoria/guía revisada para escenario específico.
PED-0186,MED-0347,LEVOTIROXINA,Hipotiroidismo – reemplazo inicial,6–12 años,72,156,,,,,PO,CANT_KG_DIA_RANGE,mcg,4,5,,1,,,,,,,,,,,,,Ajustar según TSH/T4 libre y respuesta clínica; la ficha recomienda titulación/monitorización estrecha.,,ESPECIALISTA/MONITORIZACIÓN,SI,DailyMed – Levothyroxine sodium,https://dailymed.nlm.nih.gov/dailymed/fda/fdaDrugXsl.cfm?setid=c760d0cc-2245-4914-8c67-d536c41ac90f,2026-09-03,VALIDADO,SI,Fuente regulatoria/guía revisada para escenario específico.
PED-0187,MED-0347,LEVOTIROXINA,Hipotiroidismo – reemplazo; crecimiento/pub pubertad incompletos,>12 años,144,,,,,,PO,CANT_KG_DIA_RANGE,mcg,2,3,,1,,,,,,,,,,,,,Seleccionar solo si crecimiento y pubertad están incompletos.,,ESPECIALISTA/MONITORIZACIÓN,SI,DailyMed – Levothyroxine sodium,https://dailymed.nlm.nih.gov/dailymed/fda/fdaDrugXsl.cfm?setid=c760d0cc-2245-4914-8c67-d536c41ac90f,2026-09-03,VALIDADO,SI,Fuente regulatoria/guía revisada para escenario específico.
PED-0188,MED-0347,LEVOTIROXINA,Hipotiroidismo – reemplazo; crecimiento/pub pubertad completos,>12 años,144,,,,,,PO,CANT_KG_DIA,mcg,1.6,,,1,,,,,,,,,,,,,Seleccionar solo si crecimiento y pubertad están completos.,,ESPECIALISTA/MONITORIZACIÓN,SI,DailyMed – Levothyroxine sodium,https://dailymed.nlm.nih.gov/dailymed/fda/fdaDrugXsl.cfm?setid=c760d0cc-2245-4914-8c67-d536c41ac90f,2026-09-03,VALIDADO,SI,Fuente regulatoria/guía revisada para escenario específico.
PED-0189,MED-0382,METIMAZOL,Hipertiroidismo – dosis inicial,Pediatría,1,,,,,,PO,MG_KG_DIA,mg,0.4,,,3,,,,,,,,,,,,,Dividir en 3 dosis aproximadamente cada 8 h. Vigilar agranulocitosis/hepatotoxicidad y función tiroidea.,,ESPECIALISTA/MONITORIZACIÓN,SI,DailyMed – Methimazole,https://dailymed.nlm.nih.gov/dailymed/drugInfo.cfm?setid=490f168f-c703-5497-e063-6294a90ade87,2026-09-03,VALIDADO,SI,Fuente regulatoria/guía revisada para escenario específico.
PED-0190,MED-0382,METIMAZOL,Hipertiroidismo – mantenimiento aproximado,Pediatría,1,,,,,,PO,MG_KG_DIA,mg,0.2,,,3,,,,,,,,,,,,,La ficha indica mantenimiento aproximado de la mitad de la dosis inicial; individualizar según función tiroidea.,,ESPECIALISTA/MONITORIZACIÓN,SI,DailyMed – Methimazole,https://dailymed.nlm.nih.gov/dailymed/drugInfo.cfm?setid=490f168f-c703-5497-e063-6294a90ade87,2026-09-03,VALIDADO,SI,Fuente regulatoria/guía revisada para escenario específico.
PED-0191,MED-0142,CLONAZEPAM,Trastorno convulsivo – dosis inicial,≤10 años o ≤30 kg,0,132,,30,,,PO,MG_KG_DIA_RANGE,mg,0.01,0.03,,3,,,,,,,,,0.05,0.05,,,"La ficha permite 2–3 dosis/día; la app usa 3 divisiones para mostrar una pauta conservadora y debe individualizarse. Aumentar no más de 0,25–0,5 mg cada 3 días.",,ESPECIALISTA/MONITORIZACIÓN,SI,DailyMed – Clonazepam,https://dailymed.nlm.nih.gov/dailymed/drugInfo.cfm?setid=1aef0069-80ea-483d-ac70-c8d485462c5b,2026-09-03,VALIDADO,SI,Fuente regulatoria/guía revisada para escenario específico.
PED-0192,MED-0142,CLONAZEPAM,Trastorno convulsivo – mantenimiento,≤10 años o ≤30 kg,0,132,,30,,,PO,MG_KG_DIA_RANGE,mg,0.1,0.2,,3,,,,,,,,,,,,,"Mantenimiento individualizado; si las dosis no son iguales, la mayor se administra al acostarse.",,ESPECIALISTA/MONITORIZACIÓN,SI,DailyMed – Clonazepam,https://dailymed.nlm.nih.gov/dailymed/drugInfo.cfm?setid=1aef0069-80ea-483d-ac70-c8d485462c5b,2026-09-03,VALIDADO,SI,Fuente regulatoria/guía revisada para escenario específico.
PED-0193,MED-0143,CLONIDINA,"TDAH – liberación prolongada, semana 1",≥6 años,72,,,,,,PO,FIJA,mg,,,24,,0.1,0.1,,,,,0.4,0.4,,,"0,1 mg al acostarse durante 1 semana",,"SOLO formulación de liberación prolongada. No sustituir mg por mg con otras formulaciones de clonidina. Aumentos de 0,1 mg/día a intervalos semanales.",,ESPECIALISTA/MONITORIZACIÓN,NO,DailyMed – Clonidine hydrochloride extended-release,https://dailymed.nlm.nih.gov/dailymed/drugInfo.cfm?setid=1b4fb182-8194-4fdd-bf9b-f7e60e734179,2026-09-03,VALIDADO,SI,Fuente regulatoria/guía revisada para escenario específico.
PED-0194,MED-0143,CLONIDINA,"TDAH – liberación prolongada, dosis total 0.2 mg/día",≥6 años,72,,,,,,PO,FIJA_RANGE,mg,,,12,,0.1,0.1,0.1,,,,0.4,0.4,,,,,Distribución de ficha: mañana 0.1 mg y noche 0.1 mg. La tarjeta muestra el rango por administración porque las dos tomas pueden ser diferentes.,,ESPECIALISTA/MONITORIZACIÓN,NO,DailyMed – Clonidine hydrochloride extended-release,https://dailymed.nlm.nih.gov/dailymed/drugInfo.cfm?setid=1b4fb182-8194-4fdd-bf9b-f7e60e734179,2026-09-03,VALIDADO,SI,Fuente regulatoria/guía revisada para escenario específico.
PED-0195,MED-0143,CLONIDINA,"TDAH – liberación prolongada, dosis total 0.3 mg/día",≥6 años,72,,,,,,PO,FIJA_RANGE,mg,,,12,,0.1,0.1,0.2,,,,0.4,0.4,,,,,Distribución de ficha: mañana 0.1 mg y noche 0.2 mg. La tarjeta muestra el rango por administración porque las dos tomas pueden ser diferentes.,,ESPECIALISTA/MONITORIZACIÓN,NO,DailyMed – Clonidine hydrochloride extended-release,https://dailymed.nlm.nih.gov/dailymed/drugInfo.cfm?setid=1b4fb182-8194-4fdd-bf9b-f7e60e734179,2026-09-03,VALIDADO,SI,Fuente regulatoria/guía revisada para escenario específico.
PED-0196,MED-0143,CLONIDINA,"TDAH – liberación prolongada, dosis total 0.4 mg/día",≥6 años,72,,,,,,PO,FIJA_RANGE,mg,,,12,,0.2,0.2,0.2,,,,0.4,0.4,,,,,Distribución de ficha: mañana 0.2 mg y noche 0.2 mg. La tarjeta muestra el rango por administración porque las dos tomas pueden ser diferentes.,,ESPECIALISTA/MONITORIZACIÓN,NO,DailyMed – Clonidine hydrochloride extended-release,https://dailymed.nlm.nih.gov/dailymed/drugInfo.cfm?setid=1b4fb182-8194-4fdd-bf9b-f7e60e734179,2026-09-03,VALIDADO,SI,Fuente regulatoria/guía revisada para escenario específico.
PED-0197,MED-0211,DOXICICLINA,Enfermedad rickettsial sospechada/confirmada,Todas las edades; <45 kg,0,,,45,,SI,PO/IV,MG_KG_DOSIS,mg,2.2,,12,,,,,100,100,,,,,,,"mínimo 5–7 días y al menos 3 días después de ceder fiebre, según infección",CDC/AAP recomiendan doxiciclina para rickettsiosis en niños de todas las edades. No extrapolar esta regla a otras indicaciones.,,GENERAL,SI,CDC – Clinical Care of Rocky Mountain Spotted Fever,https://www.cdc.gov/rocky-mountain-spotted-fever/hcp/clinical-care/index.html,2026-09-03,VALIDADO,SI,Fuente regulatoria/guía revisada para escenario específico.
PED-0198,MED-0211,DOXICICLINA,Enfermedad rickettsial sospechada/confirmada,≥45 kg,0,,45,,,,PO/IV,FIJA,mg,,,12,,100,100,,100,100,,,,,,,"mínimo 5–7 días y al menos 3 días después de ceder fiebre, según infección",,,GENERAL,SI,CDC – Clinical Care of Rocky Mountain Spotted Fever,https://www.cdc.gov/rocky-mountain-spotted-fever/hcp/clinical-care/index.html,2026-09-03,VALIDADO,SI,Fuente regulatoria/guía revisada para escenario específico.
PED-0199,MED-0237,ESCITALOPRAM,Depresión mayor – inicio,≥12 años,144,,,,,,PO,FIJA,mg,,,24,,10,10,,,,,20,20,,,,,"Puede aumentarse a 20 mg/día según respuesta/tolerancia, con intervalo no menor de 3 semanas.",,ESPECIALISTA/MONITORIZACIÓN,SI,DailyMed – Escitalopram,https://dailymed.nlm.nih.gov/dailymed/drugInfo.cfm?setid=517a551a-6f60-4b8d-9341-63a41baff12d,2026-09-03,VALIDADO,SI,Fuente regulatoria/guía revisada para escenario específico.
PED-0200,MED-0237,ESCITALOPRAM,Depresión mayor – dosis máxima,≥12 años,144,,,,,,PO,FIJA,mg,,,24,,20,20,,,,,20,20,,,,,,,ESPECIALISTA/MONITORIZACIÓN,SI,DailyMed – Escitalopram,https://dailymed.nlm.nih.gov/dailymed/drugInfo.cfm?setid=517a551a-6f60-4b8d-9341-63a41baff12d,2026-09-03,VALIDADO,SI,Fuente regulatoria/guía revisada para escenario específico.
PED-0201,MED-0237,ESCITALOPRAM,Trastorno de ansiedad generalizada – inicio,≥7 años,84,,,,,,PO,FIJA,mg,,,24,,10,10,,,,,20,20,,,,,"Puede aumentarse a 20 mg/día según respuesta/tolerancia, con intervalo no menor de 2 semanas.",,ESPECIALISTA/MONITORIZACIÓN,SI,DailyMed – Escitalopram,https://dailymed.nlm.nih.gov/dailymed/drugInfo.cfm?setid=517a551a-6f60-4b8d-9341-63a41baff12d,2026-09-03,VALIDADO,SI,Fuente regulatoria/guía revisada para escenario específico.
PED-0202,MED-0237,ESCITALOPRAM,Trastorno de ansiedad generalizada – dosis máxima,≥7 años,84,,,,,,PO,FIJA,mg,,,24,,20,20,,,,,20,20,,,,,,,ESPECIALISTA/MONITORIZACIÓN,SI,DailyMed – Escitalopram,https://dailymed.nlm.nih.gov/dailymed/drugInfo.cfm?setid=517a551a-6f60-4b8d-9341-63a41baff12d,2026-09-03,VALIDADO,SI,Fuente regulatoria/guía revisada para escenario específico.
PED-0203,MED-0238,ESOMEPRAZOL,ERGE sintomático,1–11 años,12,144,,,,,PO,FIJA,mg,,,24,,10,10,,,,,,,,,,hasta 8 semanas,,,GENERAL,SI,DailyMed – Esomeprazole magnesium,https://dailymed.nlm.nih.gov/dailymed/fda/fdaDrugXsl.cfm?setid=d5f56bd4-3a59-6857-e053-2995a90a6e00,2026-09-03,VALIDADO,SI,Fuente regulatoria/guía revisada para escenario específico.
PED-0204,MED-0238,ESOMEPRAZOL,Esofagitis erosiva por ERGE,1–11 años; <20 kg,12,144,,20,,SI,PO,FIJA,mg,,,24,,10,10,,,,,,,,,,8 semanas,,,GENERAL,SI,DailyMed – Esomeprazole magnesium,https://dailymed.nlm.nih.gov/dailymed/fda/fdaDrugXsl.cfm?setid=d5f56bd4-3a59-6857-e053-2995a90a6e00,2026-09-03,VALIDADO,SI,Fuente regulatoria/guía revisada para escenario específico.
PED-0205,MED-0238,ESOMEPRAZOL,Esofagitis erosiva por ERGE,1–11 años; ≥20 kg,12,144,20,,,,PO,FIJA_RANGE,mg,,,24,,10,10,20,,,,,,,,,8 semanas,,,GENERAL,SI,DailyMed – Esomeprazole magnesium,https://dailymed.nlm.nih.gov/dailymed/fda/fdaDrugXsl.cfm?setid=d5f56bd4-3a59-6857-e053-2995a90a6e00,2026-09-03,VALIDADO,SI,Fuente regulatoria/guía revisada para escenario específico.
PED-0206,MED-0238,ESOMEPRAZOL,ERGE sintomático,12–17 años,144,216,,,,,PO,FIJA,mg,,,24,,20,20,,,,,,,,,,4 semanas,,,GENERAL,SI,DailyMed – Esomeprazole magnesium,https://dailymed.nlm.nih.gov/dailymed/fda/fdaDrugXsl.cfm?setid=d5f56bd4-3a59-6857-e053-2995a90a6e00,2026-09-03,VALIDADO,SI,Fuente regulatoria/guía revisada para escenario específico.
PED-0207,MED-0238,ESOMEPRAZOL,Esofagitis erosiva por ERGE,12–17 años,144,216,,,,,PO,FIJA_RANGE,mg,,,24,,20,20,40,,,,,,,,,4–8 semanas,,,GENERAL,SI,DailyMed – Esomeprazole magnesium,https://dailymed.nlm.nih.gov/dailymed/fda/fdaDrugXsl.cfm?setid=d5f56bd4-3a59-6857-e053-2995a90a6e00,2026-09-03,VALIDADO,SI,Fuente regulatoria/guía revisada para escenario específico.
PED-0208,MED-0259,FEXOFENADINA,Rinitis alérgica estacional,6–11 años,72,144,,,,,PO,FIJA,mg,,,12,,30,30,,,,,,,,,,,,"En disminución de función renal, la ficha recomienda iniciar 30 mg una vez al día.",GENERAL,SI,DailyMed – Fexofenadine,https://dailymed.nlm.nih.gov/dailymed/drugInfo.cfm?setid=9738127d-7308-454c-94c8-3229d507370f,2026-09-03,VALIDADO,SI,Fuente regulatoria/guía revisada para escenario específico.
PED-0209,MED-0259,FEXOFENADINA,Rinitis alérgica estacional,≥12 años,144,,,,,,PO,FIJA_RANGE,mg,,,24,,60,60,180,,,,,,,,60 mg cada 12 h O 180 mg cada 24 h,,La tarjeta muestra 60–180 mg porque la ficha permite dos esquemas alternativos; no interpretar como rango libre.,"En disminución de función renal, iniciar 60 mg una vez al día.",GENERAL,SI,DailyMed – Fexofenadine,https://dailymed.nlm.nih.gov/dailymed/drugInfo.cfm?setid=9738127d-7308-454c-94c8-3229d507370f,2026-09-03,VALIDADO,SI,Fuente regulatoria/guía revisada para escenario específico.
PED-0210,MED-0259,FEXOFENADINA,Urticaria crónica idiopática,6–11 años,72,144,,,,,PO,FIJA,mg,,,12,,30,30,,,,,,,,,,,,"En disminución de función renal, la ficha recomienda iniciar 30 mg una vez al día.",GENERAL,SI,DailyMed – Fexofenadine,https://dailymed.nlm.nih.gov/dailymed/drugInfo.cfm?setid=9738127d-7308-454c-94c8-3229d507370f,2026-09-03,VALIDADO,SI,Fuente regulatoria/guía revisada para escenario específico.
PED-0211,MED-0259,FEXOFENADINA,Urticaria crónica idiopática,≥12 años,144,,,,,,PO,FIJA_RANGE,mg,,,24,,60,60,180,,,,,,,,60 mg cada 12 h O 180 mg cada 24 h,,La tarjeta muestra 60–180 mg porque la ficha permite dos esquemas alternativos; no interpretar como rango libre.,"En disminución de función renal, iniciar 60 mg una vez al día.",GENERAL,SI,DailyMed – Fexofenadine,https://dailymed.nlm.nih.gov/dailymed/drugInfo.cfm?setid=9738127d-7308-454c-94c8-3229d507370f,2026-09-03,VALIDADO,SI,Fuente regulatoria/guía revisada para escenario específico.
PED-0212,MED-0269,FLUOXETINA,Depresión mayor – inicio,Pediatría,96,,,,,,PO,FIJA_RANGE,mg,,,24,,10,10,20,,,,,,,,,,La ficha consultada indica inicio 10–20 mg/día; la formulación concreta puede limitar las dosis disponibles.,,ESPECIALISTA/MONITORIZACIÓN,SI,DailyMed – Fluoxetine,https://dailymed.nlm.nih.gov/dailymed/drugInfo.cfm?setid=10293946-5a06-4c21-9f78-941be360b09b,2026-09-03,VALIDADO,SI,Fuente regulatoria/guía revisada para escenario específico.
PED-0213,MED-0269,FLUOXETINA,TOC – inicio,Niños/adolescentes,84,,,,,,PO,FIJA,mg,,,24,,10,10,,,,,60,60,,,,,"En adolescentes/niños de mayor peso, aumentar a 20 mg/día tras 2 semanas; rango recomendado 20–60 mg/día. En menor peso, individualizar.",,ESPECIALISTA/MONITORIZACIÓN,SI,DailyMed – Fluoxetine,https://dailymed.nlm.nih.gov/dailymed/drugInfo.cfm?setid=10293946-5a06-4c21-9f78-941be360b09b,2026-09-03,VALIDADO,SI,Fuente regulatoria/guía revisada para escenario específico.
PED-0214,MED-0269,FLUOXETINA,TOC – rango terapéutico,Niños/adolescentes de mayor peso,84,,,,,,PO,FIJA_RANGE,mg,,,24,,20,20,60,,,,60,60,,,,,,,ESPECIALISTA/MONITORIZACIÓN,SI,DailyMed – Fluoxetine,https://dailymed.nlm.nih.gov/dailymed/drugInfo.cfm?setid=10293946-5a06-4c21-9f78-941be360b09b,2026-09-03,VALIDADO,SI,Fuente regulatoria/guía revisada para escenario específico.
PED-0215,MED-0275,FUROSEMIDA,Edema – dosis inicial oral,Pediatría,0,,,,,,PO,MG_KG_DOSIS,mg,2,,,,,,,,,6,,,,,"dosis inicial única; si respuesta insuficiente, incrementar 1–2 mg/kg no antes de 6–8 h",,La dosis de mantenimiento debe reducirse al mínimo efectivo. No interpretar el máximo de 6 mg/kg como dosis rutinaria.,,MONITORIZACIÓN,SI,DailyMed – Furosemide oral,https://dailymed.nlm.nih.gov/dailymed/drugInfo.cfm?setid=7181e528-c862-4dd7-8446-9011e4c7312a,2026-09-03,VALIDADO,SI,Fuente regulatoria/guía revisada para escenario específico.
PED-0216,MED-0275,FUROSEMIDA,Edema / necesidad parenteral – dosis inicial,Pediatría,0,,,,,,IV/IM,MG_KG_DOSIS,mg,1,,,,,,,,,6,,,,,"dosis inicial; si respuesta insuficiente, incrementar 1 mg/kg no antes de 2 h",,Administración IV lenta. En prematuros la ficha limita a 1 mg/kg/día.,,MONITORIZACIÓN,SI,DailyMed – Furosemide injection,https://dailymed.nlm.nih.gov/dailymed/drugInfo.cfm?setid=ddfc41a9-37d4-49c1-bbf3-969a98cd649c,2026-09-03,VALIDADO,SI,Fuente regulatoria/guía revisada para escenario específico.
PED-0217,MED-0290,HIDROCORTISONA,Crisis suprarrenal – dosis inicial,Nacimiento–6 semanas,0,1.5,,,,,IV/IM,FIJA,mg,,,,,25,25,,,,,,,,,,,Administrar sin demora en crisis suprarrenal sospechada/confirmada; acompañar reanimación con fluidos y manejo de glucosa/electrolitos.,,URGENCIA/ESPECIALISTA,SI,RCH – Adrenal crisis and acute adrenal insufficiency,https://www.rch.org.au/clinicalguide/guideline_index/Adrenal_crisis_and_acute_adrenal_insufficiency/,2026-09-03,VALIDADO,SI,Fuente regulatoria/guía revisada para escenario específico.
PED-0218,MED-0290,HIDROCORTISONA,Crisis suprarrenal – continuación cada 6 h,Nacimiento–6 semanas,0,1.5,,,,,IV,FIJA,mg,,,6,,7.5,7.5,,,,,,,,,,,,,URGENCIA/ESPECIALISTA,SI,RCH – Adrenal crisis and acute adrenal insufficiency,https://www.rch.org.au/clinicalguide/guideline_index/Adrenal_crisis_and_acute_adrenal_insufficiency/,2026-09-03,VALIDADO,SI,Fuente regulatoria/guía revisada para escenario específico.
PED-0219,MED-0290,HIDROCORTISONA,Crisis suprarrenal – dosis inicial,6 semanas–2 años,1.5,36,,,,,IV/IM,FIJA,mg,,,,,25,25,,,,,,,,,,,Administrar sin demora en crisis suprarrenal sospechada/confirmada; acompañar reanimación con fluidos y manejo de glucosa/electrolitos.,,URGENCIA/ESPECIALISTA,SI,RCH – Adrenal crisis and acute adrenal insufficiency,https://www.rch.org.au/clinicalguide/guideline_index/Adrenal_crisis_and_acute_adrenal_insufficiency/,2026-09-03,VALIDADO,SI,Fuente regulatoria/guía revisada para escenario específico.
PED-0220,MED-0290,HIDROCORTISONA,Crisis suprarrenal – continuación cada 6 h,6 semanas–2 años,1.5,36,,,,,IV,FIJA,mg,,,6,,10,10,,,,,,,,,,,,,URGENCIA/ESPECIALISTA,SI,RCH – Adrenal crisis and acute adrenal insufficiency,https://www.rch.org.au/clinicalguide/guideline_index/Adrenal_crisis_and_acute_adrenal_insufficiency/,2026-09-03,VALIDADO,SI,Fuente regulatoria/guía revisada para escenario específico.
PED-0221,MED-0290,HIDROCORTISONA,Crisis suprarrenal – dosis inicial,3–6 años,36,84,,,,,IV/IM,FIJA,mg,,,,,50,50,,,,,,,,,,,Administrar sin demora en crisis suprarrenal sospechada/confirmada; acompañar reanimación con fluidos y manejo de glucosa/electrolitos.,,URGENCIA/ESPECIALISTA,SI,RCH – Adrenal crisis and acute adrenal insufficiency,https://www.rch.org.au/clinicalguide/guideline_index/Adrenal_crisis_and_acute_adrenal_insufficiency/,2026-09-03,VALIDADO,SI,Fuente regulatoria/guía revisada para escenario específico.
PED-0222,MED-0290,HIDROCORTISONA,Crisis suprarrenal – continuación cada 6 h,3–6 años,36,84,,,,,IV,FIJA,mg,,,6,,12.5,12.5,,,,,,,,,,,,,URGENCIA/ESPECIALISTA,SI,RCH – Adrenal crisis and acute adrenal insufficiency,https://www.rch.org.au/clinicalguide/guideline_index/Adrenal_crisis_and_acute_adrenal_insufficiency/,2026-09-03,VALIDADO,SI,Fuente regulatoria/guía revisada para escenario específico.
PED-0223,MED-0290,HIDROCORTISONA,Crisis suprarrenal – dosis inicial,7–12 años,84,156,,,,,IV/IM,FIJA,mg,,,,,50,50,,,,,,,,,,,Administrar sin demora en crisis suprarrenal sospechada/confirmada; acompañar reanimación con fluidos y manejo de glucosa/electrolitos.,,URGENCIA/ESPECIALISTA,SI,RCH – Adrenal crisis and acute adrenal insufficiency,https://www.rch.org.au/clinicalguide/guideline_index/Adrenal_crisis_and_acute_adrenal_insufficiency/,2026-09-03,VALIDADO,SI,Fuente regulatoria/guía revisada para escenario específico.
PED-0224,MED-0290,HIDROCORTISONA,Crisis suprarrenal – continuación cada 6 h,7–12 años,84,156,,,,,IV,FIJA,mg,,,6,,25,25,,,,,,,,,,,,,URGENCIA/ESPECIALISTA,SI,RCH – Adrenal crisis and acute adrenal insufficiency,https://www.rch.org.au/clinicalguide/guideline_index/Adrenal_crisis_and_acute_adrenal_insufficiency/,2026-09-03,VALIDADO,SI,Fuente regulatoria/guía revisada para escenario específico.
PED-0225,MED-0290,HIDROCORTISONA,Crisis suprarrenal – dosis inicial,>12 años,156,,,,,,IV/IM,FIJA,mg,,,,,100,100,,,,,,,,,,,Administrar sin demora en crisis suprarrenal sospechada/confirmada; acompañar reanimación con fluidos y manejo de glucosa/electrolitos.,,URGENCIA/ESPECIALISTA,SI,RCH – Adrenal crisis and acute adrenal insufficiency,https://www.rch.org.au/clinicalguide/guideline_index/Adrenal_crisis_and_acute_adrenal_insufficiency/,2026-09-03,VALIDADO,SI,Fuente regulatoria/guía revisada para escenario específico.
PED-0226,MED-0290,HIDROCORTISONA,Crisis suprarrenal – continuación cada 6 h,>12 años,156,,,,,,IV,FIJA,mg,,,6,,25,25,,,,,,,,,,,,,URGENCIA/ESPECIALISTA,SI,RCH – Adrenal crisis and acute adrenal insufficiency,https://www.rch.org.au/clinicalguide/guideline_index/Adrenal_crisis_and_acute_adrenal_insufficiency/,2026-09-03,VALIDADO,SI,Fuente regulatoria/guía revisada para escenario específico.
PED-0227,MED-0414,NAPROXENO,Artritis idiopática juvenil poliarticular,≥2 años,24,,,,,,PO,MG_KG_DOSIS,mg,5,,12,,,,,,,,,,,,,,Dosis total aproximada 10 mg/kg/día en 2 dosis. La suspensión permite ajuste más flexible por peso.,,MONITORIZACIÓN,SI,DailyMed – Naproxen oral suspension,https://dailymed.nlm.nih.gov/dailymed/drugInfo.cfm?setid=570974d4-0d5b-4df2-b307-37380511835d,2026-09-03,VALIDADO,SI,Fuente regulatoria/guía revisada para escenario específico.
PED-0228,MED-0434,OLANZAPINA,Esquizofrenia – inicio,13–17 años,156,216,,,,,PO,FIJA_RANGE,mg,,,24,,2.5,2.5,5,,,,20,20,,,,,"Objetivo habitual 10 mg/día; aumentos/disminuciones de 2,5–5 mg. Vigilar peso, metabolismo y efectos adversos.",,ESPECIALISTA/MONITORIZACIÓN,SI,DailyMed – Olanzapine,https://www.dailymed.nlm.nih.gov/dailymed/drugInfo.cfm?setid=3347d1c8-04c9-5ce1-8cda-b38e0412b709,2026-09-03,VALIDADO,SI,Fuente regulatoria/guía revisada para escenario específico.
PED-0229,MED-0434,OLANZAPINA,Manía bipolar I – inicio,13–17 años,156,216,,,,,PO,FIJA_RANGE,mg,,,24,,2.5,2.5,5,,,,20,20,,,,,"Objetivo habitual 10 mg/día; aumentos/disminuciones de 2,5–5 mg. Vigilar peso, metabolismo y efectos adversos.",,ESPECIALISTA/MONITORIZACIÓN,SI,DailyMed – Olanzapine,https://www.dailymed.nlm.nih.gov/dailymed/drugInfo.cfm?setid=3347d1c8-04c9-5ce1-8cda-b38e0412b709,2026-09-03,VALIDADO,SI,Fuente regulatoria/guía revisada para escenario específico.
PED-0230,MED-0434,OLANZAPINA,Esquizofrenia – objetivo,13–17 años,156,216,,,,,PO,FIJA,mg,,,24,,10,10,,,,,20,20,,,,,,,ESPECIALISTA/MONITORIZACIÓN,SI,DailyMed – Olanzapine,https://www.dailymed.nlm.nih.gov/dailymed/drugInfo.cfm?setid=3347d1c8-04c9-5ce1-8cda-b38e0412b709,2026-09-03,VALIDADO,SI,Fuente regulatoria/guía revisada para escenario específico.
PED-0231,MED-0434,OLANZAPINA,Manía bipolar I – objetivo,13–17 años,156,216,,,,,PO,FIJA,mg,,,24,,10,10,,,,,20,20,,,,,,,ESPECIALISTA/MONITORIZACIÓN,SI,DailyMed – Olanzapine,https://www.dailymed.nlm.nih.gov/dailymed/drugInfo.cfm?setid=3347d1c8-04c9-5ce1-8cda-b38e0412b709,2026-09-03,VALIDADO,SI,Fuente regulatoria/guía revisada para escenario específico.
PED-0232,MED-0504,RISPERIDONA,Esquizofrenia – inicio,13–17 años,156,216,,,,,PO,FIJA,mg,,,24,,0.5,0.5,,,,,6,6,,,,,Objetivo de ficha 3 mg/día; rango efectivo 1–6 mg/día.,,ESPECIALISTA/MONITORIZACIÓN,SI,DailyMed – Risperidone,https://dailymed.nlm.nih.gov/dailymed/drugInfo.cfm?setid=bc55f60a-8121-44bb-bdfc-1d311879ba4f,2026-09-03,VALIDADO,SI,Fuente regulatoria/guía revisada para escenario específico.
PED-0233,MED-0504,RISPERIDONA,Esquizofrenia – objetivo,13–17 años,156,216,,,,,PO,FIJA,mg,,,24,,3,3,,,,,6,6,,,,,,,ESPECIALISTA/MONITORIZACIÓN,SI,DailyMed – Risperidone,https://dailymed.nlm.nih.gov/dailymed/drugInfo.cfm?setid=bc55f60a-8121-44bb-bdfc-1d311879ba4f,2026-09-03,VALIDADO,SI,Fuente regulatoria/guía revisada para escenario específico.
PED-0234,MED-0504,RISPERIDONA,Manía bipolar – inicio,10–17 años,120,216,,,,,PO,FIJA,mg,,,24,,0.5,0.5,,,,,6,6,,,,,"Objetivo 1–2,5 mg/día; rango efectivo de ficha 1–6 mg/día.",,ESPECIALISTA/MONITORIZACIÓN,SI,DailyMed – Risperidone,https://dailymed.nlm.nih.gov/dailymed/drugInfo.cfm?setid=bc55f60a-8121-44bb-bdfc-1d311879ba4f,2026-09-03,VALIDADO,SI,Fuente regulatoria/guía revisada para escenario específico.
PED-0235,MED-0504,RISPERIDONA,Irritabilidad asociada a autismo – inicio,5–16 años; <20 kg,60,204,,20,,SI,PO,FIJA,mg,,,24,,0.25,0.25,,,,,,,,,,,"Puede aumentar a 0,5 mg/día al día 4; posteriores incrementos ≥2 semanas.",,ESPECIALISTA/MONITORIZACIÓN,SI,DailyMed – Risperidone,https://dailymed.nlm.nih.gov/dailymed/drugInfo.cfm?setid=bc55f60a-8121-44bb-bdfc-1d311879ba4f,2026-09-03,VALIDADO,SI,Fuente regulatoria/guía revisada para escenario específico.
PED-0236,MED-0504,RISPERIDONA,Irritabilidad asociada a autismo – inicio,5–16 años; ≥20 kg,60,204,20,,,,PO,FIJA,mg,,,24,,0.5,0.5,,,,,,,,,,,Puede aumentar a 1 mg/día al día 4; posteriores incrementos ≥2 semanas.,,ESPECIALISTA/MONITORIZACIÓN,SI,DailyMed – Risperidone,https://dailymed.nlm.nih.gov/dailymed/drugInfo.cfm?setid=bc55f60a-8121-44bb-bdfc-1d311879ba4f,2026-09-03,VALIDADO,SI,Fuente regulatoria/guía revisada para escenario específico.
PED-0237,MED-0542,SULFATO DE MAGNESIO,Asma aguda grave / potencialmente mortal – IV,Pediatría,12,,,,,,IV,MG_KG_DOSIS,mg,50,,,,,,,2000,2000,,,,,,,,"RCH: 0,2 mmol/kg = 50 mg/kg = 0,1 mL/kg de solución 50%; máximo 8 mmol (2 g). Diluir según protocolo local y verificar concentración.",,URGENCIA/ESPECIALISTA,SI,RCH – Acute asthma,https://www.rch.org.au/clinicalguide/guideline_index/Acute_asthma/,2026-09-03,VALIDADO,SI,Fuente regulatoria/guía revisada para escenario específico.
PED-0238,MED-0580,TOPIRAMATO,"Epilepsia – terapia adyuvante, mantenimiento",2–16 años,24,204,,,,,PO,MG_KG_DIA_RANGE,mg,5,9,,2,,,,,,,400,400,,,,,Titulación: iniciar 25 mg/día o 1–3 mg/kg/día la primera semana; aumentar cada 1–2 semanas según respuesta.,,ESPECIALISTA/MONITORIZACIÓN,SI,DailyMed – Topiramate,https://dailymed.nlm.nih.gov/dailymed/drugInfo.cfm?setid=68b22d22-c2d3-4e90-b302-56f7cb731427,2026-09-03,VALIDADO,SI,Fuente regulatoria/guía revisada para escenario específico.
PED-0239,MED-0580,TOPIRAMATO,Prevención de migraña – objetivo,≥12 años,144,,,,,,PO,FIJA,mg,,,12,,50,50,,,,,100,100,,,,,Objetivo 100 mg/día dividido BID; requiere titulación progresiva según ficha.,,ESPECIALISTA/MONITORIZACIÓN,SI,DailyMed – Topiramate,https://dailymed.nlm.nih.gov/dailymed/drugInfo.cfm?setid=68b22d22-c2d3-4e90-b302-56f7cb731427,2026-09-03,VALIDADO,SI,Fuente regulatoria/guía revisada para escenario específico.
PED-0240,MED-0597,VALACICLOVIR,Varicela – inmunocompetente,2–<18 años,24,216,,,,,PO,MG_KG_DOSIS,mg,20,,8,,,,,1000,1000,,,,,,,5 días,Iniciar al primer signo/síntoma. No extrapolar a zóster pediátrico u otras indicaciones no aprobadas.,Requiere ajuste renal según función renal.,GENERAL,SI,DailyMed – Valacyclovir,https://dailymed.nlm.nih.gov/dailymed/drugInfo.cfm?setid=3146e367-8438-4141-9368-95ce6f59c724,2026-09-03,VALIDADO,SI,Fuente regulatoria/guía revisada para escenario específico.
PED-0241,MED-0597,VALACICLOVIR,Herpes labial – tratamiento de 1 día,≥12 años,144,,,,,,PO,FIJA,mg,,,12,,2000,2000,,,,,4000,4000,,,,1 día,"Iniciar al síntoma más temprano (hormigueo, prurito o ardor).",Requiere ajuste renal según función renal.,GENERAL,SI,DailyMed – Valacyclovir,https://dailymed.nlm.nih.gov/dailymed/drugInfo.cfm?setid=3146e367-8438-4141-9368-95ce6f59c724,2026-09-03,VALIDADO,SI,Fuente regulatoria/guía revisada para escenario específico.
PED-0242,MED-0546,SULFATO FERROSO,Prevención de deficiencia de hierro,>1 mes,1,,,,,,PO,CANT_KG_DIA_RANGE,mg Fe elemental,1,2,,1,,,,,,,,30,,,,,"La dosis se calcula SIEMPRE como hierro elemental, no como mg de sulfato ferroso. Verificar cuántos mg de Fe elemental aporta la formulación.",,GENERAL,SI,RCH – Iron deficiency,https://www.rch.org.au/clinicalguide/guideline_index/iron_deficiency/,2026-09-03,VALIDADO,SI,Fuente clínica/regulatoria revisada.
PED-0243,MED-0546,SULFATO FERROSO,Tratamiento de deficiencia de hierro / anemia ferropénica,>1 mes,1,,,,,,PO,CANT_KG_DIA_RANGE,mg Fe elemental,3,6,,1,,,,,,,,,,,,"continuar al menos 3 meses después de corregir la anemia para reponer depósitos, según respuesta",La dosis se calcula como hierro elemental. Considerar extremo alto del rango en anemia grave (Hb <80 g/L) y realizar seguimiento.,,MONITORIZACIÓN,SI,RCH – Iron deficiency,https://www.rch.org.au/clinicalguide/guideline_index/iron_deficiency/,2026-09-03,VALIDADO,SI,Fuente clínica/regulatoria revisada.
PED-0244,MED-0202,DIPIRONA,Dolor o fiebre – dosis pediátrica del folleto ISP Chile,≥3 meses y ≥5 kg,3,,5,,,,PO/RECTAL/INYECTABLE,MG_KG_DOSIS_RANGE,mg,7,25,,,,,,,,,,,40,40,El folleto ISP consultado no especifica el intervalo pediátrico; no se infiere automáticamente.,,No usar en menores de 3 meses o <5 kg salvo indicación médica. Para vía inyectable administrar lentamente por riesgo de hipotensión. La app NO calcula frecuencia porque la fuente no la consigna.,,MONITORIZACIÓN,SI,ISP Chile – Folleto Metamizol sódico (Dipirona),https://www.ispch.cl/sites/default/files/5_agencia_reguladora/folletos/doc/METAMIZOL_SODICO.PDF,2026-09-03,VALIDADO,SI,Fuente clínica/regulatoria revisada.
PED-0245,MED-0321,KETOROLACO,Dolor – vía EV,<2 años,3,24,,,,,IV,MG_KG_DOSIS,mg,0.25,,6,,,,,,,,,,,,cada 6–8 h,,"Orientación MINSAL para manejo del dolor en NNA. Usar por períodos cortos; evaluar función renal, hidratación, riesgo hemorrágico y gastrointestinal.",,URGENCIA/MONITORIZACIÓN,SI,"MINSAL Chile – Orientación Técnica Cuidados Paliativos Universales, Tabla 65",https://diprece.minsal.cl/wp-content/uploads/2023/01/Orientacion-Tecnica-Cuidados-Paliativos-Universales.pdf,2026-09-03,VALIDADO,SI,Fuente clínica/regulatoria revisada.
PED-0246,MED-0321,KETOROLACO,Dolor – vía EV,≥2 años,24,,,,,,IV,MG_KG_DOSIS,mg,0.5,,6,,,,,,,,,,,,cada 6–8 h,,"Orientación MINSAL para manejo del dolor en NNA. Usar por períodos cortos; evaluar función renal, hidratación, riesgo hemorrágico y gastrointestinal.",,URGENCIA/MONITORIZACIÓN,SI,"MINSAL Chile – Orientación Técnica Cuidados Paliativos Universales, Tabla 65",https://diprece.minsal.cl/wp-content/uploads/2023/01/Orientacion-Tecnica-Cuidados-Paliativos-Universales.pdf,2026-09-03,VALIDADO,SI,Fuente clínica/regulatoria revisada.
