med_id,generic_name,normalized_name,renal_audit_status,audit_priority,renal_rules_published,renal_rules_pending,renal_rules_automatic,renal_biblio_published,renal_biblio_verified,renal_clinical_class,existing_review_priority,phase6_status,disposition,next_action
MED-0006,ACECLOFENACO,ACECLOFENACO,NO_RENAL_CONTENT,1,0,0,0,0,0,NO_LOCALIZADO_GOODMAN_REQUIERE_OTRA_FUENTE,5.0,,,REVISAR DESDE CERO: NO HAY CONTENIDO RENAL
MED-0007,ACETATO DE CIPROTERONA,ACETATO DE CIPROTERONA,NO_RENAL_CONTENT,1,0,0,0,0,0,GOODMAN_SIN_SENAL_RENAL_ESPECIFICA,4.0,,,REVISAR DESDE CERO: NO HAY CONTENIDO RENAL
MED-0008,ACETATO DE CLORMADINONA,ACETATO DE CLORMADINONA,NO_RENAL_CONTENT,1,0,0,0,0,0,NO_LOCALIZADO_GOODMAN_REQUIERE_OTRA_FUENTE,5.0,,,REVISAR DESDE CERO: NO HAY CONTENIDO RENAL
MED-0009,ACETATO DE INDACATEROL,ACETATO DE INDACATEROL,NO_RENAL_CONTENT,1,0,0,0,0,0,GOODMAN_SENAL_RENAL_REQUIERE_FICHA_ACTUAL,2.0,PENDING_CURRENT_LABEL,REQUIERE_FICHA_GUIA_ACTUAL,REVISAR DESDE CERO: NO HAY CONTENIDO RENAL
MED-0010,ACETATO DE LISINA,ACETATO DE LISINA,NO_RENAL_CONTENT,1,0,0,0,0,0,NO_LOCALIZADO_GOODMAN_REQUIERE_OTRA_FUENTE,5.0,,,REVISAR DESDE CERO: NO HAY CONTENIDO RENAL
MED-0011,ACETATO DE MEDROXIPROGESTERONA,ACETATO DE MEDROXIPROGESTERONA,NO_RENAL_CONTENT,1,0,0,0,0,0,GOODMAN_SENAL_RENAL_REQUIERE_FICHA_ACTUAL,2.0,PENDING_CURRENT_LABEL,REQUIERE_FICHA_GUIA_ACTUAL,REVISAR DESDE CERO: NO HAY CONTENIDO RENAL
MED-0012,ACETATO DE NOMEGESTROL,ACETATO DE NOMEGESTROL,NO_RENAL_CONTENT,1,0,0,0,0,0,NO_LOCALIZADO_GOODMAN_REQUIERE_OTRA_FUENTE,5.0,,,REVISAR DESDE CERO: NO HAY CONTENIDO RENAL
MED-0013,ACETATO DE ULIPRISTAL,ACETATO DE ULIPRISTAL,NO_RENAL_CONTENT,1,0,0,0,0,0,GOODMAN_SENAL_RENAL_REQUIERE_FICHA_ACTUAL,2.0,PENDING_CURRENT_LABEL,REQUIERE_FICHA_GUIA_ACTUAL,REVISAR DESDE CERO: NO HAY CONTENIDO RENAL
MED-0014,ACETAZOLAMIDA,ACETAZOLAMIDA,NO_RENAL_CONTENT,1,0,0,0,0,0,GOODMAN_SENAL_RENAL_REQUIERE_FICHA_ACTUAL,2.0,PENDING_CURRENT_LABEL,REQUIERE_FICHA_GUIA_ACTUAL,REVISAR DESDE CERO: NO HAY CONTENIDO RENAL
MED-0015,ACETILCISTEINA,ACETILCISTEINA,NO_RENAL_CONTENT,1,0,0,0,0,0,GOODMAN_SENAL_RENAL_REQUIERE_FICHA_ACTUAL,2.0,PENDING_CURRENT_LABEL,REQUIERE_FICHA_GUIA_ACTUAL,REVISAR DESDE CERO: NO HAY CONTENIDO RENAL
MED-0016,ACETONIDO DE TRIAMCINOLONA,ACETONIDO DE TRIAMCINOLONA,NO_RENAL_CONTENT,1,0,0,0,0,0,GOODMAN_SENAL_RENAL_REQUIERE_FICHA_ACTUAL,2.0,PENDING_CURRENT_LABEL,REQUIERE_FICHA_GUIA_ACTUAL,REVISAR DESDE CERO: NO HAY CONTENIDO RENAL
MED-0018,ÁCIDO ACETIL SALICILICO,ACIDO ACETIL SALICILICO,NO_RENAL_CONTENT,1,0,0,0,0,0,GOODMAN_SENAL_RENAL_REQUIERE_FICHA_ACTUAL,2.0,PENDING_CURRENT_LABEL,REQUIERE_FICHA_GUIA_ACTUAL,REVISAR DESDE CERO: NO HAY CONTENIDO RENAL
MED-0019,ACIDO ALFA LIPOICO,ACIDO ALFA LIPOICO,NO_RENAL_CONTENT,1,0,0,0,0,0,GOODMAN_SIN_SENAL_RENAL_ESPECIFICA,4.0,,,REVISAR DESDE CERO: NO HAY CONTENIDO RENAL
MED-0020,ACIDO ALGINICO,ACIDO ALGINICO,NO_RENAL_CONTENT,1,0,0,0,0,0,GOODMAN_SIN_SENAL_RENAL_ESPECIFICA,4.0,,,REVISAR DESDE CERO: NO HAY CONTENIDO RENAL
MED-0021,ACIDO ASCORBICO,ACIDO ASCORBICO,NO_RENAL_CONTENT,1,0,0,0,0,0,GOODMAN_SENAL_RENAL_REQUIERE_FICHA_ACTUAL,2.0,PENDING_CURRENT_LABEL,REQUIERE_FICHA_GUIA_ACTUAL,REVISAR DESDE CERO: NO HAY CONTENIDO RENAL
MED-0022,ACIDO CARGLUMICO,ACIDO CARGLUMICO,NO_RENAL_CONTENT,1,0,0,0,0,0,NO_LOCALIZADO_GOODMAN_REQUIERE_OTRA_FUENTE,5.0,,,REVISAR DESDE CERO: NO HAY CONTENIDO RENAL
MED-0023,ACIDO CITRICO,ACIDO CITRICO,NO_RENAL_CONTENT,1,0,0,0,0,0,GOODMAN_SENAL_RENAL_REQUIERE_FICHA_ACTUAL,2.0,PENDING_CURRENT_LABEL,REQUIERE_FICHA_GUIA_ACTUAL,REVISAR DESDE CERO: NO HAY CONTENIDO RENAL
MED-0024,ÁCIDO CLAVULÁNICO,ACIDO CLAVULANICO,NO_RENAL_CONTENT,1,0,0,0,0,0,GOODMAN_SENAL_RENAL_REQUIERE_FICHA_ACTUAL,2.0,PENDING_CURRENT_LABEL,REQUIERE_FICHA_GUIA_ACTUAL,REVISAR DESDE CERO: NO HAY CONTENIDO RENAL
MED-0025,ACIDO COLICO,ACIDO COLICO,NO_RENAL_CONTENT,1,0,0,0,0,0,GOODMAN_SENAL_RENAL_REQUIERE_FICHA_ACTUAL,2.0,PENDING_CURRENT_LABEL,REQUIERE_FICHA_GUIA_ACTUAL,REVISAR DESDE CERO: NO HAY CONTENIDO RENAL
MED-0026,ACIDO DECOSA HEXAENOICO,ACIDO DECOSA HEXAENOICO,NO_RENAL_CONTENT,1,0,0,0,0,0,GOODMAN_SENAL_RENAL_REQUIERE_FICHA_ACTUAL,2.0,PENDING_CURRENT_LABEL,REQUIERE_FICHA_GUIA_ACTUAL,REVISAR DESDE CERO: NO HAY CONTENIDO RENAL
MED-0027,ÁCIDO FENOFIBRICO,ACIDO FENOFIBRICO,NO_RENAL_CONTENT,1,0,0,0,0,0,GOODMAN_SENAL_RENAL_REQUIERE_FICHA_ACTUAL,2.0,PENDING_CURRENT_LABEL,REQUIERE_FICHA_GUIA_ACTUAL,REVISAR DESDE CERO: NO HAY CONTENIDO RENAL
MED-0028,ÁCIDO FOLICO,ACIDO FOLICO,NO_RENAL_CONTENT,1,0,0,0,0,0,GOODMAN_SENAL_RENAL_REQUIERE_FICHA_ACTUAL,2.0,PENDING_CURRENT_LABEL,REQUIERE_FICHA_GUIA_ACTUAL,REVISAR DESDE CERO: NO HAY CONTENIDO RENAL
MED-0030,ACIDO MEFENAMICO,ACIDO MEFENAMICO,NO_RENAL_CONTENT,1,0,0,0,0,0,GOODMAN_SENAL_RENAL_REQUIERE_FICHA_ACTUAL,2.0,PENDING_CURRENT_LABEL,REQUIERE_FICHA_GUIA_ACTUAL,REVISAR DESDE CERO: NO HAY CONTENIDO RENAL
MED-0031,ACIDO OROTICO ANHIDRO,ACIDO OROTICO ANHIDRO,NO_RENAL_CONTENT,1,0,0,0,0,0,NO_LOCALIZADO_GOODMAN_REQUIERE_OTRA_FUENTE,5.0,,,REVISAR DESDE CERO: NO HAY CONTENIDO RENAL
MED-0032,ACIDO PIPEMIDICO,ACIDO PIPEMIDICO,NO_RENAL_CONTENT,1,0,0,0,0,0,NO_LOCALIZADO_GOODMAN_REQUIERE_OTRA_FUENTE,5.0,,,REVISAR DESDE CERO: NO HAY CONTENIDO RENAL
MED-0034,ACIDO TOLFENAMICO,ACIDO TOLFENAMICO,NO_RENAL_CONTENT,1,0,0,0,0,0,NO_LOCALIZADO_GOODMAN_REQUIERE_OTRA_FUENTE,5.0,,,REVISAR DESDE CERO: NO HAY CONTENIDO RENAL
MED-0035,ACIDO TRANEXAMICO,ACIDO TRANEXAMICO,NO_RENAL_CONTENT,1,0,0,0,0,0,GOODMAN_SENAL_RENAL_REQUIERE_FICHA_ACTUAL,2.0,PENDING_CURRENT_LABEL,REQUIERE_FICHA_GUIA_ACTUAL,REVISAR DESDE CERO: NO HAY CONTENIDO RENAL
MED-0036,ACIDO URSODESOXICOLICO,ACIDO URSODESOXICOLICO,NO_RENAL_CONTENT,1,0,0,0,0,0,GOODMAN_SENAL_RENAL_REQUIERE_FICHA_ACTUAL,2.0,PENDING_CURRENT_LABEL,REQUIERE_FICHA_GUIA_ACTUAL,REVISAR DESDE CERO: NO HAY CONTENIDO RENAL
MED-0038,ÁCIDOS OMEGA 3 ETIL ESTER 84%(EQUIVALENTE A 465 MG DE ÁCIDO EIC...,ACIDOS OMEGA 3 ETIL ESTER 84%(EQUIVALENTE A 465 MG DE ACIDO EIC...,NO_RENAL_CONTENT,1,0,0,0,0,0,GOODMAN_SENAL_RENAL_REQUIERE_FICHA_ACTUAL,2.0,PENDING_CURRENT_LABEL,REQUIERE_FICHA_GUIA_ACTUAL,REVISAR DESDE CERO: NO HAY CONTENIDO RENAL
MED-0039,AFATINIB,AFATINIB,NO_RENAL_CONTENT,1,0,0,0,0,0,GOODMAN_SENAL_RENAL_REQUIERE_FICHA_ACTUAL,2.0,PENDING_CURRENT_LABEL,REQUIERE_FICHA_GUIA_ACTUAL,REVISAR DESDE CERO: NO HAY CONTENIDO RENAL
MED-0040,AGOMELATINA,AGOMELATINA,NO_RENAL_CONTENT,1,0,0,0,0,0,GOODMAN_SIN_SENAL_RENAL_ESPECIFICA,4.0,,,REVISAR DESDE CERO: NO HAY CONTENIDO RENAL
MED-0041,ALBENDAZOL,ALBENDAZOL,NO_RENAL_CONTENT,1,0,0,0,0,0,GOODMAN_SENAL_RENAL_REQUIERE_FICHA_ACTUAL,2.0,PENDING_CURRENT_LABEL,REQUIERE_FICHA_GUIA_ACTUAL,REVISAR DESDE CERO: NO HAY CONTENIDO RENAL
MED-0044,ALIZAPRIDA,ALIZAPRIDA,NO_RENAL_CONTENT,1,0,0,0,0,0,NO_LOCALIZADO_GOODMAN_REQUIERE_OTRA_FUENTE,5.0,,,REVISAR DESDE CERO: NO HAY CONTENIDO RENAL
MED-0046,ALPRAZOLAM,ALPRAZOLAM,NO_RENAL_CONTENT,1,0,0,0,0,0,GOODMAN_SENAL_RENAL_REQUIERE_FICHA_ACTUAL,2.0,PENDING_CURRENT_LABEL,REQUIERE_FICHA_GUIA_ACTUAL,REVISAR DESDE CERO: NO HAY CONTENIDO RENAL
MED-0049,AMIODARONA,AMIODARONA,NO_RENAL_CONTENT,1,0,0,0,0,0,GOODMAN_SENAL_RENAL_REQUIERE_FICHA_ACTUAL,2.0,PENDING_CURRENT_LABEL,REQUIERE_FICHA_GUIA_ACTUAL,REVISAR DESDE CERO: NO HAY CONTENIDO RENAL
MED-0050,AMISULPRIDA,AMISULPRIDA,NO_RENAL_CONTENT,1,0,0,0,0,0,GOODMAN_SENAL_RENAL_REQUIERE_FICHA_ACTUAL,2.0,PENDING_CURRENT_LABEL,REQUIERE_FICHA_GUIA_ACTUAL,REVISAR DESDE CERO: NO HAY CONTENIDO RENAL
MED-0051,AMITRIPTILINA,AMITRIPTILINA,NO_RENAL_CONTENT,1,0,0,0,0,0,GOODMAN_SENAL_RENAL_REQUIERE_FICHA_ACTUAL,2.0,PENDING_CURRENT_LABEL,REQUIERE_FICHA_GUIA_ACTUAL,REVISAR DESDE CERO: NO HAY CONTENIDO RENAL
MED-0055,ANAGRALIDA,ANAGRALIDA,NO_RENAL_CONTENT,1,0,0,0,0,0,NO_LOCALIZADO_GOODMAN_REQUIERE_OTRA_FUENTE,5.0,,,REVISAR DESDE CERO: NO HAY CONTENIDO RENAL
MED-0060,ARTEMETER,ARTEMETER,NO_RENAL_CONTENT,1,0,0,0,0,0,GOODMAN_SENAL_RENAL_REQUIERE_FICHA_ACTUAL,2.0,PENDING_CURRENT_LABEL,REQUIERE_FICHA_GUIA_ACTUAL,REVISAR DESDE CERO: NO HAY CONTENIDO RENAL
MED-0061,ASCORBATO DE SODIO,ASCORBATO DE SODIO,NO_RENAL_CONTENT,1,0,0,0,0,0,GOODMAN_SENAL_RENAL_REQUIERE_FICHA_ACTUAL,2.0,PENDING_CURRENT_LABEL,REQUIERE_FICHA_GUIA_ACTUAL,REVISAR DESDE CERO: NO HAY CONTENIDO RENAL
MED-0065,AVANAFIL,AVANAFIL,NO_RENAL_CONTENT,1,0,0,0,0,0,GOODMAN_SIN_SENAL_RENAL_ESPECIFICA,4.0,,,REVISAR DESDE CERO: NO HAY CONTENIDO RENAL
MED-0066,AXITINIB,AXITINIB,NO_RENAL_CONTENT,1,0,0,0,0,0,GOODMAN_SIN_SENAL_RENAL_ESPECIFICA,4.0,,,REVISAR DESDE CERO: NO HAY CONTENIDO RENAL
MED-0067,AZATIOPRINA,AZATIOPRINA,NO_RENAL_CONTENT,1,0,0,0,0,0,GOODMAN_SENAL_RENAL_REQUIERE_FICHA_ACTUAL,2.0,PENDING_CURRENT_LABEL,REQUIERE_FICHA_GUIA_ACTUAL,REVISAR DESDE CERO: NO HAY CONTENIDO RENAL
MED-0071,BELATACEPT,BELATACEPT,NO_RENAL_CONTENT,1,0,0,0,0,0,GOODMAN_SENAL_RENAL_REQUIERE_FICHA_ACTUAL,2.0,PENDING_CURRENT_LABEL,REQUIERE_FICHA_GUIA_ACTUAL,REVISAR DESDE CERO: NO HAY CONTENIDO RENAL
MED-0072,BENCIDAMINA,BENCIDAMINA,NO_RENAL_CONTENT,1,0,0,0,0,0,NO_LOCALIZADO_GOODMAN_REQUIERE_OTRA_FUENTE,5.0,,,REVISAR DESDE CERO: NO HAY CONTENIDO RENAL
MED-0073,BENOXINATO,BENOXINATO,NO_RENAL_CONTENT,1,0,0,0,0,0,GOODMAN_SIN_SENAL_RENAL_ESPECIFICA,4.0,,,REVISAR DESDE CERO: NO HAY CONTENIDO RENAL
MED-0074,BENZNIDAZOL,BENZNIDAZOL,NO_RENAL_CONTENT,1,0,0,0,0,0,GOODMAN_SIN_SENAL_RENAL_ESPECIFICA,4.0,,,REVISAR DESDE CERO: NO HAY CONTENIDO RENAL
MED-0075,BENZOCAINA,BENZOCAINA,NO_RENAL_CONTENT,1,0,0,0,0,0,GOODMAN_SIN_SENAL_RENAL_ESPECIFICA,4.0,,,REVISAR DESDE CERO: NO HAY CONTENIDO RENAL
MED-0076,BETAHISTINA CLORHIDRATO,BETAHISTINA CLORHIDRATO,NO_RENAL_CONTENT,1,0,0,0,0,0,NO_LOCALIZADO_GOODMAN_REQUIERE_OTRA_FUENTE,5.0,,,REVISAR DESDE CERO: NO HAY CONTENIDO RENAL
MED-0078,BICARBONATO DE SODIO,BICARBONATO DE SODIO,NO_RENAL_CONTENT,1,0,0,0,0,0,GOODMAN_SENAL_RENAL_REQUIERE_FICHA_ACTUAL,2.0,PENDING_CURRENT_LABEL,REQUIERE_FICHA_GUIA_ACTUAL,REVISAR DESDE CERO: NO HAY CONTENIDO RENAL
MED-0079,BICTEGRAVIR,BICTEGRAVIR,NO_RENAL_CONTENT,1,0,0,0,0,0,GOODMAN_SENAL_RENAL_REQUIERE_FICHA_ACTUAL,2.0,PENDING_CURRENT_LABEL,REQUIERE_FICHA_GUIA_ACTUAL,REVISAR DESDE CERO: NO HAY CONTENIDO RENAL
MED-0080,BILASTINA,BILASTINA,NO_RENAL_CONTENT,1,0,0,0,0,0,NO_LOCALIZADO_GOODMAN_REQUIERE_OTRA_FUENTE,5.0,,,REVISAR DESDE CERO: NO HAY CONTENIDO RENAL
MED-0081,BIPERIDENO CLORHIDRATO,BIPERIDENO CLORHIDRATO,NO_RENAL_CONTENT,1,0,0,0,0,0,GOODMAN_SIN_SENAL_RENAL_ESPECIFICA,4.0,,,REVISAR DESDE CERO: NO HAY CONTENIDO RENAL
MED-0082,BISACODILO,BISACODILO,NO_RENAL_CONTENT,1,0,0,0,0,0,GOODMAN_SENAL_RENAL_REQUIERE_FICHA_ACTUAL,2.0,PENDING_CURRENT_LABEL,REQUIERE_FICHA_GUIA_ACTUAL,REVISAR DESDE CERO: NO HAY CONTENIDO RENAL
MED-0083,BISOPROLOL FUMARATO,BISOPROLOL FUMARATO,NO_RENAL_CONTENT,1,0,0,0,0,0,GOODMAN_SENAL_RENAL_REQUIERE_FICHA_ACTUAL,2.0,PENDING_CURRENT_LABEL,REQUIERE_FICHA_GUIA_ACTUAL,REVISAR DESDE CERO: NO HAY CONTENIDO RENAL
MED-0085,BOSUTINIB,BOSUTINIB,NO_RENAL_CONTENT,1,0,0,0,0,0,GOODMAN_SIN_SENAL_RENAL_ESPECIFICA,4.0,,,REVISAR DESDE CERO: NO HAY CONTENIDO RENAL
MED-0088,BRIVARACETAM,BRIVARACETAM,NO_RENAL_CONTENT,1,0,0,0,0,0,GOODMAN_SIN_SENAL_RENAL_ESPECIFICA,4.0,,,REVISAR DESDE CERO: NO HAY CONTENIDO RENAL
MED-0089,BROMAZEPAM,BROMAZEPAM,NO_RENAL_CONTENT,1,0,0,0,0,0,NO_LOCALIZADO_GOODMAN_REQUIERE_OTRA_FUENTE,5.0,,,REVISAR DESDE CERO: NO HAY CONTENIDO RENAL
MED-0090,BROMHEXINA,BROMHEXINA,NO_RENAL_CONTENT,1,0,0,0,0,0,GOODMAN_SIN_SENAL_RENAL_ESPECIFICA,4.0,,,REVISAR DESDE CERO: NO HAY CONTENIDO RENAL
MED-0091,BROMOPRIDA,BROMOPRIDA,NO_RENAL_CONTENT,1,0,0,0,0,0,NO_LOCALIZADO_GOODMAN_REQUIERE_OTRA_FUENTE,5.0,,,REVISAR DESDE CERO: NO HAY CONTENIDO RENAL
MED-0092,BUCLIZINA,BUCLIZINA,NO_RENAL_CONTENT,1,0,0,0,0,0,NO_LOCALIZADO_GOODMAN_REQUIERE_OTRA_FUENTE,5.0,,,REVISAR DESDE CERO: NO HAY CONTENIDO RENAL
MED-0093,BUDESONIDA,BUDESONIDA,NO_RENAL_CONTENT,1,0,0,0,0,0,GOODMAN_SENAL_RENAL_REQUIERE_FICHA_ACTUAL,2.0,PENDING_CURRENT_LABEL,REQUIERE_FICHA_GUIA_ACTUAL,REVISAR DESDE CERO: NO HAY CONTENIDO RENAL
MED-0097,CABOZANTINIB,CABOZANTINIB,NO_RENAL_CONTENT,1,0,0,0,0,0,GOODMAN_SENAL_RENAL_REQUIERE_FICHA_ACTUAL,2.0,PENDING_CURRENT_LABEL,REQUIERE_FICHA_GUIA_ACTUAL,REVISAR DESDE CERO: NO HAY CONTENIDO RENAL
MED-0099,CALCITRIOL,CALCITRIOL,NO_RENAL_CONTENT,1,0,0,0,0,0,GOODMAN_SENAL_RENAL_REQUIERE_FICHA_ACTUAL,2.0,PENDING_CURRENT_LABEL,REQUIERE_FICHA_GUIA_ACTUAL,REVISAR DESDE CERO: NO HAY CONTENIDO RENAL
MED-0100,CANDESARTAN,CANDESARTAN,NO_RENAL_CONTENT,1,0,0,0,0,0,GOODMAN_SENAL_RENAL_REQUIERE_FICHA_ACTUAL,2.0,PENDING_CURRENT_LABEL,REQUIERE_FICHA_GUIA_ACTUAL,REVISAR DESDE CERO: NO HAY CONTENIDO RENAL
MED-0101,CAPECITABINA,CAPECITABINA,NO_RENAL_CONTENT,1,0,0,0,0,0,GOODMAN_SENAL_RENAL_REQUIERE_FICHA_ACTUAL,2.0,PENDING_CURRENT_LABEL,REQUIERE_FICHA_GUIA_ACTUAL,REVISAR DESDE CERO: NO HAY CONTENIDO RENAL
MED-0102,CAPTOPRIL,CAPTOPRIL,NO_RENAL_CONTENT,1,0,0,0,0,0,GOODMAN_SENAL_RENAL_REQUIERE_FICHA_ACTUAL,2.0,PENDING_CURRENT_LABEL,REQUIERE_FICHA_GUIA_ACTUAL,REVISAR DESDE CERO: NO HAY CONTENIDO RENAL
MED-0103,CARBAMAZEPINA,CARBAMAZEPINA,NO_RENAL_CONTENT,1,0,0,0,0,0,GOODMAN_SENAL_RENAL_REQUIERE_FICHA_ACTUAL,2.0,PENDING_CURRENT_LABEL,REQUIERE_FICHA_GUIA_ACTUAL,REVISAR DESDE CERO: NO HAY CONTENIDO RENAL
MED-0104,CARBIDOPA,CARBIDOPA,NO_RENAL_CONTENT,1,0,0,0,0,0,GOODMAN_SENAL_RENAL_REQUIERE_FICHA_ACTUAL,2.0,PENDING_CURRENT_LABEL,REQUIERE_FICHA_GUIA_ACTUAL,REVISAR DESDE CERO: NO HAY CONTENIDO RENAL
MED-0105,CARBON ACTIVADO,CARBON ACTIVADO,NO_RENAL_CONTENT,1,0,0,0,0,0,GOODMAN_SENAL_RENAL_REQUIERE_FICHA_ACTUAL,2.0,PENDING_CURRENT_LABEL,REQUIERE_FICHA_GUIA_ACTUAL,REVISAR DESDE CERO: NO HAY CONTENIDO RENAL
MED-0106,CARBONATO DE CALCIO,CARBONATO DE CALCIO,NO_RENAL_CONTENT,1,0,0,0,0,0,GOODMAN_SENAL_RENAL_REQUIERE_FICHA_ACTUAL,2.0,PENDING_CURRENT_LABEL,REQUIERE_FICHA_GUIA_ACTUAL,REVISAR DESDE CERO: NO HAY CONTENIDO RENAL
MED-0111,CEFDITOREN,CEFDITOREN,NO_RENAL_CONTENT,1,0,0,0,0,0,GOODMAN_SENAL_RENAL_REQUIERE_FICHA_ACTUAL,2.0,PENDING_CURRENT_LABEL,REQUIERE_FICHA_GUIA_ACTUAL,REVISAR DESDE CERO: NO HAY CONTENIDO RENAL
MED-0113,CEFRADINA,CEFRADINA,NO_RENAL_CONTENT,1,0,0,0,0,0,GOODMAN_SENAL_RENAL_REQUIERE_FICHA_ACTUAL,2.0,PENDING_CURRENT_LABEL,REQUIERE_FICHA_GUIA_ACTUAL,REVISAR DESDE CERO: NO HAY CONTENIDO RENAL
MED-0114,CEFTIBUTENO,CEFTIBUTENO,NO_RENAL_CONTENT,1,0,0,0,0,0,GOODMAN_SENAL_RENAL_REQUIERE_FICHA_ACTUAL,2.0,PENDING_CURRENT_LABEL,REQUIERE_FICHA_GUIA_ACTUAL,REVISAR DESDE CERO: NO HAY CONTENIDO RENAL
MED-0116,CELECOXIB,CELECOXIB,NO_RENAL_CONTENT,1,0,0,0,0,0,GOODMAN_SENAL_RENAL_REQUIERE_FICHA_ACTUAL,2.0,PENDING_CURRENT_LABEL,REQUIERE_FICHA_GUIA_ACTUAL,REVISAR DESDE CERO: NO HAY CONTENIDO RENAL
MED-0117,CETILPIRIDINIO,CETILPIRIDINIO,NO_RENAL_CONTENT,1,0,0,0,0,0,NO_LOCALIZADO_GOODMAN_REQUIERE_OTRA_FUENTE,5.0,,,REVISAR DESDE CERO: NO HAY CONTENIDO RENAL
MED-0118,CETIRIZINA,CETIRIZINA,NO_RENAL_CONTENT,1,0,0,0,0,0,GOODMAN_SENAL_RENAL_REQUIERE_FICHA_ACTUAL,2.0,PENDING_CURRENT_LABEL,REQUIERE_FICHA_GUIA_ACTUAL,REVISAR DESDE CERO: NO HAY CONTENIDO RENAL
MED-0119,CIANOCOBALAMINA,CIANOCOBALAMINA,NO_RENAL_CONTENT,1,0,0,0,0,0,GOODMAN_SENAL_RENAL_REQUIERE_FICHA_ACTUAL,2.0,PENDING_CURRENT_LABEL,REQUIERE_FICHA_GUIA_ACTUAL,REVISAR DESDE CERO: NO HAY CONTENIDO RENAL
MED-0120,CICLOBENZAPRINA,CICLOBENZAPRINA,NO_RENAL_CONTENT,1,0,0,0,0,0,GOODMAN_SIN_SENAL_RENAL_ESPECIFICA,4.0,,,REVISAR DESDE CERO: NO HAY CONTENIDO RENAL
MED-0121,CICLOFOSFAMIDA,CICLOFOSFAMIDA,NO_RENAL_CONTENT,1,0,0,0,0,0,GOODMAN_SENAL_RENAL_REQUIERE_FICHA_ACTUAL,2.0,PENDING_CURRENT_LABEL,REQUIERE_FICHA_GUIA_ACTUAL,REVISAR DESDE CERO: NO HAY CONTENIDO RENAL
MED-0122,CICLONAMINA (ETAMSILATO),CICLONAMINA (ETAMSILATO),NO_RENAL_CONTENT,1,0,0,0,0,0,NO_LOCALIZADO_GOODMAN_REQUIERE_OTRA_FUENTE,5.0,,,REVISAR DESDE CERO: NO HAY CONTENIDO RENAL
MED-0124,CILOSTAZOL,CILOSTAZOL,NO_RENAL_CONTENT,1,0,0,0,0,0,GOODMAN_SIN_SENAL_RENAL_ESPECIFICA,4.0,,,REVISAR DESDE CERO: NO HAY CONTENIDO RENAL
MED-0126,CINARIZINA,CINARIZINA,NO_RENAL_CONTENT,1,0,0,0,0,0,NO_LOCALIZADO_GOODMAN_REQUIERE_OTRA_FUENTE,5.0,,,REVISAR DESDE CERO: NO HAY CONTENIDO RENAL
MED-0127,CINITAPRIDA,CINITAPRIDA,NO_RENAL_CONTENT,1,0,0,0,0,0,NO_LOCALIZADO_GOODMAN_REQUIERE_OTRA_FUENTE,5.0,,,REVISAR DESDE CERO: NO HAY CONTENIDO RENAL
MED-0128,CIPROFIBRATO,CIPROFIBRATO,NO_RENAL_CONTENT,1,0,0,0,0,0,GOODMAN_SENAL_RENAL_REQUIERE_FICHA_ACTUAL,2.0,PENDING_CURRENT_LABEL,REQUIERE_FICHA_GUIA_ACTUAL,REVISAR DESDE CERO: NO HAY CONTENIDO RENAL
MED-0132,CITICOLINA SODICA,CITICOLINA SODICA,NO_RENAL_CONTENT,1,0,0,0,0,0,NO_LOCALIZADO_GOODMAN_REQUIERE_OTRA_FUENTE,5.0,,,REVISAR DESDE CERO: NO HAY CONTENIDO RENAL
MED-0133,CITRATO DE ALVERINA,CITRATO DE ALVERINA,NO_RENAL_CONTENT,1,0,0,0,0,0,NO_LOCALIZADO_GOODMAN_REQUIERE_OTRA_FUENTE,5.0,,,REVISAR DESDE CERO: NO HAY CONTENIDO RENAL
MED-0134,CITRATO DE POTASIO,CITRATO DE POTASIO,NO_RENAL_CONTENT,1,0,0,0,0,0,NO_LOCALIZADO_GOODMAN_REQUIERE_OTRA_FUENTE,5.0,,,REVISAR DESDE CERO: NO HAY CONTENIDO RENAL
MED-0137,CLEMASTINA,CLEMASTINA,NO_RENAL_CONTENT,1,0,0,0,0,0,GOODMAN_SIN_SENAL_RENAL_ESPECIFICA,4.0,,,REVISAR DESDE CERO: NO HAY CONTENIDO RENAL
MED-0139,CLOBAZAM,CLOBAZAM,NO_RENAL_CONTENT,1,0,0,0,0,0,GOODMAN_SENAL_RENAL_REQUIERE_FICHA_ACTUAL,2.0,PENDING_CURRENT_LABEL,REQUIERE_FICHA_GUIA_ACTUAL,REVISAR DESDE CERO: NO HAY CONTENIDO RENAL
MED-0140,CLOMIFENO,CLOMIFENO,NO_RENAL_CONTENT,1,0,0,0,0,0,GOODMAN_SENAL_RENAL_REQUIERE_FICHA_ACTUAL,2.0,PENDING_CURRENT_LABEL,REQUIERE_FICHA_GUIA_ACTUAL,REVISAR DESDE CERO: NO HAY CONTENIDO RENAL
MED-0141,CLOMIPRAMINA,CLOMIPRAMINA,NO_RENAL_CONTENT,1,0,0,0,0,0,GOODMAN_SIN_SENAL_RENAL_ESPECIFICA,4.0,,,REVISAR DESDE CERO: NO HAY CONTENIDO RENAL
MED-0142,CLONAZEPAM,CLONAZEPAM,NO_RENAL_CONTENT,1,0,0,0,0,0,GOODMAN_SENAL_RENAL_REQUIERE_FICHA_ACTUAL,2.0,PENDING_CURRENT_LABEL,REQUIERE_FICHA_GUIA_ACTUAL,REVISAR DESDE CERO: NO HAY CONTENIDO RENAL
MED-0144,CLONIXINATO DE LISINA,CLONIXINATO DE LISINA,NO_RENAL_CONTENT,1,0,0,0,0,0,NO_LOCALIZADO_GOODMAN_REQUIERE_OTRA_FUENTE,5.0,,,REVISAR DESDE CERO: NO HAY CONTENIDO RENAL
MED-0145,CLOPIDOGREL,CLOPIDOGREL,NO_RENAL_CONTENT,1,0,0,0,0,0,GOODMAN_SENAL_RENAL_REQUIERE_FICHA_ACTUAL,2.0,PENDING_CURRENT_LABEL,REQUIERE_FICHA_GUIA_ACTUAL,REVISAR DESDE CERO: NO HAY CONTENIDO RENAL
MED-0146,CLORAMBUCILO,CLORAMBUCILO,NO_RENAL_CONTENT,1,0,0,0,0,0,GOODMAN_SENAL_RENAL_REQUIERE_FICHA_ACTUAL,2.0,PENDING_CURRENT_LABEL,REQUIERE_FICHA_GUIA_ACTUAL,REVISAR DESDE CERO: NO HAY CONTENIDO RENAL
MED-0148,CLORFENAMINA,CLORFENAMINA,NO_RENAL_CONTENT,1,0,0,0,0,0,GOODMAN_SIN_SENAL_RENAL_ESPECIFICA,4.0,,,REVISAR DESDE CERO: NO HAY CONTENIDO RENAL
MED-0149,CLORHEXIDINA,CLORHEXIDINA,NO_RENAL_CONTENT,1,0,0,0,0,0,GOODMAN_SENAL_RENAL_REQUIERE_FICHA_ACTUAL,2.0,PENDING_CURRENT_LABEL,REQUIERE_FICHA_GUIA_ACTUAL,REVISAR DESDE CERO: NO HAY CONTENIDO RENAL
MED-0150,CLORHIDRATO DE ALFUZOSINA,CLORHIDRATO DE ALFUZOSINA,NO_RENAL_CONTENT,1,0,0,0,0,0,GOODMAN_SENAL_RENAL_REQUIERE_FICHA_ACTUAL,2.0,PENDING_CURRENT_LABEL,REQUIERE_FICHA_GUIA_ACTUAL,REVISAR DESDE CERO: NO HAY CONTENIDO RENAL
MED-0152,CLOROQUINA,CLOROQUINA,NO_RENAL_CONTENT,1,0,0,0,0,0,GOODMAN_SENAL_RENAL_REQUIERE_FICHA_ACTUAL,2.0,PENDING_CURRENT_LABEL,REQUIERE_FICHA_GUIA_ACTUAL,REVISAR DESDE CERO: NO HAY CONTENIDO RENAL
MED-0153,CLORTALIDONA,CLORTALIDONA,NO_RENAL_CONTENT,1,0,0,0,0,0,GOODMAN_SENAL_RENAL_REQUIERE_FICHA_ACTUAL,2.0,PENDING_CURRENT_LABEL,REQUIERE_FICHA_GUIA_ACTUAL,REVISAR DESDE CERO: NO HAY CONTENIDO RENAL
MED-0154,CLORURO DE TROSPIO,CLORURO DE TROSPIO,NO_RENAL_CONTENT,1,0,0,0,0,0,GOODMAN_SENAL_RENAL_REQUIERE_FICHA_ACTUAL,2.0,PENDING_CURRENT_LABEL,REQUIERE_FICHA_GUIA_ACTUAL,REVISAR DESDE CERO: NO HAY CONTENIDO RENAL
MED-0155,CLOTIAZEPAM,CLOTIAZEPAM,NO_RENAL_CONTENT,1,0,0,0,0,0,NO_LOCALIZADO_GOODMAN_REQUIERE_OTRA_FUENTE,5.0,,,REVISAR DESDE CERO: NO HAY CONTENIDO RENAL
MED-0156,CLOTRIMAZOL,CLOTRIMAZOL,NO_RENAL_CONTENT,1,0,0,0,0,0,GOODMAN_SIN_SENAL_RENAL_ESPECIFICA,4.0,,,REVISAR DESDE CERO: NO HAY CONTENIDO RENAL
MED-0157,CLOZAPINA,CLOZAPINA,NO_RENAL_CONTENT,1,0,0,0,0,0,GOODMAN_SENAL_RENAL_REQUIERE_FICHA_ACTUAL,2.0,PENDING_CURRENT_LABEL,REQUIERE_FICHA_GUIA_ACTUAL,REVISAR DESDE CERO: NO HAY CONTENIDO RENAL
MED-0159,CODEINA,CODEINA,NO_RENAL_CONTENT,1,0,0,0,0,0,GOODMAN_SENAL_RENAL_REQUIERE_FICHA_ACTUAL,2.0,PENDING_CURRENT_LABEL,REQUIERE_FICHA_GUIA_ACTUAL,REVISAR DESDE CERO: NO HAY CONTENIDO RENAL
MED-0161,COLECALCIFEROL,COLECALCIFEROL,NO_RENAL_CONTENT,1,0,0,0,0,0,GOODMAN_SENAL_RENAL_REQUIERE_FICHA_ACTUAL,2.0,PENDING_CURRENT_LABEL,REQUIERE_FICHA_GUIA_ACTUAL,REVISAR DESDE CERO: NO HAY CONTENIDO RENAL
MED-0162,CONDROITINA SULFATO,CONDROITINA SULFATO,NO_RENAL_CONTENT,1,0,0,0,0,0,GOODMAN_SENAL_RENAL_REQUIERE_FICHA_ACTUAL,2.0,PENDING_CURRENT_LABEL,REQUIERE_FICHA_GUIA_ACTUAL,REVISAR DESDE CERO: NO HAY CONTENIDO RENAL
MED-0163,CRIZOTINIB,CRIZOTINIB,NO_RENAL_CONTENT,1,0,0,0,0,0,GOODMAN_SENAL_RENAL_REQUIERE_FICHA_ACTUAL,2.0,PENDING_CURRENT_LABEL,REQUIERE_FICHA_GUIA_ACTUAL,REVISAR DESDE CERO: NO HAY CONTENIDO RENAL
MED-0165,DACOMITINIB,DACOMITINIB,NO_RENAL_CONTENT,1,0,0,0,0,0,GOODMAN_SENAL_RENAL_REQUIERE_FICHA_ACTUAL,2.0,PENDING_CURRENT_LABEL,REQUIERE_FICHA_GUIA_ACTUAL,REVISAR DESDE CERO: NO HAY CONTENIDO RENAL
MED-0166,DANAZOL,DANAZOL,NO_RENAL_CONTENT,1,0,0,0,0,0,GOODMAN_SIN_SENAL_RENAL_ESPECIFICA,4.0,,,REVISAR DESDE CERO: NO HAY CONTENIDO RENAL
MED-0169,DAPOXETINA,DAPOXETINA,NO_RENAL_CONTENT,1,0,0,0,0,0,NO_LOCALIZADO_GOODMAN_REQUIERE_OTRA_FUENTE,5.0,,,REVISAR DESDE CERO: NO HAY CONTENIDO RENAL
MED-0170,DAPSONA,DAPSONA,NO_RENAL_CONTENT,1,0,0,0,0,0,GOODMAN_SENAL_RENAL_REQUIERE_FICHA_ACTUAL,2.0,PENDING_CURRENT_LABEL,REQUIERE_FICHA_GUIA_ACTUAL,REVISAR DESDE CERO: NO HAY CONTENIDO RENAL
MED-0171,DARIFENACINA,DARIFENACINA,NO_RENAL_CONTENT,1,0,0,0,0,0,GOODMAN_SIN_SENAL_RENAL_ESPECIFICA,4.0,,,REVISAR DESDE CERO: NO HAY CONTENIDO RENAL
MED-0172,DAROLUTAMIDA,DAROLUTAMIDA,NO_RENAL_CONTENT,1,0,0,0,0,0,GOODMAN_SIN_SENAL_RENAL_ESPECIFICA,4.0,,,REVISAR DESDE CERO: NO HAY CONTENIDO RENAL
MED-0173,DARUNAVIR,DARUNAVIR,NO_RENAL_CONTENT,1,0,0,0,0,0,GOODMAN_SENAL_RENAL_REQUIERE_FICHA_ACTUAL,2.0,PENDING_CURRENT_LABEL,REQUIERE_FICHA_GUIA_ACTUAL,REVISAR DESDE CERO: NO HAY CONTENIDO RENAL
MED-0174,DASATINIB,DASATINIB,NO_RENAL_CONTENT,1,0,0,0,0,0,GOODMAN_SIN_SENAL_RENAL_ESPECIFICA,4.0,,,REVISAR DESDE CERO: NO HAY CONTENIDO RENAL
MED-0175,DECUALINIO,DECUALINIO,NO_RENAL_CONTENT,1,0,0,0,0,0,NO_LOCALIZADO_GOODMAN_REQUIERE_OTRA_FUENTE,5.0,,,REVISAR DESDE CERO: NO HAY CONTENIDO RENAL
MED-0177,DEFLAZACORT,DEFLAZACORT,NO_RENAL_CONTENT,1,0,0,0,0,0,NO_LOCALIZADO_GOODMAN_REQUIERE_OTRA_FUENTE,5.0,,,REVISAR DESDE CERO: NO HAY CONTENIDO RENAL
MED-0179,DESLORATADINA,DESLORATADINA,NO_RENAL_CONTENT,1,0,0,0,0,0,GOODMAN_SIN_SENAL_RENAL_ESPECIFICA,4.0,,,REVISAR DESDE CERO: NO HAY CONTENIDO RENAL
MED-0180,DESOGESTREL,DESOGESTREL,NO_RENAL_CONTENT,1,0,0,0,0,0,GOODMAN_SIN_SENAL_RENAL_ESPECIFICA,4.0,,,REVISAR DESDE CERO: NO HAY CONTENIDO RENAL
MED-0181,DESVENLAFAXINA,DESVENLAFAXINA,NO_RENAL_CONTENT,1,0,0,0,0,0,GOODMAN_SIN_SENAL_RENAL_ESPECIFICA,4.0,,,REVISAR DESDE CERO: NO HAY CONTENIDO RENAL
MED-0182,DEXAMETASONA,DEXAMETASONA,NO_RENAL_CONTENT,1,0,0,0,0,0,GOODMAN_SENAL_RENAL_REQUIERE_FICHA_ACTUAL,2.0,PENDING_CURRENT_LABEL,REQUIERE_FICHA_GUIA_ACTUAL,REVISAR DESDE CERO: NO HAY CONTENIDO RENAL
MED-0183,DEXIBUPROFENO,DEXIBUPROFENO,NO_RENAL_CONTENT,1,0,0,0,0,0,NO_LOCALIZADO_GOODMAN_REQUIERE_OTRA_FUENTE,5.0,,,REVISAR DESDE CERO: NO HAY CONTENIDO RENAL
MED-0184,DEXKETOPROFENO,DEXKETOPROFENO,NO_RENAL_CONTENT,1,0,0,0,0,0,NO_LOCALIZADO_GOODMAN_REQUIERE_OTRA_FUENTE,5.0,,,REVISAR DESDE CERO: NO HAY CONTENIDO RENAL
MED-0185,DEXLANSOPRAZOL,DEXLANSOPRAZOL,NO_RENAL_CONTENT,1,0,0,0,0,0,GOODMAN_SENAL_RENAL_REQUIERE_FICHA_ACTUAL,2.0,PENDING_CURRENT_LABEL,REQUIERE_FICHA_GUIA_ACTUAL,REVISAR DESDE CERO: NO HAY CONTENIDO RENAL
MED-0186,DEXTROMETORFANO,DEXTROMETORFANO,NO_RENAL_CONTENT,1,0,0,0,0,0,GOODMAN_SIN_SENAL_RENAL_ESPECIFICA,4.0,,,REVISAR DESDE CERO: NO HAY CONTENIDO RENAL
MED-0187,DIACEREINA,DIACEREINA,NO_RENAL_CONTENT,1,0,0,0,0,0,NO_LOCALIZADO_GOODMAN_REQUIERE_OTRA_FUENTE,5.0,,,REVISAR DESDE CERO: NO HAY CONTENIDO RENAL
MED-0188,DIAZEPAM,DIAZEPAM,NO_RENAL_CONTENT,1,0,0,0,0,0,GOODMAN_SENAL_RENAL_REQUIERE_FICHA_ACTUAL,2.0,PENDING_CURRENT_LABEL,REQUIERE_FICHA_GUIA_ACTUAL,REVISAR DESDE CERO: NO HAY CONTENIDO RENAL
MED-0189,DICLOFENACO,DICLOFENACO,NO_RENAL_CONTENT,1,0,0,0,0,0,GOODMAN_SENAL_RENAL_REQUIERE_FICHA_ACTUAL,2.0,PENDING_CURRENT_LABEL,REQUIERE_FICHA_GUIA_ACTUAL,REVISAR DESDE CERO: NO HAY CONTENIDO RENAL
MED-0190,DICLOXACILINA,DICLOXACILINA,NO_RENAL_CONTENT,1,0,0,0,0,0,GOODMAN_SENAL_RENAL_REQUIERE_FICHA_ACTUAL,2.0,PENDING_CURRENT_LABEL,REQUIERE_FICHA_GUIA_ACTUAL,REVISAR DESDE CERO: NO HAY CONTENIDO RENAL
MED-0191,DIDROGESTERONA,DIDROGESTERONA,NO_RENAL_CONTENT,1,0,0,0,0,0,NO_LOCALIZADO_GOODMAN_REQUIERE_OTRA_FUENTE,5.0,,,REVISAR DESDE CERO: NO HAY CONTENIDO RENAL
MED-0192,DIENOGEST,DIENOGEST,NO_RENAL_CONTENT,1,0,0,0,0,0,GOODMAN_SIN_SENAL_RENAL_ESPECIFICA,4.0,,,REVISAR DESDE CERO: NO HAY CONTENIDO RENAL
MED-0193,DIFENHIDRAMINA,DIFENHIDRAMINA,NO_RENAL_CONTENT,1,0,0,0,0,0,GOODMAN_SENAL_RENAL_REQUIERE_FICHA_ACTUAL,2.0,PENDING_CURRENT_LABEL,REQUIERE_FICHA_GUIA_ACTUAL,REVISAR DESDE CERO: NO HAY CONTENIDO RENAL
MED-0194,DIFENOXILATO,DIFENOXILATO,NO_RENAL_CONTENT,1,0,0,0,0,0,GOODMAN_SIN_SENAL_RENAL_ESPECIFICA,4.0,,,REVISAR DESDE CERO: NO HAY CONTENIDO RENAL
MED-0196,DILTIAZEM,DILTIAZEM,NO_RENAL_CONTENT,1,0,0,0,0,0,GOODMAN_SENAL_RENAL_REQUIERE_FICHA_ACTUAL,2.0,PENDING_CURRENT_LABEL,REQUIERE_FICHA_GUIA_ACTUAL,REVISAR DESDE CERO: NO HAY CONTENIDO RENAL
MED-0197,DIMENHIDRINATO,DIMENHIDRINATO,NO_RENAL_CONTENT,1,0,0,0,0,0,GOODMAN_SENAL_RENAL_REQUIERE_FICHA_ACTUAL,2.0,PENDING_CURRENT_LABEL,REQUIERE_FICHA_GUIA_ACTUAL,REVISAR DESDE CERO: NO HAY CONTENIDO RENAL
MED-0198,DIMETIL FUMARATO,DIMETIL FUMARATO,NO_RENAL_CONTENT,1,0,0,0,0,0,GOODMAN_SENAL_RENAL_REQUIERE_FICHA_ACTUAL,2.0,PENDING_CURRENT_LABEL,REQUIERE_FICHA_GUIA_ACTUAL,REVISAR DESDE CERO: NO HAY CONTENIDO RENAL
MED-0199,DIMETILPOLISILOXANO (DIMETICONA),DIMETILPOLISILOXANO (DIMETICONA),NO_RENAL_CONTENT,1,0,0,0,0,0,GOODMAN_SIN_SENAL_RENAL_ESPECIFICA,4.0,,,REVISAR DESDE CERO: NO HAY CONTENIDO RENAL
MED-0200,DINITRATO DE ISOSORBIDE,DINITRATO DE ISOSORBIDE,NO_RENAL_CONTENT,1,0,0,0,0,0,GOODMAN_SENAL_RENAL_REQUIERE_FICHA_ACTUAL,2.0,PENDING_CURRENT_LABEL,REQUIERE_FICHA_GUIA_ACTUAL,REVISAR DESDE CERO: NO HAY CONTENIDO RENAL
MED-0201,DIOSMINA,DIOSMINA,NO_RENAL_CONTENT,1,0,0,0,0,0,NO_LOCALIZADO_GOODMAN_REQUIERE_OTRA_FUENTE,5.0,,,REVISAR DESDE CERO: NO HAY CONTENIDO RENAL
MED-0202,DIPIRONA,DIPIRONA,NO_RENAL_CONTENT,1,0,0,0,0,0,NO_LOCALIZADO_GOODMAN_REQUIERE_OTRA_FUENTE,5.0,,,REVISAR DESDE CERO: NO HAY CONTENIDO RENAL
MED-0203,DOBESILATO CALCICO,DOBESILATO CALCICO,NO_RENAL_CONTENT,1,0,0,0,0,0,NO_LOCALIZADO_GOODMAN_REQUIERE_OTRA_FUENTE,5.0,,,REVISAR DESDE CERO: NO HAY CONTENIDO RENAL
MED-0204,DOCUSATO DE SODIO,DOCUSATO DE SODIO,NO_RENAL_CONTENT,1,0,0,0,0,0,GOODMAN_SIN_SENAL_RENAL_ESPECIFICA,4.0,,,REVISAR DESDE CERO: NO HAY CONTENIDO RENAL
MED-0206,DOMPERIDONA,DOMPERIDONA,NO_RENAL_CONTENT,1,0,0,0,0,0,GOODMAN_SENAL_RENAL_REQUIERE_FICHA_ACTUAL,2.0,PENDING_CURRENT_LABEL,REQUIERE_FICHA_GUIA_ACTUAL,REVISAR DESDE CERO: NO HAY CONTENIDO RENAL
MED-0207,DONEPEZILO,DONEPEZILO,NO_RENAL_CONTENT,1,0,0,0,0,0,GOODMAN_SENAL_RENAL_REQUIERE_FICHA_ACTUAL,2.0,PENDING_CURRENT_LABEL,REQUIERE_FICHA_GUIA_ACTUAL,REVISAR DESDE CERO: NO HAY CONTENIDO RENAL
MED-0209,DOXAZOSINA,DOXAZOSINA,NO_RENAL_CONTENT,1,0,0,0,0,0,GOODMAN_SENAL_RENAL_REQUIERE_FICHA_ACTUAL,2.0,PENDING_CURRENT_LABEL,REQUIERE_FICHA_GUIA_ACTUAL,REVISAR DESDE CERO: NO HAY CONTENIDO RENAL
MED-0210,DOXEPINA,DOXEPINA,NO_RENAL_CONTENT,1,0,0,0,0,0,GOODMAN_SENAL_RENAL_REQUIERE_FICHA_ACTUAL,2.0,PENDING_CURRENT_LABEL,REQUIERE_FICHA_GUIA_ACTUAL,REVISAR DESDE CERO: NO HAY CONTENIDO RENAL
MED-0212,DOXILAMINA,DOXILAMINA,NO_RENAL_CONTENT,1,0,0,0,0,0,GOODMAN_SENAL_RENAL_REQUIERE_FICHA_ACTUAL,2.0,PENDING_CURRENT_LABEL,REQUIERE_FICHA_GUIA_ACTUAL,REVISAR DESDE CERO: NO HAY CONTENIDO RENAL
MED-0213,DOXOFILINA,DOXOFILINA,NO_RENAL_CONTENT,1,0,0,0,0,0,GOODMAN_SENAL_RENAL_REQUIERE_FICHA_ACTUAL,2.0,PENDING_CURRENT_LABEL,REQUIERE_FICHA_GUIA_ACTUAL,REVISAR DESDE CERO: NO HAY CONTENIDO RENAL
MED-0214,DRONABINOL,DRONABINOL,NO_RENAL_CONTENT,1,0,0,0,0,0,GOODMAN_SENAL_RENAL_REQUIERE_FICHA_ACTUAL,2.0,PENDING_CURRENT_LABEL,REQUIERE_FICHA_GUIA_ACTUAL,REVISAR DESDE CERO: NO HAY CONTENIDO RENAL
MED-0215,DRONEDARONA,DRONEDARONA,NO_RENAL_CONTENT,1,0,0,0,0,0,GOODMAN_SENAL_RENAL_REQUIERE_FICHA_ACTUAL,2.0,PENDING_CURRENT_LABEL,REQUIERE_FICHA_GUIA_ACTUAL,REVISAR DESDE CERO: NO HAY CONTENIDO RENAL
MED-0216,DROSPIRENONA,DROSPIRENONA,NO_RENAL_CONTENT,1,0,0,0,0,0,GOODMAN_SENAL_RENAL_REQUIERE_FICHA_ACTUAL,2.0,PENDING_CURRENT_LABEL,REQUIERE_FICHA_GUIA_ACTUAL,REVISAR DESDE CERO: NO HAY CONTENIDO RENAL
MED-0219,DUTASTERIDA,DUTASTERIDA,NO_RENAL_CONTENT,1,0,0,0,0,0,GOODMAN_SENAL_RENAL_REQUIERE_FICHA_ACTUAL,2.0,PENDING_CURRENT_LABEL,REQUIERE_FICHA_GUIA_ACTUAL,REVISAR DESDE CERO: NO HAY CONTENIDO RENAL
MED-0220,EFAVIRENZ,EFAVIRENZ,NO_RENAL_CONTENT,1,0,0,0,0,0,GOODMAN_SENAL_RENAL_REQUIERE_FICHA_ACTUAL,2.0,PENDING_CURRENT_LABEL,REQUIERE_FICHA_GUIA_ACTUAL,REVISAR DESDE CERO: NO HAY CONTENIDO RENAL
MED-0221,ELETRIPTAN,ELETRIPTAN,NO_RENAL_CONTENT,1,0,0,0,0,0,GOODMAN_SENAL_RENAL_REQUIERE_FICHA_ACTUAL,2.0,PENDING_CURRENT_LABEL,REQUIERE_FICHA_GUIA_ACTUAL,REVISAR DESDE CERO: NO HAY CONTENIDO RENAL
MED-0222,ELIGLUSTAT,ELIGLUSTAT,NO_RENAL_CONTENT,1,0,0,0,0,0,NO_LOCALIZADO_GOODMAN_REQUIERE_OTRA_FUENTE,5.0,,,REVISAR DESDE CERO: NO HAY CONTENIDO RENAL
MED-0223,ELTROMBOPAG,ELTROMBOPAG,NO_RENAL_CONTENT,1,0,0,0,0,0,GOODMAN_SENAL_RENAL_REQUIERE_FICHA_ACTUAL,2.0,PENDING_CURRENT_LABEL,REQUIERE_FICHA_GUIA_ACTUAL,REVISAR DESDE CERO: NO HAY CONTENIDO RENAL
MED-0224,ELVITEGRAVIR,ELVITEGRAVIR,NO_RENAL_CONTENT,1,0,0,0,0,0,GOODMAN_SENAL_RENAL_REQUIERE_FICHA_ACTUAL,2.0,PENDING_CURRENT_LABEL,REQUIERE_FICHA_GUIA_ACTUAL,REVISAR DESDE CERO: NO HAY CONTENIDO RENAL
MED-0226,EMTRICITABINA,EMTRICITABINA,NO_RENAL_CONTENT,1,0,0,0,0,0,GOODMAN_SENAL_RENAL_REQUIERE_FICHA_ACTUAL,2.0,PENDING_CURRENT_LABEL,REQUIERE_FICHA_GUIA_ACTUAL,REVISAR DESDE CERO: NO HAY CONTENIDO RENAL
MED-0229,ENTECAVIR,ENTECAVIR,NO_RENAL_CONTENT,1,0,0,0,0,0,GOODMAN_SENAL_RENAL_REQUIERE_FICHA_ACTUAL,2.0,PENDING_CURRENT_LABEL,REQUIERE_FICHA_GUIA_ACTUAL,REVISAR DESDE CERO: NO HAY CONTENIDO RENAL
MED-0230,ENTRECTINIB,ENTRECTINIB,NO_RENAL_CONTENT,1,0,0,0,0,0,GOODMAN_SENAL_RENAL_REQUIERE_FICHA_ACTUAL,2.0,PENDING_CURRENT_LABEL,REQUIERE_FICHA_GUIA_ACTUAL,REVISAR DESDE CERO: NO HAY CONTENIDO RENAL
MED-0231,ENZALUTAMIDA,ENZALUTAMIDA,NO_RENAL_CONTENT,1,0,0,0,0,0,GOODMAN_SENAL_RENAL_REQUIERE_FICHA_ACTUAL,2.0,PENDING_CURRENT_LABEL,REQUIERE_FICHA_GUIA_ACTUAL,REVISAR DESDE CERO: NO HAY CONTENIDO RENAL
MED-0232,EPLERENONA,EPLERENONA,NO_RENAL_CONTENT,1,0,0,0,0,0,GOODMAN_SENAL_RENAL_REQUIERE_FICHA_ACTUAL,2.0,PENDING_CURRENT_LABEL,REQUIERE_FICHA_GUIA_ACTUAL,REVISAR DESDE CERO: NO HAY CONTENIDO RENAL
MED-0233,ERGOTAMINA TARTRATO,ERGOTAMINA TARTRATO,NO_RENAL_CONTENT,1,0,0,0,0,0,GOODMAN_SIN_SENAL_RENAL_ESPECIFICA,4.0,,,REVISAR DESDE CERO: NO HAY CONTENIDO RENAL
MED-0235,ERLOTINIB,ERLOTINIB,NO_RENAL_CONTENT,1,0,0,0,0,0,GOODMAN_SENAL_RENAL_REQUIERE_FICHA_ACTUAL,2.0,PENDING_CURRENT_LABEL,REQUIERE_FICHA_GUIA_ACTUAL,REVISAR DESDE CERO: NO HAY CONTENIDO RENAL
MED-0236,ESCINA,ESCINA,NO_RENAL_CONTENT,1,0,0,0,0,0,NO_LOCALIZADO_GOODMAN_REQUIERE_OTRA_FUENTE,5.0,,,REVISAR DESDE CERO: NO HAY CONTENIDO RENAL
MED-0238,ESOMEPRAZOL,ESOMEPRAZOL,NO_RENAL_CONTENT,1,0,0,0,0,0,GOODMAN_SENAL_RENAL_REQUIERE_FICHA_ACTUAL,2.0,PENDING_CURRENT_LABEL,REQUIERE_FICHA_GUIA_ACTUAL,REVISAR DESDE CERO: NO HAY CONTENIDO RENAL
MED-0239,ESPIRAMICINA BASE,ESPIRAMICINA BASE,NO_RENAL_CONTENT,1,0,0,0,0,0,GOODMAN_SENAL_RENAL_REQUIERE_FICHA_ACTUAL,2.0,PENDING_CURRENT_LABEL,REQUIERE_FICHA_GUIA_ACTUAL,REVISAR DESDE CERO: NO HAY CONTENIDO RENAL
MED-0240,ESPIRONOLACTONA,ESPIRONOLACTONA,NO_RENAL_CONTENT,1,0,0,0,0,0,GOODMAN_SENAL_RENAL_REQUIERE_FICHA_ACTUAL,2.0,PENDING_CURRENT_LABEL,REQUIERE_FICHA_GUIA_ACTUAL,REVISAR DESDE CERO: NO HAY CONTENIDO RENAL
MED-0241,ESTRADIOL,ESTRADIOL,NO_RENAL_CONTENT,1,0,0,0,0,0,GOODMAN_SENAL_RENAL_REQUIERE_FICHA_ACTUAL,2.0,PENDING_CURRENT_LABEL,REQUIERE_FICHA_GUIA_ACTUAL,REVISAR DESDE CERO: NO HAY CONTENIDO RENAL
MED-0242,ESZOPICLONA,ESZOPICLONA,NO_RENAL_CONTENT,1,0,0,0,0,0,GOODMAN_SENAL_RENAL_REQUIERE_FICHA_ACTUAL,2.0,PENDING_CURRENT_LABEL,REQUIERE_FICHA_GUIA_ACTUAL,REVISAR DESDE CERO: NO HAY CONTENIDO RENAL
MED-0244,ETINIL ESTRADIOL,ETINIL ESTRADIOL,NO_RENAL_CONTENT,1,0,0,0,0,0,GOODMAN_SENAL_RENAL_REQUIERE_FICHA_ACTUAL,2.0,PENDING_CURRENT_LABEL,REQUIERE_FICHA_GUIA_ACTUAL,REVISAR DESDE CERO: NO HAY CONTENIDO RENAL
MED-0245,ETORICOXIB,ETORICOXIB,NO_RENAL_CONTENT,1,0,0,0,0,0,GOODMAN_SENAL_RENAL_REQUIERE_FICHA_ACTUAL,2.0,PENDING_CURRENT_LABEL,REQUIERE_FICHA_GUIA_ACTUAL,REVISAR DESDE CERO: NO HAY CONTENIDO RENAL
MED-0246,ETRAVIRINA (TMC 125),ETRAVIRINA (TMC 125),NO_RENAL_CONTENT,1,0,0,0,0,0,GOODMAN_SENAL_RENAL_REQUIERE_FICHA_ACTUAL,2.0,PENDING_CURRENT_LABEL,REQUIERE_FICHA_GUIA_ACTUAL,REVISAR DESDE CERO: NO HAY CONTENIDO RENAL
MED-0247,EVEROLIMUS,EVEROLIMUS,NO_RENAL_CONTENT,1,0,0,0,0,0,GOODMAN_SENAL_RENAL_REQUIERE_FICHA_ACTUAL,2.0,PENDING_CURRENT_LABEL,REQUIERE_FICHA_GUIA_ACTUAL,REVISAR DESDE CERO: NO HAY CONTENIDO RENAL
MED-0248,EVOGLIPTINA,EVOGLIPTINA,NO_RENAL_CONTENT,1,0,0,0,0,0,NO_LOCALIZADO_GOODMAN_REQUIERE_OTRA_FUENTE,5.0,,,REVISAR DESDE CERO: NO HAY CONTENIDO RENAL
MED-0249,EXEMESTANO,EXEMESTANO,NO_RENAL_CONTENT,1,0,0,0,0,0,GOODMAN_SENAL_RENAL_REQUIERE_FICHA_ACTUAL,2.0,PENDING_CURRENT_LABEL,REQUIERE_FICHA_GUIA_ACTUAL,REVISAR DESDE CERO: NO HAY CONTENIDO RENAL
MED-0252,FEBUXOSTAT,FEBUXOSTAT,NO_RENAL_CONTENT,1,0,0,0,0,0,GOODMAN_SENAL_RENAL_REQUIERE_FICHA_ACTUAL,2.0,PENDING_CURRENT_LABEL,REQUIERE_FICHA_GUIA_ACTUAL,REVISAR DESDE CERO: NO HAY CONTENIDO RENAL
MED-0253,FENILEFRINA,FENILEFRINA,NO_RENAL_CONTENT,1,0,0,0,0,0,GOODMAN_SENAL_RENAL_REQUIERE_FICHA_ACTUAL,2.0,PENDING_CURRENT_LABEL,REQUIERE_FICHA_GUIA_ACTUAL,REVISAR DESDE CERO: NO HAY CONTENIDO RENAL
MED-0255,FENOBARBITAL,FENOBARBITAL,NO_RENAL_CONTENT,1,0,0,0,0,0,GOODMAN_SENAL_RENAL_REQUIERE_FICHA_ACTUAL,2.0,PENDING_CURRENT_LABEL,REQUIERE_FICHA_GUIA_ACTUAL,REVISAR DESDE CERO: NO HAY CONTENIDO RENAL
MED-0256,FENOFIBRATO,FENOFIBRATO,NO_RENAL_CONTENT,1,0,0,0,0,0,GOODMAN_SENAL_RENAL_REQUIERE_FICHA_ACTUAL,2.0,PENDING_CURRENT_LABEL,REQUIERE_FICHA_GUIA_ACTUAL,REVISAR DESDE CERO: NO HAY CONTENIDO RENAL
MED-0257,FENOTEROL,FENOTEROL,NO_RENAL_CONTENT,1,0,0,0,0,0,GOODMAN_SENAL_RENAL_REQUIERE_FICHA_ACTUAL,2.0,PENDING_CURRENT_LABEL,REQUIERE_FICHA_GUIA_ACTUAL,REVISAR DESDE CERO: NO HAY CONTENIDO RENAL
MED-0258,FENOVERINA,FENOVERINA,NO_RENAL_CONTENT,1,0,0,0,0,0,NO_LOCALIZADO_GOODMAN_REQUIERE_OTRA_FUENTE,5.0,,,REVISAR DESDE CERO: NO HAY CONTENIDO RENAL
MED-0259,FEXOFENADINA,FEXOFENADINA,NO_RENAL_CONTENT,1,0,0,0,0,0,GOODMAN_SENAL_RENAL_REQUIERE_FICHA_ACTUAL,2.0,PENDING_CURRENT_LABEL,REQUIERE_FICHA_GUIA_ACTUAL,REVISAR DESDE CERO: NO HAY CONTENIDO RENAL
MED-0261,FINGOLIMOD,FINGOLIMOD,NO_RENAL_CONTENT,1,0,0,0,0,0,GOODMAN_SENAL_RENAL_REQUIERE_FICHA_ACTUAL,2.0,PENDING_CURRENT_LABEL,REQUIERE_FICHA_GUIA_ACTUAL,REVISAR DESDE CERO: NO HAY CONTENIDO RENAL
MED-0262,FLAVONOIDES EXPRESADOS COMO HESPERIDINA MICRONIZADA Y PURIFICADA,FLAVONOIDES EXPRESADOS COMO HESPERIDINA MICRONIZADA Y PURIFICADA,NO_RENAL_CONTENT,1,0,0,0,0,0,NO_LOCALIZADO_GOODMAN_REQUIERE_OTRA_FUENTE,5.0,,,REVISAR DESDE CERO: NO HAY CONTENIDO RENAL
MED-0263,FLAVOXATO CLOHIDRATO,FLAVOXATO CLOHIDRATO,NO_RENAL_CONTENT,1,0,0,0,0,0,NO_LOCALIZADO_GOODMAN_REQUIERE_OTRA_FUENTE,5.0,,,REVISAR DESDE CERO: NO HAY CONTENIDO RENAL
MED-0264,FLUBENDAZOL,FLUBENDAZOL,NO_RENAL_CONTENT,1,0,0,0,0,0,NO_LOCALIZADO_GOODMAN_REQUIERE_OTRA_FUENTE,5.0,,,REVISAR DESDE CERO: NO HAY CONTENIDO RENAL
MED-0267,FLUDROCORTISONA,FLUDROCORTISONA,NO_RENAL_CONTENT,1,0,0,0,0,0,GOODMAN_SENAL_RENAL_REQUIERE_FICHA_ACTUAL,2.0,PENDING_CURRENT_LABEL,REQUIERE_FICHA_GUIA_ACTUAL,REVISAR DESDE CERO: NO HAY CONTENIDO RENAL
MED-0268,FLUNARIZINA,FLUNARIZINA,NO_RENAL_CONTENT,1,0,0,0,0,0,NO_LOCALIZADO_GOODMAN_REQUIERE_OTRA_FUENTE,5.0,,,REVISAR DESDE CERO: NO HAY CONTENIDO RENAL
MED-0269,FLUOXETINA,FLUOXETINA,NO_RENAL_CONTENT,1,0,0,0,0,0,GOODMAN_SENAL_RENAL_REQUIERE_FICHA_ACTUAL,2.0,PENDING_CURRENT_LABEL,REQUIERE_FICHA_GUIA_ACTUAL,REVISAR DESDE CERO: NO HAY CONTENIDO RENAL
MED-0270,FLURBIPROFENO,FLURBIPROFENO,NO_RENAL_CONTENT,1,0,0,0,0,0,GOODMAN_SENAL_RENAL_REQUIERE_FICHA_ACTUAL,2.0,PENDING_CURRENT_LABEL,REQUIERE_FICHA_GUIA_ACTUAL,REVISAR DESDE CERO: NO HAY CONTENIDO RENAL
MED-0271,FLUTICASONA,FLUTICASONA,NO_RENAL_CONTENT,1,0,0,0,0,0,GOODMAN_SENAL_RENAL_REQUIERE_FICHA_ACTUAL,2.0,PENDING_CURRENT_LABEL,REQUIERE_FICHA_GUIA_ACTUAL,REVISAR DESDE CERO: NO HAY CONTENIDO RENAL
MED-0272,FLUVOXAMINA,FLUVOXAMINA,NO_RENAL_CONTENT,1,0,0,0,0,0,GOODMAN_SENAL_RENAL_REQUIERE_FICHA_ACTUAL,2.0,PENDING_CURRENT_LABEL,REQUIERE_FICHA_GUIA_ACTUAL,REVISAR DESDE CERO: NO HAY CONTENIDO RENAL
MED-0273,FORMOTEROL,FORMOTEROL,NO_RENAL_CONTENT,1,0,0,0,0,0,GOODMAN_SENAL_RENAL_REQUIERE_FICHA_ACTUAL,2.0,PENDING_CURRENT_LABEL,REQUIERE_FICHA_GUIA_ACTUAL,REVISAR DESDE CERO: NO HAY CONTENIDO RENAL
MED-0274,FURAZOLIDONA,FURAZOLIDONA,NO_RENAL_CONTENT,1,0,0,0,0,0,NO_LOCALIZADO_GOODMAN_REQUIERE_OTRA_FUENTE,5.0,,,REVISAR DESDE CERO: NO HAY CONTENIDO RENAL
MED-0275,FUROSEMIDA,FUROSEMIDA,NO_RENAL_CONTENT,1,0,0,0,0,0,GOODMAN_SENAL_RENAL_REQUIERE_FICHA_ACTUAL,2.0,PENDING_CURRENT_LABEL,REQUIERE_FICHA_GUIA_ACTUAL,REVISAR DESDE CERO: NO HAY CONTENIDO RENAL
MED-0278,GEFITINIB,GEFITINIB,NO_RENAL_CONTENT,1,0,0,0,0,0,GOODMAN_SENAL_RENAL_REQUIERE_FICHA_ACTUAL,2.0,PENDING_CURRENT_LABEL,REQUIERE_FICHA_GUIA_ACTUAL,REVISAR DESDE CERO: NO HAY CONTENIDO RENAL
MED-0279,GEMFIBROZILO,GEMFIBROZILO,NO_RENAL_CONTENT,1,0,0,0,0,0,GOODMAN_SENAL_RENAL_REQUIERE_FICHA_ACTUAL,2.0,PENDING_CURRENT_LABEL,REQUIERE_FICHA_GUIA_ACTUAL,REVISAR DESDE CERO: NO HAY CONTENIDO RENAL
MED-0280,GESTODENO,GESTODENO,NO_RENAL_CONTENT,1,0,0,0,0,0,GOODMAN_SENAL_RENAL_REQUIERE_FICHA_ACTUAL,2.0,PENDING_CURRENT_LABEL,REQUIERE_FICHA_GUIA_ACTUAL,REVISAR DESDE CERO: NO HAY CONTENIDO RENAL
MED-0281,GILTERITINIB,GILTERITINIB,NO_RENAL_CONTENT,1,0,0,0,0,0,GOODMAN_SENAL_RENAL_REQUIERE_FICHA_ACTUAL,2.0,PENDING_CURRENT_LABEL,REQUIERE_FICHA_GUIA_ACTUAL,REVISAR DESDE CERO: NO HAY CONTENIDO RENAL
MED-0282,GLIBENCLAMIDA,GLIBENCLAMIDA,NO_RENAL_CONTENT,1,0,0,0,0,0,GOODMAN_SENAL_RENAL_REQUIERE_FICHA_ACTUAL,2.0,PENDING_CURRENT_LABEL,REQUIERE_FICHA_GUIA_ACTUAL,REVISAR DESDE CERO: NO HAY CONTENIDO RENAL
MED-0283,GLICLAZIDA,GLICLAZIDA,NO_RENAL_CONTENT,1,0,0,0,0,0,NO_LOCALIZADO_GOODMAN_REQUIERE_OTRA_FUENTE,5.0,,,REVISAR DESDE CERO: NO HAY CONTENIDO RENAL
MED-0285,GLUCOSAMINA SULFATO,GLUCOSAMINA SULFATO,NO_RENAL_CONTENT,1,0,0,0,0,0,GOODMAN_SIN_SENAL_RENAL_ESPECIFICA,4.0,,,REVISAR DESDE CERO: NO HAY CONTENIDO RENAL
MED-0286,HALOPERIDOL,HALOPERIDOL,NO_RENAL_CONTENT,1,0,0,0,0,0,GOODMAN_SENAL_RENAL_REQUIERE_FICHA_ACTUAL,2.0,PENDING_CURRENT_LABEL,REQUIERE_FICHA_GUIA_ACTUAL,REVISAR DESDE CERO: NO HAY CONTENIDO RENAL
MED-0287,HESPERIDINA,HESPERIDINA,NO_RENAL_CONTENT,1,0,0,0,0,0,NO_LOCALIZADO_GOODMAN_REQUIERE_OTRA_FUENTE,5.0,,,REVISAR DESDE CERO: NO HAY CONTENIDO RENAL
MED-0288,HIDROCLOROTIAZIDA,HIDROCLOROTIAZIDA,NO_RENAL_CONTENT,1,0,0,0,0,0,GOODMAN_SENAL_RENAL_REQUIERE_FICHA_ACTUAL,2.0,PENDING_CURRENT_LABEL,REQUIERE_FICHA_GUIA_ACTUAL,REVISAR DESDE CERO: NO HAY CONTENIDO RENAL
MED-0289,HIDROCODONA,HIDROCODONA,NO_RENAL_CONTENT,1,0,0,0,0,0,GOODMAN_SENAL_RENAL_REQUIERE_FICHA_ACTUAL,2.0,PENDING_CURRENT_LABEL,REQUIERE_FICHA_GUIA_ACTUAL,REVISAR DESDE CERO: NO HAY CONTENIDO RENAL
MED-0290,HIDROCORTISONA,HIDROCORTISONA,NO_RENAL_CONTENT,1,0,0,0,0,0,GOODMAN_SENAL_RENAL_REQUIERE_FICHA_ACTUAL,2.0,PENDING_CURRENT_LABEL,REQUIERE_FICHA_GUIA_ACTUAL,REVISAR DESDE CERO: NO HAY CONTENIDO RENAL
MED-0291,HIDROMORFONA CLORHIDRATO,HIDROMORFONA CLORHIDRATO,NO_RENAL_CONTENT,1,0,0,0,0,0,GOODMAN_SENAL_RENAL_REQUIERE_FICHA_ACTUAL,2.0,PENDING_CURRENT_LABEL,REQUIERE_FICHA_GUIA_ACTUAL,REVISAR DESDE CERO: NO HAY CONTENIDO RENAL
MED-0292,HIDROSMINA,HIDROSMINA,NO_RENAL_CONTENT,1,0,0,0,0,0,NO_LOCALIZADO_GOODMAN_REQUIERE_OTRA_FUENTE,5.0,,,REVISAR DESDE CERO: NO HAY CONTENIDO RENAL
MED-0293,HIDROTALCITA,HIDROTALCITA,NO_RENAL_CONTENT,1,0,0,0,0,0,NO_LOCALIZADO_GOODMAN_REQUIERE_OTRA_FUENTE,5.0,,,REVISAR DESDE CERO: NO HAY CONTENIDO RENAL
MED-0294,HIDROXICINA CLORHIDRATO,HIDROXICINA CLORHIDRATO,NO_RENAL_CONTENT,1,0,0,0,0,0,GOODMAN_SENAL_RENAL_REQUIERE_FICHA_ACTUAL,2.0,PENDING_CURRENT_LABEL,REQUIERE_FICHA_GUIA_ACTUAL,REVISAR DESDE CERO: NO HAY CONTENIDO RENAL
MED-0295,HIDROXICLOROQUINA,HIDROXICLOROQUINA,NO_RENAL_CONTENT,1,0,0,0,0,0,GOODMAN_SENAL_RENAL_REQUIERE_FICHA_ACTUAL,2.0,PENDING_CURRENT_LABEL,REQUIERE_FICHA_GUIA_ACTUAL,REVISAR DESDE CERO: NO HAY CONTENIDO RENAL
MED-0297,ESCOPOLAMINA,ESCOPOLAMINA,NO_RENAL_CONTENT,1,0,0,0,0,0,GOODMAN_SENAL_RENAL_REQUIERE_FICHA_ACTUAL,2.0,PENDING_CURRENT_LABEL,REQUIERE_FICHA_GUIA_ACTUAL,REVISAR DESDE CERO: NO HAY CONTENIDO RENAL
MED-0298,HISTIDINA,HISTIDINA,NO_RENAL_CONTENT,1,0,0,0,0,0,GOODMAN_SENAL_RENAL_REQUIERE_FICHA_ACTUAL,2.0,PENDING_CURRENT_LABEL,REQUIERE_FICHA_GUIA_ACTUAL,REVISAR DESDE CERO: NO HAY CONTENIDO RENAL
MED-0300,IBRUTINIB,IBRUTINIB,NO_RENAL_CONTENT,1,0,0,0,0,0,GOODMAN_SENAL_RENAL_REQUIERE_FICHA_ACTUAL,2.0,PENDING_CURRENT_LABEL,REQUIERE_FICHA_GUIA_ACTUAL,REVISAR DESDE CERO: NO HAY CONTENIDO RENAL
MED-0301,IBUPROFENO,IBUPROFENO,NO_RENAL_CONTENT,1,0,0,0,0,0,GOODMAN_SENAL_RENAL_REQUIERE_FICHA_ACTUAL,2.0,PENDING_CURRENT_LABEL,REQUIERE_FICHA_GUIA_ACTUAL,REVISAR DESDE CERO: NO HAY CONTENIDO RENAL
MED-0302,ICOSAPENTANOATO DE ETILO,ICOSAPENTANOATO DE ETILO,NO_RENAL_CONTENT,1,0,0,0,0,0,NO_LOCALIZADO_GOODMAN_REQUIERE_OTRA_FUENTE,5.0,,,REVISAR DESDE CERO: NO HAY CONTENIDO RENAL
MED-0304,IMIPRAMINA CLORHIDRATO,IMIPRAMINA CLORHIDRATO,NO_RENAL_CONTENT,1,0,0,0,0,0,GOODMAN_SENAL_RENAL_REQUIERE_FICHA_ACTUAL,2.0,PENDING_CURRENT_LABEL,REQUIERE_FICHA_GUIA_ACTUAL,REVISAR DESDE CERO: NO HAY CONTENIDO RENAL
MED-0305,INDACATEROL,INDACATEROL,NO_RENAL_CONTENT,1,0,0,0,0,0,GOODMAN_SENAL_RENAL_REQUIERE_FICHA_ACTUAL,2.0,PENDING_CURRENT_LABEL,REQUIERE_FICHA_GUIA_ACTUAL,REVISAR DESDE CERO: NO HAY CONTENIDO RENAL
MED-0306,INDAPAMIDA,INDAPAMIDA,NO_RENAL_CONTENT,1,0,0,0,0,0,GOODMAN_SENAL_RENAL_REQUIERE_FICHA_ACTUAL,2.0,PENDING_CURRENT_LABEL,REQUIERE_FICHA_GUIA_ACTUAL,REVISAR DESDE CERO: NO HAY CONTENIDO RENAL
MED-0307,INDOMETACINA,INDOMETACINA,NO_RENAL_CONTENT,1,0,0,0,0,0,GOODMAN_SENAL_RENAL_REQUIERE_FICHA_ACTUAL,2.0,PENDING_CURRENT_LABEL,REQUIERE_FICHA_GUIA_ACTUAL,REVISAR DESDE CERO: NO HAY CONTENIDO RENAL
MED-0308,IPRATROPIO,IPRATROPIO,NO_RENAL_CONTENT,1,0,0,0,0,0,GOODMAN_SENAL_RENAL_REQUIERE_FICHA_ACTUAL,2.0,PENDING_CURRENT_LABEL,REQUIERE_FICHA_GUIA_ACTUAL,REVISAR DESDE CERO: NO HAY CONTENIDO RENAL
MED-0311,ISOFLAVONA,ISOFLAVONA,NO_RENAL_CONTENT,1,0,0,0,0,0,GOODMAN_SENAL_RENAL_REQUIERE_FICHA_ACTUAL,2.0,PENDING_CURRENT_LABEL,REQUIERE_FICHA_GUIA_ACTUAL,REVISAR DESDE CERO: NO HAY CONTENIDO RENAL
MED-0312,ISOMETEPTENO MUCATO,ISOMETEPTENO MUCATO,NO_RENAL_CONTENT,1,0,0,0,0,0,NO_LOCALIZADO_GOODMAN_REQUIERE_OTRA_FUENTE,5.0,,,REVISAR DESDE CERO: NO HAY CONTENIDO RENAL
MED-0315,ISOTRETINOINA,ISOTRETINOINA,NO_RENAL_CONTENT,1,0,0,0,0,0,GOODMAN_SENAL_RENAL_REQUIERE_FICHA_ACTUAL,2.0,PENDING_CURRENT_LABEL,REQUIERE_FICHA_GUIA_ACTUAL,REVISAR DESDE CERO: NO HAY CONTENIDO RENAL
MED-0316,ITOPRIDE CLORHIDRATO,ITOPRIDE CLORHIDRATO,NO_RENAL_CONTENT,1,0,0,0,0,0,GOODMAN_SIN_SENAL_RENAL_ESPECIFICA,4.0,,,REVISAR DESDE CERO: NO HAY CONTENIDO RENAL
MED-0319,KETOCONAZOL,KETOCONAZOL,NO_RENAL_CONTENT,1,0,0,0,0,0,GOODMAN_SENAL_RENAL_REQUIERE_FICHA_ACTUAL,2.0,PENDING_CURRENT_LABEL,REQUIERE_FICHA_GUIA_ACTUAL,REVISAR DESDE CERO: NO HAY CONTENIDO RENAL
MED-0320,KETOPROFENO,KETOPROFENO,NO_RENAL_CONTENT,1,0,0,0,0,0,GOODMAN_SENAL_RENAL_REQUIERE_FICHA_ACTUAL,2.0,PENDING_CURRENT_LABEL,REQUIERE_FICHA_GUIA_ACTUAL,REVISAR DESDE CERO: NO HAY CONTENIDO RENAL
MED-0322,L-HISTIDINA,L-HISTIDINA,NO_RENAL_CONTENT,1,0,0,0,0,0,GOODMAN_SENAL_RENAL_REQUIERE_FICHA_ACTUAL,2.0,PENDING_CURRENT_LABEL,REQUIERE_FICHA_GUIA_ACTUAL,REVISAR DESDE CERO: NO HAY CONTENIDO RENAL
MED-0323,L-TIROSINA,L-TIROSINA,NO_RENAL_CONTENT,1,0,0,0,0,0,NO_LOCALIZADO_GOODMAN_REQUIERE_OTRA_FUENTE,5.0,,,REVISAR DESDE CERO: NO HAY CONTENIDO RENAL
MED-0324,L-TREONINA,L-TREONINA,NO_RENAL_CONTENT,1,0,0,0,0,0,GOODMAN_SENAL_RENAL_REQUIERE_FICHA_ACTUAL,2.0,PENDING_CURRENT_LABEL,REQUIERE_FICHA_GUIA_ACTUAL,REVISAR DESDE CERO: NO HAY CONTENIDO RENAL
MED-0325,L-TRIPTOFANO,L-TRIPTOFANO,NO_RENAL_CONTENT,1,0,0,0,0,0,GOODMAN_SENAL_RENAL_REQUIERE_FICHA_ACTUAL,2.0,PENDING_CURRENT_LABEL,REQUIERE_FICHA_GUIA_ACTUAL,REVISAR DESDE CERO: NO HAY CONTENIDO RENAL
MED-0326,LABETALOL,LABETALOL,NO_RENAL_CONTENT,1,0,0,0,0,0,GOODMAN_SENAL_RENAL_REQUIERE_FICHA_ACTUAL,2.0,PENDING_CURRENT_LABEL,REQUIERE_FICHA_GUIA_ACTUAL,REVISAR DESDE CERO: NO HAY CONTENIDO RENAL
MED-0327,LACOSAMIDA,LACOSAMIDA,NO_RENAL_CONTENT,1,0,0,0,0,0,GOODMAN_SIN_SENAL_RENAL_ESPECIFICA,4.0,,,REVISAR DESDE CERO: NO HAY CONTENIDO RENAL
MED-0330,LANATOSIDO C,LANATOSIDO C,NO_RENAL_CONTENT,1,0,0,0,0,0,NO_LOCALIZADO_GOODMAN_REQUIERE_OTRA_FUENTE,5.0,,,REVISAR DESDE CERO: NO HAY CONTENIDO RENAL
MED-0331,LANSOPRAZOL,LANSOPRAZOL,NO_RENAL_CONTENT,1,0,0,0,0,0,GOODMAN_SENAL_RENAL_REQUIERE_FICHA_ACTUAL,2.0,PENDING_CURRENT_LABEL,REQUIERE_FICHA_GUIA_ACTUAL,REVISAR DESDE CERO: NO HAY CONTENIDO RENAL
MED-0332,LAPATINIB,LAPATINIB,NO_RENAL_CONTENT,1,0,0,0,0,0,GOODMAN_SENAL_RENAL_REQUIERE_FICHA_ACTUAL,2.0,PENDING_CURRENT_LABEL,REQUIERE_FICHA_GUIA_ACTUAL,REVISAR DESDE CERO: NO HAY CONTENIDO RENAL
MED-0333,LAROTRECTINIB,LAROTRECTINIB,NO_RENAL_CONTENT,1,0,0,0,0,0,GOODMAN_SENAL_RENAL_REQUIERE_FICHA_ACTUAL,2.0,PENDING_CURRENT_LABEL,REQUIERE_FICHA_GUIA_ACTUAL,REVISAR DESDE CERO: NO HAY CONTENIDO RENAL
MED-0334,LEFLUNOMIDA,LEFLUNOMIDA,NO_RENAL_CONTENT,1,0,0,0,0,0,GOODMAN_SENAL_RENAL_REQUIERE_FICHA_ACTUAL,2.0,PENDING_CURRENT_LABEL,REQUIERE_FICHA_GUIA_ACTUAL,REVISAR DESDE CERO: NO HAY CONTENIDO RENAL
MED-0336,LENVATINIB,LENVATINIB,NO_RENAL_CONTENT,1,0,0,0,0,0,GOODMAN_SENAL_RENAL_REQUIERE_FICHA_ACTUAL,2.0,PENDING_CURRENT_LABEL,REQUIERE_FICHA_GUIA_ACTUAL,REVISAR DESDE CERO: NO HAY CONTENIDO RENAL
MED-0341,LEVODOPA,LEVODOPA,NO_RENAL_CONTENT,1,0,0,0,0,0,GOODMAN_SENAL_RENAL_REQUIERE_FICHA_ACTUAL,2.0,PENDING_CURRENT_LABEL,REQUIERE_FICHA_GUIA_ACTUAL,REVISAR DESDE CERO: NO HAY CONTENIDO RENAL
MED-0343,LEVOMEPROMAZINA,LEVOMEPROMAZINA,NO_RENAL_CONTENT,1,0,0,0,0,0,NO_LOCALIZADO_GOODMAN_REQUIERE_OTRA_FUENTE,5.0,,,REVISAR DESDE CERO: NO HAY CONTENIDO RENAL
MED-0344,LEVONORGESTREL,LEVONORGESTREL,NO_RENAL_CONTENT,1,0,0,0,0,0,GOODMAN_SENAL_RENAL_REQUIERE_FICHA_ACTUAL,2.0,PENDING_CURRENT_LABEL,REQUIERE_FICHA_GUIA_ACTUAL,REVISAR DESDE CERO: NO HAY CONTENIDO RENAL
MED-0345,LEVOPANTOPRAZOL,LEVOPANTOPRAZOL,NO_RENAL_CONTENT,1,0,0,0,0,0,GOODMAN_SENAL_RENAL_REQUIERE_FICHA_ACTUAL,2.0,PENDING_CURRENT_LABEL,REQUIERE_FICHA_GUIA_ACTUAL,REVISAR DESDE CERO: NO HAY CONTENIDO RENAL
MED-0346,LEVOSULPIRIDA,LEVOSULPIRIDA,NO_RENAL_CONTENT,1,0,0,0,0,0,NO_LOCALIZADO_GOODMAN_REQUIERE_OTRA_FUENTE,5.0,,,REVISAR DESDE CERO: NO HAY CONTENIDO RENAL
MED-0347,LEVOTIROXINA,LEVOTIROXINA,NO_RENAL_CONTENT,1,0,0,0,0,0,GOODMAN_SENAL_RENAL_REQUIERE_FICHA_ACTUAL,2.0,PENDING_CURRENT_LABEL,REQUIERE_FICHA_GUIA_ACTUAL,REVISAR DESDE CERO: NO HAY CONTENIDO RENAL
MED-0351,LOFEPRAMINA,LOFEPRAMINA,NO_RENAL_CONTENT,1,0,0,0,0,0,NO_LOCALIZADO_GOODMAN_REQUIERE_OTRA_FUENTE,5.0,,,REVISAR DESDE CERO: NO HAY CONTENIDO RENAL
MED-0352,LOMITAPIDA,LOMITAPIDA,NO_RENAL_CONTENT,1,0,0,0,0,0,GOODMAN_SIN_SENAL_RENAL_ESPECIFICA,4.0,,,REVISAR DESDE CERO: NO HAY CONTENIDO RENAL
MED-0353,LOPERAMIDA CLORHIDRATO,LOPERAMIDA CLORHIDRATO,NO_RENAL_CONTENT,1,0,0,0,0,0,GOODMAN_SENAL_RENAL_REQUIERE_FICHA_ACTUAL,2.0,PENDING_CURRENT_LABEL,REQUIERE_FICHA_GUIA_ACTUAL,REVISAR DESDE CERO: NO HAY CONTENIDO RENAL
MED-0354,LOPINAVIR,LOPINAVIR,NO_RENAL_CONTENT,1,0,0,0,0,0,GOODMAN_SENAL_RENAL_REQUIERE_FICHA_ACTUAL,2.0,PENDING_CURRENT_LABEL,REQUIERE_FICHA_GUIA_ACTUAL,REVISAR DESDE CERO: NO HAY CONTENIDO RENAL
MED-0355,LORATADINA,LORATADINA,NO_RENAL_CONTENT,1,0,0,0,0,0,GOODMAN_SENAL_RENAL_REQUIERE_FICHA_ACTUAL,2.0,PENDING_CURRENT_LABEL,REQUIERE_FICHA_GUIA_ACTUAL,REVISAR DESDE CERO: NO HAY CONTENIDO RENAL
MED-0356,LORAZEPAM,LORAZEPAM,NO_RENAL_CONTENT,1,0,0,0,0,0,GOODMAN_SENAL_RENAL_REQUIERE_FICHA_ACTUAL,2.0,PENDING_CURRENT_LABEL,REQUIERE_FICHA_GUIA_ACTUAL,REVISAR DESDE CERO: NO HAY CONTENIDO RENAL
MED-0359,LOXOPROFEN,LOXOPROFEN,NO_RENAL_CONTENT,1,0,0,0,0,0,NO_LOCALIZADO_GOODMAN_REQUIERE_OTRA_FUENTE,5.0,,,REVISAR DESDE CERO: NO HAY CONTENIDO RENAL
MED-0360,LUBIPROSTONE,LUBIPROSTONE,NO_RENAL_CONTENT,1,0,0,0,0,0,GOODMAN_SIN_SENAL_RENAL_ESPECIFICA,4.0,,,REVISAR DESDE CERO: NO HAY CONTENIDO RENAL
MED-0361,LUMEFANTRINA,LUMEFANTRINA,NO_RENAL_CONTENT,1,0,0,0,0,0,GOODMAN_SENAL_RENAL_REQUIERE_FICHA_ACTUAL,2.0,PENDING_CURRENT_LABEL,REQUIERE_FICHA_GUIA_ACTUAL,REVISAR DESDE CERO: NO HAY CONTENIDO RENAL
MED-0362,LURASIDONA CLORHIDRATO,LURASIDONA CLORHIDRATO,NO_RENAL_CONTENT,1,0,0,0,0,0,GOODMAN_SIN_SENAL_RENAL_ESPECIFICA,4.0,,,REVISAR DESDE CERO: NO HAY CONTENIDO RENAL
MED-0363,MACITENTAN,MACITENTAN,NO_RENAL_CONTENT,1,0,0,0,0,0,GOODMAN_SENAL_RENAL_REQUIERE_FICHA_ACTUAL,2.0,PENDING_CURRENT_LABEL,REQUIERE_FICHA_GUIA_ACTUAL,REVISAR DESDE CERO: NO HAY CONTENIDO RENAL
MED-0364,MARAVIROC,MARAVIROC,NO_RENAL_CONTENT,1,0,0,0,0,0,GOODMAN_SENAL_RENAL_REQUIERE_FICHA_ACTUAL,2.0,PENDING_CURRENT_LABEL,REQUIERE_FICHA_GUIA_ACTUAL,REVISAR DESDE CERO: NO HAY CONTENIDO RENAL
MED-0365,MEBENDAZOL,MEBENDAZOL,NO_RENAL_CONTENT,1,0,0,0,0,0,GOODMAN_SENAL_RENAL_REQUIERE_FICHA_ACTUAL,2.0,PENDING_CURRENT_LABEL,REQUIERE_FICHA_GUIA_ACTUAL,REVISAR DESDE CERO: NO HAY CONTENIDO RENAL
MED-0366,MEBEVERINA,MEBEVERINA,NO_RENAL_CONTENT,1,0,0,0,0,0,GOODMAN_SIN_SENAL_RENAL_ESPECIFICA,4.0,,,REVISAR DESDE CERO: NO HAY CONTENIDO RENAL
MED-0367,MECLIZINA,MECLIZINA,NO_RENAL_CONTENT,1,0,0,0,0,0,GOODMAN_SIN_SENAL_RENAL_ESPECIFICA,4.0,,,REVISAR DESDE CERO: NO HAY CONTENIDO RENAL
MED-0369,MELATONINA,MELATONINA,NO_RENAL_CONTENT,1,0,0,0,0,0,GOODMAN_SENAL_RENAL_REQUIERE_FICHA_ACTUAL,2.0,PENDING_CURRENT_LABEL,REQUIERE_FICHA_GUIA_ACTUAL,REVISAR DESDE CERO: NO HAY CONTENIDO RENAL
MED-0370,MELFALAN,MELFALAN,NO_RENAL_CONTENT,1,0,0,0,0,0,GOODMAN_SENAL_RENAL_REQUIERE_FICHA_ACTUAL,2.0,PENDING_CURRENT_LABEL,REQUIERE_FICHA_GUIA_ACTUAL,REVISAR DESDE CERO: NO HAY CONTENIDO RENAL
MED-0371,MELOXICAM,MELOXICAM,NO_RENAL_CONTENT,1,0,0,0,0,0,GOODMAN_SENAL_RENAL_REQUIERE_FICHA_ACTUAL,2.0,PENDING_CURRENT_LABEL,REQUIERE_FICHA_GUIA_ACTUAL,REVISAR DESDE CERO: NO HAY CONTENIDO RENAL
MED-0373,MERCAPTOPURINA,MERCAPTOPURINA,NO_RENAL_CONTENT,1,0,0,0,0,0,GOODMAN_SENAL_RENAL_REQUIERE_FICHA_ACTUAL,2.0,PENDING_CURRENT_LABEL,REQUIERE_FICHA_GUIA_ACTUAL,REVISAR DESDE CERO: NO HAY CONTENIDO RENAL
MED-0374,MESALAZINA,MESALAZINA,NO_RENAL_CONTENT,1,0,0,0,0,0,GOODMAN_SENAL_RENAL_REQUIERE_FICHA_ACTUAL,2.0,PENDING_CURRENT_LABEL,REQUIERE_FICHA_GUIA_ACTUAL,REVISAR DESDE CERO: NO HAY CONTENIDO RENAL
MED-0376,METADOXINA,METADOXINA,NO_RENAL_CONTENT,1,0,0,0,0,0,GOODMAN_SENAL_RENAL_REQUIERE_FICHA_ACTUAL,2.0,PENDING_CURRENT_LABEL,REQUIERE_FICHA_GUIA_ACTUAL,REVISAR DESDE CERO: NO HAY CONTENIDO RENAL
MED-0378,METILDOPA,METILDOPA,NO_RENAL_CONTENT,1,0,0,0,0,0,GOODMAN_SENAL_RENAL_REQUIERE_FICHA_ACTUAL,2.0,PENDING_CURRENT_LABEL,REQUIERE_FICHA_GUIA_ACTUAL,REVISAR DESDE CERO: NO HAY CONTENIDO RENAL
MED-0379,METILFENIDATO CLORHIDRATO,METILFENIDATO CLORHIDRATO,NO_RENAL_CONTENT,1,0,0,0,0,0,NO_LOCALIZADO_GOODMAN_REQUIERE_OTRA_FUENTE,5.0,,,REVISAR DESDE CERO: NO HAY CONTENIDO RENAL
MED-0380,METILPREDNISOLONA,METILPREDNISOLONA,NO_RENAL_CONTENT,1,0,0,0,0,0,GOODMAN_SENAL_RENAL_REQUIERE_FICHA_ACTUAL,2.0,PENDING_CURRENT_LABEL,REQUIERE_FICHA_GUIA_ACTUAL,REVISAR DESDE CERO: NO HAY CONTENIDO RENAL
MED-0381,METILSULFONILMETANO (MSM),METILSULFONILMETANO (MSM),NO_RENAL_CONTENT,1,0,0,0,0,0,NO_LOCALIZADO_GOODMAN_REQUIERE_OTRA_FUENTE,5.0,,,REVISAR DESDE CERO: NO HAY CONTENIDO RENAL
MED-0382,METIMAZOL,METIMAZOL,NO_RENAL_CONTENT,1,0,0,0,0,0,GOODMAN_SIN_SENAL_RENAL_ESPECIFICA,4.0,,,REVISAR DESDE CERO: NO HAY CONTENIDO RENAL
MED-0383,METISOPRINOL,METISOPRINOL,NO_RENAL_CONTENT,1,0,0,0,0,0,NO_LOCALIZADO_GOODMAN_REQUIERE_OTRA_FUENTE,5.0,,,REVISAR DESDE CERO: NO HAY CONTENIDO RENAL
MED-0384,METOCARBAMOL,METOCARBAMOL,NO_RENAL_CONTENT,1,0,0,0,0,0,GOODMAN_SENAL_RENAL_REQUIERE_FICHA_ACTUAL,2.0,PENDING_CURRENT_LABEL,REQUIERE_FICHA_GUIA_ACTUAL,REVISAR DESDE CERO: NO HAY CONTENIDO RENAL
MED-0386,METOPROLOL,METOPROLOL,NO_RENAL_CONTENT,1,0,0,0,0,0,GOODMAN_SENAL_RENAL_REQUIERE_FICHA_ACTUAL,2.0,PENDING_CURRENT_LABEL,REQUIERE_FICHA_GUIA_ACTUAL,REVISAR DESDE CERO: NO HAY CONTENIDO RENAL
MED-0387,METOTREXATO,METOTREXATO,NO_RENAL_CONTENT,1,0,0,0,0,0,NO_LOCALIZADO_GOODMAN_REQUIERE_OTRA_FUENTE,5.0,,,REVISAR DESDE CERO: NO HAY CONTENIDO RENAL
MED-0388,METOXALEM,METOXALEM,NO_RENAL_CONTENT,1,0,0,0,0,0,GOODMAN_SIN_SENAL_RENAL_ESPECIFICA,4.0,,,REVISAR DESDE CERO: NO HAY CONTENIDO RENAL
MED-0390,MEXAZOLAM,MEXAZOLAM,NO_RENAL_CONTENT,1,0,0,0,0,0,NO_LOCALIZADO_GOODMAN_REQUIERE_OTRA_FUENTE,5.0,,,REVISAR DESDE CERO: NO HAY CONTENIDO RENAL
MED-0391,MICOFENOLATO DE MOFETILO,MICOFENOLATO DE MOFETILO,NO_RENAL_CONTENT,1,0,0,0,0,0,GOODMAN_SENAL_RENAL_REQUIERE_FICHA_ACTUAL,2.0,PENDING_CURRENT_LABEL,REQUIERE_FICHA_GUIA_ACTUAL,REVISAR DESDE CERO: NO HAY CONTENIDO RENAL
MED-0392,MIDAZOLAM,MIDAZOLAM,NO_RENAL_CONTENT,1,0,0,0,0,0,GOODMAN_SENAL_RENAL_REQUIERE_FICHA_ACTUAL,2.0,PENDING_CURRENT_LABEL,REQUIERE_FICHA_GUIA_ACTUAL,REVISAR DESDE CERO: NO HAY CONTENIDO RENAL
MED-0394,MIDOSTAURINA,MIDOSTAURINA,NO_RENAL_CONTENT,1,0,0,0,0,0,GOODMAN_SENAL_RENAL_REQUIERE_FICHA_ACTUAL,2.0,PENDING_CURRENT_LABEL,REQUIERE_FICHA_GUIA_ACTUAL,REVISAR DESDE CERO: NO HAY CONTENIDO RENAL
MED-0395,MIFEPRISTONA,MIFEPRISTONA,NO_RENAL_CONTENT,1,0,0,0,0,0,GOODMAN_SENAL_RENAL_REQUIERE_FICHA_ACTUAL,2.0,PENDING_CURRENT_LABEL,REQUIERE_FICHA_GUIA_ACTUAL,REVISAR DESDE CERO: NO HAY CONTENIDO RENAL
MED-0396,MIGALASTAT CLORHIDRATO,MIGALASTAT CLORHIDRATO,NO_RENAL_CONTENT,1,0,0,0,0,0,NO_LOCALIZADO_GOODMAN_REQUIERE_OTRA_FUENTE,5.0,,,REVISAR DESDE CERO: NO HAY CONTENIDO RENAL
MED-0397,MILRINONA,MILRINONA,NO_RENAL_CONTENT,1,0,0,0,0,0,GOODMAN_SENAL_RENAL_REQUIERE_FICHA_ACTUAL,2.0,PENDING_CURRENT_LABEL,REQUIERE_FICHA_GUIA_ACTUAL,REVISAR DESDE CERO: NO HAY CONTENIDO RENAL
MED-0398,MILTEFOSINA,MILTEFOSINA,NO_RENAL_CONTENT,1,0,0,0,0,0,GOODMAN_SENAL_RENAL_REQUIERE_FICHA_ACTUAL,2.0,PENDING_CURRENT_LABEL,REQUIERE_FICHA_GUIA_ACTUAL,REVISAR DESDE CERO: NO HAY CONTENIDO RENAL
MED-0399,MINOCICLINA,MINOCICLINA,NO_RENAL_CONTENT,1,0,0,0,0,0,GOODMAN_SENAL_RENAL_REQUIERE_FICHA_ACTUAL,2.0,PENDING_CURRENT_LABEL,REQUIERE_FICHA_GUIA_ACTUAL,REVISAR DESDE CERO: NO HAY CONTENIDO RENAL
MED-0400,MINOXIDIL,MINOXIDIL,NO_RENAL_CONTENT,1,0,0,0,0,0,GOODMAN_SENAL_RENAL_REQUIERE_FICHA_ACTUAL,2.0,PENDING_CURRENT_LABEL,REQUIERE_FICHA_GUIA_ACTUAL,REVISAR DESDE CERO: NO HAY CONTENIDO RENAL
MED-0403,MISOPROSTOL,MISOPROSTOL,NO_RENAL_CONTENT,1,0,0,0,0,0,GOODMAN_SENAL_RENAL_REQUIERE_FICHA_ACTUAL,2.0,PENDING_CURRENT_LABEL,REQUIERE_FICHA_GUIA_ACTUAL,REVISAR DESDE CERO: NO HAY CONTENIDO RENAL
MED-0404,MITOTANO,MITOTANO,NO_RENAL_CONTENT,1,0,0,0,0,0,GOODMAN_SENAL_RENAL_REQUIERE_FICHA_ACTUAL,2.0,PENDING_CURRENT_LABEL,REQUIERE_FICHA_GUIA_ACTUAL,REVISAR DESDE CERO: NO HAY CONTENIDO RENAL
MED-0405,MODAFINIL,MODAFINIL,NO_RENAL_CONTENT,1,0,0,0,0,0,GOODMAN_SENAL_RENAL_REQUIERE_FICHA_ACTUAL,2.0,PENDING_CURRENT_LABEL,REQUIERE_FICHA_GUIA_ACTUAL,REVISAR DESDE CERO: NO HAY CONTENIDO RENAL
MED-0406,MOLIBDENO,MOLIBDENO,NO_RENAL_CONTENT,1,0,0,0,0,0,NO_LOCALIZADO_GOODMAN_REQUIERE_OTRA_FUENTE,5.0,,,REVISAR DESDE CERO: NO HAY CONTENIDO RENAL
MED-0407,MOLNUPIRAVIR,MOLNUPIRAVIR,NO_RENAL_CONTENT,1,0,0,0,0,0,NO_LOCALIZADO_GOODMAN_REQUIERE_OTRA_FUENTE,5.0,,,REVISAR DESDE CERO: NO HAY CONTENIDO RENAL
MED-0408,MOMETASONA,MOMETASONA,NO_RENAL_CONTENT,1,0,0,0,0,0,GOODMAN_SENAL_RENAL_REQUIERE_FICHA_ACTUAL,2.0,PENDING_CURRENT_LABEL,REQUIERE_FICHA_GUIA_ACTUAL,REVISAR DESDE CERO: NO HAY CONTENIDO RENAL
MED-0409,MONOACETATO DE L-LISINA,MONOACETATO DE L-LISINA,NO_RENAL_CONTENT,1,0,0,0,0,0,GOODMAN_SIN_SENAL_RENAL_ESPECIFICA,4.0,,,REVISAR DESDE CERO: NO HAY CONTENIDO RENAL
MED-0411,MOSAPRIDA CITRATO,MOSAPRIDA CITRATO,NO_RENAL_CONTENT,1,0,0,0,0,0,NO_LOCALIZADO_GOODMAN_REQUIERE_OTRA_FUENTE,5.0,,,REVISAR DESDE CERO: NO HAY CONTENIDO RENAL
MED-0414,NAPROXENO,NAPROXENO,NO_RENAL_CONTENT,1,0,0,0,0,0,GOODMAN_SENAL_RENAL_REQUIERE_FICHA_ACTUAL,2.0,PENDING_CURRENT_LABEL,REQUIERE_FICHA_GUIA_ACTUAL,REVISAR DESDE CERO: NO HAY CONTENIDO RENAL
MED-0416,NEOMICINA,NEOMICINA,NO_RENAL_CONTENT,1,0,0,0,0,0,GOODMAN_SENAL_RENAL_REQUIERE_FICHA_ACTUAL,2.0,PENDING_CURRENT_LABEL,REQUIERE_FICHA_GUIA_ACTUAL,REVISAR DESDE CERO: NO HAY CONTENIDO RENAL
MED-0417,NERATINIIB,NERATINIIB,NO_RENAL_CONTENT,1,0,0,0,0,0,GOODMAN_SENAL_RENAL_REQUIERE_FICHA_ACTUAL,2.0,PENDING_CURRENT_LABEL,REQUIERE_FICHA_GUIA_ACTUAL,REVISAR DESDE CERO: NO HAY CONTENIDO RENAL
MED-0419,NICOTINAMIDA,NICOTINAMIDA,NO_RENAL_CONTENT,1,0,0,0,0,0,GOODMAN_SENAL_RENAL_REQUIERE_FICHA_ACTUAL,2.0,PENDING_CURRENT_LABEL,REQUIERE_FICHA_GUIA_ACTUAL,REVISAR DESDE CERO: NO HAY CONTENIDO RENAL
MED-0420,NIFEDIPINO,NIFEDIPINO,NO_RENAL_CONTENT,1,0,0,0,0,0,GOODMAN_SENAL_RENAL_REQUIERE_FICHA_ACTUAL,2.0,PENDING_CURRENT_LABEL,REQUIERE_FICHA_GUIA_ACTUAL,REVISAR DESDE CERO: NO HAY CONTENIDO RENAL
MED-0421,NIFUROXAZIDA,NIFUROXAZIDA,NO_RENAL_CONTENT,1,0,0,0,0,0,NO_LOCALIZADO_GOODMAN_REQUIERE_OTRA_FUENTE,5.0,,,REVISAR DESDE CERO: NO HAY CONTENIDO RENAL
MED-0422,NILOTINIB,NILOTINIB,NO_RENAL_CONTENT,1,0,0,0,0,0,GOODMAN_SENAL_RENAL_REQUIERE_FICHA_ACTUAL,2.0,PENDING_CURRENT_LABEL,REQUIERE_FICHA_GUIA_ACTUAL,REVISAR DESDE CERO: NO HAY CONTENIDO RENAL
MED-0423,NIMESULIDA,NIMESULIDA,NO_RENAL_CONTENT,1,0,0,0,0,0,GOODMAN_SENAL_RENAL_REQUIERE_FICHA_ACTUAL,2.0,PENDING_CURRENT_LABEL,REQUIERE_FICHA_GUIA_ACTUAL,REVISAR DESDE CERO: NO HAY CONTENIDO RENAL
MED-0424,NIMODIPINO,NIMODIPINO,NO_RENAL_CONTENT,1,0,0,0,0,0,GOODMAN_SENAL_RENAL_REQUIERE_FICHA_ACTUAL,2.0,PENDING_CURRENT_LABEL,REQUIERE_FICHA_GUIA_ACTUAL,REVISAR DESDE CERO: NO HAY CONTENIDO RENAL
MED-0425,NINTEDANIB,NINTEDANIB,NO_RENAL_CONTENT,1,0,0,0,0,0,NO_LOCALIZADO_GOODMAN_REQUIERE_OTRA_FUENTE,5.0,,,REVISAR DESDE CERO: NO HAY CONTENIDO RENAL
MED-0426,NIRAPARIB,NIRAPARIB,NO_RENAL_CONTENT,1,0,0,0,0,0,GOODMAN_SENAL_RENAL_REQUIERE_FICHA_ACTUAL,2.0,PENDING_CURRENT_LABEL,REQUIERE_FICHA_GUIA_ACTUAL,REVISAR DESDE CERO: NO HAY CONTENIDO RENAL
MED-0427,NISTATINA,NISTATINA,NO_RENAL_CONTENT,1,0,0,0,0,0,GOODMAN_SIN_SENAL_RENAL_ESPECIFICA,4.0,,,REVISAR DESDE CERO: NO HAY CONTENIDO RENAL
MED-0428,NITAZOXANIDA,NITAZOXANIDA,NO_RENAL_CONTENT,1,0,0,0,0,0,GOODMAN_SENAL_RENAL_REQUIERE_FICHA_ACTUAL,2.0,PENDING_CURRENT_LABEL,REQUIERE_FICHA_GUIA_ACTUAL,REVISAR DESDE CERO: NO HAY CONTENIDO RENAL
MED-0429,NITISINONA,NITISINONA,NO_RENAL_CONTENT,1,0,0,0,0,0,NO_LOCALIZADO_GOODMAN_REQUIERE_OTRA_FUENTE,5.0,,,REVISAR DESDE CERO: NO HAY CONTENIDO RENAL
MED-0431,NORETISTERONA ACETATO,NORETISTERONA ACETATO,NO_RENAL_CONTENT,1,0,0,0,0,0,GOODMAN_SIN_SENAL_RENAL_ESPECIFICA,4.0,,,REVISAR DESDE CERO: NO HAY CONTENIDO RENAL
MED-0433,NORTRIPTILINA,NORTRIPTILINA,NO_RENAL_CONTENT,1,0,0,0,0,0,GOODMAN_SENAL_RENAL_REQUIERE_FICHA_ACTUAL,2.0,PENDING_CURRENT_LABEL,REQUIERE_FICHA_GUIA_ACTUAL,REVISAR DESDE CERO: NO HAY CONTENIDO RENAL
MED-0436,OLMESARTAN,OLMESARTAN,NO_RENAL_CONTENT,1,0,0,0,0,0,GOODMAN_SENAL_RENAL_REQUIERE_FICHA_ACTUAL,2.0,PENDING_CURRENT_LABEL,REQUIERE_FICHA_GUIA_ACTUAL,REVISAR DESDE CERO: NO HAY CONTENIDO RENAL
MED-0437,OMEPRAZOL,OMEPRAZOL,NO_RENAL_CONTENT,1,0,0,0,0,0,GOODMAN_SENAL_RENAL_REQUIERE_FICHA_ACTUAL,2.0,PENDING_CURRENT_LABEL,REQUIERE_FICHA_GUIA_ACTUAL,REVISAR DESDE CERO: NO HAY CONTENIDO RENAL
MED-0439,ORLISTAT,ORLISTAT,NO_RENAL_CONTENT,1,0,0,0,0,0,GOODMAN_SIN_SENAL_RENAL_ESPECIFICA,4.0,,,REVISAR DESDE CERO: NO HAY CONTENIDO RENAL
MED-0441,OSIMERTINIB,OSIMERTINIB,NO_RENAL_CONTENT,1,0,0,0,0,0,GOODMAN_SENAL_RENAL_REQUIERE_FICHA_ACTUAL,2.0,PENDING_CURRENT_LABEL,REQUIERE_FICHA_GUIA_ACTUAL,REVISAR DESDE CERO: NO HAY CONTENIDO RENAL
MED-0442,OTILONIO,OTILONIO,NO_RENAL_CONTENT,1,0,0,0,0,0,NO_LOCALIZADO_GOODMAN_REQUIERE_OTRA_FUENTE,5.0,,,REVISAR DESDE CERO: NO HAY CONTENIDO RENAL
MED-0443,OXAPROZINA,OXAPROZINA,NO_RENAL_CONTENT,1,0,0,0,0,0,GOODMAN_SENAL_RENAL_REQUIERE_FICHA_ACTUAL,2.0,PENDING_CURRENT_LABEL,REQUIERE_FICHA_GUIA_ACTUAL,REVISAR DESDE CERO: NO HAY CONTENIDO RENAL
MED-0445,OXIBUTINA,OXIBUTINA,NO_RENAL_CONTENT,1,0,0,0,0,0,GOODMAN_SENAL_RENAL_REQUIERE_FICHA_ACTUAL,2.0,PENDING_CURRENT_LABEL,REQUIERE_FICHA_GUIA_ACTUAL,REVISAR DESDE CERO: NO HAY CONTENIDO RENAL
MED-0446,OXICODONA CLORHIDRATO,OXICODONA CLORHIDRATO,NO_RENAL_CONTENT,1,0,0,0,0,0,GOODMAN_SENAL_RENAL_REQUIERE_FICHA_ACTUAL,2.0,PENDING_CURRENT_LABEL,REQUIERE_FICHA_GUIA_ACTUAL,REVISAR DESDE CERO: NO HAY CONTENIDO RENAL
MED-0447,OXIPURINA,OXIPURINA,NO_RENAL_CONTENT,1,0,0,0,0,0,NO_LOCALIZADO_GOODMAN_REQUIERE_OTRA_FUENTE,5.0,,,REVISAR DESDE CERO: NO HAY CONTENIDO RENAL
MED-0450,PAMOATO DE OXANTEL,PAMOATO DE OXANTEL,NO_RENAL_CONTENT,1,0,0,0,0,0,GOODMAN_SENAL_RENAL_REQUIERE_FICHA_ACTUAL,2.0,PENDING_CURRENT_LABEL,REQUIERE_FICHA_GUIA_ACTUAL,REVISAR DESDE CERO: NO HAY CONTENIDO RENAL
MED-0451,PANCREATINA,PANCREATINA,NO_RENAL_CONTENT,1,0,0,0,0,0,NO_LOCALIZADO_GOODMAN_REQUIERE_OTRA_FUENTE,5.0,,,REVISAR DESDE CERO: NO HAY CONTENIDO RENAL
MED-0453,PANTOTENATO DE CALCIO,PANTOTENATO DE CALCIO,NO_RENAL_CONTENT,1,0,0,0,0,0,NO_LOCALIZADO_GOODMAN_REQUIERE_OTRA_FUENTE,5.0,,,REVISAR DESDE CERO: NO HAY CONTENIDO RENAL
MED-0454,PARACETAMOL,PARACETAMOL,NO_RENAL_CONTENT,1,0,0,0,0,0,GOODMAN_SENAL_RENAL_REQUIERE_FICHA_ACTUAL,2.0,PENDING_CURRENT_LABEL,REQUIERE_FICHA_GUIA_ACTUAL,REVISAR DESDE CERO: NO HAY CONTENIDO RENAL
MED-0455,PARGEVERINA,PARGEVERINA,NO_RENAL_CONTENT,1,0,0,0,0,0,NO_LOCALIZADO_GOODMAN_REQUIERE_OTRA_FUENTE,5.0,,,REVISAR DESDE CERO: NO HAY CONTENIDO RENAL
MED-0456,PARICALCITOL,PARICALCITOL,NO_RENAL_CONTENT,1,0,0,0,0,0,GOODMAN_SENAL_RENAL_REQUIERE_FICHA_ACTUAL,2.0,PENDING_CURRENT_LABEL,REQUIERE_FICHA_GUIA_ACTUAL,REVISAR DESDE CERO: NO HAY CONTENIDO RENAL
MED-0458,PENTOSAN POLISULFATO DE SODIO,PENTOSAN POLISULFATO DE SODIO,NO_RENAL_CONTENT,1,0,0,0,0,0,NO_LOCALIZADO_GOODMAN_REQUIERE_OTRA_FUENTE,5.0,,,REVISAR DESDE CERO: NO HAY CONTENIDO RENAL
MED-0459,PENTOXIFILINA,PENTOXIFILINA,NO_RENAL_CONTENT,1,0,0,0,0,0,GOODMAN_SIN_SENAL_RENAL_ESPECIFICA,4.0,,,REVISAR DESDE CERO: NO HAY CONTENIDO RENAL
MED-0460,PERINDOPRIL,PERINDOPRIL,NO_RENAL_CONTENT,1,0,0,0,0,0,GOODMAN_SENAL_RENAL_REQUIERE_FICHA_ACTUAL,2.0,PENDING_CURRENT_LABEL,REQUIERE_FICHA_GUIA_ACTUAL,REVISAR DESDE CERO: NO HAY CONTENIDO RENAL
MED-0461,PICOSULFATO SODICO,PICOSULFATO SODICO,NO_RENAL_CONTENT,1,0,0,0,0,0,GOODMAN_SENAL_RENAL_REQUIERE_FICHA_ACTUAL,2.0,PENDING_CURRENT_LABEL,REQUIERE_FICHA_GUIA_ACTUAL,REVISAR DESDE CERO: NO HAY CONTENIDO RENAL
MED-0462,PIDOTIMOD,PIDOTIMOD,NO_RENAL_CONTENT,1,0,0,0,0,0,NO_LOCALIZADO_GOODMAN_REQUIERE_OTRA_FUENTE,5.0,,,REVISAR DESDE CERO: NO HAY CONTENIDO RENAL
MED-0463,PILOCARPINA CLORHIDRATO,PILOCARPINA CLORHIDRATO,NO_RENAL_CONTENT,1,0,0,0,0,0,GOODMAN_SENAL_RENAL_REQUIERE_FICHA_ACTUAL,2.0,PENDING_CURRENT_LABEL,REQUIERE_FICHA_GUIA_ACTUAL,REVISAR DESDE CERO: NO HAY CONTENIDO RENAL
MED-0464,PINAVERIO,PINAVERIO,NO_RENAL_CONTENT,1,0,0,0,0,0,NO_LOCALIZADO_GOODMAN_REQUIERE_OTRA_FUENTE,5.0,,,REVISAR DESDE CERO: NO HAY CONTENIDO RENAL
MED-0465,PIRACETAM,PIRACETAM,NO_RENAL_CONTENT,1,0,0,0,0,0,NO_LOCALIZADO_GOODMAN_REQUIERE_OTRA_FUENTE,5.0,,,REVISAR DESDE CERO: NO HAY CONTENIDO RENAL
MED-0466,PIRANTEL,PIRANTEL,NO_RENAL_CONTENT,1,0,0,0,0,0,NO_LOCALIZADO_GOODMAN_REQUIERE_OTRA_FUENTE,5.0,,,REVISAR DESDE CERO: NO HAY CONTENIDO RENAL
MED-0468,PIRIDOSTIGMINA,PIRIDOSTIGMINA,NO_RENAL_CONTENT,1,0,0,0,0,0,GOODMAN_SENAL_RENAL_REQUIERE_FICHA_ACTUAL,2.0,PENDING_CURRENT_LABEL,REQUIERE_FICHA_GUIA_ACTUAL,REVISAR DESDE CERO: NO HAY CONTENIDO RENAL
MED-0469,PIRIDOXINA CLOHIDRATO,PIRIDOXINA CLOHIDRATO,NO_RENAL_CONTENT,1,0,0,0,0,0,GOODMAN_SENAL_RENAL_REQUIERE_FICHA_ACTUAL,2.0,PENDING_CURRENT_LABEL,REQUIERE_FICHA_GUIA_ACTUAL,REVISAR DESDE CERO: NO HAY CONTENIDO RENAL
MED-0471,PIRITINOL,PIRITINOL,NO_RENAL_CONTENT,1,0,0,0,0,0,NO_LOCALIZADO_GOODMAN_REQUIERE_OTRA_FUENTE,5.0,,,REVISAR DESDE CERO: NO HAY CONTENIDO RENAL
MED-0472,PIROXICAM,PIROXICAM,NO_RENAL_CONTENT,1,0,0,0,0,0,GOODMAN_SENAL_RENAL_REQUIERE_FICHA_ACTUAL,2.0,PENDING_CURRENT_LABEL,REQUIERE_FICHA_GUIA_ACTUAL,REVISAR DESDE CERO: NO HAY CONTENIDO RENAL
MED-0473,POLIMIXINA B SULFATO,POLIMIXINA B SULFATO,NO_RENAL_CONTENT,1,0,0,0,0,0,GOODMAN_SENAL_RENAL_REQUIERE_FICHA_ACTUAL,2.0,PENDING_CURRENT_LABEL,REQUIERE_FICHA_GUIA_ACTUAL,REVISAR DESDE CERO: NO HAY CONTENIDO RENAL
MED-0474,POMALIDOMIDA,POMALIDOMIDA,NO_RENAL_CONTENT,1,0,0,0,0,0,GOODMAN_SENAL_RENAL_REQUIERE_FICHA_ACTUAL,2.0,PENDING_CURRENT_LABEL,REQUIERE_FICHA_GUIA_ACTUAL,REVISAR DESDE CERO: NO HAY CONTENIDO RENAL
MED-0478,PRAZOSINA,PRAZOSINA,NO_RENAL_CONTENT,1,0,0,0,0,0,GOODMAN_SENAL_RENAL_REQUIERE_FICHA_ACTUAL,2.0,PENDING_CURRENT_LABEL,REQUIERE_FICHA_GUIA_ACTUAL,REVISAR DESDE CERO: NO HAY CONTENIDO RENAL
MED-0479,PREDNISOLONA,PREDNISOLONA,NO_RENAL_CONTENT,1,0,0,0,0,0,GOODMAN_SENAL_RENAL_REQUIERE_FICHA_ACTUAL,2.0,PENDING_CURRENT_LABEL,REQUIERE_FICHA_GUIA_ACTUAL,REVISAR DESDE CERO: NO HAY CONTENIDO RENAL
MED-0480,PREDNISONA,PREDNISONA,NO_RENAL_CONTENT,1,0,0,0,0,0,GOODMAN_SENAL_RENAL_REQUIERE_FICHA_ACTUAL,2.0,PENDING_CURRENT_LABEL,REQUIERE_FICHA_GUIA_ACTUAL,REVISAR DESDE CERO: NO HAY CONTENIDO RENAL
MED-0481,PRIMAQUINA,PRIMAQUINA,NO_RENAL_CONTENT,1,0,0,0,0,0,GOODMAN_SIN_SENAL_RENAL_ESPECIFICA,4.0,,,REVISAR DESDE CERO: NO HAY CONTENIDO RENAL
MED-0482,PRIMIDONA,PRIMIDONA,NO_RENAL_CONTENT,1,0,0,0,0,0,GOODMAN_SENAL_RENAL_REQUIERE_FICHA_ACTUAL,2.0,PENDING_CURRENT_LABEL,REQUIERE_FICHA_GUIA_ACTUAL,REVISAR DESDE CERO: NO HAY CONTENIDO RENAL
MED-0483,PROGESTERONA,PROGESTERONA,NO_RENAL_CONTENT,1,0,0,0,0,0,GOODMAN_SENAL_RENAL_REQUIERE_FICHA_ACTUAL,2.0,PENDING_CURRENT_LABEL,REQUIERE_FICHA_GUIA_ACTUAL,REVISAR DESDE CERO: NO HAY CONTENIDO RENAL
MED-0484,PROPAFENONA CLORHIDRATO,PROPAFENONA CLORHIDRATO,NO_RENAL_CONTENT,1,0,0,0,0,0,GOODMAN_SENAL_RENAL_REQUIERE_FICHA_ACTUAL,2.0,PENDING_CURRENT_LABEL,REQUIERE_FICHA_GUIA_ACTUAL,REVISAR DESDE CERO: NO HAY CONTENIDO RENAL
MED-0486,PROPILTIOURACILO,PROPILTIOURACILO,NO_RENAL_CONTENT,1,0,0,0,0,0,GOODMAN_SENAL_RENAL_REQUIERE_FICHA_ACTUAL,2.0,PENDING_CURRENT_LABEL,REQUIERE_FICHA_GUIA_ACTUAL,REVISAR DESDE CERO: NO HAY CONTENIDO RENAL
MED-0487,PROPINOX CLORHIDRATO,PROPINOX CLORHIDRATO,NO_RENAL_CONTENT,1,0,0,0,0,0,NO_LOCALIZADO_GOODMAN_REQUIERE_OTRA_FUENTE,5.0,,,REVISAR DESDE CERO: NO HAY CONTENIDO RENAL
MED-0488,PROPIONATO DE FLUTICASONA,PROPIONATO DE FLUTICASONA,NO_RENAL_CONTENT,1,0,0,0,0,0,GOODMAN_SENAL_RENAL_REQUIERE_FICHA_ACTUAL,2.0,PENDING_CURRENT_LABEL,REQUIERE_FICHA_GUIA_ACTUAL,REVISAR DESDE CERO: NO HAY CONTENIDO RENAL
MED-0490,PSEUDOEFEDRINA CLORHIDRATO,PSEUDOEFEDRINA CLORHIDRATO,NO_RENAL_CONTENT,1,0,0,0,0,0,GOODMAN_SENAL_RENAL_REQUIERE_FICHA_ACTUAL,2.0,PENDING_CURRENT_LABEL,REQUIERE_FICHA_GUIA_ACTUAL,REVISAR DESDE CERO: NO HAY CONTENIDO RENAL
MED-0493,RANITIDINA,RANITIDINA,NO_RENAL_CONTENT,1,0,0,0,0,0,GOODMAN_SENAL_RENAL_REQUIERE_FICHA_ACTUAL,2.0,PENDING_CURRENT_LABEL,REQUIERE_FICHA_GUIA_ACTUAL,REVISAR DESDE CERO: NO HAY CONTENIDO RENAL
MED-0496,RETINOL (PALMITATO DE VITAMINA A),RETINOL (PALMITATO DE VITAMINA A),NO_RENAL_CONTENT,1,0,0,0,0,0,GOODMAN_SENAL_RENAL_REQUIERE_FICHA_ACTUAL,2.0,PENDING_CURRENT_LABEL,REQUIERE_FICHA_GUIA_ACTUAL,REVISAR DESDE CERO: NO HAY CONTENIDO RENAL
MED-0497,RIBOCICLIB,RIBOCICLIB,NO_RENAL_CONTENT,1,0,0,0,0,0,GOODMAN_SENAL_RENAL_REQUIERE_FICHA_ACTUAL,2.0,PENDING_CURRENT_LABEL,REQUIERE_FICHA_GUIA_ACTUAL,REVISAR DESDE CERO: NO HAY CONTENIDO RENAL
MED-0498,RIBOFLAVINA,RIBOFLAVINA,NO_RENAL_CONTENT,1,0,0,0,0,0,GOODMAN_SENAL_RENAL_REQUIERE_FICHA_ACTUAL,2.0,PENDING_CURRENT_LABEL,REQUIERE_FICHA_GUIA_ACTUAL,REVISAR DESDE CERO: NO HAY CONTENIDO RENAL
MED-0500,RIFAXIMINA,RIFAXIMINA,NO_RENAL_CONTENT,1,0,0,0,0,0,GOODMAN_SENAL_RENAL_REQUIERE_FICHA_ACTUAL,2.0,PENDING_CURRENT_LABEL,REQUIERE_FICHA_GUIA_ACTUAL,REVISAR DESDE CERO: NO HAY CONTENIDO RENAL
MED-0502,RILUZOL,RILUZOL,NO_RENAL_CONTENT,1,0,0,0,0,0,GOODMAN_SENAL_RENAL_REQUIERE_FICHA_ACTUAL,2.0,PENDING_CURRENT_LABEL,REQUIERE_FICHA_GUIA_ACTUAL,REVISAR DESDE CERO: NO HAY CONTENIDO RENAL
MED-0508,ROCIVERINA,ROCIVERINA,NO_RENAL_CONTENT,1,0,0,0,0,0,NO_LOCALIZADO_GOODMAN_REQUIERE_OTRA_FUENTE,5.0,,,REVISAR DESDE CERO: NO HAY CONTENIDO RENAL
MED-0511,RUFINAMIDA,RUFINAMIDA,NO_RENAL_CONTENT,1,0,0,0,0,0,GOODMAN_SENAL_RENAL_REQUIERE_FICHA_ACTUAL,2.0,PENDING_CURRENT_LABEL,REQUIERE_FICHA_GUIA_ACTUAL,REVISAR DESDE CERO: NO HAY CONTENIDO RENAL
MED-0512,RUPATADINA,RUPATADINA,NO_RENAL_CONTENT,1,0,0,0,0,0,GOODMAN_SENAL_RENAL_REQUIERE_FICHA_ACTUAL,2.0,PENDING_CURRENT_LABEL,REQUIERE_FICHA_GUIA_ACTUAL,REVISAR DESDE CERO: NO HAY CONTENIDO RENAL
MED-0513,RUTINA,RUTINA,NO_RENAL_CONTENT,1,0,0,0,0,0,GOODMAN_SENAL_RENAL_REQUIERE_FICHA_ACTUAL,2.0,PENDING_CURRENT_LABEL,REQUIERE_FICHA_GUIA_ACTUAL,REVISAR DESDE CERO: NO HAY CONTENIDO RENAL
MED-0516,SAFINAMIDA,SAFINAMIDA,NO_RENAL_CONTENT,1,0,0,0,0,0,GOODMAN_SENAL_RENAL_REQUIERE_FICHA_ACTUAL,2.0,PENDING_CURRENT_LABEL,REQUIERE_FICHA_GUIA_ACTUAL,REVISAR DESDE CERO: NO HAY CONTENIDO RENAL
MED-0517,SALMETEROL,SALMETEROL,NO_RENAL_CONTENT,1,0,0,0,0,0,GOODMAN_SENAL_RENAL_REQUIERE_FICHA_ACTUAL,2.0,PENDING_CURRENT_LABEL,REQUIERE_FICHA_GUIA_ACTUAL,REVISAR DESDE CERO: NO HAY CONTENIDO RENAL
MED-0518,SECNIDAZOL,SECNIDAZOL,NO_RENAL_CONTENT,1,0,0,0,0,0,GOODMAN_SENAL_RENAL_REQUIERE_FICHA_ACTUAL,2.0,PENDING_CURRENT_LABEL,REQUIERE_FICHA_GUIA_ACTUAL,REVISAR DESDE CERO: NO HAY CONTENIDO RENAL
MED-0519,SELEXIPAG,SELEXIPAG,NO_RENAL_CONTENT,1,0,0,0,0,0,GOODMAN_SIN_SENAL_RENAL_ESPECIFICA,4.0,,,REVISAR DESDE CERO: NO HAY CONTENIDO RENAL
MED-0522,SEVELAMER CLORHIDRATO,SEVELAMER CLORHIDRATO,NO_RENAL_CONTENT,1,0,0,0,0,0,GOODMAN_SENAL_RENAL_REQUIERE_FICHA_ACTUAL,2.0,PENDING_CURRENT_LABEL,REQUIERE_FICHA_GUIA_ACTUAL,REVISAR DESDE CERO: NO HAY CONTENIDO RENAL
MED-0524,SILIMARINA,SILIMARINA,NO_RENAL_CONTENT,1,0,0,0,0,0,NO_LOCALIZADO_GOODMAN_REQUIERE_OTRA_FUENTE,5.0,,,REVISAR DESDE CERO: NO HAY CONTENIDO RENAL
MED-0526,SIMETICONA,SIMETICONA,NO_RENAL_CONTENT,1,0,0,0,0,0,GOODMAN_SENAL_RENAL_REQUIERE_FICHA_ACTUAL,2.0,PENDING_CURRENT_LABEL,REQUIERE_FICHA_GUIA_ACTUAL,REVISAR DESDE CERO: NO HAY CONTENIDO RENAL
MED-0531,SOMATOTROPINA,SOMATOTROPINA,NO_RENAL_CONTENT,1,0,0,0,0,0,GOODMAN_SENAL_RENAL_REQUIERE_FICHA_ACTUAL,2.0,PENDING_CURRENT_LABEL,REQUIERE_FICHA_GUIA_ACTUAL,REVISAR DESDE CERO: NO HAY CONTENIDO RENAL
MED-0534,SUBSALICILATO DE BISMUTO,SUBSALICILATO DE BISMUTO,NO_RENAL_CONTENT,1,0,0,0,0,0,GOODMAN_SENAL_RENAL_REQUIERE_FICHA_ACTUAL,2.0,PENDING_CURRENT_LABEL,REQUIERE_FICHA_GUIA_ACTUAL,REVISAR DESDE CERO: NO HAY CONTENIDO RENAL
MED-0535,SUCRALFATO,SUCRALFATO,NO_RENAL_CONTENT,1,0,0,0,0,0,GOODMAN_SENAL_RENAL_REQUIERE_FICHA_ACTUAL,2.0,PENDING_CURRENT_LABEL,REQUIERE_FICHA_GUIA_ACTUAL,REVISAR DESDE CERO: NO HAY CONTENIDO RENAL
MED-0536,SULBUTIAMINA,SULBUTIAMINA,NO_RENAL_CONTENT,1,0,0,0,0,0,NO_LOCALIZADO_GOODMAN_REQUIERE_OTRA_FUENTE,5.0,,,REVISAR DESDE CERO: NO HAY CONTENIDO RENAL
MED-0537,SULFADIAZINA,SULFADIAZINA,NO_RENAL_CONTENT,1,0,0,0,0,0,GOODMAN_SENAL_RENAL_REQUIERE_FICHA_ACTUAL,2.0,PENDING_CURRENT_LABEL,REQUIERE_FICHA_GUIA_ACTUAL,REVISAR DESDE CERO: NO HAY CONTENIDO RENAL
MED-0538,SULFADOXINA,SULFADOXINA,NO_RENAL_CONTENT,1,0,0,0,0,0,GOODMAN_SENAL_RENAL_REQUIERE_FICHA_ACTUAL,2.0,PENDING_CURRENT_LABEL,REQUIERE_FICHA_GUIA_ACTUAL,REVISAR DESDE CERO: NO HAY CONTENIDO RENAL
MED-0539,SULFAMETIZOL,SULFAMETIZOL,NO_RENAL_CONTENT,1,0,0,0,0,0,NO_LOCALIZADO_GOODMAN_REQUIERE_OTRA_FUENTE,5.0,,,REVISAR DESDE CERO: NO HAY CONTENIDO RENAL
MED-0541,SULFASALAZINA,SULFASALAZINA,NO_RENAL_CONTENT,1,0,0,0,0,0,GOODMAN_SENAL_RENAL_REQUIERE_FICHA_ACTUAL,2.0,PENDING_CURRENT_LABEL,REQUIERE_FICHA_GUIA_ACTUAL,REVISAR DESDE CERO: NO HAY CONTENIDO RENAL
MED-0542,SULFATO DE MAGNESIO,SULFATO DE MAGNESIO,NO_RENAL_CONTENT,1,0,0,0,0,0,GOODMAN_SENAL_RENAL_REQUIERE_FICHA_ACTUAL,2.0,PENDING_CURRENT_LABEL,REQUIERE_FICHA_GUIA_ACTUAL,REVISAR DESDE CERO: NO HAY CONTENIDO RENAL
MED-0543,SULFATO DE MANGANESO,SULFATO DE MANGANESO,NO_RENAL_CONTENT,1,0,0,0,0,0,GOODMAN_SENAL_RENAL_REQUIERE_FICHA_ACTUAL,2.0,PENDING_CURRENT_LABEL,REQUIERE_FICHA_GUIA_ACTUAL,REVISAR DESDE CERO: NO HAY CONTENIDO RENAL
MED-0544,SULFATO DE POTASIO,SULFATO DE POTASIO,NO_RENAL_CONTENT,1,0,0,0,0,0,NO_LOCALIZADO_GOODMAN_REQUIERE_OTRA_FUENTE,5.0,,,REVISAR DESDE CERO: NO HAY CONTENIDO RENAL
MED-0545,SULFATO DE ZINC,SULFATO DE ZINC,NO_RENAL_CONTENT,1,0,0,0,0,0,NO_LOCALIZADO_GOODMAN_REQUIERE_OTRA_FUENTE,5.0,,,REVISAR DESDE CERO: NO HAY CONTENIDO RENAL
MED-0546,SULFATO FERROSO,SULFATO FERROSO,NO_RENAL_CONTENT,1,0,0,0,0,0,GOODMAN_SENAL_RENAL_REQUIERE_FICHA_ACTUAL,2.0,PENDING_CURRENT_LABEL,REQUIERE_FICHA_GUIA_ACTUAL,REVISAR DESDE CERO: NO HAY CONTENIDO RENAL
MED-0547,SULPIRIDA,SULPIRIDA,NO_RENAL_CONTENT,1,0,0,0,0,0,GOODMAN_SIN_SENAL_RENAL_ESPECIFICA,4.0,,,REVISAR DESDE CERO: NO HAY CONTENIDO RENAL
MED-0548,SULTAMICILINA,SULTAMICILINA,NO_RENAL_CONTENT,1,0,0,0,0,0,NO_LOCALIZADO_GOODMAN_REQUIERE_OTRA_FUENTE,5.0,,,REVISAR DESDE CERO: NO HAY CONTENIDO RENAL
MED-0549,SUMATRIPTAN,SUMATRIPTAN,NO_RENAL_CONTENT,1,0,0,0,0,0,GOODMAN_SENAL_RENAL_REQUIERE_FICHA_ACTUAL,2.0,PENDING_CURRENT_LABEL,REQUIERE_FICHA_GUIA_ACTUAL,REVISAR DESDE CERO: NO HAY CONTENIDO RENAL
MED-0554,TALAZOPARIB,TALAZOPARIB,NO_RENAL_CONTENT,1,0,0,0,0,0,GOODMAN_SENAL_RENAL_REQUIERE_FICHA_ACTUAL,2.0,PENDING_CURRENT_LABEL,REQUIERE_FICHA_GUIA_ACTUAL,REVISAR DESDE CERO: NO HAY CONTENIDO RENAL
MED-0555,TAMOXIFENO,TAMOXIFENO,NO_RENAL_CONTENT,1,0,0,0,0,0,GOODMAN_SENAL_RENAL_REQUIERE_FICHA_ACTUAL,2.0,PENDING_CURRENT_LABEL,REQUIERE_FICHA_GUIA_ACTUAL,REVISAR DESDE CERO: NO HAY CONTENIDO RENAL
MED-0563,TERBINAFINA,TERBINAFINA,NO_RENAL_CONTENT,1,0,0,0,0,0,GOODMAN_SENAL_RENAL_REQUIERE_FICHA_ACTUAL,2.0,PENDING_CURRENT_LABEL,REQUIERE_FICHA_GUIA_ACTUAL,REVISAR DESDE CERO: NO HAY CONTENIDO RENAL
MED-0564,TERBUTALINA SULFATO,TERBUTALINA SULFATO,NO_RENAL_CONTENT,1,0,0,0,0,0,GOODMAN_SENAL_RENAL_REQUIERE_FICHA_ACTUAL,2.0,PENDING_CURRENT_LABEL,REQUIERE_FICHA_GUIA_ACTUAL,REVISAR DESDE CERO: NO HAY CONTENIDO RENAL
MED-0566,TESTOSTERONA UNDECANOATO,TESTOSTERONA UNDECANOATO,NO_RENAL_CONTENT,1,0,0,0,0,0,GOODMAN_SENAL_RENAL_REQUIERE_FICHA_ACTUAL,2.0,PENDING_CURRENT_LABEL,REQUIERE_FICHA_GUIA_ACTUAL,REVISAR DESDE CERO: NO HAY CONTENIDO RENAL
MED-0567,TETRABENAZINA,TETRABENAZINA,NO_RENAL_CONTENT,1,0,0,0,0,0,GOODMAN_SENAL_RENAL_REQUIERE_FICHA_ACTUAL,2.0,PENDING_CURRENT_LABEL,REQUIERE_FICHA_GUIA_ACTUAL,REVISAR DESDE CERO: NO HAY CONTENIDO RENAL
MED-0569,TIAMINA CLORHIDRATO,TIAMINA CLORHIDRATO,NO_RENAL_CONTENT,1,0,0,0,0,0,GOODMAN_SENAL_RENAL_REQUIERE_FICHA_ACTUAL,2.0,PENDING_CURRENT_LABEL,REQUIERE_FICHA_GUIA_ACTUAL,REVISAR DESDE CERO: NO HAY CONTENIDO RENAL
MED-0570,TIBOLONA,TIBOLONA,NO_RENAL_CONTENT,1,0,0,0,0,0,GOODMAN_SIN_SENAL_RENAL_ESPECIFICA,4.0,,,REVISAR DESDE CERO: NO HAY CONTENIDO RENAL
MED-0572,TINIDAZOL,TINIDAZOL,NO_RENAL_CONTENT,1,0,0,0,0,0,GOODMAN_SENAL_RENAL_REQUIERE_FICHA_ACTUAL,2.0,PENDING_CURRENT_LABEL,REQUIERE_FICHA_GUIA_ACTUAL,REVISAR DESDE CERO: NO HAY CONTENIDO RENAL
MED-0573,TIOCOLCHICOSIDO,TIOCOLCHICOSIDO,NO_RENAL_CONTENT,1,0,0,0,0,0,NO_LOCALIZADO_GOODMAN_REQUIERE_OTRA_FUENTE,5.0,,,REVISAR DESDE CERO: NO HAY CONTENIDO RENAL
MED-0574,TIOGUANINA,TIOGUANINA,NO_RENAL_CONTENT,1,0,0,0,0,0,GOODMAN_SENAL_RENAL_REQUIERE_FICHA_ACTUAL,2.0,PENDING_CURRENT_LABEL,REQUIERE_FICHA_GUIA_ACTUAL,REVISAR DESDE CERO: NO HAY CONTENIDO RENAL
MED-0575,TIOTROPIO,TIOTROPIO,NO_RENAL_CONTENT,1,0,0,0,0,0,GOODMAN_SENAL_RENAL_REQUIERE_FICHA_ACTUAL,2.0,PENDING_CURRENT_LABEL,REQUIERE_FICHA_GUIA_ACTUAL,REVISAR DESDE CERO: NO HAY CONTENIDO RENAL
MED-0576,TIROSINA,TIROSINA,NO_RENAL_CONTENT,1,0,0,0,0,0,NO_LOCALIZADO_GOODMAN_REQUIERE_OTRA_FUENTE,5.0,,,REVISAR DESDE CERO: NO HAY CONTENIDO RENAL
MED-0582,TRAMETINIB DIMETILSULFOXIDO,TRAMETINIB DIMETILSULFOXIDO,NO_RENAL_CONTENT,1,0,0,0,0,0,GOODMAN_SENAL_RENAL_REQUIERE_FICHA_ACTUAL,2.0,PENDING_CURRENT_LABEL,REQUIERE_FICHA_GUIA_ACTUAL,REVISAR DESDE CERO: NO HAY CONTENIDO RENAL
MED-0583,TRANDOLAPRIL,TRANDOLAPRIL,NO_RENAL_CONTENT,1,0,0,0,0,0,GOODMAN_SENAL_RENAL_REQUIERE_FICHA_ACTUAL,2.0,PENDING_CURRENT_LABEL,REQUIERE_FICHA_GUIA_ACTUAL,REVISAR DESDE CERO: NO HAY CONTENIDO RENAL
MED-0585,TREONINA,TREONINA,NO_RENAL_CONTENT,1,0,0,0,0,0,GOODMAN_SENAL_RENAL_REQUIERE_FICHA_ACTUAL,2.0,PENDING_CURRENT_LABEL,REQUIERE_FICHA_GUIA_ACTUAL,REVISAR DESDE CERO: NO HAY CONTENIDO RENAL
MED-0586,TRETINOINA,TRETINOINA,NO_RENAL_CONTENT,1,0,0,0,0,0,GOODMAN_SENAL_RENAL_REQUIERE_FICHA_ACTUAL,2.0,PENDING_CURRENT_LABEL,REQUIERE_FICHA_GUIA_ACTUAL,REVISAR DESDE CERO: NO HAY CONTENIDO RENAL
MED-0587,TRIAZOLAM,TRIAZOLAM,NO_RENAL_CONTENT,1,0,0,0,0,0,GOODMAN_SENAL_RENAL_REQUIERE_FICHA_ACTUAL,2.0,PENDING_CURRENT_LABEL,REQUIERE_FICHA_GUIA_ACTUAL,REVISAR DESDE CERO: NO HAY CONTENIDO RENAL
MED-0588,TRIENTINA CLORHIDRATO,TRIENTINA CLORHIDRATO,NO_RENAL_CONTENT,1,0,0,0,0,0,GOODMAN_SENAL_RENAL_REQUIERE_FICHA_ACTUAL,2.0,PENDING_CURRENT_LABEL,REQUIERE_FICHA_GUIA_ACTUAL,REVISAR DESDE CERO: NO HAY CONTENIDO RENAL
MED-0589,TRIFLUOPERAZINA,TRIFLUOPERAZINA,NO_RENAL_CONTENT,1,0,0,0,0,0,GOODMAN_SIN_SENAL_RENAL_ESPECIFICA,4.0,,,REVISAR DESDE CERO: NO HAY CONTENIDO RENAL
MED-0590,TRIMEBUTINA,TRIMEBUTINA,NO_RENAL_CONTENT,1,0,0,0,0,0,GOODMAN_SENAL_RENAL_REQUIERE_FICHA_ACTUAL,2.0,PENDING_CURRENT_LABEL,REQUIERE_FICHA_GUIA_ACTUAL,REVISAR DESDE CERO: NO HAY CONTENIDO RENAL
MED-0591,TRIMETAZIDINA,TRIMETAZIDINA,NO_RENAL_CONTENT,1,0,0,0,0,0,GOODMAN_SENAL_RENAL_REQUIERE_FICHA_ACTUAL,2.0,PENDING_CURRENT_LABEL,REQUIERE_FICHA_GUIA_ACTUAL,REVISAR DESDE CERO: NO HAY CONTENIDO RENAL
MED-0593,TRIMIPRAMINA,TRIMIPRAMINA,NO_RENAL_CONTENT,1,0,0,0,0,0,GOODMAN_SENAL_RENAL_REQUIERE_FICHA_ACTUAL,2.0,PENDING_CURRENT_LABEL,REQUIERE_FICHA_GUIA_ACTUAL,REVISAR DESDE CERO: NO HAY CONTENIDO RENAL
MED-0598,VALERATO DE ESTRADIOL,VALERATO DE ESTRADIOL,NO_RENAL_CONTENT,1,0,0,0,0,0,GOODMAN_SENAL_RENAL_REQUIERE_FICHA_ACTUAL,2.0,PENDING_CURRENT_LABEL,REQUIERE_FICHA_GUIA_ACTUAL,REVISAR DESDE CERO: NO HAY CONTENIDO RENAL
MED-0607,VERAPAMILO,VERAPAMILO,NO_RENAL_CONTENT,1,0,0,0,0,0,GOODMAN_SENAL_RENAL_REQUIERE_FICHA_ACTUAL,2.0,PENDING_CURRENT_LABEL,REQUIERE_FICHA_GUIA_ACTUAL,REVISAR DESDE CERO: NO HAY CONTENIDO RENAL
MED-0608,VERICIGUAT,VERICIGUAT,NO_RENAL_CONTENT,1,0,0,0,0,0,GOODMAN_SENAL_RENAL_REQUIERE_FICHA_ACTUAL,2.0,PENDING_CURRENT_LABEL,REQUIERE_FICHA_GUIA_ACTUAL,REVISAR DESDE CERO: NO HAY CONTENIDO RENAL
MED-0610,VILANTEROL,VILANTEROL,NO_RENAL_CONTENT,1,0,0,0,0,0,GOODMAN_SENAL_RENAL_REQUIERE_FICHA_ACTUAL,2.0,PENDING_CURRENT_LABEL,REQUIERE_FICHA_GUIA_ACTUAL,REVISAR DESDE CERO: NO HAY CONTENIDO RENAL
MED-0611,VILDAGLIPTINA,VILDAGLIPTINA,NO_RENAL_CONTENT,1,0,0,0,0,0,GOODMAN_SENAL_RENAL_REQUIERE_FICHA_ACTUAL,2.0,PENDING_CURRENT_LABEL,REQUIERE_FICHA_GUIA_ACTUAL,REVISAR DESDE CERO: NO HAY CONTENIDO RENAL
MED-0616,ZOFENOPRIL,ZOFENOPRIL,NO_RENAL_CONTENT,1,0,0,0,0,0,NO_LOCALIZADO_GOODMAN_REQUIERE_OTRA_FUENTE,5.0,,,REVISAR DESDE CERO: NO HAY CONTENIDO RENAL
MED-0618,ZOPLICONA,ZOPLICONA,NO_RENAL_CONTENT,1,0,0,0,0,0,GOODMAN_SENAL_RENAL_REQUIERE_FICHA_ACTUAL,2.0,PENDING_CURRENT_LABEL,REQUIERE_FICHA_GUIA_ACTUAL,REVISAR DESDE CERO: NO HAY CONTENIDO RENAL
MED-0633,SALBUTAMOL,SALBUTAMOL,NO_RENAL_CONTENT,1,0,0,0,0,0,GOODMAN_SENAL_RENAL_REQUIERE_FICHA_ACTUAL,2.0,PENDING_CURRENT_LABEL,REQUIERE_FICHA_GUIA_ACTUAL,REVISAR DESDE CERO: NO HAY CONTENIDO RENAL
MED-0634,EPINEFRINA,EPINEFRINA,NO_RENAL_CONTENT,1,0,0,0,0,0,GOODMAN_SENAL_RENAL_REQUIERE_FICHA_ACTUAL,2.0,PENDING_CURRENT_LABEL,REQUIERE_FICHA_GUIA_ACTUAL,REVISAR DESDE CERO: NO HAY CONTENIDO RENAL
MED-0635,ATROPINA,ATROPINA,NO_RENAL_CONTENT,1,0,0,0,0,0,GOODMAN_SENAL_RENAL_REQUIERE_FICHA_ACTUAL,2.0,PENDING_CURRENT_LABEL,REQUIERE_FICHA_GUIA_ACTUAL,REVISAR DESDE CERO: NO HAY CONTENIDO RENAL
MED-0636,ADENOSINA,ADENOSINA,NO_RENAL_CONTENT,1,0,0,0,0,0,GOODMAN_SENAL_RENAL_REQUIERE_FICHA_ACTUAL,2.0,PENDING_CURRENT_LABEL,REQUIERE_FICHA_GUIA_ACTUAL,REVISAR DESDE CERO: NO HAY CONTENIDO RENAL
MED-0637,NOREPINEFRINA,NOREPINEFRINA,NO_RENAL_CONTENT,1,0,0,0,0,0,GOODMAN_SENAL_RENAL_REQUIERE_FICHA_ACTUAL,2.0,PENDING_CURRENT_LABEL,REQUIERE_FICHA_GUIA_ACTUAL,REVISAR DESDE CERO: NO HAY CONTENIDO RENAL
MED-0638,DOPAMINA,DOPAMINA,NO_RENAL_CONTENT,1,0,0,0,0,0,GOODMAN_SENAL_RENAL_REQUIERE_FICHA_ACTUAL,2.0,PENDING_CURRENT_LABEL,REQUIERE_FICHA_GUIA_ACTUAL,REVISAR DESDE CERO: NO HAY CONTENIDO RENAL
MED-0639,DOBUTAMINA,DOBUTAMINA,NO_RENAL_CONTENT,1,0,0,0,0,0,GOODMAN_SENAL_RENAL_REQUIERE_FICHA_ACTUAL,2.0,PENDING_CURRENT_LABEL,REQUIERE_FICHA_GUIA_ACTUAL,REVISAR DESDE CERO: NO HAY CONTENIDO RENAL
MED-0640,HIDRALAZINA,HIDRALAZINA,NO_RENAL_CONTENT,1,0,0,0,0,0,GOODMAN_SENAL_RENAL_REQUIERE_FICHA_ACTUAL,2.0,PENDING_CURRENT_LABEL,REQUIERE_FICHA_GUIA_ACTUAL,REVISAR DESDE CERO: NO HAY CONTENIDO RENAL
MED-0641,NITROGLICERINA,NITROGLICERINA,NO_RENAL_CONTENT,1,0,0,0,0,0,GOODMAN_SENAL_RENAL_REQUIERE_FICHA_ACTUAL,2.0,PENDING_CURRENT_LABEL,REQUIERE_FICHA_GUIA_ACTUAL,REVISAR DESDE CERO: NO HAY CONTENIDO RENAL
MED-0642,HEPARINA NO FRACCIONADA,HEPARINA NO FRACCIONADA,NO_RENAL_CONTENT,1,0,0,0,0,0,GOODMAN_SENAL_RENAL_REQUIERE_FICHA_ACTUAL,2.0,PENDING_CURRENT_LABEL,REQUIERE_FICHA_GUIA_ACTUAL,REVISAR DESDE CERO: NO HAY CONTENIDO RENAL
MED-0644,INSULINA REGULAR,INSULINA REGULAR,NO_RENAL_CONTENT,1,0,0,0,0,0,GOODMAN_SENAL_RENAL_REQUIERE_FICHA_ACTUAL,2.0,PENDING_CURRENT_LABEL,REQUIERE_FICHA_GUIA_ACTUAL,REVISAR DESDE CERO: NO HAY CONTENIDO RENAL
MED-0645,INSULINA NPH,INSULINA NPH,NO_RENAL_CONTENT,1,0,0,0,0,0,GOODMAN_SENAL_RENAL_REQUIERE_FICHA_ACTUAL,2.0,PENDING_CURRENT_LABEL,REQUIERE_FICHA_GUIA_ACTUAL,REVISAR DESDE CERO: NO HAY CONTENIDO RENAL
MED-0646,GLUCAGÓN,GLUCAGON,NO_RENAL_CONTENT,1,0,0,0,0,0,GOODMAN_SENAL_RENAL_REQUIERE_FICHA_ACTUAL,2.0,PENDING_CURRENT_LABEL,REQUIERE_FICHA_GUIA_ACTUAL,REVISAR DESDE CERO: NO HAY CONTENIDO RENAL
MED-0647,DEXTROSA,DEXTROSA,NO_RENAL_CONTENT,1,0,0,0,0,0,GOODMAN_SENAL_RENAL_REQUIERE_FICHA_ACTUAL,2.0,PENDING_CURRENT_LABEL,REQUIERE_FICHA_GUIA_ACTUAL,REVISAR DESDE CERO: NO HAY CONTENIDO RENAL
MED-0648,GLUCONATO DE CALCIO,GLUCONATO DE CALCIO,NO_RENAL_CONTENT,1,0,0,0,0,0,GOODMAN_SENAL_RENAL_REQUIERE_FICHA_ACTUAL,2.0,PENDING_CURRENT_LABEL,REQUIERE_FICHA_GUIA_ACTUAL,REVISAR DESDE CERO: NO HAY CONTENIDO RENAL
MED-0649,CLORURO DE CALCIO,CLORURO DE CALCIO,NO_RENAL_CONTENT,1,0,0,0,0,0,GOODMAN_SIN_SENAL_RENAL_ESPECIFICA,4.0,,,REVISAR DESDE CERO: NO HAY CONTENIDO RENAL
MED-0650,LIDOCAÍNA,LIDOCAINA,NO_RENAL_CONTENT,1,0,0,0,0,0,GOODMAN_SENAL_RENAL_REQUIERE_FICHA_ACTUAL,2.0,PENDING_CURRENT_LABEL,REQUIERE_FICHA_GUIA_ACTUAL,REVISAR DESDE CERO: NO HAY CONTENIDO RENAL
MED-0651,BUPIVACAÍNA,BUPIVACAINA,NO_RENAL_CONTENT,1,0,0,0,0,0,GOODMAN_SENAL_RENAL_REQUIERE_FICHA_ACTUAL,2.0,PENDING_CURRENT_LABEL,REQUIERE_FICHA_GUIA_ACTUAL,REVISAR DESDE CERO: NO HAY CONTENIDO RENAL
MED-0652,KETAMINA,KETAMINA,NO_RENAL_CONTENT,1,0,0,0,0,0,GOODMAN_SENAL_RENAL_REQUIERE_FICHA_ACTUAL,2.0,PENDING_CURRENT_LABEL,REQUIERE_FICHA_GUIA_ACTUAL,REVISAR DESDE CERO: NO HAY CONTENIDO RENAL
MED-0653,PROPOFOL,PROPOFOL,NO_RENAL_CONTENT,1,0,0,0,0,0,GOODMAN_SENAL_RENAL_REQUIERE_FICHA_ACTUAL,2.0,PENDING_CURRENT_LABEL,REQUIERE_FICHA_GUIA_ACTUAL,REVISAR DESDE CERO: NO HAY CONTENIDO RENAL
MED-0654,MORFINA,MORFINA,NO_RENAL_CONTENT,1,0,0,0,0,0,GOODMAN_SENAL_RENAL_REQUIERE_FICHA_ACTUAL,2.0,PENDING_CURRENT_LABEL,REQUIERE_FICHA_GUIA_ACTUAL,REVISAR DESDE CERO: NO HAY CONTENIDO RENAL
MED-0655,FENTANILO,FENTANILO,NO_RENAL_CONTENT,1,0,0,0,0,0,GOODMAN_SENAL_RENAL_REQUIERE_FICHA_ACTUAL,2.0,PENDING_CURRENT_LABEL,REQUIERE_FICHA_GUIA_ACTUAL,REVISAR DESDE CERO: NO HAY CONTENIDO RENAL
MED-0656,ROCURONIO,ROCURONIO,NO_RENAL_CONTENT,1,0,0,0,0,0,GOODMAN_SENAL_RENAL_REQUIERE_FICHA_ACTUAL,2.0,PENDING_CURRENT_LABEL,REQUIERE_FICHA_GUIA_ACTUAL,REVISAR DESDE CERO: NO HAY CONTENIDO RENAL
MED-0657,SUCCINILCOLINA,SUCCINILCOLINA,NO_RENAL_CONTENT,1,0,0,0,0,0,GOODMAN_SENAL_RENAL_REQUIERE_FICHA_ACTUAL,2.0,PENDING_CURRENT_LABEL,REQUIERE_FICHA_GUIA_ACTUAL,REVISAR DESDE CERO: NO HAY CONTENIDO RENAL
MED-0658,ETOMIDATO,ETOMIDATO,NO_RENAL_CONTENT,1,0,0,0,0,0,GOODMAN_SENAL_RENAL_REQUIERE_FICHA_ACTUAL,2.0,PENDING_CURRENT_LABEL,REQUIERE_FICHA_GUIA_ACTUAL,REVISAR DESDE CERO: NO HAY CONTENIDO RENAL
MED-0659,LACTULOSA,LACTULOSA,NO_RENAL_CONTENT,1,0,0,0,0,0,GOODMAN_SENAL_RENAL_REQUIERE_FICHA_ACTUAL,2.0,PENDING_CURRENT_LABEL,REQUIERE_FICHA_GUIA_ACTUAL,REVISAR DESDE CERO: NO HAY CONTENIDO RENAL
MED-0660,POLIETILENGLICOL 3350,POLIETILENGLICOL 3350,NO_RENAL_CONTENT,1,0,0,0,0,0,NO_LOCALIZADO_GOODMAN_REQUIERE_OTRA_FUENTE,5.0,,,REVISAR DESDE CERO: NO HAY CONTENIDO RENAL
MED-0661,SENÓSIDOS,SENOSIDOS,NO_RENAL_CONTENT,1,0,0,0,0,0,GOODMAN_SENAL_RENAL_REQUIERE_FICHA_ACTUAL,2.0,PENDING_CURRENT_LABEL,REQUIERE_FICHA_GUIA_ACTUAL,REVISAR DESDE CERO: NO HAY CONTENIDO RENAL
MED-0662,NALOXONA,NALOXONA,NO_RENAL_CONTENT,1,0,0,0,0,0,GOODMAN_SENAL_RENAL_REQUIERE_FICHA_ACTUAL,2.0,PENDING_CURRENT_LABEL,REQUIERE_FICHA_GUIA_ACTUAL,REVISAR DESDE CERO: NO HAY CONTENIDO RENAL
MED-0663,FLUMAZENIL,FLUMAZENIL,NO_RENAL_CONTENT,1,0,0,0,0,0,GOODMAN_SENAL_RENAL_REQUIERE_FICHA_ACTUAL,2.0,PENDING_CURRENT_LABEL,REQUIERE_FICHA_GUIA_ACTUAL,REVISAR DESDE CERO: NO HAY CONTENIDO RENAL
MED-0664,PRALIDOXIMA,PRALIDOXIMA,NO_RENAL_CONTENT,1,0,0,0,0,0,GOODMAN_SENAL_RENAL_REQUIERE_FICHA_ACTUAL,2.0,PENDING_CURRENT_LABEL,REQUIERE_FICHA_GUIA_ACTUAL,REVISAR DESDE CERO: NO HAY CONTENIDO RENAL
MED-0665,HIDROXOCOBALAMINA,HIDROXOCOBALAMINA,NO_RENAL_CONTENT,1,0,0,0,0,0,GOODMAN_SENAL_RENAL_REQUIERE_FICHA_ACTUAL,2.0,PENDING_CURRENT_LABEL,REQUIERE_FICHA_GUIA_ACTUAL,REVISAR DESDE CERO: NO HAY CONTENIDO RENAL
MED-0666,FOMEPIZOL,FOMEPIZOL,NO_RENAL_CONTENT,1,0,0,0,0,0,GOODMAN_SENAL_RENAL_REQUIERE_FICHA_ACTUAL,2.0,PENDING_CURRENT_LABEL,REQUIERE_FICHA_GUIA_ACTUAL,REVISAR DESDE CERO: NO HAY CONTENIDO RENAL
MED-0667,AMPICILINA/SULBACTAM,AMPICILINA SULBACTAM,NO_RENAL_CONTENT,1,0,0,0,0,0,GOODMAN_SENAL_RENAL_REQUIERE_FICHA_ACTUAL,2.0,PENDING_CURRENT_LABEL,REQUIERE_FICHA_GUIA_ACTUAL,REVISAR DESDE CERO: NO HAY CONTENIDO RENAL
MED-0674,FOSFOMICINA,FOSFOMICINA,NO_RENAL_CONTENT,1,0,0,0,0,0,GOODMAN_SENAL_RENAL_REQUIERE_FICHA_ACTUAL,2.0,PENDING_CURRENT_LABEL,REQUIERE_FICHA_GUIA_ACTUAL,REVISAR DESDE CERO: NO HAY CONTENIDO RENAL
MED-0675,ZANAMIVIR,ZANAMIVIR,NO_RENAL_CONTENT,1,0,0,0,0,0,GOODMAN_SIN_SENAL_RENAL_ESPECIFICA,4.0,,,REVISAR DESDE CERO: NO HAY CONTENIDO RENAL
MED-0676,REMDESIVIR,REMDESIVIR,NO_RENAL_CONTENT,1,0,0,0,0,0,GOODMAN_SIN_SENAL_RENAL_ESPECIFICA,4.0,,,REVISAR DESDE CERO: NO HAY CONTENIDO RENAL
MED-0677,DEXMEDETOMIDINA,DEXMEDETOMIDINA,NO_RENAL_CONTENT,1,0,0,0,0,0,GOODMAN_SENAL_RENAL_REQUIERE_FICHA_ACTUAL,2.0,PENDING_CURRENT_LABEL,REQUIERE_FICHA_GUIA_ACTUAL,REVISAR DESDE CERO: NO HAY CONTENIDO RENAL
MED-0678,DROPERIDOL,DROPERIDOL,NO_RENAL_CONTENT,1,0,0,0,0,0,GOODMAN_SENAL_RENAL_REQUIERE_FICHA_ACTUAL,2.0,PENDING_CURRENT_LABEL,REQUIERE_FICHA_GUIA_ACTUAL,REVISAR DESDE CERO: NO HAY CONTENIDO RENAL
MED-0680,OXICODONA,OXICODONA,NO_RENAL_CONTENT,1,0,0,0,0,0,GOODMAN_SENAL_RENAL_REQUIERE_FICHA_ACTUAL,2.0,PENDING_CURRENT_LABEL,REQUIERE_FICHA_GUIA_ACTUAL,REVISAR DESDE CERO: NO HAY CONTENIDO RENAL
MED-0681,METADONA,METADONA,NO_RENAL_CONTENT,1,0,0,0,0,0,GOODMAN_SENAL_RENAL_REQUIERE_FICHA_ACTUAL,2.0,PENDING_CURRENT_LABEL,REQUIERE_FICHA_GUIA_ACTUAL,REVISAR DESDE CERO: NO HAY CONTENIDO RENAL
MED-0682,BUPRENORFINA,BUPRENORFINA,NO_RENAL_CONTENT,1,0,0,0,0,0,GOODMAN_SENAL_RENAL_REQUIERE_FICHA_ACTUAL,2.0,PENDING_CURRENT_LABEL,REQUIERE_FICHA_GUIA_ACTUAL,REVISAR DESDE CERO: NO HAY CONTENIDO RENAL
MED-0683,SULFATO DE PROTAMINA,SULFATO DE PROTAMINA,NO_RENAL_CONTENT,1,0,0,0,0,0,GOODMAN_SENAL_RENAL_REQUIERE_FICHA_ACTUAL,2.0,PENDING_CURRENT_LABEL,REQUIERE_FICHA_GUIA_ACTUAL,REVISAR DESDE CERO: NO HAY CONTENIDO RENAL
MED-0684,FITOMENADIONA (VITAMINA K1),FITOMENADIONA VITAMINA K1,NO_RENAL_CONTENT,1,0,0,0,0,0,GOODMAN_SENAL_RENAL_REQUIERE_FICHA_ACTUAL,2.0,PENDING_CURRENT_LABEL,REQUIERE_FICHA_GUIA_ACTUAL,REVISAR DESDE CERO: NO HAY CONTENIDO RENAL
MED-0685,IDARUCIZUMAB,IDARUCIZUMAB,NO_RENAL_CONTENT,1,0,0,0,0,0,GOODMAN_SENAL_RENAL_REQUIERE_FICHA_ACTUAL,2.0,PENDING_CURRENT_LABEL,REQUIERE_FICHA_GUIA_ACTUAL,REVISAR DESDE CERO: NO HAY CONTENIDO RENAL
MED-0686,ANDEXANET ALFA,ANDEXANET ALFA,NO_RENAL_CONTENT,1,0,0,0,0,0,GOODMAN_SENAL_RENAL_REQUIERE_FICHA_ACTUAL,2.0,PENDING_CURRENT_LABEL,REQUIERE_FICHA_GUIA_ACTUAL,REVISAR DESDE CERO: NO HAY CONTENIDO RENAL
MED-0687,DIGOXINA INMUNE FAB,DIGOXINA INMUNE FAB,NO_RENAL_CONTENT,1,0,0,0,0,0,GOODMAN_SENAL_RENAL_REQUIERE_FICHA_ACTUAL,2.0,PENDING_CURRENT_LABEL,REQUIERE_FICHA_GUIA_ACTUAL,REVISAR DESDE CERO: NO HAY CONTENIDO RENAL
MED-0688,AZUL DE METILENO,AZUL DE METILENO,NO_RENAL_CONTENT,1,0,0,0,0,0,GOODMAN_SENAL_RENAL_REQUIERE_FICHA_ACTUAL,2.0,PENDING_CURRENT_LABEL,REQUIERE_FICHA_GUIA_ACTUAL,REVISAR DESDE CERO: NO HAY CONTENIDO RENAL
MED-0689,CLORURO DE POTASIO,CLORURO DE POTASIO,NO_RENAL_CONTENT,1,0,0,0,0,0,GOODMAN_SIN_SENAL_RENAL_ESPECIFICA,4.0,,,REVISAR DESDE CERO: NO HAY CONTENIDO RENAL
MED-0690,FOSFATO DE POTASIO,FOSFATO DE POTASIO,NO_RENAL_CONTENT,1,0,0,0,0,0,NO_LOCALIZADO_GOODMAN_REQUIERE_OTRA_FUENTE,5.0,,,REVISAR DESDE CERO: NO HAY CONTENIDO RENAL
MED-0691,"CLORURO DE SODIO 0,9%",CLORURO DE SODIO 0 9,NO_RENAL_CONTENT,1,0,0,0,0,0,GOODMAN_SENAL_RENAL_REQUIERE_FICHA_ACTUAL,2.0,PENDING_CURRENT_LABEL,REQUIERE_FICHA_GUIA_ACTUAL,REVISAR DESDE CERO: NO HAY CONTENIDO RENAL
MED-0692,ALBÚMINA HUMANA,ALBUMINA HUMANA,NO_RENAL_CONTENT,1,0,0,0,0,0,GOODMAN_SENAL_RENAL_REQUIERE_FICHA_ACTUAL,2.0,PENDING_CURRENT_LABEL,REQUIERE_FICHA_GUIA_ACTUAL,REVISAR DESDE CERO: NO HAY CONTENIDO RENAL
MED-0693,MANITOL,MANITOL,NO_RENAL_CONTENT,1,0,0,0,0,0,GOODMAN_SENAL_RENAL_REQUIERE_FICHA_ACTUAL,2.0,PENDING_CURRENT_LABEL,REQUIERE_FICHA_GUIA_ACTUAL,REVISAR DESDE CERO: NO HAY CONTENIDO RENAL
MED-0694,ESMOLOL,ESMOLOL,NO_RENAL_CONTENT,1,0,0,0,0,0,GOODMAN_SENAL_RENAL_REQUIERE_FICHA_ACTUAL,2.0,PENDING_CURRENT_LABEL,REQUIERE_FICHA_GUIA_ACTUAL,REVISAR DESDE CERO: NO HAY CONTENIDO RENAL
MED-0695,NICARDIPINO,NICARDIPINO,NO_RENAL_CONTENT,1,0,0,0,0,0,GOODMAN_SENAL_RENAL_REQUIERE_FICHA_ACTUAL,2.0,PENDING_CURRENT_LABEL,REQUIERE_FICHA_GUIA_ACTUAL,REVISAR DESDE CERO: NO HAY CONTENIDO RENAL
MED-0697,PROCAINAMIDA,PROCAINAMIDA,NO_RENAL_CONTENT,1,0,0,0,0,0,GOODMAN_SENAL_RENAL_REQUIERE_FICHA_ACTUAL,2.0,PENDING_CURRENT_LABEL,REQUIERE_FICHA_GUIA_ACTUAL,REVISAR DESDE CERO: NO HAY CONTENIDO RENAL
MED-0698,VASOPRESINA,VASOPRESINA,NO_RENAL_CONTENT,1,0,0,0,0,0,GOODMAN_SENAL_RENAL_REQUIERE_FICHA_ACTUAL,2.0,PENDING_CURRENT_LABEL,REQUIERE_FICHA_GUIA_ACTUAL,REVISAR DESDE CERO: NO HAY CONTENIDO RENAL
MED-0699,CEFTAZIDIMA/AVIBACTAM,CEFTAZIDIMA AVIBACTAM,NO_RENAL_CONTENT,1,0,0,0,0,0,GOODMAN_SENAL_RENAL_REQUIERE_FICHA_ACTUAL,2.0,PENDING_CURRENT_LABEL,REQUIERE_FICHA_GUIA_ACTUAL,REVISAR DESDE CERO: NO HAY CONTENIDO RENAL
MED-0702,ANFOTERICINA B LIPOSOMAL,ANFOTERICINA B LIPOSOMAL,NO_RENAL_CONTENT,1,0,0,0,0,0,GOODMAN_SENAL_RENAL_REQUIERE_FICHA_ACTUAL,2.0,PENDING_CURRENT_LABEL,REQUIERE_FICHA_GUIA_ACTUAL,REVISAR DESDE CERO: NO HAY CONTENIDO RENAL
MED-0704,NITROPRUSIATO DE SODIO,NITROPRUSIATO DE SODIO,NO_RENAL_CONTENT,1,0,0,0,0,0,GOODMAN_SENAL_RENAL_REQUIERE_FICHA_ACTUAL,2.0,PENDING_CURRENT_LABEL,REQUIERE_FICHA_GUIA_ACTUAL,REVISAR DESDE CERO: NO HAY CONTENIDO RENAL
MED-0705,SUGAMMADEX,SUGAMMADEX,NO_RENAL_CONTENT,1,0,0,0,0,0,GOODMAN_SENAL_RENAL_REQUIERE_FICHA_ACTUAL,2.0,PENDING_CURRENT_LABEL,REQUIERE_FICHA_GUIA_ACTUAL,REVISAR DESDE CERO: NO HAY CONTENIDO RENAL
MED-0706,VECURONIO,VECURONIO,NO_RENAL_CONTENT,1,0,0,0,0,0,GOODMAN_SENAL_RENAL_REQUIERE_FICHA_ACTUAL,2.0,PENDING_CURRENT_LABEL,REQUIERE_FICHA_GUIA_ACTUAL,REVISAR DESDE CERO: NO HAY CONTENIDO RENAL
MED-0707,ATOVACUONA/PROGUANIL,ATOVACUONA PROGUANIL,NO_RENAL_CONTENT,1,0,0,0,0,0,NO_LOCALIZADO_GOODMAN_REQUIERE_OTRA_FUENTE,5.0,,,REVISAR DESDE CERO: NO HAY CONTENIDO RENAL
MED-0708,CEFACLOR,CEFACLOR,NO_RENAL_CONTENT,1,0,0,0,0,0,NO_LOCALIZADO_GOODMAN_REQUIERE_OTRA_FUENTE,5.0,,,REVISAR DESDE CERO: NO HAY CONTENIDO RENAL
MED-0709,CLOXACILINA,CLOXACILINA,NO_RENAL_CONTENT,1,0,0,0,0,0,NO_LOCALIZADO_GOODMAN_REQUIERE_OTRA_FUENTE,5.0,,,REVISAR DESDE CERO: NO HAY CONTENIDO RENAL
MED-0710,FENOXIMETILPENICILINA BENZATINA,FENOXIMETILPENICILINA BENZATINA,NO_RENAL_CONTENT,1,0,0,0,0,0,NO_LOCALIZADO_GOODMAN_REQUIERE_OTRA_FUENTE,5.0,,,REVISAR DESDE CERO: NO HAY CONTENIDO RENAL
MED-0711,FENOXIMETILPENICILINA POTÁSICA,FENOXIMETILPENICILINA POTASICA,NO_RENAL_CONTENT,1,0,0,0,0,0,NO_LOCALIZADO_GOODMAN_REQUIERE_OTRA_FUENTE,5.0,,,REVISAR DESDE CERO: NO HAY CONTENIDO RENAL
MED-0712,GRISEOFULVINA,GRISEOFULVINA,NO_RENAL_CONTENT,1,0,0,0,0,0,NO_LOCALIZADO_GOODMAN_REQUIERE_OTRA_FUENTE,5.0,,,REVISAR DESDE CERO: NO HAY CONTENIDO RENAL
MED-0713,ITRACONAZOL,ITRACONAZOL,NO_RENAL_CONTENT,1,0,0,0,0,0,NO_LOCALIZADO_GOODMAN_REQUIERE_OTRA_FUENTE,5.0,,,REVISAR DESDE CERO: NO HAY CONTENIDO RENAL
MED-0714,IVERMECTINA,IVERMECTINA,NO_RENAL_CONTENT,1,0,0,0,0,0,NO_LOCALIZADO_GOODMAN_REQUIERE_OTRA_FUENTE,5.0,,,REVISAR DESDE CERO: NO HAY CONTENIDO RENAL
MED-0715,JOSAMICINA,JOSAMICINA,NO_RENAL_CONTENT,1,0,0,0,0,0,NO_LOCALIZADO_GOODMAN_REQUIERE_OTRA_FUENTE,5.0,,,REVISAR DESDE CERO: NO HAY CONTENIDO RENAL
MED-0716,MICONAZOL,MICONAZOL,NO_RENAL_CONTENT,1,0,0,0,0,0,NO_LOCALIZADO_GOODMAN_REQUIERE_OTRA_FUENTE,5.0,,,REVISAR DESDE CERO: NO HAY CONTENIDO RENAL
MED-0717,MIDECAMICINA,MIDECAMICINA,NO_RENAL_CONTENT,1,0,0,0,0,0,NO_LOCALIZADO_GOODMAN_REQUIERE_OTRA_FUENTE,5.0,,,REVISAR DESDE CERO: NO HAY CONTENIDO RENAL
MED-0719,AMBROXOL,AMBROXOL,NO_RENAL_CONTENT,1,0,0,0,0,0,NO_LOCALIZADO_GOODMAN_REQUIERE_OTRA_FUENTE,5.0,,,REVISAR DESDE CERO: NO HAY CONTENIDO RENAL
MED-0720,CLOPERASTINA,CLOPERASTINA,NO_RENAL_CONTENT,1,0,0,0,0,0,NO_LOCALIZADO_GOODMAN_REQUIERE_OTRA_FUENTE,5.0,,,REVISAR DESDE CERO: NO HAY CONTENIDO RENAL
MED-0721,DESMOPRESINA,DESMOPRESINA,NO_RENAL_CONTENT,1,0,0,0,0,0,NO_LOCALIZADO_GOODMAN_REQUIERE_OTRA_FUENTE,5.0,,,REVISAR DESDE CERO: NO HAY CONTENIDO RENAL
MED-0722,DEXCLORFENIRAMINA,DEXCLORFENIRAMINA,NO_RENAL_CONTENT,1,0,0,0,0,0,NO_LOCALIZADO_GOODMAN_REQUIERE_OTRA_FUENTE,5.0,,,REVISAR DESDE CERO: NO HAY CONTENIDO RENAL
MED-0723,EBASTINA,EBASTINA,NO_RENAL_CONTENT,1,0,0,0,0,0,NO_LOCALIZADO_GOODMAN_REQUIERE_OTRA_FUENTE,5.0,,,REVISAR DESDE CERO: NO HAY CONTENIDO RENAL
MED-0724,KETOTIFENO,KETOTIFENO,NO_RENAL_CONTENT,1,0,0,0,0,0,NO_LOCALIZADO_GOODMAN_REQUIERE_OTRA_FUENTE,5.0,,,REVISAR DESDE CERO: NO HAY CONTENIDO RENAL
MED-0725,LEVODROPROPIZINA,LEVODROPROPIZINA,NO_RENAL_CONTENT,1,0,0,0,0,0,NO_LOCALIZADO_GOODMAN_REQUIERE_OTRA_FUENTE,5.0,,,REVISAR DESDE CERO: NO HAY CONTENIDO RENAL
MED-0726,LISDEXANFETAMINA,LISDEXANFETAMINA,NO_RENAL_CONTENT,1,0,0,0,0,0,NO_LOCALIZADO_GOODMAN_REQUIERE_OTRA_FUENTE,5.0,,,REVISAR DESDE CERO: NO HAY CONTENIDO RENAL
MED-0727,PARAFINA LÍQUIDA,PARAFINA LIQUIDA,NO_RENAL_CONTENT,1,0,0,0,0,0,NO_LOCALIZADO_GOODMAN_REQUIERE_OTRA_FUENTE,5.0,,,REVISAR DESDE CERO: NO HAY CONTENIDO RENAL
MED-0728,POLIETILENGLICOL 4000,POLIETILENGLICOL 4000,NO_RENAL_CONTENT,1,0,0,0,0,0,NO_LOCALIZADO_GOODMAN_REQUIERE_OTRA_FUENTE,5.0,,,REVISAR DESDE CERO: NO HAY CONTENIDO RENAL
MED-0729,RACECADOTRILO,RACECADOTRILO,NO_RENAL_CONTENT,1,0,0,0,0,0,NO_LOCALIZADO_GOODMAN_REQUIERE_OTRA_FUENTE,5.0,,,REVISAR DESDE CERO: NO HAY CONTENIDO RENAL
MED-0730,ACETATO DE RETINOL,ACETATO DE RETINOL,NO_RENAL_CONTENT,1,0,0,0,0,0,NO_LOCALIZADO_GOODMAN_REQUIERE_OTRA_FUENTE,5.0,,,REVISAR DESDE CERO: NO HAY CONTENIDO RENAL
MED-0731,ÁCIDO AZELAICO,ACIDO AZELAICO,NO_RENAL_CONTENT,1,0,0,0,0,0,NO_LOCALIZADO_GOODMAN_REQUIERE_OTRA_FUENTE,5.0,,,REVISAR DESDE CERO: NO HAY CONTENIDO RENAL
MED-0732,ÁCIDO FUSÍDICO,ACIDO FUSIDICO,NO_RENAL_CONTENT,1,0,0,0,0,0,NO_LOCALIZADO_GOODMAN_REQUIERE_OTRA_FUENTE,5.0,,,REVISAR DESDE CERO: NO HAY CONTENIDO RENAL
MED-0733,ADAPALENO,ADAPALENO,NO_RENAL_CONTENT,1,0,0,0,0,0,NO_LOCALIZADO_GOODMAN_REQUIERE_OTRA_FUENTE,5.0,,,REVISAR DESDE CERO: NO HAY CONTENIDO RENAL
MED-0734,ADAPALENO/PERÓXIDO DE BENZOILO,ADAPALENO PEROXIDO DE BENZOILO,NO_RENAL_CONTENT,1,0,0,0,0,0,NO_LOCALIZADO_GOODMAN_REQUIERE_OTRA_FUENTE,5.0,,,REVISAR DESDE CERO: NO HAY CONTENIDO RENAL
MED-0735,AZELASTINA,AZELASTINA,NO_RENAL_CONTENT,1,0,0,0,0,0,NO_LOCALIZADO_GOODMAN_REQUIERE_OTRA_FUENTE,5.0,,,REVISAR DESDE CERO: NO HAY CONTENIDO RENAL
MED-0736,BECLOMETASONA,BECLOMETASONA,NO_RENAL_CONTENT,1,0,0,0,0,0,NO_LOCALIZADO_GOODMAN_REQUIERE_OTRA_FUENTE,5.0,,,REVISAR DESDE CERO: NO HAY CONTENIDO RENAL
MED-0737,BETAMETASONA,BETAMETASONA,NO_RENAL_CONTENT,1,0,0,0,0,0,NO_LOCALIZADO_GOODMAN_REQUIERE_OTRA_FUENTE,5.0,,,REVISAR DESDE CERO: NO HAY CONTENIDO RENAL
MED-0738,BETAMETASONA/ÁCIDO FUSÍDICO,BETAMETASONA ACIDO FUSIDICO,NO_RENAL_CONTENT,1,0,0,0,0,0,NO_LOCALIZADO_GOODMAN_REQUIERE_OTRA_FUENTE,5.0,,,REVISAR DESDE CERO: NO HAY CONTENIDO RENAL
MED-0739,BETAMETASONA/CLOTRIMAZOL,BETAMETASONA CLOTRIMAZOL,NO_RENAL_CONTENT,1,0,0,0,0,0,NO_LOCALIZADO_GOODMAN_REQUIERE_OTRA_FUENTE,5.0,,,REVISAR DESDE CERO: NO HAY CONTENIDO RENAL
MED-0740,BETAMETASONA/GENTAMICINA,BETAMETASONA GENTAMICINA,NO_RENAL_CONTENT,1,0,0,0,0,0,NO_LOCALIZADO_GOODMAN_REQUIERE_OTRA_FUENTE,5.0,,,REVISAR DESDE CERO: NO HAY CONTENIDO RENAL
MED-0741,CICLOPIROX,CICLOPIROX,NO_RENAL_CONTENT,1,0,0,0,0,0,NO_LOCALIZADO_GOODMAN_REQUIERE_OTRA_FUENTE,5.0,,,REVISAR DESDE CERO: NO HAY CONTENIDO RENAL
MED-0742,CIPROFLOXACINO/FLUOCINOLONA,CIPROFLOXACINO FLUOCINOLONA,NO_RENAL_CONTENT,1,0,0,0,0,0,NO_LOCALIZADO_GOODMAN_REQUIERE_OTRA_FUENTE,5.0,,,REVISAR DESDE CERO: NO HAY CONTENIDO RENAL
MED-0743,CLINDAMICINA/PERÓXIDO DE BENZOILO,CLINDAMICINA PEROXIDO DE BENZOILO,NO_RENAL_CONTENT,1,0,0,0,0,0,NO_LOCALIZADO_GOODMAN_REQUIERE_OTRA_FUENTE,5.0,,,REVISAR DESDE CERO: NO HAY CONTENIDO RENAL
MED-0744,CLINDAMICINA/TRETINOÍNA,CLINDAMICINA TRETINOINA,NO_RENAL_CONTENT,1,0,0,0,0,0,NO_LOCALIZADO_GOODMAN_REQUIERE_OTRA_FUENTE,5.0,,,REVISAR DESDE CERO: NO HAY CONTENIDO RENAL
MED-0745,CLIOQUINOL/BECLOMETASONA,CLIOQUINOL BECLOMETASONA,NO_RENAL_CONTENT,1,0,0,0,0,0,NO_LOCALIZADO_GOODMAN_REQUIERE_OTRA_FUENTE,5.0,,,REVISAR DESDE CERO: NO HAY CONTENIDO RENAL
MED-0746,CLOBETASONA,CLOBETASONA,NO_RENAL_CONTENT,1,0,0,0,0,0,NO_LOCALIZADO_GOODMAN_REQUIERE_OTRA_FUENTE,5.0,,,REVISAR DESDE CERO: NO HAY CONTENIDO RENAL
MED-0747,CLORTETRACICLINA,CLORTETRACICLINA,NO_RENAL_CONTENT,1,0,0,0,0,0,NO_LOCALIZADO_GOODMAN_REQUIERE_OTRA_FUENTE,5.0,,,REVISAR DESDE CERO: NO HAY CONTENIDO RENAL
MED-0748,DEXAMETASONA/TOBRAMICINA,DEXAMETASONA TOBRAMICINA,NO_RENAL_CONTENT,1,0,0,0,0,0,NO_LOCALIZADO_GOODMAN_REQUIERE_OTRA_FUENTE,5.0,,,REVISAR DESDE CERO: NO HAY CONTENIDO RENAL
MED-0749,FLUOCINOLONA,FLUOCINOLONA,NO_RENAL_CONTENT,1,0,0,0,0,0,NO_LOCALIZADO_GOODMAN_REQUIERE_OTRA_FUENTE,5.0,,,REVISAR DESDE CERO: NO HAY CONTENIDO RENAL
MED-0750,FLUOROMETOLONA,FLUOROMETOLONA,NO_RENAL_CONTENT,1,0,0,0,0,0,NO_LOCALIZADO_GOODMAN_REQUIERE_OTRA_FUENTE,5.0,,,REVISAR DESDE CERO: NO HAY CONTENIDO RENAL
MED-0751,GRAMICIDINA/POLIMIXINA B/NEOMICINA,GRAMICIDINA POLIMIXINA B NEOMICINA,NO_RENAL_CONTENT,1,0,0,0,0,0,NO_LOCALIZADO_GOODMAN_REQUIERE_OTRA_FUENTE,5.0,,,REVISAR DESDE CERO: NO HAY CONTENIDO RENAL
MED-0752,HIDROCORTISONA ACEPONATO,HIDROCORTISONA ACEPONATO,NO_RENAL_CONTENT,1,0,0,0,0,0,NO_LOCALIZADO_GOODMAN_REQUIERE_OTRA_FUENTE,5.0,,,REVISAR DESDE CERO: NO HAY CONTENIDO RENAL
MED-0753,HIDROCORTISONA/ÁCIDO FUSÍDICO,HIDROCORTISONA ACIDO FUSIDICO,NO_RENAL_CONTENT,1,0,0,0,0,0,NO_LOCALIZADO_GOODMAN_REQUIERE_OTRA_FUENTE,5.0,,,REVISAR DESDE CERO: NO HAY CONTENIDO RENAL
MED-0754,HIDROCORTISONA BUTIRATO,HIDROCORTISONA BUTIRATO,NO_RENAL_CONTENT,1,0,0,0,0,0,NO_LOCALIZADO_GOODMAN_REQUIERE_OTRA_FUENTE,5.0,,,REVISAR DESDE CERO: NO HAY CONTENIDO RENAL
MED-0755,HIDROCORTISONA/MICONAZOL,HIDROCORTISONA MICONAZOL,NO_RENAL_CONTENT,1,0,0,0,0,0,NO_LOCALIZADO_GOODMAN_REQUIERE_OTRA_FUENTE,5.0,,,REVISAR DESDE CERO: NO HAY CONTENIDO RENAL
MED-0756,HIDROCORTISONA/OXITETRACICLINA,HIDROCORTISONA OXITETRACICLINA,NO_RENAL_CONTENT,1,0,0,0,0,0,NO_LOCALIZADO_GOODMAN_REQUIERE_OTRA_FUENTE,5.0,,,REVISAR DESDE CERO: NO HAY CONTENIDO RENAL
MED-0757,HIDRÓXIDO DE POTASIO,HIDROXIDO DE POTASIO,NO_RENAL_CONTENT,1,0,0,0,0,0,NO_LOCALIZADO_GOODMAN_REQUIERE_OTRA_FUENTE,5.0,,,REVISAR DESDE CERO: NO HAY CONTENIDO RENAL
MED-0758,IDOXURIDINA,IDOXURIDINA,NO_RENAL_CONTENT,1,0,0,0,0,0,NO_LOCALIZADO_GOODMAN_REQUIERE_OTRA_FUENTE,5.0,,,REVISAR DESDE CERO: NO HAY CONTENIDO RENAL
MED-0759,LEVOCABASTINA,LEVOCABASTINA,NO_RENAL_CONTENT,1,0,0,0,0,0,NO_LOCALIZADO_GOODMAN_REQUIERE_OTRA_FUENTE,5.0,,,REVISAR DESDE CERO: NO HAY CONTENIDO RENAL
MED-0760,MUPIROCINA,MUPIROCINA,NO_RENAL_CONTENT,1,0,0,0,0,0,NO_LOCALIZADO_GOODMAN_REQUIERE_OTRA_FUENTE,5.0,,,REVISAR DESDE CERO: NO HAY CONTENIDO RENAL
MED-0761,NEDOCROMILO,NEDOCROMILO,NO_RENAL_CONTENT,1,0,0,0,0,0,NO_LOCALIZADO_GOODMAN_REQUIERE_OTRA_FUENTE,5.0,,,REVISAR DESDE CERO: NO HAY CONTENIDO RENAL
MED-0762,OLOPATADINA,OLOPATADINA,NO_RENAL_CONTENT,1,0,0,0,0,0,NO_LOCALIZADO_GOODMAN_REQUIERE_OTRA_FUENTE,5.0,,,REVISAR DESDE CERO: NO HAY CONTENIDO RENAL
MED-0763,OXICONAZOL,OXICONAZOL,NO_RENAL_CONTENT,1,0,0,0,0,0,NO_LOCALIZADO_GOODMAN_REQUIERE_OTRA_FUENTE,5.0,,,REVISAR DESDE CERO: NO HAY CONTENIDO RENAL
MED-0764,OZENOXACINO,OZENOXACINO,NO_RENAL_CONTENT,1,0,0,0,0,0,NO_LOCALIZADO_GOODMAN_REQUIERE_OTRA_FUENTE,5.0,,,REVISAR DESDE CERO: NO HAY CONTENIDO RENAL
MED-0765,PERMETRINA,PERMETRINA,NO_RENAL_CONTENT,1,0,0,0,0,0,NO_LOCALIZADO_GOODMAN_REQUIERE_OTRA_FUENTE,5.0,,,REVISAR DESDE CERO: NO HAY CONTENIDO RENAL
MED-0766,PERÓXIDO DE BENZOILO,PEROXIDO DE BENZOILO,NO_RENAL_CONTENT,1,0,0,0,0,0,NO_LOCALIZADO_GOODMAN_REQUIERE_OTRA_FUENTE,5.0,,,REVISAR DESDE CERO: NO HAY CONTENIDO RENAL
MED-0767,PIMECROLIMUS,PIMECROLIMUS,NO_RENAL_CONTENT,1,0,0,0,0,0,NO_LOCALIZADO_GOODMAN_REQUIERE_OTRA_FUENTE,5.0,,,REVISAR DESDE CERO: NO HAY CONTENIDO RENAL
MED-0768,PREDNICARBATO,PREDNICARBATO,NO_RENAL_CONTENT,1,0,0,0,0,0,NO_LOCALIZADO_GOODMAN_REQUIERE_OTRA_FUENTE,5.0,,,REVISAR DESDE CERO: NO HAY CONTENIDO RENAL
MED-0769,SULFADIAZINA ARGÉNTICA,SULFADIAZINA ARGENTICA,NO_RENAL_CONTENT,1,0,0,0,0,0,NO_LOCALIZADO_GOODMAN_REQUIERE_OTRA_FUENTE,5.0,,,REVISAR DESDE CERO: NO HAY CONTENIDO RENAL
MED-0770,RINGER LACTATO,RINGER LACTATO,NO_RENAL_CONTENT,1,0,0,0,0,0,NO_LOCALIZADO_GOODMAN_REQUIERE_OTRA_FUENTE,5.0,,,REVISAR DESDE CERO: NO HAY CONTENIDO RENAL
MED-0771,VITAMINA E (TOCOFEROL),VITAMINA E TOCOFEROL,NO_RENAL_CONTENT,1,0,0,0,0,0,NO_LOCALIZADO_GOODMAN_REQUIERE_OTRA_FUENTE,5.0,,,REVISAR DESDE CERO: NO HAY CONTENIDO RENAL
MED-0772,AMINOFILINA,AMINOFILINA,NO_RENAL_CONTENT,1,0,0,0,0,0,NO_LOCALIZADO_GOODMAN_REQUIERE_OTRA_FUENTE,5.0,,,REVISAR DESDE CERO: NO HAY CONTENIDO RENAL
MED-0773,SALES DE REHIDRATACIÓN ORAL (SRO),SALES DE REHIDRATACION ORAL SRO,NO_RENAL_CONTENT,1,0,0,0,0,0,NO_LOCALIZADO_GOODMAN_REQUIERE_OTRA_FUENTE,5.0,,,REVISAR DESDE CERO: NO HAY CONTENIDO RENAL
MED-0774,ARTEMÉTER/LUMEFANTRINA,ARTEMETER LUMEFANTRINA,NO_RENAL_CONTENT,1,0,0,0,0,0,NO_LOCALIZADO_GOODMAN_REQUIERE_OTRA_FUENTE,5.0,,,REVISAR DESDE CERO: NO HAY CONTENIDO RENAL
MED-0775,ARTESUNATO,ARTESUNATO,NO_RENAL_CONTENT,1,0,0,0,0,0,NO_LOCALIZADO_GOODMAN_REQUIERE_OTRA_FUENTE,5.0,,,REVISAR DESDE CERO: NO HAY CONTENIDO RENAL
MED-0776,QUININA DICLORHIDRATO,QUININA DICLORHIDRATO,NO_RENAL_CONTENT,1,0,0,0,0,0,NO_LOCALIZADO_GOODMAN_REQUIERE_OTRA_FUENTE,5.0,,,REVISAR DESDE CERO: NO HAY CONTENIDO RENAL
MED-0777,PENICILINA G BENZATINA,PENICILINA G BENZATINA,NO_RENAL_CONTENT,1,0,0,0,0,0,NO_LOCALIZADO_GOODMAN_REQUIERE_OTRA_FUENTE,5.0,,,REVISAR DESDE CERO: NO HAY CONTENIDO RENAL
MED-0778,ÁCIDO SALICÍLICO,ACIDO SALICILICO,NO_RENAL_CONTENT,1,0,0,0,0,0,NO_LOCALIZADO_GOODMAN_REQUIERE_OTRA_FUENTE,5.0,,,REVISAR DESDE CERO: NO HAY CONTENIDO RENAL
MED-0780,CITRATO DE CAFEÍNA,CITRATO DE CAFEINA,NO_RENAL_CONTENT,1,0,0,0,0,0,GOODMAN_SENAL_RENAL_REQUIERE_FICHA_ACTUAL,2.0,PENDING_CURRENT_LABEL,REQUIERE_FICHA_GUIA_ACTUAL,REVISAR DESDE CERO: NO HAY CONTENIDO RENAL
MED-0781,COTRIMOXAZOL,COTRIMOXAZOL,NO_RENAL_CONTENT,1,0,0,0,0,0,NO_LOCALIZADO_GOODMAN_REQUIERE_OTRA_FUENTE,5.0,,,REVISAR DESDE CERO: NO HAY CONTENIDO RENAL
MED-0782,DORNASA ALFA,DORNASA ALFA,NO_RENAL_CONTENT,1,0,0,0,0,0,,,,,REVISAR DESDE CERO: NO HAY CONTENIDO RENAL
MED-0783,ÓXIDO NÍTRICO INHALADO,OXIDO NITRICO INHALADO,NO_RENAL_CONTENT,1,0,0,0,0,0,,,,,REVISAR DESDE CERO: NO HAY CONTENIDO RENAL
MED-0785,SURFACTANTE PULMONAR PORCINO,SURFACTANTE PULMONAR PORCINO,NO_RENAL_CONTENT,1,0,0,0,0,0,,,,,REVISAR DESDE CERO: NO HAY CONTENIDO RENAL
MED-0787,BUTILESCOPOLAMINA,BUTILESCOPOLAMINA,NO_RENAL_CONTENT,1,0,0,0,0,0,,,,,REVISAR DESDE CERO: NO HAY CONTENIDO RENAL
MED-0788,FLUTICASONA/FORMOTEROL,FLUTICASONA/FORMOTEROL,NO_RENAL_CONTENT,1,0,0,0,0,0,,,,,REVISAR DESDE CERO: NO HAY CONTENIDO RENAL
MED-0789,FLUTICASONA/SALMETEROL,FLUTICASONA/SALMETEROL,NO_RENAL_CONTENT,1,0,0,0,0,0,,,,,REVISAR DESDE CERO: NO HAY CONTENIDO RENAL
MED-0790,FLUTICASONA/VILANTEROL,FLUTICASONA/VILANTEROL,NO_RENAL_CONTENT,1,0,0,0,0,0,,,,,REVISAR DESDE CERO: NO HAY CONTENIDO RENAL
MED-0791,INSULINA ASPART/INSULINA ASPART-PROTAMINA,INSULINA ASPART/INSULINA ASPART-PROTAMINA,NO_RENAL_CONTENT,1,0,0,0,0,0,,,,,REVISAR DESDE CERO: NO HAY CONTENIDO RENAL
MED-0792,INSULINA INTERMEDIA/INSULINA ASPART,INSULINA INTERMEDIA/INSULINA ASPART,NO_RENAL_CONTENT,1,0,0,0,0,0,,,,,REVISAR DESDE CERO: NO HAY CONTENIDO RENAL
MED-0793,INSULINA LISPRO/INSULINA LISPRO-PROTAMINA,INSULINA LISPRO/INSULINA LISPRO-PROTAMINA,NO_RENAL_CONTENT,1,0,0,0,0,0,,,,,REVISAR DESDE CERO: NO HAY CONTENIDO RENAL
MED-0794,IVACAFTOR/TEZACAFTOR,IVACAFTOR/TEZACAFTOR,NO_RENAL_CONTENT,1,0,0,0,0,0,,,,,REVISAR DESDE CERO: NO HAY CONTENIDO RENAL
MED-0795,LAURILSULFOACETATO DE SODIO/CITRATO TRISODICO,LAURILSULFOACETATO DE SODIO/CITRATO TRISODICO,NO_RENAL_CONTENT,1,0,0,0,0,0,,,,,REVISAR DESDE CERO: NO HAY CONTENIDO RENAL
MED-0796,LOPINAVIR/RITONAVIR,LOPINAVIR/RITONAVIR,NO_RENAL_CONTENT,1,0,0,0,0,0,,,,,REVISAR DESDE CERO: NO HAY CONTENIDO RENAL
MED-0797,LUMACAFTOR/IVACAFTOR,LUMACAFTOR/IVACAFTOR,NO_RENAL_CONTENT,1,0,0,0,0,0,,,,,REVISAR DESDE CERO: NO HAY CONTENIDO RENAL
MED-0798,MACROGOL 3350/ELECTROLITOS,MACROGOL 3350/ELECTROLITOS,NO_RENAL_CONTENT,1,0,0,0,0,0,,,,,REVISAR DESDE CERO: NO HAY CONTENIDO RENAL
MED-0799,MACROGOL 3350/SODIO SULFATO,MACROGOL 3350/SODIO SULFATO,NO_RENAL_CONTENT,1,0,0,0,0,0,,,,,REVISAR DESDE CERO: NO HAY CONTENIDO RENAL
MED-0800,MACROGOL 4000/SODIO SULFATO,MACROGOL 4000/SODIO SULFATO,NO_RENAL_CONTENT,1,0,0,0,0,0,,,,,REVISAR DESDE CERO: NO HAY CONTENIDO RENAL
MED-0801,MACROGOL 4000/SODIO SULFATO/SODIO FOSFATO,MACROGOL 4000/SODIO SULFATO/SODIO FOSFATO,NO_RENAL_CONTENT,1,0,0,0,0,0,,,,,REVISAR DESDE CERO: NO HAY CONTENIDO RENAL
MED-0802,PANCREATINA/DIMETICONA,PANCREATINA/DIMETICONA,NO_RENAL_CONTENT,1,0,0,0,0,0,,,,,REVISAR DESDE CERO: NO HAY CONTENIDO RENAL
MED-0803,PARAFINA LIQUIDA/PICOSULFATO SODICO,PARAFINA LIQUIDA/PICOSULFATO SODICO,NO_RENAL_CONTENT,1,0,0,0,0,0,,,,,REVISAR DESDE CERO: NO HAY CONTENIDO RENAL
MED-0804,PICOSULFATO SODICO/CITRATO DE MAGNESIO,PICOSULFATO SODICO/CITRATO DE MAGNESIO,NO_RENAL_CONTENT,1,0,0,0,0,0,,,,,REVISAR DESDE CERO: NO HAY CONTENIDO RENAL
MED-0805,SALBUTAMOL/BECLOMETASONA,SALBUTAMOL/BECLOMETASONA,NO_RENAL_CONTENT,1,0,0,0,0,0,,,,,REVISAR DESDE CERO: NO HAY CONTENIDO RENAL
MED-0806,SALES DE MAGNESIO (CARBONATO/FOSFATO/OXIDO),SALES DE MAGNESIO (CARBONATO/FOSFATO/OXIDO),NO_RENAL_CONTENT,1,0,0,0,0,0,,,,,REVISAR DESDE CERO: NO HAY CONTENIDO RENAL
MED-0807,SODIO SULFATO/SODIO FOSFATO,SODIO SULFATO/SODIO FOSFATO,NO_RENAL_CONTENT,1,0,0,0,0,0,,,,,REVISAR DESDE CERO: NO HAY CONTENIDO RENAL
MED-0808,RETINOL/GENTAMICINA/METIONINA,RETINOL/GENTAMICINA/METIONINA,NO_RENAL_CONTENT,1,0,0,0,0,0,,,,,REVISAR DESDE CERO: NO HAY CONTENIDO RENAL
MED-0809,BECLOMETASONA/NEOMICINA,BECLOMETASONA/NEOMICINA,NO_RENAL_CONTENT,1,0,0,0,0,0,,,,,REVISAR DESDE CERO: NO HAY CONTENIDO RENAL
MED-0810,ESPIRAMICINA/METRONIDAZOL,ESPIRAMICINA/METRONIDAZOL,NO_RENAL_CONTENT,1,0,0,0,0,0,,,,,REVISAR DESDE CERO: NO HAY CONTENIDO RENAL
MED-0811,CARBONATO DE CALCIO/COLECALCIFEROL,CARBONATO DE CALCIO/COLECALCIFEROL,NO_RENAL_CONTENT,1,0,0,0,0,0,,,,,REVISAR DESDE CERO: NO HAY CONTENIDO RENAL
MED-0812,CEFTOLOZANO/TAZOBACTAM,CEFTOLOZANO/TAZOBACTAM,NO_RENAL_CONTENT,1,0,0,0,0,0,,,,,REVISAR DESDE CERO: NO HAY CONTENIDO RENAL
MED-0813,ABATACEPT,ABATACEPT,NO_RENAL_CONTENT,1,0,0,0,0,0,,,,,REVISAR DESDE CERO: NO HAY CONTENIDO RENAL
MED-0814,ACEBUTOLOL,ACEBUTOLOL,NO_RENAL_CONTENT,1,0,0,0,0,0,,,,,REVISAR DESDE CERO: NO HAY CONTENIDO RENAL
MED-0815,ACENOCUMAROL,ACENOCUMAROL,NO_RENAL_CONTENT,1,0,0,0,0,0,,,,,REVISAR DESDE CERO: NO HAY CONTENIDO RENAL
MED-0816,ACEPONATO DE METILPREDNISOLONA,ACEPONATO DE METILPREDNISOLONA,NO_RENAL_CONTENT,1,0,0,0,0,0,,,,,REVISAR DESDE CERO: NO HAY CONTENIDO RENAL
MED-0817,ACETATO CÁLCICO,ACETATO CÁLCICO,NO_RENAL_CONTENT,1,0,0,0,0,0,,,,,REVISAR DESDE CERO: NO HAY CONTENIDO RENAL
MED-0818,ACETATO DE MEGESTROL,ACETATO DE MEGESTROL,NO_RENAL_CONTENT,1,0,0,0,0,0,,,,,REVISAR DESDE CERO: NO HAY CONTENIDO RENAL
MED-0819,ACETATO DE ZINC,ACETATO DE ZINC,NO_RENAL_CONTENT,1,0,0,0,0,0,,,,,REVISAR DESDE CERO: NO HAY CONTENIDO RENAL
MED-0820,ACETILCOLINA,ACETILCOLINA,NO_RENAL_CONTENT,1,0,0,0,0,0,,,,,REVISAR DESDE CERO: NO HAY CONTENIDO RENAL
MED-0821,ÁCIDO ESPAGLÚMICO,ÁCIDO ESPAGLÚMICO,NO_RENAL_CONTENT,1,0,0,0,0,0,,,,,REVISAR DESDE CERO: NO HAY CONTENIDO RENAL
MED-0822,ÁCIDO FOLÍNICO / FOLINATO CÁLCICO,ÁCIDO FOLÍNICO / FOLINATO CÁLCICO,NO_RENAL_CONTENT,1,0,0,0,0,0,,,,,REVISAR DESDE CERO: NO HAY CONTENIDO RENAL
MED-0823,ÁCIDO PARAAMINOSALICÍLICO (PAS),ÁCIDO PARAAMINOSALICÍLICO (PAS),NO_RENAL_CONTENT,1,0,0,0,0,0,,,,,REVISAR DESDE CERO: NO HAY CONTENIDO RENAL
MED-0824,ÁCIDO ZOLEDRÓNICO,ÁCIDO ZOLEDRÓNICO,NO_RENAL_CONTENT,1,0,0,0,0,0,,,,,REVISAR DESDE CERO: NO HAY CONTENIDO RENAL
MED-0825,ACTH/CORTICOTROPINA,ACTH/CORTICOTROPINA,NO_RENAL_CONTENT,1,0,0,0,0,0,,,,,REVISAR DESDE CERO: NO HAY CONTENIDO RENAL
MED-0826,ACTINOMICINA D,ACTINOMICINA D,NO_RENAL_CONTENT,1,0,0,0,0,0,,,,,REVISAR DESDE CERO: NO HAY CONTENIDO RENAL
MED-0827,ADALIMUMAB,ADALIMUMAB,NO_RENAL_CONTENT,1,0,0,0,0,0,,,,,REVISAR DESDE CERO: NO HAY CONTENIDO RENAL
MED-0828,ADEFOVIR,ADEFOVIR,NO_RENAL_CONTENT,1,0,0,0,0,0,,,,,REVISAR DESDE CERO: NO HAY CONTENIDO RENAL
MED-0829,AGALSIDASA ALFA,AGALSIDASA ALFA,NO_RENAL_CONTENT,1,0,0,0,0,0,,,,,REVISAR DESDE CERO: NO HAY CONTENIDO RENAL
MED-0830,AGALSIDASA BETA,AGALSIDASA BETA,NO_RENAL_CONTENT,1,0,0,0,0,0,,,,,REVISAR DESDE CERO: NO HAY CONTENIDO RENAL
MED-0831,AJMALINA,AJMALINA,NO_RENAL_CONTENT,1,0,0,0,0,0,,,,,REVISAR DESDE CERO: NO HAY CONTENIDO RENAL
MED-0832,ALEMTUZUMAB,ALEMTUZUMAB,NO_RENAL_CONTENT,1,0,0,0,0,0,,,,,REVISAR DESDE CERO: NO HAY CONTENIDO RENAL
MED-0833,ALFACALCIDOL,ALFACALCIDOL,NO_RENAL_CONTENT,1,0,0,0,0,0,,,,,REVISAR DESDE CERO: NO HAY CONTENIDO RENAL
MED-0834,ALIMEMAZINA,ALIMEMAZINA,NO_RENAL_CONTENT,1,0,0,0,0,0,,,,,REVISAR DESDE CERO: NO HAY CONTENIDO RENAL
MED-0835,ALMAGATO,ALMAGATO,NO_RENAL_CONTENT,1,0,0,0,0,0,,,,,REVISAR DESDE CERO: NO HAY CONTENIDO RENAL
MED-0836,ALMOTRIPTÁN,ALMOTRIPTÁN,NO_RENAL_CONTENT,1,0,0,0,0,0,,,,,REVISAR DESDE CERO: NO HAY CONTENIDO RENAL
MED-0837,ALPROSTADIL,ALPROSTADIL,NO_RENAL_CONTENT,1,0,0,0,0,0,,,,,REVISAR DESDE CERO: NO HAY CONTENIDO RENAL
MED-0838,AMODIAQUINA,AMODIAQUINA,NO_RENAL_CONTENT,1,0,0,0,0,0,,,,,REVISAR DESDE CERO: NO HAY CONTENIDO RENAL
MED-0839,AMOROLFINA,AMOROLFINA,NO_RENAL_CONTENT,1,0,0,0,0,0,,,,,REVISAR DESDE CERO: NO HAY CONTENIDO RENAL
MED-0840,AMSACRINA,AMSACRINA,NO_RENAL_CONTENT,1,0,0,0,0,0,,,,,REVISAR DESDE CERO: NO HAY CONTENIDO RENAL
MED-0841,ANAKINRA,ANAKINRA,NO_RENAL_CONTENT,1,0,0,0,0,0,,,,,REVISAR DESDE CERO: NO HAY CONTENIDO RENAL
MED-0842,ANIDULAFUNGINA,ANIDULAFUNGINA,NO_RENAL_CONTENT,1,0,0,0,0,0,,,,,REVISAR DESDE CERO: NO HAY CONTENIDO RENAL
MED-0843,ANTICUERPOS ANTIDIGOXINA,ANTICUERPOS ANTIDIGOXINA,NO_RENAL_CONTENT,1,0,0,0,0,0,,,,,REVISAR DESDE CERO: NO HAY CONTENIDO RENAL
MED-0844,ANTIMONIATO DE MEGLUMINA,ANTIMONIATO DE MEGLUMINA,NO_RENAL_CONTENT,1,0,0,0,0,0,,,,,REVISAR DESDE CERO: NO HAY CONTENIDO RENAL
MED-0845,ANTITROMBINA III,ANTITROMBINA III,NO_RENAL_CONTENT,1,0,0,0,0,0,,,,,REVISAR DESDE CERO: NO HAY CONTENIDO RENAL
MED-0846,APREPITANT,APREPITANT,NO_RENAL_CONTENT,1,0,0,0,0,0,,,,,REVISAR DESDE CERO: NO HAY CONTENIDO RENAL
MED-0847,ARGININA,ARGININA,NO_RENAL_CONTENT,1,0,0,0,0,0,,,,,REVISAR DESDE CERO: NO HAY CONTENIDO RENAL
MED-0848,ASPARAGINASA,ASPARAGINASA,NO_RENAL_CONTENT,1,0,0,0,0,0,,,,,REVISAR DESDE CERO: NO HAY CONTENIDO RENAL
MED-0849,ASPARAGINASA PEGILADA,ASPARAGINASA PEGILADA,NO_RENAL_CONTENT,1,0,0,0,0,0,,,,,REVISAR DESDE CERO: NO HAY CONTENIDO RENAL
MED-0850,ASPARAGINASA-ERWINIA,ASPARAGINASA-ERWINIA,NO_RENAL_CONTENT,1,0,0,0,0,0,,,,,REVISAR DESDE CERO: NO HAY CONTENIDO RENAL
MED-0851,ATOMOXETINA,ATOMOXETINA,NO_RENAL_CONTENT,1,0,0,0,0,0,,,,,REVISAR DESDE CERO: NO HAY CONTENIDO RENAL
MED-0852,ATOVACUONA,ATOVACUONA,NO_RENAL_CONTENT,1,0,0,0,0,0,,,,,REVISAR DESDE CERO: NO HAY CONTENIDO RENAL
MED-0853,AZACITIDINA,AZACITIDINA,NO_RENAL_CONTENT,1,0,0,0,0,0,,,,,REVISAR DESDE CERO: NO HAY CONTENIDO RENAL
MED-0854,BACITRACINA,BACITRACINA,NO_RENAL_CONTENT,1,0,0,0,0,0,,,,,REVISAR DESDE CERO: NO HAY CONTENIDO RENAL
MED-0855,BAMBUTEROL,BAMBUTEROL,NO_RENAL_CONTENT,1,0,0,0,0,0,,,,,REVISAR DESDE CERO: NO HAY CONTENIDO RENAL
MED-0856,BASILIXIMAB,BASILIXIMAB,NO_RENAL_CONTENT,1,0,0,0,0,0,,,,,REVISAR DESDE CERO: NO HAY CONTENIDO RENAL
MED-0857,BEDAQUILINA,BEDAQUILINA,NO_RENAL_CONTENT,1,0,0,0,0,0,,,,,REVISAR DESDE CERO: NO HAY CONTENIDO RENAL
MED-0858,BELIMUMAB,BELIMUMAB,NO_RENAL_CONTENT,1,0,0,0,0,0,,,,,REVISAR DESDE CERO: NO HAY CONTENIDO RENAL
MED-0859,BENZOATO SÓDICO,BENZOATO SÓDICO,NO_RENAL_CONTENT,1,0,0,0,0,0,,,,,REVISAR DESDE CERO: NO HAY CONTENIDO RENAL
MED-0860,BETAÍNA ANHIDRA,BETAÍNA ANHIDRA,NO_RENAL_CONTENT,1,0,0,0,0,0,,,,,REVISAR DESDE CERO: NO HAY CONTENIDO RENAL
MED-0861,BEVACIZUMAB,BEVACIZUMAB,NO_RENAL_CONTENT,1,0,0,0,0,0,,,,,REVISAR DESDE CERO: NO HAY CONTENIDO RENAL
MED-0862,BIFONAZOL,BIFONAZOL,NO_RENAL_CONTENT,1,0,0,0,0,0,,,,,REVISAR DESDE CERO: NO HAY CONTENIDO RENAL
MED-0863,BIOTINA,BIOTINA,NO_RENAL_CONTENT,1,0,0,0,0,0,,,,,REVISAR DESDE CERO: NO HAY CONTENIDO RENAL
MED-0864,BISMUTO SUBCITRATO,BISMUTO SUBCITRATO,NO_RENAL_CONTENT,1,0,0,0,0,0,,,,,REVISAR DESDE CERO: NO HAY CONTENIDO RENAL
MED-0865,BLEOMICINA,BLEOMICINA,NO_RENAL_CONTENT,1,0,0,0,0,0,,,,,REVISAR DESDE CERO: NO HAY CONTENIDO RENAL
MED-0866,BRINCIDOFOVIR,BRINCIDOFOVIR,NO_RENAL_CONTENT,1,0,0,0,0,0,,,,,REVISAR DESDE CERO: NO HAY CONTENIDO RENAL
MED-0867,BUSULFÁN,BUSULFÁN,NO_RENAL_CONTENT,1,0,0,0,0,0,,,,,REVISAR DESDE CERO: NO HAY CONTENIDO RENAL
MED-0868,CALCITONINA,CALCITONINA,NO_RENAL_CONTENT,1,0,0,0,0,0,,,,,REVISAR DESDE CERO: NO HAY CONTENIDO RENAL
MED-0869,CANAKINUMAB,CANAKINUMAB,NO_RENAL_CONTENT,1,0,0,0,0,0,,,,,REVISAR DESDE CERO: NO HAY CONTENIDO RENAL
MED-0870,CANREONATO POTÁSICO,CANREONATO POTÁSICO,NO_RENAL_CONTENT,1,0,0,0,0,0,,,,,REVISAR DESDE CERO: NO HAY CONTENIDO RENAL
MED-0871,CAPREOMICINA,CAPREOMICINA,NO_RENAL_CONTENT,1,0,0,0,0,0,,,,,REVISAR DESDE CERO: NO HAY CONTENIDO RENAL
MED-0872,CARBIMAZOL,CARBIMAZOL,NO_RENAL_CONTENT,1,0,0,0,0,0,,,,,REVISAR DESDE CERO: NO HAY CONTENIDO RENAL
MED-0873,CARBOCISTEÍNA,CARBOCISTEÍNA,NO_RENAL_CONTENT,1,0,0,0,0,0,,,,,REVISAR DESDE CERO: NO HAY CONTENIDO RENAL
MED-0874,CARBOPLATINO,CARBOPLATINO,NO_RENAL_CONTENT,1,0,0,0,0,0,,,,,REVISAR DESDE CERO: NO HAY CONTENIDO RENAL
MED-0875,CARMUSTINA,CARMUSTINA,NO_RENAL_CONTENT,1,0,0,0,0,0,,,,,REVISAR DESDE CERO: NO HAY CONTENIDO RENAL
MED-0876,CEFONICID,CEFONICID,NO_RENAL_CONTENT,1,0,0,0,0,0,,,,,REVISAR DESDE CERO: NO HAY CONTENIDO RENAL
MED-0877,CEFTAROLINA,CEFTAROLINA,NO_RENAL_CONTENT,1,0,0,0,0,0,,,,,REVISAR DESDE CERO: NO HAY CONTENIDO RENAL
MED-0878,CEFTOBIPROL,CEFTOBIPROL,NO_RENAL_CONTENT,1,0,0,0,0,0,,,,,REVISAR DESDE CERO: NO HAY CONTENIDO RENAL
MED-0879,CICLESONIDA,CICLESONIDA,NO_RENAL_CONTENT,1,0,0,0,0,0,,,,,REVISAR DESDE CERO: NO HAY CONTENIDO RENAL
MED-0880,CICLOPENTOLATO,CICLOPENTOLATO,NO_RENAL_CONTENT,1,0,0,0,0,0,,,,,REVISAR DESDE CERO: NO HAY CONTENIDO RENAL
MED-0881,CICLOSERINA,CICLOSERINA,NO_RENAL_CONTENT,1,0,0,0,0,0,,,,,REVISAR DESDE CERO: NO HAY CONTENIDO RENAL
MED-0882,CIDOFOVIR (CDV),CIDOFOVIR (CDV),NO_RENAL_CONTENT,1,0,0,0,0,0,,,,,REVISAR DESDE CERO: NO HAY CONTENIDO RENAL
MED-0883,CIMETIDINA,CIMETIDINA,NO_RENAL_CONTENT,1,0,0,0,0,0,,,,,REVISAR DESDE CERO: NO HAY CONTENIDO RENAL
MED-0884,CIPROHEPTADINA,CIPROHEPTADINA,NO_RENAL_CONTENT,1,0,0,0,0,0,,,,,REVISAR DESDE CERO: NO HAY CONTENIDO RENAL
MED-0885,CISATRACURIO,CISATRACURIO,NO_RENAL_CONTENT,1,0,0,0,0,0,,,,,REVISAR DESDE CERO: NO HAY CONTENIDO RENAL
MED-0886,CISPLATINO,CISPLATINO,NO_RENAL_CONTENT,1,0,0,0,0,0,,,,,REVISAR DESDE CERO: NO HAY CONTENIDO RENAL
MED-0887,CITARABINA,CITARABINA,NO_RENAL_CONTENT,1,0,0,0,0,0,,,,,REVISAR DESDE CERO: NO HAY CONTENIDO RENAL
MED-0888,CLEBOPRIDA,CLEBOPRIDA,NO_RENAL_CONTENT,1,0,0,0,0,0,,,,,REVISAR DESDE CERO: NO HAY CONTENIDO RENAL
MED-0889,CLOFARABINA,CLOFARABINA,NO_RENAL_CONTENT,1,0,0,0,0,0,,,,,REVISAR DESDE CERO: NO HAY CONTENIDO RENAL
MED-0890,CLOFAZIMINA,CLOFAZIMINA,NO_RENAL_CONTENT,1,0,0,0,0,0,,,,,REVISAR DESDE CERO: NO HAY CONTENIDO RENAL
MED-0891,CLORAZEPATO DIPOTÁSICO,CLORAZEPATO DIPOTÁSICO,NO_RENAL_CONTENT,1,0,0,0,0,0,,,,,REVISAR DESDE CERO: NO HAY CONTENIDO RENAL
MED-0892,CLORHIDRATO DE GUANFACINA,CLORHIDRATO DE GUANFACINA,NO_RENAL_CONTENT,1,0,0,0,0,0,,,,,REVISAR DESDE CERO: NO HAY CONTENIDO RENAL
MED-0893,CLORPROMAZINA,CLORPROMAZINA,NO_RENAL_CONTENT,1,0,0,0,0,0,,,,,REVISAR DESDE CERO: NO HAY CONTENIDO RENAL
MED-0894,COENZIMA Q10 (UBIDECARENONA),COENZIMA Q10 (UBIDECARENONA),NO_RENAL_CONTENT,1,0,0,0,0,0,,,,,REVISAR DESDE CERO: NO HAY CONTENIDO RENAL
MED-0895,COLISTINA,COLISTINA,NO_RENAL_CONTENT,1,0,0,0,0,0,,,,,REVISAR DESDE CERO: NO HAY CONTENIDO RENAL
MED-0896,COMPLEJO COAGULANTE ANTIINHIBIDOR,COMPLEJO COAGULANTE ANTIINHIBIDOR,NO_RENAL_CONTENT,1,0,0,0,0,0,,,,,REVISAR DESDE CERO: NO HAY CONTENIDO RENAL
MED-0897,COMPLEJO HIDROXIAPATITA OSEÍNA,COMPLEJO HIDROXIAPATITA OSEÍNA,NO_RENAL_CONTENT,1,0,0,0,0,0,,,,,REVISAR DESDE CERO: NO HAY CONTENIDO RENAL
MED-0898,CROMOCARBO,CROMOCARBO,NO_RENAL_CONTENT,1,0,0,0,0,0,,,,,REVISAR DESDE CERO: NO HAY CONTENIDO RENAL
MED-0899,CROMOGLICATO (NEBULIZADO),CROMOGLICATO (NEBULIZADO),NO_RENAL_CONTENT,1,0,0,0,0,0,,,,,REVISAR DESDE CERO: NO HAY CONTENIDO RENAL
MED-0900,DACARBAZINA,DACARBAZINA,NO_RENAL_CONTENT,1,0,0,0,0,0,,,,,REVISAR DESDE CERO: NO HAY CONTENIDO RENAL
MED-0901,DALBAVANCINA,DALBAVANCINA,NO_RENAL_CONTENT,1,0,0,0,0,0,,,,,REVISAR DESDE CERO: NO HAY CONTENIDO RENAL
MED-0902,DANTROLENO,DANTROLENO,NO_RENAL_CONTENT,1,0,0,0,0,0,,,,,REVISAR DESDE CERO: NO HAY CONTENIDO RENAL
MED-0903,DARBEPOETINA ALFA,DARBEPOETINA ALFA,NO_RENAL_CONTENT,1,0,0,0,0,0,,,,,REVISAR DESDE CERO: NO HAY CONTENIDO RENAL
MED-0904,DEFEROXAMINA,DEFEROXAMINA,NO_RENAL_CONTENT,1,0,0,0,0,0,,,,,REVISAR DESDE CERO: NO HAY CONTENIDO RENAL
MED-0905,DELAMANIDA,DELAMANIDA,NO_RENAL_CONTENT,1,0,0,0,0,0,,,,,REVISAR DESDE CERO: NO HAY CONTENIDO RENAL
MED-0906,DENILEUKIN DIFTITOX,DENILEUKIN DIFTITOX,NO_RENAL_CONTENT,1,0,0,0,0,0,,,,,REVISAR DESDE CERO: NO HAY CONTENIDO RENAL
MED-0907,DESRAZOXANO,DESRAZOXANO,NO_RENAL_CONTENT,1,0,0,0,0,0,,,,,REVISAR DESDE CERO: NO HAY CONTENIDO RENAL
MED-0908,DIAZÓXIDO,DIAZÓXIDO,NO_RENAL_CONTENT,1,0,0,0,0,0,,,,,REVISAR DESDE CERO: NO HAY CONTENIDO RENAL
MED-0909,DICICLOVERINA,DICICLOVERINA,NO_RENAL_CONTENT,1,0,0,0,0,0,,,,,REVISAR DESDE CERO: NO HAY CONTENIDO RENAL
MED-0910,DICLOROACETATO SÓDICO,DICLOROACETATO SÓDICO,NO_RENAL_CONTENT,1,0,0,0,0,0,,,,,REVISAR DESDE CERO: NO HAY CONTENIDO RENAL
MED-0911,DIETILCARBAMAZINA,DIETILCARBAMAZINA,NO_RENAL_CONTENT,1,0,0,0,0,0,,,,,REVISAR DESDE CERO: NO HAY CONTENIDO RENAL
MED-0912,DIFLORASONA,DIFLORASONA,NO_RENAL_CONTENT,1,0,0,0,0,0,,,,,REVISAR DESDE CERO: NO HAY CONTENIDO RENAL
MED-0913,DIHIDROARTEMISININA,DIHIDROARTEMISININA,NO_RENAL_CONTENT,1,0,0,0,0,0,,,,,REVISAR DESDE CERO: NO HAY CONTENIDO RENAL
MED-0914,DIHIDROEMETINA,DIHIDROEMETINA,NO_RENAL_CONTENT,1,0,0,0,0,0,,,,,REVISAR DESDE CERO: NO HAY CONTENIDO RENAL
MED-0915,DIMERCAPROL,DIMERCAPROL,NO_RENAL_CONTENT,1,0,0,0,0,0,,,,,REVISAR DESDE CERO: NO HAY CONTENIDO RENAL
MED-0916,DIPIRIDAMOL,DIPIRIDAMOL,NO_RENAL_CONTENT,1,0,0,0,0,0,,,,,REVISAR DESDE CERO: NO HAY CONTENIDO RENAL
MED-0917,DISOPIRAMIDA,DISOPIRAMIDA,NO_RENAL_CONTENT,1,0,0,0,0,0,,,,,REVISAR DESDE CERO: NO HAY CONTENIDO RENAL
MED-0918,DORIPENEM,DORIPENEM,NO_RENAL_CONTENT,1,0,0,0,0,0,,,,,REVISAR DESDE CERO: NO HAY CONTENIDO RENAL
MED-0919,DORZOLAMIDA,DORZOLAMIDA,NO_RENAL_CONTENT,1,0,0,0,0,0,,,,,REVISAR DESDE CERO: NO HAY CONTENIDO RENAL
MED-0920,ECONAZOL,ECONAZOL,NO_RENAL_CONTENT,1,0,0,0,0,0,,,,,REVISAR DESDE CERO: NO HAY CONTENIDO RENAL
MED-0921,ECULIZUMAB,ECULIZUMAB,NO_RENAL_CONTENT,1,0,0,0,0,0,,,,,REVISAR DESDE CERO: NO HAY CONTENIDO RENAL
MED-0922,EFLORNITINA,EFLORNITINA,NO_RENAL_CONTENT,1,0,0,0,0,0,,,,,REVISAR DESDE CERO: NO HAY CONTENIDO RENAL
MED-0923,ELOSULFASA ALFA,ELOSULFASA ALFA,NO_RENAL_CONTENT,1,0,0,0,0,0,,,,,REVISAR DESDE CERO: NO HAY CONTENIDO RENAL
MED-0924,EMEDASTINA OFTÁLMICA,EMEDASTINA OFTÁLMICA,NO_RENAL_CONTENT,1,0,0,0,0,0,,,,,REVISAR DESDE CERO: NO HAY CONTENIDO RENAL
MED-0925,ENFUVIRTIDA,ENFUVIRTIDA,NO_RENAL_CONTENT,1,0,0,0,0,0,,,,,REVISAR DESDE CERO: NO HAY CONTENIDO RENAL
MED-0926,ENOXIMONA,ENOXIMONA,NO_RENAL_CONTENT,1,0,0,0,0,0,,,,,REVISAR DESDE CERO: NO HAY CONTENIDO RENAL
MED-0927,EPINASTINA,EPINASTINA,NO_RENAL_CONTENT,1,0,0,0,0,0,,,,,REVISAR DESDE CERO: NO HAY CONTENIDO RENAL
MED-0928,EPOETINA ALFA,EPOETINA ALFA,NO_RENAL_CONTENT,1,0,0,0,0,0,,,,,REVISAR DESDE CERO: NO HAY CONTENIDO RENAL
MED-0929,EPOETINA BETA,EPOETINA BETA,NO_RENAL_CONTENT,1,0,0,0,0,0,,,,,REVISAR DESDE CERO: NO HAY CONTENIDO RENAL
MED-0930,EPOETINA ZETA,EPOETINA ZETA,NO_RENAL_CONTENT,1,0,0,0,0,0,,,,,REVISAR DESDE CERO: NO HAY CONTENIDO RENAL
MED-0931,EPOPROSTENOL,EPOPROSTENOL,NO_RENAL_CONTENT,1,0,0,0,0,0,,,,,REVISAR DESDE CERO: NO HAY CONTENIDO RENAL
MED-0932,ESLICARBAZEPINA,ESLICARBAZEPINA,NO_RENAL_CONTENT,1,0,0,0,0,0,,,,,REVISAR DESDE CERO: NO HAY CONTENIDO RENAL
MED-0933,ESTIRIPENTOL,ESTIRIPENTOL,NO_RENAL_CONTENT,1,0,0,0,0,0,,,,,REVISAR DESDE CERO: NO HAY CONTENIDO RENAL
MED-0934,ESTREPTOMICINA,ESTREPTOMICINA,NO_RENAL_CONTENT,1,0,0,0,0,0,,,,,REVISAR DESDE CERO: NO HAY CONTENIDO RENAL
MED-0935,ETANERCEPT,ETANERCEPT,NO_RENAL_CONTENT,1,0,0,0,0,0,,,,,REVISAR DESDE CERO: NO HAY CONTENIDO RENAL
MED-0936,ETANOL,ETANOL,NO_RENAL_CONTENT,1,0,0,0,0,0,,,,,REVISAR DESDE CERO: NO HAY CONTENIDO RENAL
MED-0937,ETIONAMIDA,ETIONAMIDA,NO_RENAL_CONTENT,1,0,0,0,0,0,,,,,REVISAR DESDE CERO: NO HAY CONTENIDO RENAL
MED-0938,ETONOGESTREL,ETONOGESTREL,NO_RENAL_CONTENT,1,0,0,0,0,0,,,,,REVISAR DESDE CERO: NO HAY CONTENIDO RENAL
MED-0939,ETOPÓSIDO,ETOPÓSIDO,NO_RENAL_CONTENT,1,0,0,0,0,0,,,,,REVISAR DESDE CERO: NO HAY CONTENIDO RENAL
MED-0940,ETOSUXIMIDA,ETOSUXIMIDA,NO_RENAL_CONTENT,1,0,0,0,0,0,,,,,REVISAR DESDE CERO: NO HAY CONTENIDO RENAL
MED-0941,FACTOR IX,FACTOR IX,NO_RENAL_CONTENT,1,0,0,0,0,0,,,,,REVISAR DESDE CERO: NO HAY CONTENIDO RENAL
MED-0942,FACTOR IX - NONACOG ALFA,FACTOR IX - NONACOG ALFA,NO_RENAL_CONTENT,1,0,0,0,0,0,,,,,REVISAR DESDE CERO: NO HAY CONTENIDO RENAL
MED-0943,FACTOR VIIA RECOMBINANTE EPTACOG ALFA ACTIVADO,FACTOR VIIA RECOMBINANTE EPTACOG ALFA ACTIVADO,NO_RENAL_CONTENT,1,0,0,0,0,0,,,,,REVISAR DESDE CERO: NO HAY CONTENIDO RENAL
MED-0944,FACTOR VIII/FACTOR VON WILLEBRAND,FACTOR VIII/FACTOR VON WILLEBRAND,NO_RENAL_CONTENT,1,0,0,0,0,0,,,,,REVISAR DESDE CERO: NO HAY CONTENIDO RENAL
MED-0945,FACTOR VIIIR MOROCTOCOG ALFA,FACTOR VIIIR MOROCTOCOG ALFA,NO_RENAL_CONTENT,1,0,0,0,0,0,,,,,REVISAR DESDE CERO: NO HAY CONTENIDO RENAL
MED-0946,FACTOR XI-HEMOLEVEN,FACTOR XI-HEMOLEVEN,NO_RENAL_CONTENT,1,0,0,0,0,0,,,,,REVISAR DESDE CERO: NO HAY CONTENIDO RENAL
MED-0947,FACTOR XIII-FIBROGAMMIN P,FACTOR XIII-FIBROGAMMIN P,NO_RENAL_CONTENT,1,0,0,0,0,0,,,,,REVISAR DESDE CERO: NO HAY CONTENIDO RENAL
MED-0948,FENILACETATO SÓDICO Y BENZOATO SÓDICO,FENILACETATO SÓDICO Y BENZOATO SÓDICO,NO_RENAL_CONTENT,1,0,0,0,0,0,,,,,REVISAR DESDE CERO: NO HAY CONTENIDO RENAL
MED-0949,FENILBUTAZONA,FENILBUTAZONA,NO_RENAL_CONTENT,1,0,0,0,0,0,,,,,REVISAR DESDE CERO: NO HAY CONTENIDO RENAL
MED-0950,FENILBUTIRATO,FENILBUTIRATO,NO_RENAL_CONTENT,1,0,0,0,0,0,,,,,REVISAR DESDE CERO: NO HAY CONTENIDO RENAL
MED-0951,FENILBUTIRATO DE GLICEROL,FENILBUTIRATO DE GLICEROL,NO_RENAL_CONTENT,1,0,0,0,0,0,,,,,REVISAR DESDE CERO: NO HAY CONTENIDO RENAL
MED-0952,FENOXIBENZAMINA,FENOXIBENZAMINA,NO_RENAL_CONTENT,1,0,0,0,0,0,,,,,REVISAR DESDE CERO: NO HAY CONTENIDO RENAL
MED-0953,FENTICONAZOL,FENTICONAZOL,NO_RENAL_CONTENT,1,0,0,0,0,0,,,,,REVISAR DESDE CERO: NO HAY CONTENIDO RENAL
MED-0954,FENTOLAMINA,FENTOLAMINA,NO_RENAL_CONTENT,1,0,0,0,0,0,,,,,REVISAR DESDE CERO: NO HAY CONTENIDO RENAL
MED-0955,FEXINIDAZOL,FEXINIDAZOL,NO_RENAL_CONTENT,1,0,0,0,0,0,,,,,REVISAR DESDE CERO: NO HAY CONTENIDO RENAL
MED-0956,FIBRINÓGENO HUMANO,FIBRINÓGENO HUMANO,NO_RENAL_CONTENT,1,0,0,0,0,0,,,,,REVISAR DESDE CERO: NO HAY CONTENIDO RENAL
MED-0957,FIDAXOMICINA,FIDAXOMICINA,NO_RENAL_CONTENT,1,0,0,0,0,0,,,,,REVISAR DESDE CERO: NO HAY CONTENIDO RENAL
MED-0958,FILGRASTIM,FILGRASTIM,NO_RENAL_CONTENT,1,0,0,0,0,0,,,,,REVISAR DESDE CERO: NO HAY CONTENIDO RENAL
MED-0959,FISOSTIGMINA,FISOSTIGMINA,NO_RENAL_CONTENT,1,0,0,0,0,0,,,,,REVISAR DESDE CERO: NO HAY CONTENIDO RENAL
MED-0960,FLECAINIDA,FLECAINIDA,NO_RENAL_CONTENT,1,0,0,0,0,0,,,,,REVISAR DESDE CERO: NO HAY CONTENIDO RENAL
MED-0961,FLUDARABINA,FLUDARABINA,NO_RENAL_CONTENT,1,0,0,0,0,0,,,,,REVISAR DESDE CERO: NO HAY CONTENIDO RENAL
MED-0962,FLUOCINONIDA,FLUOCINONIDA,NO_RENAL_CONTENT,1,0,0,0,0,0,,,,,REVISAR DESDE CERO: NO HAY CONTENIDO RENAL
MED-0963,FLUOCORTINA,FLUOCORTINA,NO_RENAL_CONTENT,1,0,0,0,0,0,,,,,REVISAR DESDE CERO: NO HAY CONTENIDO RENAL
MED-0964,FLUORACILO,FLUORACILO,NO_RENAL_CONTENT,1,0,0,0,0,0,,,,,REVISAR DESDE CERO: NO HAY CONTENIDO RENAL
MED-0965,FLUTRIMAZOL,FLUTRIMAZOL,NO_RENAL_CONTENT,1,0,0,0,0,0,,,,,REVISAR DESDE CERO: NO HAY CONTENIDO RENAL
MED-0966,FOSAMPRENAVIR,FOSAMPRENAVIR,NO_RENAL_CONTENT,1,0,0,0,0,0,,,,,REVISAR DESDE CERO: NO HAY CONTENIDO RENAL
MED-0967,FOSCARNET,FOSCARNET,NO_RENAL_CONTENT,1,0,0,0,0,0,,,,,REVISAR DESDE CERO: NO HAY CONTENIDO RENAL
MED-0968,FOSFATO CÁLCICO,FOSFATO CÁLCICO,NO_RENAL_CONTENT,1,0,0,0,0,0,,,,,REVISAR DESDE CERO: NO HAY CONTENIDO RENAL
MED-0969,GALSULFASA,GALSULFASA,NO_RENAL_CONTENT,1,0,0,0,0,0,,,,,REVISAR DESDE CERO: NO HAY CONTENIDO RENAL
MED-0970,GANCICLOVIR,GANCICLOVIR,NO_RENAL_CONTENT,1,0,0,0,0,0,,,,,REVISAR DESDE CERO: NO HAY CONTENIDO RENAL
MED-0971,GEMCITABINA,GEMCITABINA,NO_RENAL_CONTENT,1,0,0,0,0,0,,,,,REVISAR DESDE CERO: NO HAY CONTENIDO RENAL
MED-0972,GLICEROL,GLICEROL,NO_RENAL_CONTENT,1,0,0,0,0,0,,,,,REVISAR DESDE CERO: NO HAY CONTENIDO RENAL
MED-0973,GLICOPIRROLATO,GLICOPIRROLATO,NO_RENAL_CONTENT,1,0,0,0,0,0,,,,,REVISAR DESDE CERO: NO HAY CONTENIDO RENAL
MED-0974,GLICOPIRRONIO,GLICOPIRRONIO,NO_RENAL_CONTENT,1,0,0,0,0,0,,,,,REVISAR DESDE CERO: NO HAY CONTENIDO RENAL
MED-0975,GLUBIONATO CÁLCICO (GLUCOBIONATO O LACTOGLUCONATO CÁLCICO),GLUBIONATO CÁLCICO (GLUCOBIONATO O LACTOGLUCONATO CÁLCICO),NO_RENAL_CONTENT,1,0,0,0,0,0,,,,,REVISAR DESDE CERO: NO HAY CONTENIDO RENAL
MED-0976,GLUCARPIDASA,GLUCARPIDASA,NO_RENAL_CONTENT,1,0,0,0,0,0,,,,,REVISAR DESDE CERO: NO HAY CONTENIDO RENAL
MED-0977,GOLIMUMAB,GOLIMUMAB,NO_RENAL_CONTENT,1,0,0,0,0,0,,,,,REVISAR DESDE CERO: NO HAY CONTENIDO RENAL
MED-0978,GRANISETRÓN,GRANISETRÓN,NO_RENAL_CONTENT,1,0,0,0,0,0,,,,,REVISAR DESDE CERO: NO HAY CONTENIDO RENAL
MED-0979,HIDRATO DE CLORAL,HIDRATO DE CLORAL,NO_RENAL_CONTENT,1,0,0,0,0,0,,,,,REVISAR DESDE CERO: NO HAY CONTENIDO RENAL
MED-0980,HIDROCLORURO DE L-LISINA,HIDROCLORURO DE L-LISINA,NO_RENAL_CONTENT,1,0,0,0,0,0,,,,,REVISAR DESDE CERO: NO HAY CONTENIDO RENAL
MED-0981,"HIERRO (III), HIDRÓXIDO-SACAROSA","HIERRO (III), HIDRÓXIDO-SACAROSA",NO_RENAL_CONTENT,1,0,0,0,0,0,,,,,REVISAR DESDE CERO: NO HAY CONTENIDO RENAL
MED-0982,HIERRO CARBOXIMALTOSA,HIERRO CARBOXIMALTOSA,NO_RENAL_CONTENT,1,0,0,0,0,0,,,,,REVISAR DESDE CERO: NO HAY CONTENIDO RENAL
MED-0983,IDEBENONA,IDEBENONA,NO_RENAL_CONTENT,1,0,0,0,0,0,,,,,REVISAR DESDE CERO: NO HAY CONTENIDO RENAL
MED-0984,IDURSULFASA,IDURSULFASA,NO_RENAL_CONTENT,1,0,0,0,0,0,,,,,REVISAR DESDE CERO: NO HAY CONTENIDO RENAL
MED-0985,IFOSFAMIDA,IFOSFAMIDA,NO_RENAL_CONTENT,1,0,0,0,0,0,,,,,REVISAR DESDE CERO: NO HAY CONTENIDO RENAL
MED-0986,ILOPROST,ILOPROST,NO_RENAL_CONTENT,1,0,0,0,0,0,,,,,REVISAR DESDE CERO: NO HAY CONTENIDO RENAL
MED-0987,IMIGLUCERASA,IMIGLUCERASA,NO_RENAL_CONTENT,1,0,0,0,0,0,,,,,REVISAR DESDE CERO: NO HAY CONTENIDO RENAL
MED-0988,INDINAVIR,INDINAVIR,NO_RENAL_CONTENT,1,0,0,0,0,0,,,,,REVISAR DESDE CERO: NO HAY CONTENIDO RENAL
MED-0989,INFLIXIMAB,INFLIXIMAB,NO_RENAL_CONTENT,1,0,0,0,0,0,,,,,REVISAR DESDE CERO: NO HAY CONTENIDO RENAL
MED-0990,INMUNOGLOBULINA HUMANA INESPECÍFICA INTRAVENOSA (IGIV),INMUNOGLOBULINA HUMANA INESPECÍFICA INTRAVENOSA (IGIV),NO_RENAL_CONTENT,1,0,0,0,0,0,,,,,REVISAR DESDE CERO: NO HAY CONTENIDO RENAL
MED-0991,INSULINA ASPART,INSULINA ASPART,NO_RENAL_CONTENT,1,0,0,0,0,0,,,,,REVISAR DESDE CERO: NO HAY CONTENIDO RENAL
MED-0992,INSULINA DEGLUDEC,INSULINA DEGLUDEC,NO_RENAL_CONTENT,1,0,0,0,0,0,,,,,REVISAR DESDE CERO: NO HAY CONTENIDO RENAL
MED-0993,INSULINA DETEMIR,INSULINA DETEMIR,NO_RENAL_CONTENT,1,0,0,0,0,0,,,,,REVISAR DESDE CERO: NO HAY CONTENIDO RENAL
MED-0994,INSULINA GLARGINA,INSULINA GLARGINA,NO_RENAL_CONTENT,1,0,0,0,0,0,,,,,REVISAR DESDE CERO: NO HAY CONTENIDO RENAL
MED-0995,INSULINA GLULISINA,INSULINA GLULISINA,NO_RENAL_CONTENT,1,0,0,0,0,0,,,,,REVISAR DESDE CERO: NO HAY CONTENIDO RENAL
MED-0996,INSULINA LISPRO,INSULINA LISPRO,NO_RENAL_CONTENT,1,0,0,0,0,0,,,,,REVISAR DESDE CERO: NO HAY CONTENIDO RENAL
MED-0997,INTERFERÓN ALFA-2B,INTERFERÓN ALFA-2B,NO_RENAL_CONTENT,1,0,0,0,0,0,,,,,REVISAR DESDE CERO: NO HAY CONTENIDO RENAL
MED-0998,INTERFERÓN GAMMA-1B,INTERFERÓN GAMMA-1B,NO_RENAL_CONTENT,1,0,0,0,0,0,,,,,REVISAR DESDE CERO: NO HAY CONTENIDO RENAL
MED-0999,INTERLEUCINA 2,INTERLEUCINA 2,NO_RENAL_CONTENT,1,0,0,0,0,0,,,,,REVISAR DESDE CERO: NO HAY CONTENIDO RENAL
MED-1000,IPECACUANA,IPECACUANA,NO_RENAL_CONTENT,1,0,0,0,0,0,,,,,REVISAR DESDE CERO: NO HAY CONTENIDO RENAL
MED-1001,IRINOTECAN,IRINOTECAN,NO_RENAL_CONTENT,1,0,0,0,0,0,,,,,REVISAR DESDE CERO: NO HAY CONTENIDO RENAL
MED-1002,ISOPRENALINA/ISOPROTERENOL,ISOPRENALINA/ISOPROTERENOL,NO_RENAL_CONTENT,1,0,0,0,0,0,,,,,REVISAR DESDE CERO: NO HAY CONTENIDO RENAL
MED-1003,ISRADIPINO,ISRADIPINO,NO_RENAL_CONTENT,1,0,0,0,0,0,,,,,REVISAR DESDE CERO: NO HAY CONTENIDO RENAL
MED-1004,IVACAFTOR,IVACAFTOR,NO_RENAL_CONTENT,1,0,0,0,0,0,,,,,REVISAR DESDE CERO: NO HAY CONTENIDO RENAL
MED-1005,KANAMICINA,KANAMICINA,NO_RENAL_CONTENT,1,0,0,0,0,0,,,,,REVISAR DESDE CERO: NO HAY CONTENIDO RENAL
MED-1006,L-CARNITINA,L-CARNITINA,NO_RENAL_CONTENT,1,0,0,0,0,0,,,,,REVISAR DESDE CERO: NO HAY CONTENIDO RENAL
MED-1007,L-CITRULINA,L-CITRULINA,NO_RENAL_CONTENT,1,0,0,0,0,0,,,,,REVISAR DESDE CERO: NO HAY CONTENIDO RENAL
MED-1008,LACTITOL,LACTITOL,NO_RENAL_CONTENT,1,0,0,0,0,0,,,,,REVISAR DESDE CERO: NO HAY CONTENIDO RENAL
MED-1009,LARONIDASA,LARONIDASA,NO_RENAL_CONTENT,1,0,0,0,0,0,,,,,REVISAR DESDE CERO: NO HAY CONTENIDO RENAL
MED-1010,LENOGRASTIM,LENOGRASTIM,NO_RENAL_CONTENT,1,0,0,0,0,0,,,,,REVISAR DESDE CERO: NO HAY CONTENIDO RENAL
MED-1011,LEVOSIMENDÁN,LEVOSIMENDÁN,NO_RENAL_CONTENT,1,0,0,0,0,0,,,,,REVISAR DESDE CERO: NO HAY CONTENIDO RENAL
MED-1012,LINCOMICINA,LINCOMICINA,NO_RENAL_CONTENT,1,0,0,0,0,0,,,,,REVISAR DESDE CERO: NO HAY CONTENIDO RENAL
MED-1013,LODOXAMIDA OFTÁLMICA,LODOXAMIDA OFTÁLMICA,NO_RENAL_CONTENT,1,0,0,0,0,0,,,,,REVISAR DESDE CERO: NO HAY CONTENIDO RENAL
MED-1014,LOMUSTINA,LOMUSTINA,NO_RENAL_CONTENT,1,0,0,0,0,0,,,,,REVISAR DESDE CERO: NO HAY CONTENIDO RENAL
MED-1015,MAGALDRATO,MAGALDRATO,NO_RENAL_CONTENT,1,0,0,0,0,0,,,,,REVISAR DESDE CERO: NO HAY CONTENIDO RENAL
MED-1016,MAGNESIO HIDRÓXIDO,MAGNESIO HIDRÓXIDO,NO_RENAL_CONTENT,1,0,0,0,0,0,,,,,REVISAR DESDE CERO: NO HAY CONTENIDO RENAL
MED-1017,MALATIÓN,MALATIÓN,NO_RENAL_CONTENT,1,0,0,0,0,0,,,,,REVISAR DESDE CERO: NO HAY CONTENIDO RENAL
MED-1018,MECASERMINA,MECASERMINA,NO_RENAL_CONTENT,1,0,0,0,0,0,,,,,REVISAR DESDE CERO: NO HAY CONTENIDO RENAL
MED-1019,MEFLOQUINA,MEFLOQUINA,NO_RENAL_CONTENT,1,0,0,0,0,0,,,,,REVISAR DESDE CERO: NO HAY CONTENIDO RENAL
MED-1020,MELARSOPROL,MELARSOPROL,NO_RENAL_CONTENT,1,0,0,0,0,0,,,,,REVISAR DESDE CERO: NO HAY CONTENIDO RENAL
MED-1021,MEPERIDINA,MEPERIDINA,NO_RENAL_CONTENT,1,0,0,0,0,0,,,,,REVISAR DESDE CERO: NO HAY CONTENIDO RENAL
MED-1022,MESNA,MESNA,NO_RENAL_CONTENT,1,0,0,0,0,0,,,,,REVISAR DESDE CERO: NO HAY CONTENIDO RENAL
MED-1023,METILCELULOSA,METILCELULOSA,NO_RENAL_CONTENT,1,0,0,0,0,0,,,,,REVISAR DESDE CERO: NO HAY CONTENIDO RENAL
MED-1024,METILNALTREXONA,METILNALTREXONA,NO_RENAL_CONTENT,1,0,0,0,0,0,,,,,REVISAR DESDE CERO: NO HAY CONTENIDO RENAL
MED-1025,METOXI-POLIETILENGLICOL-EPOETINA BETA,METOXI-POLIETILENGLICOL-EPOETINA BETA,NO_RENAL_CONTENT,1,0,0,0,0,0,,,,,REVISAR DESDE CERO: NO HAY CONTENIDO RENAL
MED-1026,MEXILETINA,MEXILETINA,NO_RENAL_CONTENT,1,0,0,0,0,0,,,,,REVISAR DESDE CERO: NO HAY CONTENIDO RENAL
MED-1027,MIFAMURTIDA,MIFAMURTIDA,NO_RENAL_CONTENT,1,0,0,0,0,0,,,,,REVISAR DESDE CERO: NO HAY CONTENIDO RENAL
MED-1028,MIGLUSTAT,MIGLUSTAT,NO_RENAL_CONTENT,1,0,0,0,0,0,,,,,REVISAR DESDE CERO: NO HAY CONTENIDO RENAL
MED-1029,MITOXANTRONA,MITOXANTRONA,NO_RENAL_CONTENT,1,0,0,0,0,0,,,,,REVISAR DESDE CERO: NO HAY CONTENIDO RENAL
MED-1030,MIVACURIO,MIVACURIO,NO_RENAL_CONTENT,1,0,0,0,0,0,,,,,REVISAR DESDE CERO: NO HAY CONTENIDO RENAL
MED-1031,MIZOLASTINA,MIZOLASTINA,NO_RENAL_CONTENT,1,0,0,0,0,0,,,,,REVISAR DESDE CERO: NO HAY CONTENIDO RENAL
MED-1032,MUROMONAB / OK-T3,MUROMONAB / OK-T3,NO_RENAL_CONTENT,1,0,0,0,0,0,,,,,REVISAR DESDE CERO: NO HAY CONTENIDO RENAL
MED-1033,NADOLOL,NADOLOL,NO_RENAL_CONTENT,1,0,0,0,0,0,,,,,REVISAR DESDE CERO: NO HAY CONTENIDO RENAL
MED-1034,NAFAZOLINA OFTÁLMICA,NAFAZOLINA OFTÁLMICA,NO_RENAL_CONTENT,1,0,0,0,0,0,,,,,REVISAR DESDE CERO: NO HAY CONTENIDO RENAL
MED-1035,NARATRIPTÁN,NARATRIPTÁN,NO_RENAL_CONTENT,1,0,0,0,0,0,,,,,REVISAR DESDE CERO: NO HAY CONTENIDO RENAL
MED-1036,NATALIZUMAB,NATALIZUMAB,NO_RENAL_CONTENT,1,0,0,0,0,0,,,,,REVISAR DESDE CERO: NO HAY CONTENIDO RENAL
MED-1037,NELARABINA,NELARABINA,NO_RENAL_CONTENT,1,0,0,0,0,0,,,,,REVISAR DESDE CERO: NO HAY CONTENIDO RENAL
MED-1038,NELFINAVIR,NELFINAVIR,NO_RENAL_CONTENT,1,0,0,0,0,0,,,,,REVISAR DESDE CERO: NO HAY CONTENIDO RENAL
MED-1039,NEOSTIGMINA,NEOSTIGMINA,NO_RENAL_CONTENT,1,0,0,0,0,0,,,,,REVISAR DESDE CERO: NO HAY CONTENIDO RENAL
MED-1040,NESIRITIDA,NESIRITIDA,NO_RENAL_CONTENT,1,0,0,0,0,0,,,,,REVISAR DESDE CERO: NO HAY CONTENIDO RENAL
MED-1041,NICLOSAMIDA,NICLOSAMIDA,NO_RENAL_CONTENT,1,0,0,0,0,0,,,,,REVISAR DESDE CERO: NO HAY CONTENIDO RENAL
MED-1042,NIFURTIMOX,NIFURTIMOX,NO_RENAL_CONTENT,1,0,0,0,0,0,,,,,REVISAR DESDE CERO: NO HAY CONTENIDO RENAL
MED-1043,NOMEGESTROL,NOMEGESTROL,NO_RENAL_CONTENT,1,0,0,0,0,0,,,,,REVISAR DESDE CERO: NO HAY CONTENIDO RENAL
MED-1044,NORELGESTROMINA,NORELGESTROMINA,NO_RENAL_CONTENT,1,0,0,0,0,0,,,,,REVISAR DESDE CERO: NO HAY CONTENIDO RENAL
MED-1045,NORGESTIMATO,NORGESTIMATO,NO_RENAL_CONTENT,1,0,0,0,0,0,,,,,REVISAR DESDE CERO: NO HAY CONTENIDO RENAL
MED-1046,OCTOCOG ALFA,OCTOCOG ALFA,NO_RENAL_CONTENT,1,0,0,0,0,0,,,,,REVISAR DESDE CERO: NO HAY CONTENIDO RENAL
MED-1047,OCTREOTIDE,OCTREOTIDE,NO_RENAL_CONTENT,1,0,0,0,0,0,,,,,REVISAR DESDE CERO: NO HAY CONTENIDO RENAL
MED-1048,OFLOXACINO,OFLOXACINO,NO_RENAL_CONTENT,1,0,0,0,0,0,,,,,REVISAR DESDE CERO: NO HAY CONTENIDO RENAL
MED-1049,OMALIZUMAB,OMALIZUMAB,NO_RENAL_CONTENT,1,0,0,0,0,0,,,,,REVISAR DESDE CERO: NO HAY CONTENIDO RENAL
MED-1050,ORITAVANCINA,ORITAVANCINA,NO_RENAL_CONTENT,1,0,0,0,0,0,,,,,REVISAR DESDE CERO: NO HAY CONTENIDO RENAL
MED-1051,OXALIPLATINO,OXALIPLATINO,NO_RENAL_CONTENT,1,0,0,0,0,0,,,,,REVISAR DESDE CERO: NO HAY CONTENIDO RENAL
MED-1052,OXAMNIQUINA,OXAMNIQUINA,NO_RENAL_CONTENT,1,0,0,0,0,0,,,,,REVISAR DESDE CERO: NO HAY CONTENIDO RENAL
MED-1053,OXIBATO SÓDICO,OXIBATO SÓDICO,NO_RENAL_CONTENT,1,0,0,0,0,0,,,,,REVISAR DESDE CERO: NO HAY CONTENIDO RENAL
MED-1054,OXIBUPROCAÍNA,OXIBUPROCAÍNA,NO_RENAL_CONTENT,1,0,0,0,0,0,,,,,REVISAR DESDE CERO: NO HAY CONTENIDO RENAL
MED-1055,OXITETRACICLINA,OXITETRACICLINA,NO_RENAL_CONTENT,1,0,0,0,0,0,,,,,REVISAR DESDE CERO: NO HAY CONTENIDO RENAL
MED-1056,PAMIDRONATO,PAMIDRONATO,NO_RENAL_CONTENT,1,0,0,0,0,0,,,,,REVISAR DESDE CERO: NO HAY CONTENIDO RENAL
MED-1057,PAROMOMICINA,PAROMOMICINA,NO_RENAL_CONTENT,1,0,0,0,0,0,,,,,REVISAR DESDE CERO: NO HAY CONTENIDO RENAL
MED-1058,PEGFILGRASTIM,PEGFILGRASTIM,NO_RENAL_CONTENT,1,0,0,0,0,0,,,,,REVISAR DESDE CERO: NO HAY CONTENIDO RENAL
MED-1059,PENCICLOVIR,PENCICLOVIR,NO_RENAL_CONTENT,1,0,0,0,0,0,,,,,REVISAR DESDE CERO: NO HAY CONTENIDO RENAL
MED-1060,PENICILAMINA (D-PENICILAMINA),PENICILAMINA (D-PENICILAMINA),NO_RENAL_CONTENT,1,0,0,0,0,0,,,,,REVISAR DESDE CERO: NO HAY CONTENIDO RENAL
MED-1061,PENTAMIDINA (ISETIONATO DE PENTAMIDINA),PENTAMIDINA (ISETIONATO DE PENTAMIDINA),NO_RENAL_CONTENT,1,0,0,0,0,0,,,,,REVISAR DESDE CERO: NO HAY CONTENIDO RENAL
MED-1062,PENTOBARBITAL,PENTOBARBITAL,NO_RENAL_CONTENT,1,0,0,0,0,0,,,,,REVISAR DESDE CERO: NO HAY CONTENIDO RENAL
MED-1063,PENTOSTATINA,PENTOSTATINA,NO_RENAL_CONTENT,1,0,0,0,0,0,,,,,REVISAR DESDE CERO: NO HAY CONTENIDO RENAL
MED-1064,PIMOZIDA,PIMOZIDA,NO_RENAL_CONTENT,1,0,0,0,0,0,,,,,REVISAR DESDE CERO: NO HAY CONTENIDO RENAL
MED-1065,PIPERAQUINA,PIPERAQUINA,NO_RENAL_CONTENT,1,0,0,0,0,0,,,,,REVISAR DESDE CERO: NO HAY CONTENIDO RENAL
MED-1066,PIRIDOXAL FOSFATO,PIRIDOXAL FOSFATO,NO_RENAL_CONTENT,1,0,0,0,0,0,,,,,REVISAR DESDE CERO: NO HAY CONTENIDO RENAL
MED-1067,PIZOTIFENO,PIZOTIFENO,NO_RENAL_CONTENT,1,0,0,0,0,0,,,,,REVISAR DESDE CERO: NO HAY CONTENIDO RENAL
MED-1068,PLANTAGO OVATA,PLANTAGO OVATA,NO_RENAL_CONTENT,1,0,0,0,0,0,,,,,REVISAR DESDE CERO: NO HAY CONTENIDO RENAL
MED-1069,PODOFILOTOXINA,PODOFILOTOXINA,NO_RENAL_CONTENT,1,0,0,0,0,0,,,,,REVISAR DESDE CERO: NO HAY CONTENIDO RENAL
MED-1070,PRAZIQUANTEL,PRAZIQUANTEL,NO_RENAL_CONTENT,1,0,0,0,0,0,,,,,REVISAR DESDE CERO: NO HAY CONTENIDO RENAL
MED-1071,PROCARBAZINA,PROCARBAZINA,NO_RENAL_CONTENT,1,0,0,0,0,0,,,,,REVISAR DESDE CERO: NO HAY CONTENIDO RENAL
MED-1072,PROMETAZINA TÓPICA,PROMETAZINA TÓPICA,NO_RENAL_CONTENT,1,0,0,0,0,0,,,,,REVISAR DESDE CERO: NO HAY CONTENIDO RENAL
MED-1073,PROPIFENAZONA,PROPIFENAZONA,NO_RENAL_CONTENT,1,0,0,0,0,0,,,,,REVISAR DESDE CERO: NO HAY CONTENIDO RENAL
MED-1074,PROTIONAMIDA,PROTIONAMIDA,NO_RENAL_CONTENT,1,0,0,0,0,0,,,,,REVISAR DESDE CERO: NO HAY CONTENIDO RENAL
MED-1075,QUINIDINA,QUINIDINA,NO_RENAL_CONTENT,1,0,0,0,0,0,,,,,REVISAR DESDE CERO: NO HAY CONTENIDO RENAL
MED-1076,RASBURICASA,RASBURICASA,NO_RENAL_CONTENT,1,0,0,0,0,0,,,,,REVISAR DESDE CERO: NO HAY CONTENIDO RENAL
MED-1077,REBOXETINA,REBOXETINA,NO_RENAL_CONTENT,1,0,0,0,0,0,,,,,REVISAR DESDE CERO: NO HAY CONTENIDO RENAL
MED-1078,REMIFENTANILO,REMIFENTANILO,NO_RENAL_CONTENT,1,0,0,0,0,0,,,,,REVISAR DESDE CERO: NO HAY CONTENIDO RENAL
MED-1079,RESINCALCIO,RESINCALCIO,NO_RENAL_CONTENT,1,0,0,0,0,0,,,,,REVISAR DESDE CERO: NO HAY CONTENIDO RENAL
MED-1080,RESINSODIO,RESINSODIO,NO_RENAL_CONTENT,1,0,0,0,0,0,,,,,REVISAR DESDE CERO: NO HAY CONTENIDO RENAL
MED-1081,RETAPAMULINA,RETAPAMULINA,NO_RENAL_CONTENT,1,0,0,0,0,0,,,,,REVISAR DESDE CERO: NO HAY CONTENIDO RENAL
MED-1082,RIBAVIRINA,RIBAVIRINA,NO_RENAL_CONTENT,1,0,0,0,0,0,,,,,REVISAR DESDE CERO: NO HAY CONTENIDO RENAL
MED-1083,RIFAPENTINA,RIFAPENTINA,NO_RENAL_CONTENT,1,0,0,0,0,0,,,,,REVISAR DESDE CERO: NO HAY CONTENIDO RENAL
MED-1084,RITUXIMAB,RITUXIMAB,NO_RENAL_CONTENT,1,0,0,0,0,0,,,,,REVISAR DESDE CERO: NO HAY CONTENIDO RENAL
MED-1085,RIZATRIPTÁN,RIZATRIPTÁN,NO_RENAL_CONTENT,1,0,0,0,0,0,,,,,REVISAR DESDE CERO: NO HAY CONTENIDO RENAL
MED-1086,ROMIPLOSTIM,ROMIPLOSTIM,NO_RENAL_CONTENT,1,0,0,0,0,0,,,,,REVISAR DESDE CERO: NO HAY CONTENIDO RENAL
MED-1087,ROPIVACAÍNA,ROPIVACAÍNA,NO_RENAL_CONTENT,1,0,0,0,0,0,,,,,REVISAR DESDE CERO: NO HAY CONTENIDO RENAL
MED-1088,ROXITROMICINA,ROXITROMICINA,NO_RENAL_CONTENT,1,0,0,0,0,0,,,,,REVISAR DESDE CERO: NO HAY CONTENIDO RENAL
MED-1089,SAPROPTERINA DIHIDROCLORURO,SAPROPTERINA DIHIDROCLORURO,NO_RENAL_CONTENT,1,0,0,0,0,0,,,,,REVISAR DESDE CERO: NO HAY CONTENIDO RENAL
MED-1090,SAQUINAVIR,SAQUINAVIR,NO_RENAL_CONTENT,1,0,0,0,0,0,,,,,REVISAR DESDE CERO: NO HAY CONTENIDO RENAL
MED-1091,SARILUMAB,SARILUMAB,NO_RENAL_CONTENT,1,0,0,0,0,0,,,,,REVISAR DESDE CERO: NO HAY CONTENIDO RENAL
MED-1092,SEBELIPASA,SEBELIPASA,NO_RENAL_CONTENT,1,0,0,0,0,0,,,,,REVISAR DESDE CERO: NO HAY CONTENIDO RENAL
MED-1093,SECUKINUMAB,SECUKINUMAB,NO_RENAL_CONTENT,1,0,0,0,0,0,,,,,REVISAR DESDE CERO: NO HAY CONTENIDO RENAL
MED-1094,SERTACONAZOL,SERTACONAZOL,NO_RENAL_CONTENT,1,0,0,0,0,0,,,,,REVISAR DESDE CERO: NO HAY CONTENIDO RENAL
MED-1095,SIROLIMUS/RAPAMICINA,SIROLIMUS/RAPAMICINA,NO_RENAL_CONTENT,1,0,0,0,0,0,,,,,REVISAR DESDE CERO: NO HAY CONTENIDO RENAL
MED-1096,SODIO FOSFATO,SODIO FOSFATO,NO_RENAL_CONTENT,1,0,0,0,0,0,,,,,REVISAR DESDE CERO: NO HAY CONTENIDO RENAL
MED-1097,SODIO SULFATO,SODIO SULFATO,NO_RENAL_CONTENT,1,0,0,0,0,0,,,,,REVISAR DESDE CERO: NO HAY CONTENIDO RENAL
MED-1098,SOMATOSTATINA,SOMATOSTATINA,NO_RENAL_CONTENT,1,0,0,0,0,0,,,,,REVISAR DESDE CERO: NO HAY CONTENIDO RENAL
MED-1099,SULTIAMO,SULTIAMO,NO_RENAL_CONTENT,1,0,0,0,0,0,,,,,REVISAR DESDE CERO: NO HAY CONTENIDO RENAL
MED-1100,SURAMINA,SURAMINA,NO_RENAL_CONTENT,1,0,0,0,0,0,,,,,REVISAR DESDE CERO: NO HAY CONTENIDO RENAL
MED-1101,TALIDOMIDA,TALIDOMIDA,NO_RENAL_CONTENT,1,0,0,0,0,0,,,,,REVISAR DESDE CERO: NO HAY CONTENIDO RENAL
MED-1102,TEDIZOLID,TEDIZOLID,NO_RENAL_CONTENT,1,0,0,0,0,0,,,,,REVISAR DESDE CERO: NO HAY CONTENIDO RENAL
MED-1103,TEICOPLANINA,TEICOPLANINA,NO_RENAL_CONTENT,1,0,0,0,0,0,,,,,REVISAR DESDE CERO: NO HAY CONTENIDO RENAL
MED-1104,TEMSIROLIMUS,TEMSIROLIMUS,NO_RENAL_CONTENT,1,0,0,0,0,0,,,,,REVISAR DESDE CERO: NO HAY CONTENIDO RENAL
MED-1105,TENIPÓSIDO,TENIPÓSIDO,NO_RENAL_CONTENT,1,0,0,0,0,0,,,,,REVISAR DESDE CERO: NO HAY CONTENIDO RENAL
MED-1106,TENOFOVIR ALAFENAMIDA,TENOFOVIR ALAFENAMIDA,NO_RENAL_CONTENT,1,0,0,0,0,0,,,,,REVISAR DESDE CERO: NO HAY CONTENIDO RENAL
MED-1107,TERLIPRESINA,TERLIPRESINA,NO_RENAL_CONTENT,1,0,0,0,0,0,,,,,REVISAR DESDE CERO: NO HAY CONTENIDO RENAL
MED-1108,TETRIZOLINA OFTÁLMICA,TETRIZOLINA OFTÁLMICA,NO_RENAL_CONTENT,1,0,0,0,0,0,,,,,REVISAR DESDE CERO: NO HAY CONTENIDO RENAL
MED-1109,TIAPRIDA,TIAPRIDA,NO_RENAL_CONTENT,1,0,0,0,0,0,,,,,REVISAR DESDE CERO: NO HAY CONTENIDO RENAL
MED-1110,TIGECICLINA,TIGECICLINA,NO_RENAL_CONTENT,1,0,0,0,0,0,,,,,REVISAR DESDE CERO: NO HAY CONTENIDO RENAL
MED-1111,TIMOLOL,TIMOLOL,NO_RENAL_CONTENT,1,0,0,0,0,0,,,,,REVISAR DESDE CERO: NO HAY CONTENIDO RENAL
MED-1112,TIOCONAZOL,TIOCONAZOL,NO_RENAL_CONTENT,1,0,0,0,0,0,,,,,REVISAR DESDE CERO: NO HAY CONTENIDO RENAL
MED-1113,TIOPENTAL,TIOPENTAL,NO_RENAL_CONTENT,1,0,0,0,0,0,,,,,REVISAR DESDE CERO: NO HAY CONTENIDO RENAL
MED-1114,TIOTEPA,TIOTEPA,NO_RENAL_CONTENT,1,0,0,0,0,0,,,,,REVISAR DESDE CERO: NO HAY CONTENIDO RENAL
MED-1115,TIPRANAVIR (TPV),TIPRANAVIR (TPV),NO_RENAL_CONTENT,1,0,0,0,0,0,,,,,REVISAR DESDE CERO: NO HAY CONTENIDO RENAL
MED-1116,TISAGENLECLEUCEL,TISAGENLECLEUCEL,NO_RENAL_CONTENT,1,0,0,0,0,0,,,,,REVISAR DESDE CERO: NO HAY CONTENIDO RENAL
MED-1117,TOCILIZUMAB,TOCILIZUMAB,NO_RENAL_CONTENT,1,0,0,0,0,0,,,,,REVISAR DESDE CERO: NO HAY CONTENIDO RENAL
MED-1118,TOLMETINA,TOLMETINA,NO_RENAL_CONTENT,1,0,0,0,0,0,,,,,REVISAR DESDE CERO: NO HAY CONTENIDO RENAL
MED-1119,TOLNAFTATO,TOLNAFTATO,NO_RENAL_CONTENT,1,0,0,0,0,0,,,,,REVISAR DESDE CERO: NO HAY CONTENIDO RENAL
MED-1120,TOLVAPTAN,TOLVAPTAN,NO_RENAL_CONTENT,1,0,0,0,0,0,,,,,REVISAR DESDE CERO: NO HAY CONTENIDO RENAL
MED-1121,TOPOTECÁN,TOPOTECÁN,NO_RENAL_CONTENT,1,0,0,0,0,0,,,,,REVISAR DESDE CERO: NO HAY CONTENIDO RENAL
MED-1122,TORASEMIDA / TORSEMIDA,TORASEMIDA / TORSEMIDA,NO_RENAL_CONTENT,1,0,0,0,0,0,,,,,REVISAR DESDE CERO: NO HAY CONTENIDO RENAL
MED-1123,TOXINA BOTULÍNICA A,TOXINA BOTULÍNICA A,NO_RENAL_CONTENT,1,0,0,0,0,0,,,,,REVISAR DESDE CERO: NO HAY CONTENIDO RENAL
MED-1124,TRICLABENDAZOL,TRICLABENDAZOL,NO_RENAL_CONTENT,1,0,0,0,0,0,,,,,REVISAR DESDE CERO: NO HAY CONTENIDO RENAL
MED-1125,TRIHEXIFENIDILO,TRIHEXIFENIDILO,NO_RENAL_CONTENT,1,0,0,0,0,0,,,,,REVISAR DESDE CERO: NO HAY CONTENIDO RENAL
MED-1126,TRIÓXIDO DE ARSÉNICO,TRIÓXIDO DE ARSÉNICO,NO_RENAL_CONTENT,1,0,0,0,0,0,,,,,REVISAR DESDE CERO: NO HAY CONTENIDO RENAL
MED-1127,TRIPELENAMINA HIDROCLORURO,TRIPELENAMINA HIDROCLORURO,NO_RENAL_CONTENT,1,0,0,0,0,0,,,,,REVISAR DESDE CERO: NO HAY CONTENIDO RENAL
MED-1128,TRIPTORELINA DEPOT,TRIPTORELINA DEPOT,NO_RENAL_CONTENT,1,0,0,0,0,0,,,,,REVISAR DESDE CERO: NO HAY CONTENIDO RENAL
MED-1129,TROFOSFAMIDA,TROFOSFAMIDA,NO_RENAL_CONTENT,1,0,0,0,0,0,,,,,REVISAR DESDE CERO: NO HAY CONTENIDO RENAL
MED-1130,TROPICAMIDA,TROPICAMIDA,NO_RENAL_CONTENT,1,0,0,0,0,0,,,,,REVISAR DESDE CERO: NO HAY CONTENIDO RENAL
MED-1131,URAPIDIL,URAPIDIL,NO_RENAL_CONTENT,1,0,0,0,0,0,,,,,REVISAR DESDE CERO: NO HAY CONTENIDO RENAL
MED-1132,UROQUINASA,UROQUINASA,NO_RENAL_CONTENT,1,0,0,0,0,0,,,,,REVISAR DESDE CERO: NO HAY CONTENIDO RENAL
MED-1133,USTEKINUMAB,USTEKINUMAB,NO_RENAL_CONTENT,1,0,0,0,0,0,,,,,REVISAR DESDE CERO: NO HAY CONTENIDO RENAL
MED-1134,VEDOLIZUMAB,VEDOLIZUMAB,NO_RENAL_CONTENT,1,0,0,0,0,0,,,,,REVISAR DESDE CERO: NO HAY CONTENIDO RENAL
MED-1135,VELAGLUCERASA ALFA,VELAGLUCERASA ALFA,NO_RENAL_CONTENT,1,0,0,0,0,0,,,,,REVISAR DESDE CERO: NO HAY CONTENIDO RENAL
MED-1136,VESTRONIDASA ALFA,VESTRONIDASA ALFA,NO_RENAL_CONTENT,1,0,0,0,0,0,,,,,REVISAR DESDE CERO: NO HAY CONTENIDO RENAL
MED-1137,VINBLASTINA,VINBLASTINA,NO_RENAL_CONTENT,1,0,0,0,0,0,,,,,REVISAR DESDE CERO: NO HAY CONTENIDO RENAL
MED-1138,VINCRISTINA,VINCRISTINA,NO_RENAL_CONTENT,1,0,0,0,0,0,,,,,REVISAR DESDE CERO: NO HAY CONTENIDO RENAL
MED-1139,VINDESINA,VINDESINA,NO_RENAL_CONTENT,1,0,0,0,0,0,,,,,REVISAR DESDE CERO: NO HAY CONTENIDO RENAL
MED-1140,VINORELBINA,VINORELBINA,NO_RENAL_CONTENT,1,0,0,0,0,0,,,,,REVISAR DESDE CERO: NO HAY CONTENIDO RENAL
MED-1141,ZAFIRLUKAST,ZAFIRLUKAST,NO_RENAL_CONTENT,1,0,0,0,0,0,,,,,REVISAR DESDE CERO: NO HAY CONTENIDO RENAL
MED-1142,ZOLMITRIPTÁN,ZOLMITRIPTÁN,NO_RENAL_CONTENT,1,0,0,0,0,0,,,,,REVISAR DESDE CERO: NO HAY CONTENIDO RENAL
MED-1143,ZONISAMIDA,ZONISAMIDA,NO_RENAL_CONTENT,1,0,0,0,0,0,,,,,REVISAR DESDE CERO: NO HAY CONTENIDO RENAL
MED-1144,DIFENIDOL,DIFENIDOL,NO_RENAL_CONTENT,1,0,0,0,0,0,,,,,REVISAR DESDE CERO: NO HAY CONTENIDO RENAL
MED-0243,ETAMBUTOL CLORHIDRATO,ETAMBUTOL CLORHIDRATO,REFERENCE_ONLY,3,0,0,0,1,1,GOODMAN_SENAL_RENAL_REQUIERE_FICHA_ACTUAL,2.0,PENDING_CURRENT_LABEL,REQUIERE_FICHA_GUIA_ACTUAL,SOLO REFERENCIA: DEFINIR CONDUCTA RENAL ACTUAL
MED-0002,ABACAVIR,ABACAVIR,HAS_PUBLISHED_NONAUTO_RULE,4,1,0,0,0,0,REFERENCIA_ACTUAL_VALIDADA,0.0,CLOSED_CURRENT_REFERENCE,REFERENCIA_ACTUAL_VALIDADA,VALIDAR FUENTE ACTUAL DE LAS REGLAS
MED-0003,ABEMACICLIB,ABEMACICLIB,HAS_PUBLISHED_NONAUTO_RULE,4,1,0,0,0,0,REFERENCIA_ACTUAL_VALIDADA,0.0,CLOSED_CURRENT_REFERENCE,REFERENCIA_ACTUAL_VALIDADA,VALIDAR FUENTE ACTUAL DE LAS REGLAS
MED-0004,ABIRATERONA,ABIRATERONA,HAS_PUBLISHED_NONAUTO_RULE,4,1,0,0,0,0,REFERENCIA_ACTUAL_VALIDADA,0.0,CLOSED_CURRENT_REFERENCE,REFERENCIA_ACTUAL_VALIDADA,VALIDAR FUENTE ACTUAL DE LAS REGLAS
MED-0005,ABROCITINIB,ABROCITINIB,HAS_PUBLISHED_NONAUTO_RULE,4,1,0,0,0,0,REFERENCIA_ACTUAL_VALIDADA,0.0,CLOSED_CURRENT_REFERENCE,REFERENCIA_ACTUAL_VALIDADA,VALIDAR FUENTE ACTUAL DE LAS REGLAS
MED-0029,ACIDO IBANDRONICO,ACIDO IBANDRONICO,HAS_PUBLISHED_NONAUTO_RULE,4,1,0,0,0,0,REFERENCIA_ACTUAL_VALIDADA,0.0,CLOSED_CURRENT_REFERENCE,REFERENCIA_ACTUAL_VALIDADA,VALIDAR FUENTE ACTUAL DE LAS REGLAS
MED-0037,ACIDO VALPROICO,ACIDO VALPROICO,HAS_PUBLISHED_NONAUTO_RULE,4,1,0,0,0,0,REFERENCIA_ACTUAL_VALIDADA,0.0,CLOSED_CURRENT_REFERENCE,REFERENCIA_ACTUAL_VALIDADA,VALIDAR FUENTE ACTUAL DE LAS REGLAS
MED-0042,ALENDRONATO,ALENDRONATO,HAS_PUBLISHED_NONAUTO_RULE,4,1,0,0,0,0,REFERENCIA_ACTUAL_VALIDADA,0.0,CLOSED_CURRENT_REFERENCE,REFERENCIA_ACTUAL_VALIDADA,VALIDAR FUENTE ACTUAL DE LAS REGLAS
MED-0045,ALOPURINOL,ALOPURINOL,HAS_PUBLISHED_NONAUTO_RULE,4,1,0,0,0,0,REFERENCIA_ACTUAL_VALIDADA,0.0,CLOSED_CURRENT_REFERENCE,REFERENCIA_ACTUAL_VALIDADA,VALIDAR FUENTE ACTUAL DE LAS REGLAS
MED-0047,AMANTADINA CLORHIDRATO,AMANTADINA CLORHIDRATO,HAS_PUBLISHED_NONAUTO_RULE,4,1,0,0,0,0,REFERENCIA_ACTUAL_VALIDADA,0.0,CLOSED_CURRENT_REFERENCE,REFERENCIA_ACTUAL_VALIDADA,VALIDAR FUENTE ACTUAL DE LAS REGLAS
MED-0048,AMBRISENTAN,AMBRISENTAN,HAS_PUBLISHED_NONAUTO_RULE,4,1,0,0,0,0,REFERENCIA_ACTUAL_VALIDADA,0.0,CLOSED_CURRENT_REFERENCE,REFERENCIA_ACTUAL_VALIDADA,VALIDAR FUENTE ACTUAL DE LAS REGLAS
MED-0052,AMLODIPINO,AMLODIPINO,HAS_PUBLISHED_NONAUTO_RULE,4,1,0,0,0,0,REFERENCIA_ACTUAL_VALIDADA,0.0,CLOSED_CURRENT_REFERENCE,REFERENCIA_ACTUAL_VALIDADA,VALIDAR FUENTE ACTUAL DE LAS REGLAS
MED-0056,ANASTRAZOL,ANASTRAZOL,HAS_PUBLISHED_NONAUTO_RULE,4,1,0,0,0,0,REFERENCIA_ACTUAL_VALIDADA,0.0,CLOSED_CURRENT_REFERENCE,REFERENCIA_ACTUAL_VALIDADA,VALIDAR FUENTE ACTUAL DE LAS REGLAS
MED-0057,APIXABAN,APIXABAN,HAS_PUBLISHED_NONAUTO_RULE,4,1,0,0,0,0,REFERENCIA_ACTUAL_VALIDADA,0.0,CLOSED_CURRENT_REFERENCE,REFERENCIA_ACTUAL_VALIDADA,VALIDAR FUENTE ACTUAL DE LAS REGLAS
MED-0058,APREMILAST,APREMILAST,HAS_PUBLISHED_NONAUTO_RULE,4,1,0,0,0,0,REFERENCIA_ACTUAL_VALIDADA,0.0,CLOSED_CURRENT_REFERENCE,REFERENCIA_ACTUAL_VALIDADA,VALIDAR FUENTE ACTUAL DE LAS REGLAS
MED-0059,ARIPIPRAZOL,ARIPIPRAZOL,HAS_PUBLISHED_NONAUTO_RULE,4,1,0,0,0,0,REFERENCIA_ACTUAL_VALIDADA,0.0,CLOSED_CURRENT_REFERENCE,REFERENCIA_ACTUAL_VALIDADA,VALIDAR FUENTE ACTUAL DE LAS REGLAS
MED-0063,ATENOLOL,ATENOLOL,HAS_PUBLISHED_NONAUTO_RULE,4,1,0,0,0,0,REFERENCIA_ACTUAL_VALIDADA,0.0,CLOSED_CURRENT_REFERENCE,REFERENCIA_ACTUAL_VALIDADA,VALIDAR FUENTE ACTUAL DE LAS REGLAS
MED-0064,ATORVASTATINA,ATORVASTATINA,HAS_PUBLISHED_NONAUTO_RULE,4,1,0,0,0,0,REFERENCIA_ACTUAL_VALIDADA,0.0,CLOSED_CURRENT_REFERENCE,REFERENCIA_ACTUAL_VALIDADA,VALIDAR FUENTE ACTUAL DE LAS REGLAS
MED-0069,BACLOFENO,BACLOFENO,HAS_PUBLISHED_NONAUTO_RULE,4,1,0,0,0,0,REFERENCIA_ACTUAL_VALIDADA,0.0,CLOSED_CURRENT_REFERENCE,REFERENCIA_ACTUAL_VALIDADA,VALIDAR FUENTE ACTUAL DE LAS REGLAS
MED-0070,BARICITINIB,BARICITINIB,HAS_PUBLISHED_NONAUTO_RULE,4,1,0,0,0,0,REFERENCIA_ACTUAL_VALIDADA,0.0,CLOSED_CURRENT_REFERENCE,REFERENCIA_ACTUAL_VALIDADA,VALIDAR FUENTE ACTUAL DE LAS REGLAS
MED-0077,BICALUTAMIDA,BICALUTAMIDA,HAS_PUBLISHED_NONAUTO_RULE,4,1,0,0,0,0,REFERENCIA_ACTUAL_VALIDADA,0.0,CLOSED_CURRENT_REFERENCE,REFERENCIA_ACTUAL_VALIDADA,VALIDAR FUENTE ACTUAL DE LAS REGLAS
MED-0084,BOSENTAN,BOSENTAN,HAS_PUBLISHED_NONAUTO_RULE,4,1,0,0,0,0,REFERENCIA_ACTUAL_VALIDADA,0.0,CLOSED_CURRENT_REFERENCE,REFERENCIA_ACTUAL_VALIDADA,VALIDAR FUENTE ACTUAL DE LAS REGLAS
MED-0087,BRIGATINIB,BRIGATINIB,HAS_PUBLISHED_NONAUTO_RULE,4,1,0,0,0,0,REFERENCIA_ACTUAL_VALIDADA,0.0,CLOSED_CURRENT_REFERENCE,REFERENCIA_ACTUAL_VALIDADA,VALIDAR FUENTE ACTUAL DE LAS REGLAS
MED-0094,BUPROPION,BUPROPION,HAS_PUBLISHED_NONAUTO_RULE,4,1,0,0,0,0,REFERENCIA_ACTUAL_VALIDADA,0.0,CLOSED_CURRENT_REFERENCE,REFERENCIA_ACTUAL_VALIDADA,VALIDAR FUENTE ACTUAL DE LAS REGLAS
MED-0095,CABERGOLINA,CABERGOLINA,HAS_PUBLISHED_NONAUTO_RULE,4,1,0,0,0,0,REFERENCIA_ACTUAL_VALIDADA,0.0,CLOSED_CURRENT_REFERENCE,REFERENCIA_ACTUAL_VALIDADA,VALIDAR FUENTE ACTUAL DE LAS REGLAS
MED-0107,CARBONATO DE LITIO,CARBONATO DE LITIO,HAS_PUBLISHED_NONAUTO_RULE,4,1,0,0,0,0,TDM_MONITORIZACION_ACTUAL,0.0,CLOSED_TDM,TDM_MONITORIZACION_ACTUAL,VALIDAR FUENTE ACTUAL DE LAS REGLAS
MED-0108,CARVEDILOL,CARVEDILOL,HAS_PUBLISHED_NONAUTO_RULE,4,1,0,0,0,0,REFERENCIA_ACTUAL_VALIDADA,0.0,CLOSED_CURRENT_REFERENCE,REFERENCIA_ACTUAL_VALIDADA,VALIDAR FUENTE ACTUAL DE LAS REGLAS
MED-0109,CEFADROXILO,CEFADROXILO,HAS_AUTOMATIC_RULE,4,4,0,4,0,0,AUTOMATICO_VALIDADO_ACTUAL,0.0,,,VALIDAR FUENTE ACTUAL DE LAS REGLAS
MED-0110,CEFALEXINA,CEFALEXINA,HAS_AUTOMATIC_RULE,4,10,0,10,0,0,AUTOMATICO_VALIDADO_ACTUAL,0.0,,,VALIDAR FUENTE ACTUAL DE LAS REGLAS
MED-0123,CICLOSPORINA,CICLOSPORINA,HAS_PUBLISHED_NONAUTO_RULE,4,1,0,0,0,0,TDM_MONITORIZACION_ACTUAL,0.0,CLOSED_TDM,TDM_MONITORIZACION_ACTUAL,VALIDAR FUENTE ACTUAL DE LAS REGLAS
MED-0125,CINACALCET,CINACALCET,HAS_PUBLISHED_NONAUTO_RULE,4,1,0,0,0,0,REFERENCIA_ACTUAL_VALIDADA,0.0,CLOSED_CURRENT_REFERENCE,REFERENCIA_ACTUAL_VALIDADA,VALIDAR FUENTE ACTUAL DE LAS REGLAS
MED-0131,CITALOPRAM,CITALOPRAM,HAS_PUBLISHED_NONAUTO_RULE,4,1,0,0,0,0,REFERENCIA_ACTUAL_VALIDADA,0.0,CLOSED_CURRENT_REFERENCE,REFERENCIA_ACTUAL_VALIDADA,VALIDAR FUENTE ACTUAL DE LAS REGLAS
MED-0135,CLADRIBINA,CLADRIBINA,HAS_PUBLISHED_NONAUTO_RULE,4,1,0,0,0,0,REFERENCIA_ACTUAL_VALIDADA,0.0,CLOSED_CURRENT_REFERENCE,REFERENCIA_ACTUAL_VALIDADA,VALIDAR FUENTE ACTUAL DE LAS REGLAS
MED-0143,CLONIDINA,CLONIDINA,HAS_PUBLISHED_NONAUTO_RULE,4,1,0,0,0,0,REFERENCIA_ACTUAL_VALIDADA,0.0,CLOSED_CURRENT_REFERENCE,REFERENCIA_ACTUAL_VALIDADA,VALIDAR FUENTE ACTUAL DE LAS REGLAS
MED-0160,COLCHICINA,COLCHICINA,HAS_PUBLISHED_NONAUTO_RULE,4,1,0,0,0,0,REFERENCIA_ACTUAL_VALIDADA,0.0,CLOSED_CURRENT_REFERENCE,REFERENCIA_ACTUAL_VALIDADA,VALIDAR FUENTE ACTUAL DE LAS REGLAS
MED-0164,DABIGATRAN,DABIGATRAN,HAS_PUBLISHED_NONAUTO_RULE,4,1,0,0,0,0,REFERENCIA_ACTUAL_VALIDADA,0.0,CLOSED_CURRENT_REFERENCE,REFERENCIA_ACTUAL_VALIDADA,VALIDAR FUENTE ACTUAL DE LAS REGLAS
MED-0168,DAPAGLIFLOZINA,DAPAGLIFLOZINA,HAS_PUBLISHED_NONAUTO_RULE,4,1,0,0,0,0,REFERENCIA_ACTUAL_VALIDADA,0.0,CLOSED_CURRENT_REFERENCE,REFERENCIA_ACTUAL_VALIDADA,VALIDAR FUENTE ACTUAL DE LAS REGLAS
MED-0176,DEFERASIROX,DEFERASIROX,HAS_PUBLISHED_NONAUTO_RULE,4,1,0,0,0,0,REFERENCIA_ACTUAL_VALIDADA,0.0,CLOSED_CURRENT_REFERENCE,REFERENCIA_ACTUAL_VALIDADA,VALIDAR FUENTE ACTUAL DE LAS REGLAS
MED-0195,DIGOXINA,DIGOXINA,HAS_PUBLISHED_NONAUTO_RULE,4,1,0,0,0,0,TDM_MONITORIZACION_ACTUAL,0.0,CLOSED_TDM,TDM_MONITORIZACION_ACTUAL,VALIDAR FUENTE ACTUAL DE LAS REGLAS
MED-0208,DORAVIRINA,DORAVIRINA,HAS_PUBLISHED_NONAUTO_RULE,4,1,0,0,0,0,REFERENCIA_ACTUAL_VALIDADA,0.0,CLOSED_CURRENT_REFERENCE,REFERENCIA_ACTUAL_VALIDADA,VALIDAR FUENTE ACTUAL DE LAS REGLAS
MED-0217,DROXIDOPA,DROXIDOPA,HAS_PUBLISHED_NONAUTO_RULE,4,1,0,0,0,0,REFERENCIA_ACTUAL_VALIDADA,0.0,CLOSED_CURRENT_REFERENCE,REFERENCIA_ACTUAL_VALIDADA,VALIDAR FUENTE ACTUAL DE LAS REGLAS
MED-0218,DULOXETINA,DULOXETINA,HAS_PUBLISHED_NONAUTO_RULE,4,1,0,0,0,0,REFERENCIA_ACTUAL_VALIDADA,0.0,CLOSED_CURRENT_REFERENCE,REFERENCIA_ACTUAL_VALIDADA,VALIDAR FUENTE ACTUAL DE LAS REGLAS
MED-0225,EMPAGLIFOZINA,EMPAGLIFOZINA,HAS_PUBLISHED_NONAUTO_RULE,4,1,0,0,0,0,REFERENCIA_ACTUAL_VALIDADA,0.0,CLOSED_CURRENT_REFERENCE,REFERENCIA_ACTUAL_VALIDADA,VALIDAR FUENTE ACTUAL DE LAS REGLAS
MED-0227,ENALAPRIL MALEATO,ENALAPRIL MALEATO,HAS_PUBLISHED_NONAUTO_RULE,4,1,0,0,0,0,REFERENCIA_ACTUAL_VALIDADA,0.0,CLOSED_CURRENT_REFERENCE,REFERENCIA_ACTUAL_VALIDADA,VALIDAR FUENTE ACTUAL DE LAS REGLAS
MED-0228,ENTACAPONA,ENTACAPONA,HAS_PUBLISHED_NONAUTO_RULE,4,1,0,0,0,0,REFERENCIA_ACTUAL_VALIDADA,0.0,CLOSED_CURRENT_REFERENCE,REFERENCIA_ACTUAL_VALIDADA,VALIDAR FUENTE ACTUAL DE LAS REGLAS
MED-0237,ESCITALOPRAM,ESCITALOPRAM,HAS_PUBLISHED_NONAUTO_RULE,4,1,0,0,0,0,REFERENCIA_ACTUAL_VALIDADA,0.0,CLOSED_CURRENT_REFERENCE,REFERENCIA_ACTUAL_VALIDADA,VALIDAR FUENTE ACTUAL DE LAS REGLAS
MED-0250,EZETIMIBE,EZETIMIBE,HAS_PUBLISHED_NONAUTO_RULE,4,1,0,0,0,0,REFERENCIA_ACTUAL_VALIDADA,0.0,CLOSED_CURRENT_REFERENCE,REFERENCIA_ACTUAL_VALIDADA,VALIDAR FUENTE ACTUAL DE LAS REGLAS
MED-0251,FAMOTIDINA,FAMOTIDINA,HAS_AUTOMATIC_RULE,4,6,0,6,0,0,AUTOMATICO_VALIDADO_ACTUAL,0.0,,,VALIDAR FUENTE ACTUAL DE LAS REGLAS
MED-0254,FENITOINA SODICA,FENITOINA SODICA,HAS_PUBLISHED_NONAUTO_RULE,4,1,0,0,0,0,TDM_MONITORIZACION_ACTUAL,0.0,CLOSED_TDM,TDM_MONITORIZACION_ACTUAL,VALIDAR FUENTE ACTUAL DE LAS REGLAS
MED-0260,FINASTERIDA,FINASTERIDA,HAS_PUBLISHED_NONAUTO_RULE,4,1,0,0,0,0,REFERENCIA_ACTUAL_VALIDADA,0.0,CLOSED_CURRENT_REFERENCE,REFERENCIA_ACTUAL_VALIDADA,VALIDAR FUENTE ACTUAL DE LAS REGLAS
MED-0276,GABAPENTINA,GABAPENTINA,HAS_AUTOMATIC_RULE,4,5,0,4,0,0,AUTOMATICO_VALIDADO_ACTUAL,0.0,,,VALIDAR FUENTE ACTUAL DE LAS REGLAS
MED-0277,GALANTAMINA,GALANTAMINA,HAS_PUBLISHED_NONAUTO_RULE,4,1,0,0,0,0,REFERENCIA_ACTUAL_VALIDADA,0.0,CLOSED_CURRENT_REFERENCE,REFERENCIA_ACTUAL_VALIDADA,VALIDAR FUENTE ACTUAL DE LAS REGLAS
MED-0284,GLIMEPIRIDA,GLIMEPIRIDA,HAS_PUBLISHED_NONAUTO_RULE,4,1,0,0,0,0,REFERENCIA_ACTUAL_VALIDADA,0.0,CLOSED_CURRENT_REFERENCE,REFERENCIA_ACTUAL_VALIDADA,VALIDAR FUENTE ACTUAL DE LAS REGLAS
MED-0296,HIDROXIUREA,HIDROXIUREA,HAS_AUTOMATIC_RULE,4,3,0,3,0,0,AUTOMATICO_VALIDADO_ACTUAL,0.0,CLOSED_CURRENT_AUTO,AUTOMATICO_VALIDADO_ACTUAL,VALIDAR FUENTE ACTUAL DE LAS REGLAS
MED-0303,IMATINIB,IMATINIB,HAS_PUBLISHED_NONAUTO_RULE,4,1,0,0,0,0,REFERENCIA_ACTUAL_VALIDADA,0.0,CLOSED_CURRENT_REFERENCE,REFERENCIA_ACTUAL_VALIDADA,VALIDAR FUENTE ACTUAL DE LAS REGLAS
MED-0309,IRBERSARTAN,IRBERSARTAN,HAS_PUBLISHED_NONAUTO_RULE,4,1,0,0,0,0,REFERENCIA_ACTUAL_VALIDADA,0.0,CLOSED_CURRENT_REFERENCE,REFERENCIA_ACTUAL_VALIDADA,VALIDAR FUENTE ACTUAL DE LAS REGLAS
MED-0317,IVABRADINA,IVABRADINA,HAS_PUBLISHED_NONAUTO_RULE,4,1,0,0,0,0,REFERENCIA_ACTUAL_VALIDADA,0.0,CLOSED_CURRENT_REFERENCE,REFERENCIA_ACTUAL_VALIDADA,VALIDAR FUENTE ACTUAL DE LAS REGLAS
MED-0318,IXAZOMIB,IXAZOMIB,HAS_PUBLISHED_NONAUTO_RULE,4,1,0,0,0,0,REFERENCIA_ACTUAL_VALIDADA,0.0,CLOSED_CURRENT_REFERENCE,REFERENCIA_ACTUAL_VALIDADA,VALIDAR FUENTE ACTUAL DE LAS REGLAS
MED-0321,KETOROLACO,KETOROLACO,HAS_PUBLISHED_NONAUTO_RULE,4,1,0,0,0,0,REFERENCIA_ACTUAL_VALIDADA,0.0,CLOSED_CURRENT_REFERENCE,REFERENCIA_ACTUAL_VALIDADA,VALIDAR FUENTE ACTUAL DE LAS REGLAS
MED-0329,LAMOTRIGINA,LAMOTRIGINA,HAS_PUBLISHED_NONAUTO_RULE,4,1,0,0,0,0,REFERENCIA_ACTUAL_VALIDADA,0.0,CLOSED_CURRENT_REFERENCE,REFERENCIA_ACTUAL_VALIDADA,VALIDAR FUENTE ACTUAL DE LAS REGLAS
MED-0335,LENALIDOMIDA,LENALIDOMIDA,HAS_PUBLISHED_NONAUTO_RULE,4,1,0,0,0,0,REFERENCIA_ACTUAL_VALIDADA,0.0,CLOSED_CURRENT_REFERENCE,REFERENCIA_ACTUAL_VALIDADA,VALIDAR FUENTE ACTUAL DE LAS REGLAS
MED-0338,LETROZOL,LETROZOL,HAS_PUBLISHED_NONAUTO_RULE,4,1,0,0,0,0,REFERENCIA_ACTUAL_VALIDADA,0.0,CLOSED_CURRENT_REFERENCE,REFERENCIA_ACTUAL_VALIDADA,VALIDAR FUENTE ACTUAL DE LAS REGLAS
MED-0339,LEVETIRACETAM,LEVETIRACETAM,HAS_AUTOMATIC_RULE,4,5,0,4,0,0,AUTOMATICO_VALIDADO_ACTUAL,0.0,,,VALIDAR FUENTE ACTUAL DE LAS REGLAS
MED-0340,LEVOCETIRIZINA,LEVOCETIRIZINA,HAS_PUBLISHED_NONAUTO_RULE,4,1,0,0,0,0,REFERENCIA_ACTUAL_VALIDADA,0.0,CLOSED_CURRENT_REFERENCE,REFERENCIA_ACTUAL_VALIDADA,VALIDAR FUENTE ACTUAL DE LAS REGLAS
MED-0348,LINAGLIPTINA,LINAGLIPTINA,HAS_PUBLISHED_NONAUTO_RULE,4,1,0,0,0,0,REFERENCIA_ACTUAL_VALIDADA,0.0,CLOSED_CURRENT_REFERENCE,REFERENCIA_ACTUAL_VALIDADA,VALIDAR FUENTE ACTUAL DE LAS REGLAS
MED-0350,LISINOPRIL,LISINOPRIL,HAS_PUBLISHED_NONAUTO_RULE,4,1,0,0,0,0,REFERENCIA_ACTUAL_VALIDADA,0.0,CLOSED_CURRENT_REFERENCE,REFERENCIA_ACTUAL_VALIDADA,VALIDAR FUENTE ACTUAL DE LAS REGLAS
MED-0357,LOSARTAN,LOSARTAN,HAS_PUBLISHED_NONAUTO_RULE,4,1,0,0,0,0,REFERENCIA_ACTUAL_VALIDADA,0.0,CLOSED_CURRENT_REFERENCE,REFERENCIA_ACTUAL_VALIDADA,VALIDAR FUENTE ACTUAL DE LAS REGLAS
MED-0358,LOVASTATINA,LOVASTATINA,HAS_PUBLISHED_NONAUTO_RULE,4,1,0,0,0,0,REFERENCIA_ACTUAL_VALIDADA,0.0,CLOSED_CURRENT_REFERENCE,REFERENCIA_ACTUAL_VALIDADA,VALIDAR FUENTE ACTUAL DE LAS REGLAS
MED-0372,MEMANTINA CLORHIDRATO,MEMANTINA CLORHIDRATO,HAS_PUBLISHED_NONAUTO_RULE,4,1,0,0,0,0,REFERENCIA_ACTUAL_VALIDADA,0.0,CLOSED_CURRENT_REFERENCE,REFERENCIA_ACTUAL_VALIDADA,VALIDAR FUENTE ACTUAL DE LAS REGLAS
MED-0377,METFORMINA,METFORMINA,HAS_AUTOMATIC_RULE,4,3,0,3,0,0,AUTOMATICO_VALIDADO_ACTUAL,0.0,,,VALIDAR FUENTE ACTUAL DE LAS REGLAS
MED-0385,METOCLOPRAMIDA,METOCLOPRAMIDA,HAS_AUTOMATIC_RULE,4,4,0,4,0,0,AUTOMATICO_VALIDADO_ACTUAL,0.0,,,VALIDAR FUENTE ACTUAL DE LAS REGLAS
MED-0393,MIDODRINA CLORHIDRATO,MIDODRINA CLORHIDRATO,HAS_PUBLISHED_NONAUTO_RULE,4,1,0,0,0,0,REFERENCIA_ACTUAL_VALIDADA,0.0,CLOSED_CURRENT_REFERENCE,REFERENCIA_ACTUAL_VALIDADA,VALIDAR FUENTE ACTUAL DE LAS REGLAS
MED-0401,MIRABEGRON,MIRABEGRON,HAS_PUBLISHED_NONAUTO_RULE,4,1,0,0,0,0,REFERENCIA_ACTUAL_VALIDADA,0.0,CLOSED_CURRENT_REFERENCE,REFERENCIA_ACTUAL_VALIDADA,VALIDAR FUENTE ACTUAL DE LAS REGLAS
MED-0402,MIRTAZAPINA,MIRTAZAPINA,HAS_PUBLISHED_NONAUTO_RULE,4,1,0,0,0,0,REFERENCIA_ACTUAL_VALIDADA,0.0,CLOSED_CURRENT_REFERENCE,REFERENCIA_ACTUAL_VALIDADA,VALIDAR FUENTE ACTUAL DE LAS REGLAS
MED-0410,MONTELUKAST,MONTELUKAST,HAS_PUBLISHED_NONAUTO_RULE,4,1,0,0,0,0,REFERENCIA_ACTUAL_VALIDADA,0.0,CLOSED_CURRENT_REFERENCE,REFERENCIA_ACTUAL_VALIDADA,VALIDAR FUENTE ACTUAL DE LAS REGLAS
MED-0415,NEBIVOLOL,NEBIVOLOL,HAS_PUBLISHED_NONAUTO_RULE,4,1,0,0,0,0,REFERENCIA_ACTUAL_VALIDADA,0.0,CLOSED_CURRENT_REFERENCE,REFERENCIA_ACTUAL_VALIDADA,VALIDAR FUENTE ACTUAL DE LAS REGLAS
MED-0430,NITROFURANTOINA,NITROFURANTOINA,HAS_PUBLISHED_NONAUTO_RULE,4,1,0,0,0,0,REFERENCIA_ACTUAL_VALIDADA,0.0,,,VALIDAR FUENTE ACTUAL DE LAS REGLAS
MED-0434,OLANZAPINA,OLANZAPINA,HAS_PUBLISHED_NONAUTO_RULE,4,1,0,0,0,0,REFERENCIA_ACTUAL_VALIDADA,0.0,CLOSED_CURRENT_REFERENCE,REFERENCIA_ACTUAL_VALIDADA,VALIDAR FUENTE ACTUAL DE LAS REGLAS
MED-0435,OLAPARIB,OLAPARIB,HAS_PUBLISHED_NONAUTO_RULE,4,1,0,0,0,0,REFERENCIA_ACTUAL_VALIDADA,0.0,CLOSED_CURRENT_REFERENCE,REFERENCIA_ACTUAL_VALIDADA,VALIDAR FUENTE ACTUAL DE LAS REGLAS
MED-0438,ONDANSETRON,ONDANSETRON,HAS_PUBLISHED_NONAUTO_RULE,4,1,0,0,0,0,REFERENCIA_ACTUAL_VALIDADA,0.0,CLOSED_CURRENT_REFERENCE,REFERENCIA_ACTUAL_VALIDADA,VALIDAR FUENTE ACTUAL DE LAS REGLAS
MED-0444,OXCARBAZEPINA,OXCARBAZEPINA,HAS_PUBLISHED_NONAUTO_RULE,4,1,0,0,0,0,REFERENCIA_ACTUAL_VALIDADA,0.0,CLOSED_CURRENT_REFERENCE,REFERENCIA_ACTUAL_VALIDADA,VALIDAR FUENTE ACTUAL DE LAS REGLAS
MED-0448,PALBOCICLIB,PALBOCICLIB,HAS_PUBLISHED_NONAUTO_RULE,4,1,0,0,0,0,REFERENCIA_ACTUAL_VALIDADA,0.0,CLOSED_CURRENT_REFERENCE,REFERENCIA_ACTUAL_VALIDADA,VALIDAR FUENTE ACTUAL DE LAS REGLAS
MED-0449,PALIPERIDONA,PALIPERIDONA,HAS_PUBLISHED_NONAUTO_RULE,4,1,0,0,0,0,REFERENCIA_ACTUAL_VALIDADA,0.0,CLOSED_CURRENT_REFERENCE,REFERENCIA_ACTUAL_VALIDADA,VALIDAR FUENTE ACTUAL DE LAS REGLAS
MED-0452,PANTOPRAZOL,PANTOPRAZOL,HAS_PUBLISHED_NONAUTO_RULE,4,1,0,0,0,0,REFERENCIA_ACTUAL_VALIDADA,0.0,CLOSED_CURRENT_REFERENCE,REFERENCIA_ACTUAL_VALIDADA,VALIDAR FUENTE ACTUAL DE LAS REGLAS
MED-0457,PAROXETINA,PAROXETINA,HAS_PUBLISHED_NONAUTO_RULE,4,1,0,0,0,0,REFERENCIA_ACTUAL_VALIDADA,0.0,CLOSED_CURRENT_REFERENCE,REFERENCIA_ACTUAL_VALIDADA,VALIDAR FUENTE ACTUAL DE LAS REGLAS
MED-0476,PRAMIPEXOL,PRAMIPEXOL,HAS_PUBLISHED_NONAUTO_RULE,4,1,0,0,0,0,REFERENCIA_ACTUAL_VALIDADA,0.0,CLOSED_CURRENT_REFERENCE,REFERENCIA_ACTUAL_VALIDADA,VALIDAR FUENTE ACTUAL DE LAS REGLAS
MED-0477,PRAVASTATINA SODICA,PRAVASTATINA SODICA,HAS_PUBLISHED_NONAUTO_RULE,4,1,0,0,0,0,REFERENCIA_ACTUAL_VALIDADA,0.0,CLOSED_CURRENT_REFERENCE,REFERENCIA_ACTUAL_VALIDADA,VALIDAR FUENTE ACTUAL DE LAS REGLAS
MED-0489,PRUCALOPRIDA,PRUCALOPRIDA,HAS_PUBLISHED_NONAUTO_RULE,4,1,0,0,0,0,REFERENCIA_ACTUAL_VALIDADA,0.0,CLOSED_CURRENT_REFERENCE,REFERENCIA_ACTUAL_VALIDADA,VALIDAR FUENTE ACTUAL DE LAS REGLAS
MED-0491,QUETIAPINA,QUETIAPINA,HAS_PUBLISHED_NONAUTO_RULE,4,1,0,0,0,0,REFERENCIA_ACTUAL_VALIDADA,0.0,CLOSED_CURRENT_REFERENCE,REFERENCIA_ACTUAL_VALIDADA,VALIDAR FUENTE ACTUAL DE LAS REGLAS
MED-0492,RALTEGRAVIR,RALTEGRAVIR,HAS_PUBLISHED_NONAUTO_RULE,4,1,0,0,0,0,REFERENCIA_ACTUAL_VALIDADA,0.0,CLOSED_CURRENT_REFERENCE,REFERENCIA_ACTUAL_VALIDADA,VALIDAR FUENTE ACTUAL DE LAS REGLAS
MED-0494,RANOLAZINA,RANOLAZINA,HAS_PUBLISHED_NONAUTO_RULE,4,1,0,0,0,0,REFERENCIA_ACTUAL_VALIDADA,0.0,CLOSED_CURRENT_REFERENCE,REFERENCIA_ACTUAL_VALIDADA,VALIDAR FUENTE ACTUAL DE LAS REGLAS
MED-0495,RASAGILINA,RASAGILINA,HAS_PUBLISHED_NONAUTO_RULE,4,1,0,0,0,0,REFERENCIA_ACTUAL_VALIDADA,0.0,CLOSED_CURRENT_REFERENCE,REFERENCIA_ACTUAL_VALIDADA,VALIDAR FUENTE ACTUAL DE LAS REGLAS
MED-0503,RIOCIGUAT,RIOCIGUAT,HAS_PUBLISHED_NONAUTO_RULE,4,1,0,0,0,0,REFERENCIA_ACTUAL_VALIDADA,0.0,CLOSED_CURRENT_REFERENCE,REFERENCIA_ACTUAL_VALIDADA,VALIDAR FUENTE ACTUAL DE LAS REGLAS
MED-0504,RISPERIDONA,RISPERIDONA,HAS_PUBLISHED_NONAUTO_RULE,4,1,0,0,0,0,REFERENCIA_ACTUAL_VALIDADA,0.0,CLOSED_CURRENT_REFERENCE,REFERENCIA_ACTUAL_VALIDADA,VALIDAR FUENTE ACTUAL DE LAS REGLAS
MED-0505,RITONAVIR,RITONAVIR,HAS_PUBLISHED_NONAUTO_RULE,4,1,0,0,0,0,REFERENCIA_ACTUAL_VALIDADA,0.0,CLOSED_CURRENT_REFERENCE,REFERENCIA_ACTUAL_VALIDADA,VALIDAR FUENTE ACTUAL DE LAS REGLAS
MED-0506,RIVAROXABAN,RIVAROXABAN,HAS_PUBLISHED_NONAUTO_RULE,4,1,0,0,0,0,REFERENCIA_ACTUAL_VALIDADA,0.0,CLOSED_CURRENT_REFERENCE,REFERENCIA_ACTUAL_VALIDADA,VALIDAR FUENTE ACTUAL DE LAS REGLAS
MED-0507,RIVASTIGMINA,RIVASTIGMINA,HAS_PUBLISHED_NONAUTO_RULE,4,1,0,0,0,0,REFERENCIA_ACTUAL_VALIDADA,0.0,CLOSED_CURRENT_REFERENCE,REFERENCIA_ACTUAL_VALIDADA,VALIDAR FUENTE ACTUAL DE LAS REGLAS
MED-0509,ROFLUMILAST,ROFLUMILAST,HAS_PUBLISHED_NONAUTO_RULE,4,1,0,0,0,0,REFERENCIA_ACTUAL_VALIDADA,0.0,CLOSED_CURRENT_REFERENCE,REFERENCIA_ACTUAL_VALIDADA,VALIDAR FUENTE ACTUAL DE LAS REGLAS
MED-0510,ROSUVASTATINA,ROSUVASTATINA,HAS_PUBLISHED_NONAUTO_RULE,4,1,0,0,0,0,REFERENCIA_ACTUAL_VALIDADA,0.0,CLOSED_CURRENT_REFERENCE,REFERENCIA_ACTUAL_VALIDADA,VALIDAR FUENTE ACTUAL DE LAS REGLAS
MED-0514,RUXOLITINIB,RUXOLITINIB,HAS_PUBLISHED_NONAUTO_RULE,4,1,0,0,0,0,REFERENCIA_ACTUAL_VALIDADA,0.0,CLOSED_CURRENT_REFERENCE,REFERENCIA_ACTUAL_VALIDADA,VALIDAR FUENTE ACTUAL DE LAS REGLAS
MED-0515,SACUBITRIL VALSARTAN,SACUBITRIL VALSARTAN,HAS_PUBLISHED_NONAUTO_RULE,4,1,0,0,0,0,REFERENCIA_ACTUAL_VALIDADA,0.0,CLOSED_CURRENT_REFERENCE,REFERENCIA_ACTUAL_VALIDADA,VALIDAR FUENTE ACTUAL DE LAS REGLAS
MED-0520,SEMAGLUTIDA,SEMAGLUTIDA,HAS_PUBLISHED_NONAUTO_RULE,4,1,0,0,0,0,REFERENCIA_ACTUAL_VALIDADA,0.0,CLOSED_CURRENT_REFERENCE,REFERENCIA_ACTUAL_VALIDADA,VALIDAR FUENTE ACTUAL DE LAS REGLAS
MED-0521,SERTRALINA,SERTRALINA,HAS_PUBLISHED_NONAUTO_RULE,4,1,0,0,0,0,REFERENCIA_ACTUAL_VALIDADA,0.0,CLOSED_CURRENT_REFERENCE,REFERENCIA_ACTUAL_VALIDADA,VALIDAR FUENTE ACTUAL DE LAS REGLAS
MED-0523,SILDENAFILO,SILDENAFILO,HAS_PUBLISHED_NONAUTO_RULE,4,2,0,0,0,0,REFERENCIA_ACTUAL_VALIDADA,0.0,CLOSED_CURRENT_REFERENCE,REFERENCIA_ACTUAL_VALIDADA,VALIDAR FUENTE ACTUAL DE LAS REGLAS
MED-0525,SILODOSINA,SILODOSINA,HAS_PUBLISHED_NONAUTO_RULE,4,1,0,0,0,0,REFERENCIA_ACTUAL_VALIDADA,0.0,CLOSED_CURRENT_REFERENCE,REFERENCIA_ACTUAL_VALIDADA,VALIDAR FUENTE ACTUAL DE LAS REGLAS
MED-0527,SIMVASTATINA,SIMVASTATINA,HAS_PUBLISHED_NONAUTO_RULE,4,1,0,0,0,0,REFERENCIA_ACTUAL_VALIDADA,0.0,CLOSED_CURRENT_REFERENCE,REFERENCIA_ACTUAL_VALIDADA,VALIDAR FUENTE ACTUAL DE LAS REGLAS
MED-0528,SITAGLIPTINA,SITAGLIPTINA,HAS_AUTOMATIC_RULE,4,3,0,3,0,0,AUTOMATICO_VALIDADO_ACTUAL,0.0,,,VALIDAR FUENTE ACTUAL DE LAS REGLAS
MED-0530,SOLIFENACINA,SOLIFENACINA,HAS_PUBLISHED_NONAUTO_RULE,4,1,0,0,0,0,REFERENCIA_ACTUAL_VALIDADA,0.0,CLOSED_CURRENT_REFERENCE,REFERENCIA_ACTUAL_VALIDADA,VALIDAR FUENTE ACTUAL DE LAS REGLAS
MED-0532,SORAFENIB,SORAFENIB,HAS_PUBLISHED_NONAUTO_RULE,4,1,0,0,0,0,REFERENCIA_ACTUAL_VALIDADA,0.0,CLOSED_CURRENT_REFERENCE,REFERENCIA_ACTUAL_VALIDADA,VALIDAR FUENTE ACTUAL DE LAS REGLAS
MED-0533,SOTALOL,SOTALOL,HAS_PUBLISHED_NONAUTO_RULE,4,1,0,0,0,0,REFERENCIA_ACTUAL_VALIDADA,0.0,CLOSED_CURRENT_REFERENCE,REFERENCIA_ACTUAL_VALIDADA,VALIDAR FUENTE ACTUAL DE LAS REGLAS
MED-0550,SUNITINIB,SUNITINIB,HAS_PUBLISHED_NONAUTO_RULE,4,1,0,0,0,0,REFERENCIA_ACTUAL_VALIDADA,0.0,CLOSED_CURRENT_REFERENCE,REFERENCIA_ACTUAL_VALIDADA,VALIDAR FUENTE ACTUAL DE LAS REGLAS
MED-0551,SUVOREXANT,SUVOREXANT,HAS_PUBLISHED_NONAUTO_RULE,4,1,0,0,0,0,REFERENCIA_ACTUAL_VALIDADA,0.0,CLOSED_CURRENT_REFERENCE,REFERENCIA_ACTUAL_VALIDADA,VALIDAR FUENTE ACTUAL DE LAS REGLAS
MED-0552,TACROLIMUS,TACROLIMUS,HAS_PUBLISHED_NONAUTO_RULE,4,1,0,0,0,0,TDM_MONITORIZACION_ACTUAL,0.0,CLOSED_TDM,TDM_MONITORIZACION_ACTUAL,VALIDAR FUENTE ACTUAL DE LAS REGLAS
MED-0553,TADALAFILO,TADALAFILO,HAS_PUBLISHED_NONAUTO_RULE,4,1,0,0,0,0,REFERENCIA_ACTUAL_VALIDADA,0.0,CLOSED_CURRENT_REFERENCE,REFERENCIA_ACTUAL_VALIDADA,VALIDAR FUENTE ACTUAL DE LAS REGLAS
MED-0556,TAMSULOSINA CLORHIDRATO,TAMSULOSINA CLORHIDRATO,HAS_PUBLISHED_NONAUTO_RULE,4,1,0,0,0,0,REFERENCIA_ACTUAL_VALIDADA,0.0,CLOSED_CURRENT_REFERENCE,REFERENCIA_ACTUAL_VALIDADA,VALIDAR FUENTE ACTUAL DE LAS REGLAS
MED-0557,TAPENTADOL,TAPENTADOL,HAS_PUBLISHED_NONAUTO_RULE,4,1,0,0,0,0,REFERENCIA_ACTUAL_VALIDADA,0.0,CLOSED_CURRENT_REFERENCE,REFERENCIA_ACTUAL_VALIDADA,VALIDAR FUENTE ACTUAL DE LAS REGLAS
MED-0558,TELMISARTAN,TELMISARTAN,HAS_PUBLISHED_NONAUTO_RULE,4,1,0,0,0,0,REFERENCIA_ACTUAL_VALIDADA,0.0,CLOSED_CURRENT_REFERENCE,REFERENCIA_ACTUAL_VALIDADA,VALIDAR FUENTE ACTUAL DE LAS REGLAS
MED-0559,TEMOZOLOMIDA,TEMOZOLOMIDA,HAS_PUBLISHED_NONAUTO_RULE,4,1,0,0,0,0,REFERENCIA_ACTUAL_VALIDADA,0.0,CLOSED_CURRENT_REFERENCE,REFERENCIA_ACTUAL_VALIDADA,VALIDAR FUENTE ACTUAL DE LAS REGLAS
MED-0561,TEOFILINA ANHIDRA,TEOFILINA ANHIDRA,HAS_PUBLISHED_NONAUTO_RULE,4,1,0,0,0,0,TDM_MONITORIZACION_ACTUAL,0.0,CLOSED_TDM,TDM_MONITORIZACION_ACTUAL,VALIDAR FUENTE ACTUAL DE LAS REGLAS
MED-0562,TERAZOSINA,TERAZOSINA,HAS_AUTOMATIC_RULE,4,2,0,2,0,0,AUTOMATICO_VALIDADO_ACTUAL,0.0,CLOSED_CURRENT_AUTO,AUTOMATICO_VALIDADO_ACTUAL,VALIDAR FUENTE ACTUAL DE LAS REGLAS
MED-0565,TERIFLUNOMIDA,TERIFLUNOMIDA,HAS_PUBLISHED_NONAUTO_RULE,4,1,0,0,0,0,REFERENCIA_ACTUAL_VALIDADA,0.0,CLOSED_CURRENT_REFERENCE,REFERENCIA_ACTUAL_VALIDADA,VALIDAR FUENTE ACTUAL DE LAS REGLAS
MED-0571,TICAGRELOR,TICAGRELOR,HAS_PUBLISHED_NONAUTO_RULE,4,1,0,0,0,0,REFERENCIA_ACTUAL_VALIDADA,0.0,CLOSED_CURRENT_REFERENCE,REFERENCIA_ACTUAL_VALIDADA,VALIDAR FUENTE ACTUAL DE LAS REGLAS
MED-0577,TIZANIDINA,TIZANIDINA,HAS_PUBLISHED_NONAUTO_RULE,4,1,0,0,0,0,REFERENCIA_ACTUAL_VALIDADA,0.0,CLOSED_CURRENT_REFERENCE,REFERENCIA_ACTUAL_VALIDADA,VALIDAR FUENTE ACTUAL DE LAS REGLAS
MED-0578,TOFACITINIB,TOFACITINIB,HAS_PUBLISHED_NONAUTO_RULE,4,1,0,0,0,0,REFERENCIA_ACTUAL_VALIDADA,0.0,CLOSED_CURRENT_REFERENCE,REFERENCIA_ACTUAL_VALIDADA,VALIDAR FUENTE ACTUAL DE LAS REGLAS
MED-0579,TOLTERODINA L-TARTRATO,TOLTERODINA L-TARTRATO,HAS_PUBLISHED_NONAUTO_RULE,4,1,0,0,0,0,REFERENCIA_ACTUAL_VALIDADA,0.0,CLOSED_CURRENT_REFERENCE,REFERENCIA_ACTUAL_VALIDADA,VALIDAR FUENTE ACTUAL DE LAS REGLAS
MED-0580,TOPIRAMATO,TOPIRAMATO,HAS_AUTOMATIC_RULE,4,2,0,2,0,0,AUTOMATICO_VALIDADO_ACTUAL,0.0,,,VALIDAR FUENTE ACTUAL DE LAS REGLAS
MED-0581,TRAMADOL,TRAMADOL,HAS_PUBLISHED_NONAUTO_RULE,4,1,0,0,0,0,REFERENCIA_ACTUAL_VALIDADA,0.0,CLOSED_CURRENT_REFERENCE,REFERENCIA_ACTUAL_VALIDADA,VALIDAR FUENTE ACTUAL DE LAS REGLAS
MED-0584,TRAZODONA,TRAZODONA,HAS_PUBLISHED_NONAUTO_RULE,4,1,0,0,0,0,REFERENCIA_ACTUAL_VALIDADA,0.0,CLOSED_CURRENT_REFERENCE,REFERENCIA_ACTUAL_VALIDADA,VALIDAR FUENTE ACTUAL DE LAS REGLAS
MED-0596,UMECLIDINIO,UMECLIDINIO,HAS_PUBLISHED_NONAUTO_RULE,4,1,0,0,0,0,REFERENCIA_ACTUAL_VALIDADA,0.0,CLOSED_CURRENT_REFERENCE,REFERENCIA_ACTUAL_VALIDADA,VALIDAR FUENTE ACTUAL DE LAS REGLAS
MED-0600,VALSARTAN,VALSARTAN,HAS_PUBLISHED_NONAUTO_RULE,4,1,0,0,0,0,REFERENCIA_ACTUAL_VALIDADA,0.0,CLOSED_CURRENT_REFERENCE,REFERENCIA_ACTUAL_VALIDADA,VALIDAR FUENTE ACTUAL DE LAS REGLAS
MED-0602,VARDENAFIL,VARDENAFIL,HAS_PUBLISHED_NONAUTO_RULE,4,1,0,0,0,0,REFERENCIA_ACTUAL_VALIDADA,0.0,CLOSED_CURRENT_REFERENCE,REFERENCIA_ACTUAL_VALIDADA,VALIDAR FUENTE ACTUAL DE LAS REGLAS
MED-0603,VARENICLINA TARTRATO,VARENICLINA TARTRATO,HAS_AUTOMATIC_RULE,4,3,0,3,0,0,AUTOMATICO_VALIDADO_ACTUAL,0.0,CLOSED_CURRENT_AUTO,AUTOMATICO_VALIDADO_ACTUAL,VALIDAR FUENTE ACTUAL DE LAS REGLAS
MED-0605,VENETOCLAX,VENETOCLAX,HAS_PUBLISHED_NONAUTO_RULE,4,1,0,0,0,0,REFERENCIA_ACTUAL_VALIDADA,0.0,CLOSED_CURRENT_REFERENCE,REFERENCIA_ACTUAL_VALIDADA,VALIDAR FUENTE ACTUAL DE LAS REGLAS
MED-0606,VENLAFAXINA,VENLAFAXINA,HAS_PUBLISHED_NONAUTO_RULE,4,1,0,0,0,0,REFERENCIA_ACTUAL_VALIDADA,0.0,CLOSED_CURRENT_REFERENCE,REFERENCIA_ACTUAL_VALIDADA,VALIDAR FUENTE ACTUAL DE LAS REGLAS
MED-0609,VIGABATRINA,VIGABATRINA,HAS_PUBLISHED_NONAUTO_RULE,4,1,0,0,0,0,REFERENCIA_ACTUAL_VALIDADA,0.0,CLOSED_CURRENT_REFERENCE,REFERENCIA_ACTUAL_VALIDADA,VALIDAR FUENTE ACTUAL DE LAS REGLAS
MED-0613,VORTIOXETINA,VORTIOXETINA,HAS_PUBLISHED_NONAUTO_RULE,4,1,0,0,0,0,REFERENCIA_ACTUAL_VALIDADA,0.0,CLOSED_CURRENT_REFERENCE,REFERENCIA_ACTUAL_VALIDADA,VALIDAR FUENTE ACTUAL DE LAS REGLAS
MED-0614,WARFARINA,WARFARINA,HAS_PUBLISHED_NONAUTO_RULE,4,1,0,0,0,0,REFERENCIA_ACTUAL_VALIDADA,0.0,CLOSED_CURRENT_REFERENCE,REFERENCIA_ACTUAL_VALIDADA,VALIDAR FUENTE ACTUAL DE LAS REGLAS
MED-0615,ZIDOVUDINA,ZIDOVUDINA,HAS_PUBLISHED_NONAUTO_RULE,4,1,0,0,0,0,REFERENCIA_ACTUAL_VALIDADA,0.0,CLOSED_CURRENT_REFERENCE,REFERENCIA_ACTUAL_VALIDADA,VALIDAR FUENTE ACTUAL DE LAS REGLAS
MED-0617,ZOLPIDEM,ZOLPIDEM,HAS_AUTOMATIC_RULE,4,2,0,2,0,0,AUTOMATICO_VALIDADO_ACTUAL,0.0,CLOSED_CURRENT_AUTO,AUTOMATICO_VALIDADO_ACTUAL,VALIDAR FUENTE ACTUAL DE LAS REGLAS
MED-0643,ENOXAPARINA,ENOXAPARINA,HAS_PUBLISHED_NONAUTO_RULE,4,1,0,0,0,0,REFERENCIA_ACTUAL_VALIDADA,0.0,CLOSED_CURRENT_REFERENCE,REFERENCIA_ACTUAL_VALIDADA,VALIDAR FUENTE ACTUAL DE LAS REGLAS
MED-0669,CEFDINIR,CEFDINIR,HAS_PUBLISHED_NONAUTO_RULE,4,1,0,0,0,0,REFERENCIA_ACTUAL_VALIDADA,0.0,CLOSED_CURRENT_REFERENCE,REFERENCIA_ACTUAL_VALIDADA,VALIDAR FUENTE ACTUAL DE LAS REGLAS
MED-0670,CEFPODOXIMA,CEFPODOXIMA,HAS_AUTOMATIC_RULE,4,3,0,2,0,0,AUTOMATICO_VALIDADO_ACTUAL,0.0,CLOSED_CURRENT_REFERENCE,REFERENCIA_ACTUAL_VALIDADA,VALIDAR FUENTE ACTUAL DE LAS REGLAS
MED-0701,MICAFUNGINA,MICAFUNGINA,HAS_AUTOMATIC_RULE,4,2,0,2,0,0,AUTOMATICO_VALIDADO_ACTUAL,0.0,CLOSED_CURRENT_AUTO,AUTOMATICO_VALIDADO_ACTUAL,VALIDAR FUENTE ACTUAL DE LAS REGLAS
MED-0779,PREGABALINA,PREGABALINA,HAS_PUBLISHED_NONAUTO_RULE,4,5,0,0,0,0,REFERENCIA_ACTUAL_VALIDADA,0.0,CLOSED_REFERENCE,CURRENT_REFERENCE,VALIDAR FUENTE ACTUAL DE LAS REGLAS
MED-0784,PROPRANOLOL,PROPRANOLOL,HAS_PUBLISHED_NONAUTO_RULE,4,1,0,0,0,0,REFERENCIA_ACTUAL_VALIDADA,0.0,CLOSED_CURRENT_REFERENCE,REFERENCIA_ACTUAL_VALIDADA,VALIDAR FUENTE ACTUAL DE LAS REGLAS
MED-0017,ACICLOVIR,ACICLOVIR,HAS_AUTOMATIC_RULE,5,8,0,8,1,1,AUTOMATICO_VALIDADO_ACTUAL,0.0,,,COBERTURA ESTRUCTURAL PRESENTE; AUDITAR CONTENIDO CLÍNICO
MED-0053,AMOXICILINA,AMOXICILINA,HAS_AUTOMATIC_RULE,5,6,0,6,1,1,AUTOMATICO_VALIDADO_ACTUAL,0.0,,,COBERTURA ESTRUCTURAL PRESENTE; AUDITAR CONTENIDO CLÍNICO
MED-0054,AMPICILINA,AMPICILINA,HAS_AUTOMATIC_RULE,5,4,0,4,1,1,AUTOMATICO_VALIDADO_ACTUAL,0.0,,,COBERTURA ESTRUCTURAL PRESENTE; AUDITAR CONTENIDO CLÍNICO
MED-0062,ATAZANAVIR,ATAZANAVIR,HAS_PUBLISHED_NONAUTO_RULE,5,1,0,0,1,1,REFERENCIA_ACTUAL_VALIDADA,0.0,,,COBERTURA ESTRUCTURAL PRESENTE; AUDITAR CONTENIDO CLÍNICO
MED-0068,AZITROMICINA,AZITROMICINA,HAS_AUTOMATIC_RULE,5,2,0,2,1,1,AUTOMATICO_VALIDADO_ACTUAL,0.0,,,COBERTURA ESTRUCTURAL PRESENTE; AUDITAR CONTENIDO CLÍNICO
MED-0096,CABOTEGRAVIR,CABOTEGRAVIR,HAS_PUBLISHED_NONAUTO_RULE,5,1,0,0,1,1,REFERENCIA_ACTUAL_VALIDADA,0.0,,,COBERTURA ESTRUCTURAL PRESENTE; AUDITAR CONTENIDO CLÍNICO
MED-0115,CEFUROXIMA,CEFUROXIMA,HAS_AUTOMATIC_RULE,5,3,0,3,1,1,AUTOMATICO_VALIDADO_ACTUAL,0.0,,,COBERTURA ESTRUCTURAL PRESENTE; AUDITAR CONTENIDO CLÍNICO
MED-0129,CIPROFLOXACINA,CIPROFLOXACINA,HAS_AUTOMATIC_RULE,5,6,0,6,1,1,AUTOMATICO_VALIDADO_ACTUAL,0.0,,,COBERTURA ESTRUCTURAL PRESENTE; AUDITAR CONTENIDO CLÍNICO
MED-0136,CLARITROMICINA,CLARITROMICINA,HAS_AUTOMATIC_RULE,5,2,0,2,1,1,AUTOMATICO_VALIDADO_ACTUAL,0.0,,,COBERTURA ESTRUCTURAL PRESENTE; AUDITAR CONTENIDO CLÍNICO
MED-0138,CLINDAMICINA,CLINDAMICINA,HAS_AUTOMATIC_RULE,5,1,0,1,1,1,AUTOMATICO_VALIDADO_ACTUAL,0.0,,,COBERTURA ESTRUCTURAL PRESENTE; AUDITAR CONTENIDO CLÍNICO
MED-0147,CLORANFENICOL,CLORANFENICOL,HAS_PUBLISHED_NONAUTO_RULE,5,1,0,0,1,1,TDM_MONITORIZACION_ACTUAL,0.0,,,COBERTURA ESTRUCTURAL PRESENTE; AUDITAR CONTENIDO CLÍNICO
MED-0158,COBICISTAT,COBICISTAT,HAS_PUBLISHED_NONAUTO_RULE,5,1,0,0,1,1,REFERENCIA_ACTUAL_VALIDADA,0.0,,,COBERTURA ESTRUCTURAL PRESENTE; AUDITAR CONTENIDO CLÍNICO
MED-0178,DELAFLOXACINO,DELAFLOXACINO,HAS_PUBLISHED_NONAUTO_RULE,5,1,0,0,1,1,REFERENCIA_ACTUAL_VALIDADA,0.0,,,COBERTURA ESTRUCTURAL PRESENTE; AUDITAR CONTENIDO CLÍNICO
MED-0205,DOLUTEGRAVIR,DOLUTEGRAVIR,HAS_PUBLISHED_NONAUTO_RULE,5,1,0,0,1,1,REFERENCIA_ACTUAL_VALIDADA,0.0,,,COBERTURA ESTRUCTURAL PRESENTE; AUDITAR CONTENIDO CLÍNICO
MED-0211,DOXICICLINA,DOXICICLINA,HAS_PUBLISHED_NONAUTO_RULE,5,1,0,0,1,1,REFERENCIA_ACTUAL_VALIDADA,0.0,,,COBERTURA ESTRUCTURAL PRESENTE; AUDITAR CONTENIDO CLÍNICO
MED-0234,ERITROMICINA,ERITROMICINA,HAS_PUBLISHED_NONAUTO_RULE,5,1,0,0,1,1,REFERENCIA_ACTUAL_VALIDADA,0.0,,,COBERTURA ESTRUCTURAL PRESENTE; AUDITAR CONTENIDO CLÍNICO
MED-0265,FLUCITOSINA,FLUCITOSINA,HAS_PUBLISHED_NONAUTO_RULE,5,1,0,0,1,1,TDM_MONITORIZACION_ACTUAL,0.0,,,COBERTURA ESTRUCTURAL PRESENTE; AUDITAR CONTENIDO CLÍNICO
MED-0266,FLUCONAZOL,FLUCONAZOL,HAS_AUTOMATIC_RULE,5,3,0,3,1,1,AUTOMATICO_VALIDADO_ACTUAL,0.0,,,COBERTURA ESTRUCTURAL PRESENTE; AUDITAR CONTENIDO CLÍNICO
MED-0310,ISAVUCONAZOL,ISAVUCONAZOL,HAS_AUTOMATIC_RULE,5,2,0,2,1,1,AUTOMATICO_VALIDADO_ACTUAL,0.0,,,COBERTURA ESTRUCTURAL PRESENTE; AUDITAR CONTENIDO CLÍNICO
MED-0313,ISONIACIDA,ISONIACIDA,HAS_AUTOMATIC_RULE,5,2,0,2,1,1,AUTOMATICO_VALIDADO_ACTUAL,0.0,,,COBERTURA ESTRUCTURAL PRESENTE; AUDITAR CONTENIDO CLÍNICO
MED-0328,LAMIVUDINA,LAMIVUDINA,HAS_AUTOMATIC_RULE,5,5,0,5,1,1,AUTOMATICO_VALIDADO_ACTUAL,0.0,,,COBERTURA ESTRUCTURAL PRESENTE; AUDITAR CONTENIDO CLÍNICO
MED-0337,LETERMOVIR,LETERMOVIR,HAS_PUBLISHED_NONAUTO_RULE,5,1,0,0,1,1,REFERENCIA_ACTUAL_VALIDADA,0.0,,,COBERTURA ESTRUCTURAL PRESENTE; AUDITAR CONTENIDO CLÍNICO
MED-0342,LEVOFLOXACINA,LEVOFLOXACINA,HAS_AUTOMATIC_RULE,5,6,0,6,1,1,AUTOMATICO_VALIDADO_ACTUAL,0.0,,,COBERTURA ESTRUCTURAL PRESENTE; AUDITAR CONTENIDO CLÍNICO
MED-0349,LINEZOLID,LINEZOLID,HAS_AUTOMATIC_RULE,5,1,0,1,1,1,AUTOMATICO_VALIDADO_ACTUAL,0.0,,,COBERTURA ESTRUCTURAL PRESENTE; AUDITAR CONTENIDO CLÍNICO
MED-0389,METRONIDAZOL,METRONIDAZOL,HAS_PUBLISHED_NONAUTO_RULE,5,1,0,0,1,1,REFERENCIA_ACTUAL_VALIDADA,0.0,,,COBERTURA ESTRUCTURAL PRESENTE; AUDITAR CONTENIDO CLÍNICO
MED-0412,MOXIFLOXACINA,MOXIFLOXACINA,HAS_AUTOMATIC_RULE,5,1,0,1,1,1,AUTOMATICO_VALIDADO_ACTUAL,0.0,,,COBERTURA ESTRUCTURAL PRESENTE; AUDITAR CONTENIDO CLÍNICO
MED-0418,NEVIRAPINA,NEVIRAPINA,HAS_AUTOMATIC_RULE,5,2,0,2,1,1,AUTOMATICO_VALIDADO_ACTUAL,0.0,,,COBERTURA ESTRUCTURAL PRESENTE; AUDITAR CONTENIDO CLÍNICO
MED-0432,NORFLOXACINA,NORFLOXACINA,HAS_PUBLISHED_NONAUTO_RULE,5,1,0,0,1,1,REFERENCIA_ACTUAL_VALIDADA,0.0,,,COBERTURA ESTRUCTURAL PRESENTE; AUDITAR CONTENIDO CLÍNICO
MED-0440,OSELTAMIVIR,OSELTAMIVIR,HAS_AUTOMATIC_RULE,5,8,0,6,1,1,AUTOMATICO_VALIDADO_ACTUAL,0.0,,,COBERTURA ESTRUCTURAL PRESENTE; AUDITAR CONTENIDO CLÍNICO
MED-0467,PIRAZINAMIDA,PIRAZINAMIDA,HAS_AUTOMATIC_RULE,5,2,0,2,1,1,AUTOMATICO_VALIDADO_ACTUAL,0.0,,,COBERTURA ESTRUCTURAL PRESENTE; AUDITAR CONTENIDO CLÍNICO
MED-0470,PIRIMETAMINA,PIRIMETAMINA,HAS_PUBLISHED_NONAUTO_RULE,5,1,0,0,1,1,REFERENCIA_ACTUAL_VALIDADA,0.0,,,COBERTURA ESTRUCTURAL PRESENTE; AUDITAR CONTENIDO CLÍNICO
MED-0475,POSACONAZOL,POSACONAZOL,HAS_PUBLISHED_NONAUTO_RULE,5,1,0,0,1,1,REFERENCIA_ACTUAL_VALIDADA,0.0,,,COBERTURA ESTRUCTURAL PRESENTE; AUDITAR CONTENIDO CLÍNICO
MED-0499,RIFAMPICINA,RIFAMPICINA,HAS_AUTOMATIC_RULE,5,2,0,2,1,1,AUTOMATICO_VALIDADO_ACTUAL,0.0,,,COBERTURA ESTRUCTURAL PRESENTE; AUDITAR CONTENIDO CLÍNICO
MED-0501,RILPIRIVINA,RILPIRIVINA,HAS_PUBLISHED_NONAUTO_RULE,5,1,0,0,1,1,REFERENCIA_ACTUAL_VALIDADA,0.0,,,COBERTURA ESTRUCTURAL PRESENTE; AUDITAR CONTENIDO CLÍNICO
MED-0529,SOFOSBUVIR,SOFOSBUVIR,HAS_PUBLISHED_NONAUTO_RULE,5,1,0,0,1,1,REFERENCIA_ACTUAL_VALIDADA,0.0,,,COBERTURA ESTRUCTURAL PRESENTE; AUDITAR CONTENIDO CLÍNICO
MED-0540,SULFAMETOXAZOL,SULFAMETOXAZOL,HAS_PUBLISHED_NONAUTO_RULE,5,1,0,0,1,1,REFERENCIA_ACTUAL_VALIDADA,0.0,,,COBERTURA ESTRUCTURAL PRESENTE; AUDITAR CONTENIDO CLÍNICO
MED-0560,TENOFOVIR,TENOFOVIR,HAS_PUBLISHED_NONAUTO_RULE,5,1,0,0,1,1,REFERENCIA_ACTUAL_VALIDADA,0.0,,,COBERTURA ESTRUCTURAL PRESENTE; AUDITAR CONTENIDO CLÍNICO
MED-0568,TETRACICLINA,TETRACICLINA,HAS_PUBLISHED_NONAUTO_RULE,5,1,0,0,1,1,REFERENCIA_ACTUAL_VALIDADA,0.0,,,COBERTURA ESTRUCTURAL PRESENTE; AUDITAR CONTENIDO CLÍNICO
MED-0592,TRIMETOPRIM,TRIMETOPRIM,HAS_PUBLISHED_NONAUTO_RULE,5,1,0,0,1,1,REFERENCIA_ACTUAL_VALIDADA,0.0,,,COBERTURA ESTRUCTURAL PRESENTE; AUDITAR CONTENIDO CLÍNICO
MED-0597,VALACICLOVIR,VALACICLOVIR,HAS_AUTOMATIC_RULE,5,12,0,12,1,1,AUTOMATICO_VALIDADO_ACTUAL,0.0,,,COBERTURA ESTRUCTURAL PRESENTE; AUDITAR CONTENIDO CLÍNICO
MED-0599,VALGANCICLOVIR,VALGANCICLOVIR,HAS_AUTOMATIC_RULE,5,8,0,8,1,1,AUTOMATICO_VALIDADO_ACTUAL,0.0,,,COBERTURA ESTRUCTURAL PRESENTE; AUDITAR CONTENIDO CLÍNICO
MED-0601,VANCOMICINA,VANCOMICINA,HAS_PUBLISHED_NONAUTO_RULE,5,1,0,0,1,1,TDM_MONITORIZACION_ACTUAL,0.0,,,COBERTURA ESTRUCTURAL PRESENTE; AUDITAR CONTENIDO CLÍNICO
MED-0604,VELPATASVIR,VELPATASVIR,HAS_PUBLISHED_NONAUTO_RULE,5,1,0,0,1,1,REFERENCIA_ACTUAL_VALIDADA,0.0,,,COBERTURA ESTRUCTURAL PRESENTE; AUDITAR CONTENIDO CLÍNICO
MED-0612,VORICONAZOL,VORICONAZOL,HAS_AUTOMATIC_RULE,5,2,0,2,2,2,AUTOMATICO_VALIDADO_ACTUAL,0.0,,,COBERTURA ESTRUCTURAL PRESENTE; AUDITAR CONTENIDO CLÍNICO
MED-0619,CEFTRIAXONA,CEFTRIAXONA,HAS_AUTOMATIC_RULE,5,2,0,2,1,1,AUTOMATICO_VALIDADO_ACTUAL,0.0,,,COBERTURA ESTRUCTURAL PRESENTE; AUDITAR CONTENIDO CLÍNICO
MED-0620,CEFOTAXIMA,CEFOTAXIMA,HAS_PUBLISHED_NONAUTO_RULE,5,1,0,0,1,1,REFERENCIA_ACTUAL_VALIDADA,0.0,,,COBERTURA ESTRUCTURAL PRESENTE; AUDITAR CONTENIDO CLÍNICO
MED-0621,CEFAZOLINA,CEFAZOLINA,HAS_AUTOMATIC_RULE,5,5,0,5,1,1,AUTOMATICO_VALIDADO_ACTUAL,0.0,,,COBERTURA ESTRUCTURAL PRESENTE; AUDITAR CONTENIDO CLÍNICO
MED-0622,CEFEPIMA,CEFEPIMA,HAS_AUTOMATIC_RULE,5,18,0,18,1,1,AUTOMATICO_VALIDADO_ACTUAL,0.0,,,COBERTURA ESTRUCTURAL PRESENTE; AUDITAR CONTENIDO CLÍNICO
MED-0623,CEFTAZIDIMA,CEFTAZIDIMA,HAS_AUTOMATIC_RULE,5,6,0,6,1,1,AUTOMATICO_VALIDADO_ACTUAL,0.0,,,COBERTURA ESTRUCTURAL PRESENTE; AUDITAR CONTENIDO CLÍNICO
MED-0624,GENTAMICINA,GENTAMICINA,HAS_PUBLISHED_NONAUTO_RULE,5,1,0,0,1,1,TDM_MONITORIZACION_ACTUAL,0.0,,,COBERTURA ESTRUCTURAL PRESENTE; AUDITAR CONTENIDO CLÍNICO
MED-0625,AMIKACINA,AMIKACINA,HAS_PUBLISHED_NONAUTO_RULE,5,1,0,0,1,1,TDM_MONITORIZACION_ACTUAL,0.0,,,COBERTURA ESTRUCTURAL PRESENTE; AUDITAR CONTENIDO CLÍNICO
MED-0626,MEROPENEM,MEROPENEM,HAS_AUTOMATIC_RULE,5,8,0,8,1,1,AUTOMATICO_VALIDADO_ACTUAL,0.0,,,COBERTURA ESTRUCTURAL PRESENTE; AUDITAR CONTENIDO CLÍNICO
MED-0627,ERTAPENEM,ERTAPENEM,HAS_AUTOMATIC_RULE,5,3,0,3,1,1,AUTOMATICO_VALIDADO_ACTUAL,0.0,,,COBERTURA ESTRUCTURAL PRESENTE; AUDITAR CONTENIDO CLÍNICO
MED-0628,IMIPENEM,IMIPENEM,HAS_AUTOMATIC_RULE,5,15,0,15,1,1,AUTOMATICO_VALIDADO_ACTUAL,0.0,,,COBERTURA ESTRUCTURAL PRESENTE; AUDITAR CONTENIDO CLÍNICO
MED-0629,PIPERACILINA/TAZOBACTAM,PIPERACILINA TAZOBACTAM,HAS_AUTOMATIC_RULE,5,8,0,8,1,1,AUTOMATICO_VALIDADO_ACTUAL,0.0,,,COBERTURA ESTRUCTURAL PRESENTE; AUDITAR CONTENIDO CLÍNICO
MED-0630,AMOXICILINA/ÁCIDO CLAVULÁNICO,AMOXICILINA ACIDO CLAVULANICO,HAS_AUTOMATIC_RULE,5,4,0,4,1,1,AUTOMATICO_VALIDADO_ACTUAL,0.0,,,COBERTURA ESTRUCTURAL PRESENTE; AUDITAR CONTENIDO CLÍNICO
MED-0631,AZTREONAM,AZTREONAM,HAS_AUTOMATIC_RULE,5,4,0,4,1,1,AUTOMATICO_VALIDADO_ACTUAL,0.0,,,COBERTURA ESTRUCTURAL PRESENTE; AUDITAR CONTENIDO CLÍNICO
MED-0632,PENICILINA G,PENICILINA G,HAS_PUBLISHED_NONAUTO_RULE,5,1,0,0,1,1,REFERENCIA_ACTUAL_VALIDADA,0.0,,,COBERTURA ESTRUCTURAL PRESENTE; AUDITAR CONTENIDO CLÍNICO
MED-0668,CEFOXITINA,CEFOXITINA,HAS_AUTOMATIC_RULE,5,5,0,5,1,1,AUTOMATICO_VALIDADO_ACTUAL,0.0,,,COBERTURA ESTRUCTURAL PRESENTE; AUDITAR CONTENIDO CLÍNICO
MED-0671,CEFIXIMA,CEFIXIMA,HAS_AUTOMATIC_RULE,5,4,0,4,1,1,AUTOMATICO_VALIDADO_ACTUAL,0.0,,,COBERTURA ESTRUCTURAL PRESENTE; AUDITAR CONTENIDO CLÍNICO
MED-0672,TOBRAMICINA,TOBRAMICINA,HAS_PUBLISHED_NONAUTO_RULE,5,1,0,0,1,1,TDM_MONITORIZACION_ACTUAL,0.0,,,COBERTURA ESTRUCTURAL PRESENTE; AUDITAR CONTENIDO CLÍNICO
MED-0673,DAPTOMICINA,DAPTOMICINA,HAS_AUTOMATIC_RULE,5,6,0,6,1,1,AUTOMATICO_VALIDADO_ACTUAL,0.0,,,COBERTURA ESTRUCTURAL PRESENTE; AUDITAR CONTENIDO CLÍNICO
MED-0700,CASPOFUNGINA,CASPOFUNGINA,HAS_AUTOMATIC_RULE,5,1,0,1,1,1,AUTOMATICO_VALIDADO_ACTUAL,0.0,,,COBERTURA ESTRUCTURAL PRESENTE; AUDITAR CONTENIDO CLÍNICO
