principio_activo,unidad_medida,concentracion,unidad_referencia,dosis_toxica_base,sintomas_base,antidoto_manejo_base,estado_validacion,clase_toxicologica,dosis_toxica_corregida,tipo_umbral,manifestaciones_clave,manejo_corregido,antidoto_especifico,fuente_principal,fuente_secundaria,nivel_evidencia,estado_revision,nota_revision,umbral_mgkg_automatizable,etiqueta_umbral,poblacion_umbral,permitir_comparacion_automatica,fecha_revision,id_revision,duplicado_exacto_nombre,orden_duplicado,correccion_clinicamente_relevante
(ALFA) RIFAXIMINA,mg,200,TABLETAS RECUBIERTAS,SDTE,"náuseas, vómitos, dolor abdominal, diarrea, mareos, y erupciones cutáneas. En casos graves, puede haber síntomas de insuficiencia hepática y reacciones alérgicas severas como anafilaxia",MEDIDAS GENERALES,SIN_DOSIS_TOXICA_ESPECIFICA,Otros / datos específicos limitados,SDTE — sin dosis tóxica humana específica suficientemente validada para automatizar en esta versión.,SDTE,"La sobredosis puede intensificar los efectos farmacológicos y reacciones adversas conocidas. La expresión clínica depende de dosis, formulación, comorbilidades y coingestas.","ABCDE y tratamiento de soporte dirigido a la clínica. ECG, glucemia, electrolitos, función renal/hepática u otras pruebas según mecanismo y síntomas. Ingesta intencional, dosis desconocida, formulación de liberación prolongada o paciente sintomático: evaluación en urgencias y consulta a toxicología/CIT.",Ninguno específico establecido,https://www.rch.org.au/clinicalguide/guideline_index/Poisoning_Initial_Management/,,DATOS_ESPECIFICOS_LIMITADOS,REVISADO_CONSERVADOR,"Se elimina cualquier cifra previa que represente dosis terapéutica máxima, DL50 animal o umbral no sustentado como toxicidad aguda humana.",,,Mixta / depende de contexto,NO,2026-09-02,MED-0001,NO,1,NO
ABACAVIR,mg,300,TABLETA (CUBIERTA CON PELÍCULA),>600 mg DIA,sintomas generales,MEDIDAS GENERALES,PENDIENTE_VALIDACION,Otros / datos específicos limitados,SDTE — sin dosis tóxica humana específica suficientemente validada para automatizar en esta versión.,SDTE,"La sobredosis puede intensificar los efectos farmacológicos y reacciones adversas conocidas. La expresión clínica depende de dosis, formulación, comorbilidades y coingestas.","ABCDE y tratamiento de soporte dirigido a la clínica. ECG, glucemia, electrolitos, función renal/hepática u otras pruebas según mecanismo y síntomas. Ingesta intencional, dosis desconocida, formulación de liberación prolongada o paciente sintomático: evaluación en urgencias y consulta a toxicología/CIT.",Ninguno específico establecido,https://www.rch.org.au/clinicalguide/guideline_index/Poisoning_Initial_Management/,,DATOS_ESPECIFICOS_LIMITADOS,REVISADO_CONSERVADOR,"Se elimina cualquier cifra previa que represente dosis terapéutica máxima, DL50 animal o umbral no sustentado como toxicidad aguda humana.  El valor original '>600 mg DIA' no se usa como umbral automatizable.",,,Mixta / depende de contexto,NO,2026-09-02,MED-0002,NO,1,NO
ABEMACICLIB,mg,100,TABLETA RECUBIERTA,SDTE,"Reacciones alérgicas y anafilaxia: Urticaria, Prurito, angioedema, disnea, Shock anafiláctico Síntomas generales: ver apartado de sintomas generales Infecciones:Los medicamentos biológicos pueden aumentar el riesgo de infecciones debido a la supresión del sistema inmunológico. Síntomas gastrointestinales: Diarrea, Dolor abdominal, Colitis Síntomas neurológicos: Cefalea, Mareos, Convulsiones (en casos graves) Complicaciones hematológicas:Anemia, Trombocitopenia , Leucopenia",MEDIDAS GENERALES,SIN_DOSIS_TOXICA_ESPECIFICA,Otros / datos específicos limitados,SDTE — sin dosis tóxica humana específica suficientemente validada para automatizar en esta versión.,SDTE,"La sobredosis puede intensificar los efectos farmacológicos y reacciones adversas conocidas. La expresión clínica depende de dosis, formulación, comorbilidades y coingestas.","ABCDE y tratamiento de soporte dirigido a la clínica. ECG, glucemia, electrolitos, función renal/hepática u otras pruebas según mecanismo y síntomas. Ingesta intencional, dosis desconocida, formulación de liberación prolongada o paciente sintomático: evaluación en urgencias y consulta a toxicología/CIT.",Ninguno específico establecido,https://www.rch.org.au/clinicalguide/guideline_index/Poisoning_Initial_Management/,,DATOS_ESPECIFICOS_LIMITADOS,REVISADO_CONSERVADOR,"Se elimina cualquier cifra previa que represente dosis terapéutica máxima, DL50 animal o umbral no sustentado como toxicidad aguda humana.",,,Mixta / depende de contexto,NO,2026-09-02,MED-0003,NO,1,NO
ABIRATERONA,mg,250,TABLETA,>1000 mg dia,"artralgia, dolor inguinal, bochornos, diarrea, estreñimiento, pirosis, tos, odinofagia, congestión nasal, insomnio, mareos, lipotimia, cefalea, taquiarrtimia, mialgias, edema de las manos, pies, tobillos o pantorrillas, falta de aliento, urticaria; disfagia; angioedema, petequias.",MEDIDAS GENERALES,PENDIENTE_VALIDACION,Otros / datos específicos limitados,SDTE — sin dosis tóxica humana específica suficientemente validada para automatizar en esta versión.,SDTE,"La sobredosis puede intensificar los efectos farmacológicos y reacciones adversas conocidas. La expresión clínica depende de dosis, formulación, comorbilidades y coingestas.","ABCDE y tratamiento de soporte dirigido a la clínica. ECG, glucemia, electrolitos, función renal/hepática u otras pruebas según mecanismo y síntomas. Ingesta intencional, dosis desconocida, formulación de liberación prolongada o paciente sintomático: evaluación en urgencias y consulta a toxicología/CIT.",Ninguno específico establecido,https://www.rch.org.au/clinicalguide/guideline_index/Poisoning_Initial_Management/,,DATOS_ESPECIFICOS_LIMITADOS,REVISADO_CONSERVADOR,"Se elimina cualquier cifra previa que represente dosis terapéutica máxima, DL50 animal o umbral no sustentado como toxicidad aguda humana.  El valor original '>1000 mg dia' no se usa como umbral automatizable.",,,Mixta / depende de contexto,NO,2026-09-02,MED-0004,NO,1,NO
ABROCITINIB,mg,100,TABLETA RECUBIERTA DE COLOR ROSA GRABADA CON EL TEXTO PFE EN UNA CARA Y ABR 100 EN LA OTRA,SDTE,"Reacciones alérgicas y anafilaxia: Urticaria, Prurito, angioedema, disnea, Shock anafiláctico Síntomas generales: ver apartado de sintomas generales Infecciones:Los medicamentos biológicos pueden aumentar el riesgo de infecciones debido a la supresión del sistema inmunológico. Síntomas gastrointestinales: Diarrea, Dolor abdominal, Colitis Síntomas neurológicos: Cefalea, Mareos, Convulsiones (en casos graves) Complicaciones hematológicas:Anemia, Trombocitopenia , Leucopenia",MEDIDAS GENERALES,SIN_DOSIS_TOXICA_ESPECIFICA,Otros / datos específicos limitados,SDTE — sin dosis tóxica humana específica suficientemente validada para automatizar en esta versión.,SDTE,"La sobredosis puede intensificar los efectos farmacológicos y reacciones adversas conocidas. La expresión clínica depende de dosis, formulación, comorbilidades y coingestas.","ABCDE y tratamiento de soporte dirigido a la clínica. ECG, glucemia, electrolitos, función renal/hepática u otras pruebas según mecanismo y síntomas. Ingesta intencional, dosis desconocida, formulación de liberación prolongada o paciente sintomático: evaluación en urgencias y consulta a toxicología/CIT.",Ninguno específico establecido,https://www.rch.org.au/clinicalguide/guideline_index/Poisoning_Initial_Management/,,DATOS_ESPECIFICOS_LIMITADOS,REVISADO_CONSERVADOR,"Se elimina cualquier cifra previa que represente dosis terapéutica máxima, DL50 animal o umbral no sustentado como toxicidad aguda humana.",,,Mixta / depende de contexto,NO,2026-09-02,MED-0005,NO,1,NO
ACECLOFENACO,mg,100,TABLETA RECUBIERTA,>200 mg dia,"NAUSEAS, VOMITOS, HDA, IRA, CEFALEA, ACUFENO, SORDERA, COMA, APNEA TRANSITORIA",MEDIDAS GENERALES,PENDIENTE_VALIDACION,AINE,SDTE para este AINE en la app: no extrapolar automáticamente los cortes de ibuprofeno a otros AINEs.,SDTE / CLASE,"Predominan síntomas gastrointestinales y neurológicos; sobredosis importante puede asociarse a lesión renal, alteraciones metabólicas y shock.",Tratamiento de soporte y mantener hidratación adecuada en sobredosis importante. La gravedad y decontaminación dependen del fármaco y exposición; consultar toxicología en casos significativos.,Ninguno específico,https://www.rch.org.au/clinicalguide/guideline_index/Nonsteroidal_Anti-inflammatory_Drug_NSAID_poisoning/,,GUIA DE CLASE,VALIDADO_POR_CLASE,Se eliminó el umbral previo si correspondía a una dosis máxima terapéutica.  El valor original '>200 mg dia' no se usa como umbral automatizable.,,,Mixta / depende de contexto,NO,2026-09-02,MED-0006,NO,1,NO
ACETATO DE CIPROTERONA,mg,2,TABLETA CUBIERTA (GRAGEA),SDTE,"Gastrointestinales: Náuseas y vómitos Dolor abdominal Distensión abdominal Endocrinas y Metabólicas:Retención de líquidos Aumento de peso, oEdema, Alteraciones en los niveles de glucosa y lípidos en sangre. Cardiovasculares:Aumento del riesgo de tromboembolismo venoso, Hipertensión arterial, Enfermedades cardiovasculares. Reproductivas y Mamarias:mastalgia, Cambios en el flujo menstrual Neurológicas y Psicológicas:Cefaleas, Cambios en el estado de ánimo, incluyendo depresión y ansiedad Dermatológicas:Cloasma, Acné",MEDIDAS GENERALES,SIN_DOSIS_TOXICA_ESPECIFICA,Otros / datos específicos limitados,SDTE — sin dosis tóxica humana específica suficientemente validada para automatizar en esta versión.,SDTE,"La sobredosis puede intensificar los efectos farmacológicos y reacciones adversas conocidas. La expresión clínica depende de dosis, formulación, comorbilidades y coingestas.","ABCDE y tratamiento de soporte dirigido a la clínica. ECG, glucemia, electrolitos, función renal/hepática u otras pruebas según mecanismo y síntomas. Ingesta intencional, dosis desconocida, formulación de liberación prolongada o paciente sintomático: evaluación en urgencias y consulta a toxicología/CIT.",Ninguno específico establecido,https://www.rch.org.au/clinicalguide/guideline_index/Poisoning_Initial_Management/,,DATOS_ESPECIFICOS_LIMITADOS,REVISADO_CONSERVADOR,"Se elimina cualquier cifra previa que represente dosis terapéutica máxima, DL50 animal o umbral no sustentado como toxicidad aguda humana.",,,Mixta / depende de contexto,NO,2026-09-02,MED-0007,NO,1,NO
ACETATO DE CLORMADINONA,mg,2,TABLETA RECUBIERTA,SDTE,"Gastrointestinales: Náuseas y vómitos Dolor abdominal Distensión abdominal Endocrinas y Metabólicas:Retención de líquidos Aumento de peso, oEdema, Alteraciones en los niveles de glucosa y lípidos en sangre. Cardiovasculares:Aumento del riesgo de tromboembolismo venoso, Hipertensión arterial, Enfermedades cardiovasculares. Reproductivas y Mamarias:mastalgia, Cambios en el flujo menstrual Neurológicas y Psicológicas:Cefaleas, Cambios en el estado de ánimo, incluyendo depresión y ansiedad Dermatológicas:Cloasma, Acné",MEDIDAS GENERALES,SIN_DOSIS_TOXICA_ESPECIFICA,Otros / datos específicos limitados,SDTE — sin dosis tóxica humana específica suficientemente validada para automatizar en esta versión.,SDTE,"La sobredosis puede intensificar los efectos farmacológicos y reacciones adversas conocidas. La expresión clínica depende de dosis, formulación, comorbilidades y coingestas.","ABCDE y tratamiento de soporte dirigido a la clínica. ECG, glucemia, electrolitos, función renal/hepática u otras pruebas según mecanismo y síntomas. Ingesta intencional, dosis desconocida, formulación de liberación prolongada o paciente sintomático: evaluación en urgencias y consulta a toxicología/CIT.",Ninguno específico establecido,https://www.rch.org.au/clinicalguide/guideline_index/Poisoning_Initial_Management/,,DATOS_ESPECIFICOS_LIMITADOS,REVISADO_CONSERVADOR,"Se elimina cualquier cifra previa que represente dosis terapéutica máxima, DL50 animal o umbral no sustentado como toxicidad aguda humana.",,,Mixta / depende de contexto,NO,2026-09-02,MED-0008,NO,1,NO
ACETATO DE INDACATEROL,µg,150,CÁPSULA DURA,SDTE,"palpitaciones, taquicardia, temblores, nerviosismo, dolor de cabeza, mareos, y calambres musculares. También pueden presentarse insomnio, náuseas y vómitos. En casos graves, se pueden observar arritmias cardíacas, hipertensión, y dolor en el pecho.",MEDIDAS GENERALES,SIN_DOSIS_TOXICA_ESPECIFICA,Agonista beta-adrenérgico,SDTE — no usar una dosis máxima terapéutica como umbral de toxicidad.,SDTE / CLASE,"Taquicardia, palpitaciones, temblor, hipokalemia, hiperglucemia, lactato elevado; arritmias en casos graves.","Soporte, ECG, potasio/glucosa/lactato según gravedad; corregir electrolitos con prudencia y tratar arritmias/hemodinámica.",Ninguno específico,https://pubmed.ncbi.nlm.nih.gov/37721023/,,MECANISMO/CONSENSO,VALIDADO_POR_CLASE,,,,Mixta / depende de contexto,NO,2026-09-02,MED-0009,NO,1,NO
ACETATO DE LISINA,mg,105,TABLETA RECUBIERTA CON PELÍCULA,SDTE,IGUAL QUE INTOX POR ASPIRINA,MEDIDAS GENERALES,SIN_DOSIS_TOXICA_ESPECIFICA,Nombre ambiguo / posible salicilato,NO AUTOMATIZAR. 'Acetato de lisina' no identifica de forma inequívoca un salicilato; confirmar principio activo exacto y sal farmacológica del producto.,NOMBRE_AMBIGUO,"La fila original dice 'igual que intoxicación por aspirina', pero el nombre no permite asumirlo de forma segura.",Confirmar envase/registro sanitario y principio activo exacto antes de aplicar un protocolo de salicilatos.,No asignado,https://pubmed.ncbi.nlm.nih.gov/17364628/,,ERROR_DE_NOMENCLATURA,NOMBRE_AMBIGUO_NO_AUTOMATIZAR,No se conserva la equivalencia automática con aspirina hasta aclarar el nombre del producto.,,,Mixta / depende de contexto,NO,2026-09-02,MED-0010,NO,1,NO
ACETATO DE MEDROXIPROGESTERONA,mg,10,TABLETA,SDTE,"Gastrointestinales: Náuseas y vómitos Dolor abdominal Distensión abdominal Endocrinas y Metabólicas:Retención de líquidos Aumento de peso, oEdema, Alteraciones en los niveles de glucosa y lípidos en sangre. Cardiovasculares:Aumento del riesgo de tromboembolismo venoso, Hipertensión arterial, Enfermedades cardiovasculares. Reproductivas y Mamarias:mastalgia, Cambios en el flujo menstrual Neurológicas y Psicológicas:Cefaleas, Cambios en el estado de ánimo, incluyendo depresión y ansiedad Dermatológicas:Cloasma, Acné",MEDIDAS GENERALES,SIN_DOSIS_TOXICA_ESPECIFICA,Otros / datos específicos limitados,SDTE — sin dosis tóxica humana específica suficientemente validada para automatizar en esta versión.,SDTE,"La sobredosis puede intensificar los efectos farmacológicos y reacciones adversas conocidas. La expresión clínica depende de dosis, formulación, comorbilidades y coingestas.","ABCDE y tratamiento de soporte dirigido a la clínica. ECG, glucemia, electrolitos, función renal/hepática u otras pruebas según mecanismo y síntomas. Ingesta intencional, dosis desconocida, formulación de liberación prolongada o paciente sintomático: evaluación en urgencias y consulta a toxicología/CIT.",Ninguno específico establecido,https://www.rch.org.au/clinicalguide/guideline_index/Poisoning_Initial_Management/,,DATOS_ESPECIFICOS_LIMITADOS,REVISADO_CONSERVADOR,"Se elimina cualquier cifra previa que represente dosis terapéutica máxima, DL50 animal o umbral no sustentado como toxicidad aguda humana.",,,Mixta / depende de contexto,NO,2026-09-02,MED-0011,NO,1,NO
ACETATO DE NOMEGESTROL,mg,2.5,TABLETA RECUBIERTA,SDTE,"Gastrointestinales: Náuseas y vómitos Dolor abdominal Distensión abdominal Endocrinas y Metabólicas:Retención de líquidos Aumento de peso, oEdema, Alteraciones en los niveles de glucosa y lípidos en sangre. Cardiovasculares:Aumento del riesgo de tromboembolismo venoso, Hipertensión arterial, Enfermedades cardiovasculares. Reproductivas y Mamarias:mastalgia, Cambios en el flujo menstrual Neurológicas y Psicológicas:Cefaleas, Cambios en el estado de ánimo, incluyendo depresión y ansiedad Dermatológicas:Cloasma, Acné",MEDIDAS GENERALES,SIN_DOSIS_TOXICA_ESPECIFICA,Otros / datos específicos limitados,SDTE — sin dosis tóxica humana específica suficientemente validada para automatizar en esta versión.,SDTE,"La sobredosis puede intensificar los efectos farmacológicos y reacciones adversas conocidas. La expresión clínica depende de dosis, formulación, comorbilidades y coingestas.","ABCDE y tratamiento de soporte dirigido a la clínica. ECG, glucemia, electrolitos, función renal/hepática u otras pruebas según mecanismo y síntomas. Ingesta intencional, dosis desconocida, formulación de liberación prolongada o paciente sintomático: evaluación en urgencias y consulta a toxicología/CIT.",Ninguno específico establecido,https://www.rch.org.au/clinicalguide/guideline_index/Poisoning_Initial_Management/,,DATOS_ESPECIFICOS_LIMITADOS,REVISADO_CONSERVADOR,"Se elimina cualquier cifra previa que represente dosis terapéutica máxima, DL50 animal o umbral no sustentado como toxicidad aguda humana.",,,Mixta / depende de contexto,NO,2026-09-02,MED-0012,NO,1,NO
ACETATO DE ULIPRISTAL,mg,5,TABLETA,SDTE,"Gastrointestinales: Náuseas y vómitos Dolor abdominal Distensión abdominal Endocrinas y Metabólicas:Retención de líquidos Aumento de peso, oEdema, Alteraciones en los niveles de glucosa y lípidos en sangre. Cardiovasculares:Aumento del riesgo de tromboembolismo venoso, Hipertensión arterial, Enfermedades cardiovasculares. Reproductivas y Mamarias:mastalgia, Cambios en el flujo menstrual Neurológicas y Psicológicas:Cefaleas, Cambios en el estado de ánimo, incluyendo depresión y ansiedad Dermatológicas:Cloasma, Acné",MEDIDAS GENERALES,SIN_DOSIS_TOXICA_ESPECIFICA,Otros / datos específicos limitados,SDTE — sin dosis tóxica humana específica suficientemente validada para automatizar en esta versión.,SDTE,"La sobredosis puede intensificar los efectos farmacológicos y reacciones adversas conocidas. La expresión clínica depende de dosis, formulación, comorbilidades y coingestas.","ABCDE y tratamiento de soporte dirigido a la clínica. ECG, glucemia, electrolitos, función renal/hepática u otras pruebas según mecanismo y síntomas. Ingesta intencional, dosis desconocida, formulación de liberación prolongada o paciente sintomático: evaluación en urgencias y consulta a toxicología/CIT.",Ninguno específico establecido,https://www.rch.org.au/clinicalguide/guideline_index/Poisoning_Initial_Management/,,DATOS_ESPECIFICOS_LIMITADOS,REVISADO_CONSERVADOR,"Se elimina cualquier cifra previa que represente dosis terapéutica máxima, DL50 animal o umbral no sustentado como toxicidad aguda humana.",,,Mixta / depende de contexto,NO,2026-09-02,MED-0013,NO,1,NO
ACETAZOLAMIDA,mg,250,TABLETA,>1000 mg DIA DU,"somnolencia, sedación, fatiga, mareo, desorientación, ataxia, parestesias de extremidades y boca. Raras: dermatitis, depresión de médula ósea, cálculos renales",MEDIDAS GENERALES,PENDIENTE_VALIDACION,Otros / datos específicos limitados,SDTE — sin dosis tóxica humana específica suficientemente validada para automatizar en esta versión.,SDTE,"La sobredosis puede intensificar los efectos farmacológicos y reacciones adversas conocidas. La expresión clínica depende de dosis, formulación, comorbilidades y coingestas.","ABCDE y tratamiento de soporte dirigido a la clínica. ECG, glucemia, electrolitos, función renal/hepática u otras pruebas según mecanismo y síntomas. Ingesta intencional, dosis desconocida, formulación de liberación prolongada o paciente sintomático: evaluación en urgencias y consulta a toxicología/CIT.",Ninguno específico establecido,https://www.rch.org.au/clinicalguide/guideline_index/Poisoning_Initial_Management/,,DATOS_ESPECIFICOS_LIMITADOS,REVISADO_CONSERVADOR,"Se elimina cualquier cifra previa que represente dosis terapéutica máxima, DL50 animal o umbral no sustentado como toxicidad aguda humana.  El valor original '>1000 mg DIA DU' no se usa como umbral automatizable.",,,Mixta / depende de contexto,NO,2026-09-02,MED-0014,NO,1,NO
ACETILCISTEINA,mg,600,TABLETA EFERVESCENTE,SDTE,"náusea y vómito cuando se administra por vía oral; rubor, eritema, angioedema, hipotensión y broncoespasmo (reacción anafilactoide)",MEDIDAS GENERALES,SIN_DOSIS_TOXICA_ESPECIFICA,Mucolítico / antídoto,SDTE — sobredosis oral suele ser GI; errores de dosis IV pueden producir reacciones no IgE y otras complicaciones.,SDTE / CLINICO,"Náuseas/vómitos por vía oral; IV: rubor, urticaria, angioedema, broncoespasmo e hipotensión tipo reacción anafilactoide.",Suspender o enlentecer infusión según gravedad y tratar reacción anafilactoide de acuerdo con protocolo; soporte. No existe un antídoto contra NAC.,Ninguno específico,https://www.rch.org.au/clinicalguide/guideline_index/paracetamol_poisoning/,,GUIA/REVISION,VALIDADO_ESPECIFICO,,,,Mixta / depende de contexto,NO,2026-09-02,MED-0015,NO,1,NO
ACETONIDO DE TRIAMCINOLONA,mcg,55,DOSIS (INHALACIÓN),SDTE,"cefalea. Sensación de calor nasal moderado, transitorio, escozor, congestión nasal, estornudos, sequedad, epistaxis, infecciones micóticas nasofaríngeas y garganta, disfonía, irritación de garganta. Boca seca, infecciones bucales por hongos. Reacciones de hipersensibilidad (urticaria, rash). Angioedema, broncoespasmo, supresión de eje H-H-S, insuficiencia suprarrenal, edema facial, jadeos",MEDIDAS GENERALES,SIN_DOSIS_TOXICA_ESPECIFICA,Otros / datos específicos limitados,SDTE — sin dosis tóxica humana específica suficientemente validada para automatizar en esta versión.,SDTE,"La sobredosis puede intensificar los efectos farmacológicos y reacciones adversas conocidas. La expresión clínica depende de dosis, formulación, comorbilidades y coingestas.","ABCDE y tratamiento de soporte dirigido a la clínica. ECG, glucemia, electrolitos, función renal/hepática u otras pruebas según mecanismo y síntomas. Ingesta intencional, dosis desconocida, formulación de liberación prolongada o paciente sintomático: evaluación en urgencias y consulta a toxicología/CIT.",Ninguno específico establecido,https://www.rch.org.au/clinicalguide/guideline_index/Poisoning_Initial_Management/,,DATOS_ESPECIFICOS_LIMITADOS,REVISADO_CONSERVADOR,"Se elimina cualquier cifra previa que represente dosis terapéutica máxima, DL50 animal o umbral no sustentado como toxicidad aguda humana.",,,Mixta / depende de contexto,NO,2026-09-02,MED-0016,NO,1,NO
ACICLOVIR,mg,200,TABLETA RECUBIERTA,SDTE/DOSIS MAX 4 g DIA,sintomas generales,MEDIDAS GENERALES,SIN_DOSIS_TOXICA_ESPECIFICA,Otros / datos específicos limitados,SDTE — sin dosis tóxica humana específica suficientemente validada para automatizar en esta versión.,SDTE,"La sobredosis puede intensificar los efectos farmacológicos y reacciones adversas conocidas. La expresión clínica depende de dosis, formulación, comorbilidades y coingestas.","ABCDE y tratamiento de soporte dirigido a la clínica. ECG, glucemia, electrolitos, función renal/hepática u otras pruebas según mecanismo y síntomas. Ingesta intencional, dosis desconocida, formulación de liberación prolongada o paciente sintomático: evaluación en urgencias y consulta a toxicología/CIT.",Ninguno específico establecido,https://www.rch.org.au/clinicalguide/guideline_index/Poisoning_Initial_Management/,,DATOS_ESPECIFICOS_LIMITADOS,REVISADO_CONSERVADOR,"Se elimina cualquier cifra previa que represente dosis terapéutica máxima, DL50 animal o umbral no sustentado como toxicidad aguda humana.",,,Mixta / depende de contexto,NO,2026-09-02,MED-0017,NO,1,NO
ÁCIDO ACETIL SALICILICO,mg,100,TABLETA,> 200 mg /kg,"ALTERACIONES DEL EQUILIBRIO ÁCIDO-BASE Y DESBALANCE HIDROELECTROLÍTICO: alcalosis respiratoria (hiperventilacion), hiponatremia, hipokalemia, deshidratación, acidosis metabolíca (desacople de la fosforilacion oxidativa) SÍNTOMAS TGI: nauseas, hematemesis, vómitos, melena EPIS: taquipnea, hiperpnea, hipoxia, edema pulmonar EFECTOS SOBRE EL SNC: intranquilidad, convulsiones, delirio, coma, edema cerebral. TRASTORNOS RENALES: oliguria, hematuria, proteinuria, trastornos cardiovasculares, hipotensión arterial, MANIFESTACIONES HEMORRÁGICAS: dosis altas: hipotrombinemia por disminución del factor vii DOSIS BAJAS: disminución de la adhesividad plaquetaria",BICARBONATO DE SODIO,PENDIENTE_VALIDACION,Salicilato,"Para aspirina equivalente: >150 mg/kg o 6.5 g (lo que sea menor) es umbral de derivación/evaluación tras ingesta aguda no intencional; el diagnóstico y gravedad dependen de clínica, gasometría, electrolitos y salicilatemia.",UMBRAL_EVALUACION,"Náuseas/vómitos, tinnitus, taquipnea/hiperpnea, alcalosis respiratoria y acidosis metabólica; en gravedad: alteración neurológica, edema pulmonar, hipoglucemia cerebral, hipertermia.",Medir salicilato seriado y equilibrio ácido-base; alcalinización con bicarbonato cuando esté indicada; hemodiálisis en toxicidad grave según criterios clínicos/toxicológicos. No inducir emesis.,Bicarbonato de sodio es tratamiento específico de alcalinización; hemodiálisis en casos graves (no 'antídoto').,https://pubmed.ncbi.nlm.nih.gov/17364628/,https://pubmed.ncbi.nlm.nih.gov/37721023/,CONSENSO/GUIA,VALIDADO_ESPECIFICO,"El valor previo >200 mg/kg se corrigió: 150 mg/kg/6.5 g es un umbral de derivación reconocido, no una frontera entre seguro/tóxico.",150,Umbral de evaluación para aspirina equivalente,Mixta; contexto agudo,SI,2026-09-02,MED-0018,NO,1,NO
ACIDO ALFA LIPOICO,mg,600,TABLETA RECUBIERTA,SDTE,"CEFALEA, PARESTESIA EN PIEL, RASH, MIALGIAS, HIPOGLUCEMIA",MEDIDAS GENERALES,SIN_DOSIS_TOXICA_ESPECIFICA,Ácido alfa-lipoico / tióctico,SDTE — no existe un umbral humano universal suficientemente validado para automatizar.,SDTE / ALTO_RIESGO_EN_GRANDES_INGESTAS,"En sobredosis grande se han descrito convulsiones, hipoglucemia, acidosis láctica, rabdomiólisis y falla multiorgánica.","Soporte intensivo, glucosa seriada, gas/lactato, función renal/hepática y tratamiento de convulsiones; toxicología en exposición significativa.",Ninguno específico,https://www.rch.org.au/clinicalguide/guideline_index/Poisoning_Initial_Management/,,DATOS_CLINICOS_LIMITADOS,REVISADO_CONSERVADOR,,,,Mixta / depende de contexto,NO,2026-09-02,MED-0019,NO,1,NO
ACIDO ALGINICO,mg,200,TABLETA,> 2400 MG DIA/SDTE,SINTOMAS GENERALES,MEDIDAS GENERALES,SIN_DOSIS_TOXICA_ESPECIFICA,Otros / datos específicos limitados,SDTE — sin dosis tóxica humana específica suficientemente validada para automatizar en esta versión.,SDTE,"La sobredosis puede intensificar los efectos farmacológicos y reacciones adversas conocidas. La expresión clínica depende de dosis, formulación, comorbilidades y coingestas.","ABCDE y tratamiento de soporte dirigido a la clínica. ECG, glucemia, electrolitos, función renal/hepática u otras pruebas según mecanismo y síntomas. Ingesta intencional, dosis desconocida, formulación de liberación prolongada o paciente sintomático: evaluación en urgencias y consulta a toxicología/CIT.",Ninguno específico establecido,https://www.rch.org.au/clinicalguide/guideline_index/Poisoning_Initial_Management/,,DATOS_ESPECIFICOS_LIMITADOS,REVISADO_CONSERVADOR,"Se elimina cualquier cifra previa que represente dosis terapéutica máxima, DL50 animal o umbral no sustentado como toxicidad aguda humana.",,,Mixta / depende de contexto,NO,2026-09-02,MED-0020,NO,1,NO
ACIDO ASCORBICO,mg,500,CÁPSULA DURA,SDTE,"(>2000 mg al día) se han descrito síntomas leves como gastritis, dolor abdominal o diarrea. A dosis >4000 mg al día se puede producir uricosuria y litiasis renal",AZUL DE METILENO,SIN_DOSIS_TOXICA_ESPECIFICA,Vitamina C,SDTE — no hay dosis tóxica aguda específica útil para automatizar.,SDTE,Grandes ingestas suelen causar síntomas GI; exposición elevada/prolongada puede aumentar oxalato y riesgo renal en susceptibles.,"Soporte, hidratación y evaluación renal si exposición masiva o paciente de riesgo. Azul de metileno NO es un antídoto de vitamina C.",Ninguno específico,https://www.rch.org.au/clinicalguide/guideline_index/Poisoning_Initial_Management/,,REVISION_CONSERVADORA,CORREGIDO_ERROR_IMPORTANTE,Se eliminó 'azul de metileno' de la fila original: no corresponde como antídoto de sobredosis de ácido ascórbico.,,,Mixta / depende de contexto,NO,2026-09-02,MED-0021,NO,1,SI
ACIDO CARGLUMICO,mg,200,TABLETA DISPERSABLE,SDTE,SINTOMAS GENERALES,MEDIDAS GENERALES,SIN_DOSIS_TOXICA_ESPECIFICA,Otros / datos específicos limitados,SDTE — sin dosis tóxica humana específica suficientemente validada para automatizar en esta versión.,SDTE,"La sobredosis puede intensificar los efectos farmacológicos y reacciones adversas conocidas. La expresión clínica depende de dosis, formulación, comorbilidades y coingestas.","ABCDE y tratamiento de soporte dirigido a la clínica. ECG, glucemia, electrolitos, función renal/hepática u otras pruebas según mecanismo y síntomas. Ingesta intencional, dosis desconocida, formulación de liberación prolongada o paciente sintomático: evaluación en urgencias y consulta a toxicología/CIT.",Ninguno específico establecido,https://www.rch.org.au/clinicalguide/guideline_index/Poisoning_Initial_Management/,,DATOS_ESPECIFICOS_LIMITADOS,REVISADO_CONSERVADOR,"Se elimina cualquier cifra previa que represente dosis terapéutica máxima, DL50 animal o umbral no sustentado como toxicidad aguda humana.",,,Mixta / depende de contexto,NO,2026-09-02,MED-0022,NO,1,NO
ACIDO CITRICO,g,1,1 TABLETA EFERVESCENTE,SDTE,SINTOMAS GENERALES,MEDIDAS GENERALES,SIN_DOSIS_TOXICA_ESPECIFICA,Otros / datos específicos limitados,SDTE — sin dosis tóxica humana específica suficientemente validada para automatizar en esta versión.,SDTE,"La sobredosis puede intensificar los efectos farmacológicos y reacciones adversas conocidas. La expresión clínica depende de dosis, formulación, comorbilidades y coingestas.","ABCDE y tratamiento de soporte dirigido a la clínica. ECG, glucemia, electrolitos, función renal/hepática u otras pruebas según mecanismo y síntomas. Ingesta intencional, dosis desconocida, formulación de liberación prolongada o paciente sintomático: evaluación en urgencias y consulta a toxicología/CIT.",Ninguno específico establecido,https://www.rch.org.au/clinicalguide/guideline_index/Poisoning_Initial_Management/,,DATOS_ESPECIFICOS_LIMITADOS,REVISADO_CONSERVADOR,"Se elimina cualquier cifra previa que represente dosis terapéutica máxima, DL50 animal o umbral no sustentado como toxicidad aguda humana.",,,Mixta / depende de contexto,NO,2026-09-02,MED-0023,NO,1,NO
ÁCIDO CLAVULÁNICO,mg,125,TABLETA CON PELÍCULA,SDTE,SINTOMAS GENERALES,MEDIDAS GENERALES,SIN_DOSIS_TOXICA_ESPECIFICA,Otros / datos específicos limitados,SDTE — sin dosis tóxica humana específica suficientemente validada para automatizar en esta versión.,SDTE,"La sobredosis puede intensificar los efectos farmacológicos y reacciones adversas conocidas. La expresión clínica depende de dosis, formulación, comorbilidades y coingestas.","ABCDE y tratamiento de soporte dirigido a la clínica. ECG, glucemia, electrolitos, función renal/hepática u otras pruebas según mecanismo y síntomas. Ingesta intencional, dosis desconocida, formulación de liberación prolongada o paciente sintomático: evaluación en urgencias y consulta a toxicología/CIT.",Ninguno específico establecido,https://www.rch.org.au/clinicalguide/guideline_index/Poisoning_Initial_Management/,,DATOS_ESPECIFICOS_LIMITADOS,REVISADO_CONSERVADOR,"Se elimina cualquier cifra previa que represente dosis terapéutica máxima, DL50 animal o umbral no sustentado como toxicidad aguda humana.",,,Mixta / depende de contexto,NO,2026-09-02,MED-0024,NO,1,NO
ACIDO COLICO,mg,50,CAPSULAS,SDTE,SINTOMAS GENERALES,MEDIDAS GENERALES,SIN_DOSIS_TOXICA_ESPECIFICA,Otros / datos específicos limitados,SDTE — sin dosis tóxica humana específica suficientemente validada para automatizar en esta versión.,SDTE,"La sobredosis puede intensificar los efectos farmacológicos y reacciones adversas conocidas. La expresión clínica depende de dosis, formulación, comorbilidades y coingestas.","ABCDE y tratamiento de soporte dirigido a la clínica. ECG, glucemia, electrolitos, función renal/hepática u otras pruebas según mecanismo y síntomas. Ingesta intencional, dosis desconocida, formulación de liberación prolongada o paciente sintomático: evaluación en urgencias y consulta a toxicología/CIT.",Ninguno específico establecido,https://www.rch.org.au/clinicalguide/guideline_index/Poisoning_Initial_Management/,,DATOS_ESPECIFICOS_LIMITADOS,REVISADO_CONSERVADOR,"Se elimina cualquier cifra previa que represente dosis terapéutica máxima, DL50 animal o umbral no sustentado como toxicidad aguda humana.",,,Mixta / depende de contexto,NO,2026-09-02,MED-0025,NO,1,NO
ACIDO DECOSA HEXAENOICO,mg,300,CAPSULA,SDTE,SINTOMAS GENERALES,MEDIDAS GENERALES,SIN_DOSIS_TOXICA_ESPECIFICA,Otros / datos específicos limitados,SDTE — sin dosis tóxica humana específica suficientemente validada para automatizar en esta versión.,SDTE,"La sobredosis puede intensificar los efectos farmacológicos y reacciones adversas conocidas. La expresión clínica depende de dosis, formulación, comorbilidades y coingestas.","ABCDE y tratamiento de soporte dirigido a la clínica. ECG, glucemia, electrolitos, función renal/hepática u otras pruebas según mecanismo y síntomas. Ingesta intencional, dosis desconocida, formulación de liberación prolongada o paciente sintomático: evaluación en urgencias y consulta a toxicología/CIT.",Ninguno específico establecido,https://www.rch.org.au/clinicalguide/guideline_index/Poisoning_Initial_Management/,,DATOS_ESPECIFICOS_LIMITADOS,REVISADO_CONSERVADOR,"Se elimina cualquier cifra previa que represente dosis terapéutica máxima, DL50 animal o umbral no sustentado como toxicidad aguda humana.",,,Mixta / depende de contexto,NO,2026-09-02,MED-0026,NO,1,NO
ÁCIDO FENOFIBRICO,mg,135,CAPSULA BLANDA DE GELATINA,SDTE,MIOSITIS Y SINTOMAS GENERALES,MEDIDAS GENERALES,SIN_DOSIS_TOXICA_ESPECIFICA,Otros / datos específicos limitados,SDTE — sin dosis tóxica humana específica suficientemente validada para automatizar en esta versión.,SDTE,"La sobredosis puede intensificar los efectos farmacológicos y reacciones adversas conocidas. La expresión clínica depende de dosis, formulación, comorbilidades y coingestas.","ABCDE y tratamiento de soporte dirigido a la clínica. ECG, glucemia, electrolitos, función renal/hepática u otras pruebas según mecanismo y síntomas. Ingesta intencional, dosis desconocida, formulación de liberación prolongada o paciente sintomático: evaluación en urgencias y consulta a toxicología/CIT.",Ninguno específico establecido,https://www.rch.org.au/clinicalguide/guideline_index/Poisoning_Initial_Management/,,DATOS_ESPECIFICOS_LIMITADOS,REVISADO_CONSERVADOR,"Se elimina cualquier cifra previa que represente dosis terapéutica máxima, DL50 animal o umbral no sustentado como toxicidad aguda humana.",,,Mixta / depende de contexto,NO,2026-09-02,MED-0027,NO,1,NO
ÁCIDO FOLICO,mg,0.4,TABLETA RECUBIERTA,SDTE,SINTOMAS GENERALES,MEDIDAS GENERALES,SIN_DOSIS_TOXICA_ESPECIFICA,Otros / datos específicos limitados,SDTE — sin dosis tóxica humana específica suficientemente validada para automatizar en esta versión.,SDTE,"La sobredosis puede intensificar los efectos farmacológicos y reacciones adversas conocidas. La expresión clínica depende de dosis, formulación, comorbilidades y coingestas.","ABCDE y tratamiento de soporte dirigido a la clínica. ECG, glucemia, electrolitos, función renal/hepática u otras pruebas según mecanismo y síntomas. Ingesta intencional, dosis desconocida, formulación de liberación prolongada o paciente sintomático: evaluación en urgencias y consulta a toxicología/CIT.",Ninguno específico establecido,https://www.rch.org.au/clinicalguide/guideline_index/Poisoning_Initial_Management/,,DATOS_ESPECIFICOS_LIMITADOS,REVISADO_CONSERVADOR,"Se elimina cualquier cifra previa que represente dosis terapéutica máxima, DL50 animal o umbral no sustentado como toxicidad aguda humana.",,,Mixta / depende de contexto,NO,2026-09-02,MED-0028,NO,1,NO
ACIDO IBANDRONICO,mg,150,TABLETAS RECUBIERTAS,SDTE,"hipocalcemia; diarrea, dispepsia, dolor abdominal; alteración cutánea; artralgia, mialgia, dolor musculoesquelético, calambres musculares, rigidez musculoesquelética, dolor de espalda; enf. pseudogripal. Además por vía oral, esofagitis, gastritis, reflujo gastroesofágico, náuseas, estreñimiento; fatiga. Además por vía IV, infección; alteraciones paratiroideas; mareos, disgeusia; cataratas; bloqueo de rama; faringitis; vómitos, alteración dental; equimosis, artrosis, alteración articular; pirexia, edema periférico, astenia, sed; aumento de la Gamma-GT, aumento de la creatinina",MEDIDAS GENERALES,SIN_DOSIS_TOXICA_ESPECIFICA,Otros / datos específicos limitados,SDTE — sin dosis tóxica humana específica suficientemente validada para automatizar en esta versión.,SDTE,"La sobredosis puede intensificar los efectos farmacológicos y reacciones adversas conocidas. La expresión clínica depende de dosis, formulación, comorbilidades y coingestas.","ABCDE y tratamiento de soporte dirigido a la clínica. ECG, glucemia, electrolitos, función renal/hepática u otras pruebas según mecanismo y síntomas. Ingesta intencional, dosis desconocida, formulación de liberación prolongada o paciente sintomático: evaluación en urgencias y consulta a toxicología/CIT.",Ninguno específico establecido,https://www.rch.org.au/clinicalguide/guideline_index/Poisoning_Initial_Management/,,DATOS_ESPECIFICOS_LIMITADOS,REVISADO_CONSERVADOR,"Se elimina cualquier cifra previa que represente dosis terapéutica máxima, DL50 animal o umbral no sustentado como toxicidad aguda humana.",,,Mixta / depende de contexto,NO,2026-09-02,MED-0029,NO,1,NO
ACIDO MEFENAMICO,mg,500,TABLETA CUBIERTA,SDTE,"NAUSEAS, VOMITOS, HDA, IRA, CEFALEA, ACUFENO, SORDERA, COMA, APNEA TRANSITORIA",MEDIDAS GENERALES,SIN_DOSIS_TOXICA_ESPECIFICA,AINE,No hay umbral universal en mg/kg para automatizar; ingestas >3.5 g se asocian con convulsiones.,UMBRAL_TOTAL_ESPECIFICO,GI y SNC; las convulsiones son una preocupación particular en sobredosis de ácido mefenámico.,"Soporte, benzodiacepinas para convulsiones, hidratación y evaluación clínica; discutir grandes ingestas con toxicología.",Ninguno específico,https://www.rch.org.au/clinicalguide/guideline_index/Nonsteroidal_Anti-inflammatory_Drug_NSAID_poisoning/,,GUIA CLINICA,VALIDADO_ESPECIFICO,Se retira cualquier equivalencia automática con otros AINEs.,,,Mixta,NO,2026-09-02,MED-0030,NO,1,NO
ACIDO OROTICO ANHIDRO,mg,150,CAPSULA,SDTE,SINTOMAS GENERALES,MEDIDAS GENERALES,SIN_DOSIS_TOXICA_ESPECIFICA,Otros / datos específicos limitados,SDTE — sin dosis tóxica humana específica suficientemente validada para automatizar en esta versión.,SDTE,"La sobredosis puede intensificar los efectos farmacológicos y reacciones adversas conocidas. La expresión clínica depende de dosis, formulación, comorbilidades y coingestas.","ABCDE y tratamiento de soporte dirigido a la clínica. ECG, glucemia, electrolitos, función renal/hepática u otras pruebas según mecanismo y síntomas. Ingesta intencional, dosis desconocida, formulación de liberación prolongada o paciente sintomático: evaluación en urgencias y consulta a toxicología/CIT.",Ninguno específico establecido,https://www.rch.org.au/clinicalguide/guideline_index/Poisoning_Initial_Management/,,DATOS_ESPECIFICOS_LIMITADOS,REVISADO_CONSERVADOR,"Se elimina cualquier cifra previa que represente dosis terapéutica máxima, DL50 animal o umbral no sustentado como toxicidad aguda humana.",,,Mixta / depende de contexto,NO,2026-09-02,MED-0031,NO,1,NO
ACIDO PIPEMIDICO,mg,400,TABLETA,SDTE,"anorexia, náusea, vómito, dolor abdominal, diarrea, cefalea, vértigo, astenia. Poco frecuentes: erupción cutánea, prurito, reacciones de fotosensibilidad. Raras: trombocitopenia, leucopenia, anemia hemolítica, hipertensión intracraneal.",MEDIDAS GENERALES,SIN_DOSIS_TOXICA_ESPECIFICA,Otros / datos específicos limitados,SDTE — sin dosis tóxica humana específica suficientemente validada para automatizar en esta versión.,SDTE,"La sobredosis puede intensificar los efectos farmacológicos y reacciones adversas conocidas. La expresión clínica depende de dosis, formulación, comorbilidades y coingestas.","ABCDE y tratamiento de soporte dirigido a la clínica. ECG, glucemia, electrolitos, función renal/hepática u otras pruebas según mecanismo y síntomas. Ingesta intencional, dosis desconocida, formulación de liberación prolongada o paciente sintomático: evaluación en urgencias y consulta a toxicología/CIT.",Ninguno específico establecido,https://www.rch.org.au/clinicalguide/guideline_index/Poisoning_Initial_Management/,,DATOS_ESPECIFICOS_LIMITADOS,REVISADO_CONSERVADOR,"Se elimina cualquier cifra previa que represente dosis terapéutica máxima, DL50 animal o umbral no sustentado como toxicidad aguda humana.",,,Mixta / depende de contexto,NO,2026-09-02,MED-0032,NO,1,NO
ACIDO TIOCTICO,mg,600,TABLETA RECUBIERTA,SDTE,"Reacciones de hipersensibilidad CEFALEA OPRESIVA y dificultad respiratoria, las cuales pueden reaparecer espontáneamente; trastornos del sistema nervioso",MEDIDAS GENERALES,SIN_DOSIS_TOXICA_ESPECIFICA,Ácido alfa-lipoico / tióctico,SDTE — no existe un umbral humano universal suficientemente validado para automatizar.,SDTE / ALTO_RIESGO_EN_GRANDES_INGESTAS,"En sobredosis grande se han descrito convulsiones, hipoglucemia, acidosis láctica, rabdomiólisis y falla multiorgánica.","Soporte intensivo, glucosa seriada, gas/lactato, función renal/hepática y tratamiento de convulsiones; toxicología en exposición significativa.",Ninguno específico,https://www.rch.org.au/clinicalguide/guideline_index/Poisoning_Initial_Management/,,DATOS_CLINICOS_LIMITADOS,REVISADO_CONSERVADOR,,,,Mixta / depende de contexto,NO,2026-09-02,MED-0033,NO,1,NO
ACIDO TOLFENAMICO,mg,200,CÁPSULADURA,SDTE,"NAUSEAS, VOMITOS, HDA, IRA, CEFALEA, ACUFENO, SORDERA, COMA, APNEA TRANSITORIA",MEDIDAS GENERALES,SIN_DOSIS_TOXICA_ESPECIFICA,AINE,SDTE para este AINE en la app: no extrapolar automáticamente los cortes de ibuprofeno a otros AINEs.,SDTE / CLASE,"Predominan síntomas gastrointestinales y neurológicos; sobredosis importante puede asociarse a lesión renal, alteraciones metabólicas y shock.",Tratamiento de soporte y mantener hidratación adecuada en sobredosis importante. La gravedad y decontaminación dependen del fármaco y exposición; consultar toxicología en casos significativos.,Ninguno específico,https://www.rch.org.au/clinicalguide/guideline_index/Nonsteroidal_Anti-inflammatory_Drug_NSAID_poisoning/,,GUIA DE CLASE,VALIDADO_POR_CLASE,Se eliminó el umbral previo si correspondía a una dosis máxima terapéutica.,,,Mixta / depende de contexto,NO,2026-09-02,MED-0034,NO,1,NO
ACIDO TRANEXAMICO,mg,500,TABLETAS,SDTE/DOSIS MAXIMA 100 MG/KG/DIA,"Náuseas, vómitos, diarreas; ASTENIA con hipotensión, con o sin pérdida de la conciencia, Trombosis venosa o arterial en cualquier localización; convulsiones; reacciones de hipersensibilidad incluyendo anafilaxis",RECAMBIO PLASMATICO,SIN_DOSIS_TOXICA_ESPECIFICA,Antifibrinolítico,SDTE — no usar dosis terapéutica máxima como umbral de intoxicación.,SDTE / CLINICO,"Náuseas, hipotensión (especialmente administración IV rápida), alteraciones visuales y convulsiones en exposiciones altas; riesgo trombótico depende del contexto.","Soporte, control de convulsiones y manejo hemodinámico. Recambio plasmático NO es un antídoto estándar de sobredosis de ácido tranexámico.",Ninguno específico,https://www.rch.org.au/clinicalguide/guideline_index/Poisoning_Initial_Management/,,REVISION_CONSERVADORA,CORREGIDO_ERROR_IMPORTANTE,Se retiró 'recambio plasmático' como tratamiento específico porque no es el estándar para sobredosis.,,,Mixta / depende de contexto,NO,2026-09-02,MED-0035,NO,1,SI
ACIDO URSODESOXICOLICO,mg,250,CÁPSULA DURA,SDTE/DOSIS MAXIMA 15MG/KG/DIA,"Frecuentes: náusea, vómito, diarrea, indigestión, estreñimiento, prurito, dol...",MEDIDAS GENERALES,SIN_DOSIS_TOXICA_ESPECIFICA,Otros / datos específicos limitados,SDTE — sin dosis tóxica humana específica suficientemente validada para automatizar en esta versión.,SDTE,"La sobredosis puede intensificar los efectos farmacológicos y reacciones adversas conocidas. La expresión clínica depende de dosis, formulación, comorbilidades y coingestas.","ABCDE y tratamiento de soporte dirigido a la clínica. ECG, glucemia, electrolitos, función renal/hepática u otras pruebas según mecanismo y síntomas. Ingesta intencional, dosis desconocida, formulación de liberación prolongada o paciente sintomático: evaluación en urgencias y consulta a toxicología/CIT.",Ninguno específico establecido,https://www.rch.org.au/clinicalguide/guideline_index/Poisoning_Initial_Management/,,DATOS_ESPECIFICOS_LIMITADOS,REVISADO_CONSERVADOR,"Se elimina cualquier cifra previa que represente dosis terapéutica máxima, DL50 animal o umbral no sustentado como toxicidad aguda humana.",,,Mixta / depende de contexto,NO,2026-09-02,MED-0036,NO,1,NO
ACIDO VALPROICO,mg,250,1 CÁPSULA BLANDA,>50 MG/KG- SNC:>200 MG/KG-FALLA MO >400 MG/KG,"Disminución global de la función del SNC y depresión respiratoria, falla hepá...",MEDIDAS GENERALES/HEMOPERFUSION,PENDIENTE_VALIDACION,Anticonvulsivante,<200 mg/kg: generalmente leve; 200–400 mg/kg: toxicidad moderada; >400 mg/kg: riesgo multiorgánico; >1000 mg/kg: potencialmente mortal.,DOSIS_RESPUESTA,"Depresión SNC, ataxia/coma, hiperamonemia, acidosis, hipotensión, QT prolongado, hepatotoxicidad; edema cerebral en gravedad.","Soporte, niveles seriados, amonio/electrolitos. Considerar L-carnitina en acidosis importante, edema cerebral, hiperamonemia o hepatotoxicidad; hemodiálisis en toxicidad grave.",L-carnitina puede considerarse; no es antídoto con evidencia fuerte.,https://www.rch.org.au/clinicalguide/guideline_index/Sodium_valproate_poisoning/,,GUIA CLINICA,VALIDADO_ESPECIFICO,,200,Inicio de rango moderado / evaluación,Pediatría; contexto agudo,SI,2026-09-02,MED-0037,NO,1,NO
ÁCIDOS OMEGA 3 ETIL ESTER 84%(EQUIVALENTE A 465 MG DE ÁCIDO EIC...,mg,1000,CAPSULA BLANDA DE GELATINA CON CUBIERTA ENTERICA,>3 g DIA,sintomas generales,MEDIDAS GENERALES,PENDIENTE_VALIDACION,Otros / datos específicos limitados,SDTE — sin dosis tóxica humana específica suficientemente validada para automatizar en esta versión.,SDTE,"La sobredosis puede intensificar los efectos farmacológicos y reacciones adversas conocidas. La expresión clínica depende de dosis, formulación, comorbilidades y coingestas.","ABCDE y tratamiento de soporte dirigido a la clínica. ECG, glucemia, electrolitos, función renal/hepática u otras pruebas según mecanismo y síntomas. Ingesta intencional, dosis desconocida, formulación de liberación prolongada o paciente sintomático: evaluación en urgencias y consulta a toxicología/CIT.",Ninguno específico establecido,https://www.rch.org.au/clinicalguide/guideline_index/Poisoning_Initial_Management/,,DATOS_ESPECIFICOS_LIMITADOS,REVISADO_CONSERVADOR,"Se elimina cualquier cifra previa que represente dosis terapéutica máxima, DL50 animal o umbral no sustentado como toxicidad aguda humana.  El valor original '>3 g DIA' no se usa como umbral automatizable.",,,Mixta / depende de contexto,NO,2026-09-02,MED-0038,NO,1,NO
AFATINIB,mg,40,TABLETA RECUBIERTA,SDTE,"Reacciones alérgicas y anafilaxia: Urticaria, Prurito, angioedema, disnea, Sh...",MEDIDAS GENERALES,SIN_DOSIS_TOXICA_ESPECIFICA,Otros / datos específicos limitados,SDTE — sin dosis tóxica humana específica suficientemente validada para automatizar en esta versión.,SDTE,"La sobredosis puede intensificar los efectos farmacológicos y reacciones adversas conocidas. La expresión clínica depende de dosis, formulación, comorbilidades y coingestas.","ABCDE y tratamiento de soporte dirigido a la clínica. ECG, glucemia, electrolitos, función renal/hepática u otras pruebas según mecanismo y síntomas. Ingesta intencional, dosis desconocida, formulación de liberación prolongada o paciente sintomático: evaluación en urgencias y consulta a toxicología/CIT.",Ninguno específico establecido,https://www.rch.org.au/clinicalguide/guideline_index/Poisoning_Initial_Management/,,DATOS_ESPECIFICOS_LIMITADOS,REVISADO_CONSERVADOR,"Se elimina cualquier cifra previa que represente dosis terapéutica máxima, DL50 animal o umbral no sustentado como toxicidad aguda humana.",,,Mixta / depende de contexto,NO,2026-09-02,MED-0039,NO,1,NO
AGOMELATINA,mg,25,TABLETARECUBIERTA,SDTE,"Cefalea, mareo, somnolencia, insomnio, migraña; náuseas, diarrea, estreñimien...",MEDIDAS GENERALES,SIN_DOSIS_TOXICA_ESPECIFICA,Serotonérgico / antidepresivo relacionado,SDTE — no se automatiza un umbral común.,SDTE / CLASE,"Náuseas, somnolencia o agitación; riesgo de serotoninotoxicidad aumenta con coingestas serotonérgicas. Algunos agentes pueden alterar QT.","Soporte; benzodiacepinas, enfriamiento y medidas dirigidas si serotoninotoxicidad. ECG según agente y exposición.",Ninguno específico,https://www.rch.org.au/clinicalguide/guideline_index/Serotonin_and_Noradrenaline_Re-uptake_Inhibitors_SNRIs_Poisoning/,,CLASE/CONSENSO,VALIDADO_POR_CLASE,,,,Mixta / depende de contexto,NO,2026-09-02,MED-0040,NO,1,NO
ALBENDAZOL,mg,200,TABLETA RECUBIERTA,>800 MG/DIA,"Elevación leve a moderada de enzimas hepáticas, dolor abdominal, náuseas, vóm...",MEDIDAS GENERALES,PENDIENTE_VALIDACION,Otros / datos específicos limitados,SDTE — sin dosis tóxica humana específica suficientemente validada para automatizar en esta versión.,SDTE,"La sobredosis puede intensificar los efectos farmacológicos y reacciones adversas conocidas. La expresión clínica depende de dosis, formulación, comorbilidades y coingestas.","ABCDE y tratamiento de soporte dirigido a la clínica. ECG, glucemia, electrolitos, función renal/hepática u otras pruebas según mecanismo y síntomas. Ingesta intencional, dosis desconocida, formulación de liberación prolongada o paciente sintomático: evaluación en urgencias y consulta a toxicología/CIT.",Ninguno específico establecido,https://www.rch.org.au/clinicalguide/guideline_index/Poisoning_Initial_Management/,,DATOS_ESPECIFICOS_LIMITADOS,REVISADO_CONSERVADOR,"Se elimina cualquier cifra previa que represente dosis terapéutica máxima, DL50 animal o umbral no sustentado como toxicidad aguda humana.  El valor original '>800 MG/DIA' no se usa como umbral automatizable.",,,Mixta / depende de contexto,NO,2026-09-02,MED-0041,NO,1,NO
ALENDRONATO,mg,70,CAPSULA BLANDA,>70 MG DIA,"Cefalea; dolor abdominal, dispepsia, estreñimiento, diarrea, flatulencia, úlc...",MEDIDAS GENERALES,PENDIENTE_VALIDACION,Otros / datos específicos limitados,SDTE — sin dosis tóxica humana específica suficientemente validada para automatizar en esta versión.,SDTE,"La sobredosis puede intensificar los efectos farmacológicos y reacciones adversas conocidas. La expresión clínica depende de dosis, formulación, comorbilidades y coingestas.","ABCDE y tratamiento de soporte dirigido a la clínica. ECG, glucemia, electrolitos, función renal/hepática u otras pruebas según mecanismo y síntomas. Ingesta intencional, dosis desconocida, formulación de liberación prolongada o paciente sintomático: evaluación en urgencias y consulta a toxicología/CIT.",Ninguno específico establecido,https://www.rch.org.au/clinicalguide/guideline_index/Poisoning_Initial_Management/,,DATOS_ESPECIFICOS_LIMITADOS,REVISADO_CONSERVADOR,"Se elimina cualquier cifra previa que represente dosis terapéutica máxima, DL50 animal o umbral no sustentado como toxicidad aguda humana.  El valor original '>70 MG DIA' no se usa como umbral automatizable.",,,Mixta / depende de contexto,NO,2026-09-02,MED-0042,NO,1,NO
ALFAMETILDOPA,mg,250,TABLETARECUBIERTA,VARIA/>3000 mg/dia,"Sedación, mareos, aturdimiento y síntomas de insuficiencia cerebrovascular, h...",MEDIDAS GENERALES,PENDIENTE_VALIDACION,Otros / datos específicos limitados,SDTE — sin dosis tóxica humana específica suficientemente validada para automatizar en esta versión.,SDTE,"La sobredosis puede intensificar los efectos farmacológicos y reacciones adversas conocidas. La expresión clínica depende de dosis, formulación, comorbilidades y coingestas.","ABCDE y tratamiento de soporte dirigido a la clínica. ECG, glucemia, electrolitos, función renal/hepática u otras pruebas según mecanismo y síntomas. Ingesta intencional, dosis desconocida, formulación de liberación prolongada o paciente sintomático: evaluación en urgencias y consulta a toxicología/CIT.",Ninguno específico establecido,https://www.rch.org.au/clinicalguide/guideline_index/Poisoning_Initial_Management/,,DATOS_ESPECIFICOS_LIMITADOS,REVISADO_CONSERVADOR,"Se elimina cualquier cifra previa que represente dosis terapéutica máxima, DL50 animal o umbral no sustentado como toxicidad aguda humana.  El valor original 'VARIA/>3000 mg/dia' no se usa como umbral automatizable.",,,Mixta / depende de contexto,NO,2026-09-02,MED-0043,NO,1,NO
ALIZAPRIDA,mg,50,TABLETA,SDTE/DOSIS MAX 100MG/DIA,"Agitación, somnolencia, astenia, sedación, xerostomía",MEDIDAS GENERALES,SIN_DOSIS_TOXICA_ESPECIFICA,Otros / datos específicos limitados,SDTE — sin dosis tóxica humana específica suficientemente validada para automatizar en esta versión.,SDTE,"La sobredosis puede intensificar los efectos farmacológicos y reacciones adversas conocidas. La expresión clínica depende de dosis, formulación, comorbilidades y coingestas.","ABCDE y tratamiento de soporte dirigido a la clínica. ECG, glucemia, electrolitos, función renal/hepática u otras pruebas según mecanismo y síntomas. Ingesta intencional, dosis desconocida, formulación de liberación prolongada o paciente sintomático: evaluación en urgencias y consulta a toxicología/CIT.",Ninguno específico establecido,https://www.rch.org.au/clinicalguide/guideline_index/Poisoning_Initial_Management/,,DATOS_ESPECIFICOS_LIMITADOS,REVISADO_CONSERVADOR,"Se elimina cualquier cifra previa que represente dosis terapéutica máxima, DL50 animal o umbral no sustentado como toxicidad aguda humana.",,,Mixta / depende de contexto,NO,2026-09-02,MED-0044,NO,1,NO
ALOPURINOL,mg,100,TABLETA,SDTE/DOSIS MAX 80mg/DIA,Erupción cutánea (rash); aumento de TSH (hormona estimulante del tiroides); f...,MEDIDAS GENERALES,SIN_DOSIS_TOXICA_ESPECIFICA,Otros / datos específicos limitados,SDTE — sin dosis tóxica humana específica suficientemente validada para automatizar en esta versión.,SDTE,"La sobredosis puede intensificar los efectos farmacológicos y reacciones adversas conocidas. La expresión clínica depende de dosis, formulación, comorbilidades y coingestas.","ABCDE y tratamiento de soporte dirigido a la clínica. ECG, glucemia, electrolitos, función renal/hepática u otras pruebas según mecanismo y síntomas. Ingesta intencional, dosis desconocida, formulación de liberación prolongada o paciente sintomático: evaluación en urgencias y consulta a toxicología/CIT.",Ninguno específico establecido,https://www.rch.org.au/clinicalguide/guideline_index/Poisoning_Initial_Management/,,DATOS_ESPECIFICOS_LIMITADOS,REVISADO_CONSERVADOR,"Se elimina cualquier cifra previa que represente dosis terapéutica máxima, DL50 animal o umbral no sustentado como toxicidad aguda humana.",,,Mixta / depende de contexto,NO,2026-09-02,MED-0045,NO,1,NO
ALPRAZOLAM,mg,1,POR TABLETA,SDTE/DOSIS MAX 4MG/DIA,"HIPOTENSION, BRADIPNEA, HIPOTERMIA, COMA, CONVULSIONES, HIPOREFLEXIA, EXITABI...",FLUMAZENIL,SIN_DOSIS_TOXICA_ESPECIFICA,Benzodiacepina / hipnótico sedante,SDTE — no hay una dosis tóxica única útil para automatizar; la gravedad es clínica y depende mucho de coingestas.,SDTE / CLINICO,"Depresión SNC leve-moderada, ataxia, disartria; depresión respiratoria profunda es infrecuente en sobredosis aislada y obliga a buscar coingestas.",Soporte y vigilancia respiratoria. Carbón activado generalmente contraindicado por riesgo de aspiración. Flumazenil está contraindicado en sobredosis intencional o mixta y solo se considera en escenarios seleccionados accidental/iatrogénico tras consulta toxicológica.,Flumazenil solo en escenarios seleccionados; NO uso rutinario.,https://www.rch.org.au/clinicalguide/guideline_index/Benzodiazepine_poisoning/,,GUIA CLINICA,VALIDADO_POR_CLASE,Se retiraron cifras de dosis 'tóxica' no fiables de varias benzodiacepinas. Se corrigió o restringió una recomendación específica de la base original que podía inducir manejo inapropiado si se automatizaba.,,,Mixta / depende de contexto,NO,2026-09-02,MED-0046,NO,1,SI
AMANTADINA CLORHIDRATO,mg,100,CÁPSULA DURA,SDTE/DOSIS MAX 200MG/DIA,"Edema en piernas; somnolencia, insomnio, depresión, estados de agitación, vér...",MEDIDAS GENERALES,SIN_DOSIS_TOXICA_ESPECIFICA,Otros / datos específicos limitados,SDTE — sin dosis tóxica humana específica suficientemente validada para automatizar en esta versión.,SDTE,"La sobredosis puede intensificar los efectos farmacológicos y reacciones adversas conocidas. La expresión clínica depende de dosis, formulación, comorbilidades y coingestas.","ABCDE y tratamiento de soporte dirigido a la clínica. ECG, glucemia, electrolitos, función renal/hepática u otras pruebas según mecanismo y síntomas. Ingesta intencional, dosis desconocida, formulación de liberación prolongada o paciente sintomático: evaluación en urgencias y consulta a toxicología/CIT.",Ninguno específico establecido,https://www.rch.org.au/clinicalguide/guideline_index/Poisoning_Initial_Management/,,DATOS_ESPECIFICOS_LIMITADOS,REVISADO_CONSERVADOR,"Se elimina cualquier cifra previa que represente dosis terapéutica máxima, DL50 animal o umbral no sustentado como toxicidad aguda humana.",,,Mixta / depende de contexto,NO,2026-09-02,MED-0047,NO,1,NO
AMBRISENTAN,mg,10,TABLETA,SDTE/DOSIS MAX 10MG/DIA,"Anemia; reacciones de hipersensibilidad; cefalea, mareo; visión borrosa, alte...",MEDIDAS GENERALES,SIN_DOSIS_TOXICA_ESPECIFICA,Otros / datos específicos limitados,SDTE — sin dosis tóxica humana específica suficientemente validada para automatizar en esta versión.,SDTE,"La sobredosis puede intensificar los efectos farmacológicos y reacciones adversas conocidas. La expresión clínica depende de dosis, formulación, comorbilidades y coingestas.","ABCDE y tratamiento de soporte dirigido a la clínica. ECG, glucemia, electrolitos, función renal/hepática u otras pruebas según mecanismo y síntomas. Ingesta intencional, dosis desconocida, formulación de liberación prolongada o paciente sintomático: evaluación en urgencias y consulta a toxicología/CIT.",Ninguno específico establecido,https://www.rch.org.au/clinicalguide/guideline_index/Poisoning_Initial_Management/,,DATOS_ESPECIFICOS_LIMITADOS,REVISADO_CONSERVADOR,"Se elimina cualquier cifra previa que represente dosis terapéutica máxima, DL50 animal o umbral no sustentado como toxicidad aguda humana.",,,Mixta / depende de contexto,NO,2026-09-02,MED-0048,NO,1,NO
AMIODARONA CLORHIDRATO,mg,200,TABLETA,>1.5-5 g/DIA,"Bradicardia; hipo o hipertiroidismo; micro-depósitos cornéales; náuseas, vómi...",MEDIDAS GENERALES,PENDIENTE_VALIDACION,Otros / datos específicos limitados,SDTE — sin dosis tóxica humana específica suficientemente validada para automatizar en esta versión.,SDTE,"La sobredosis puede intensificar los efectos farmacológicos y reacciones adversas conocidas. La expresión clínica depende de dosis, formulación, comorbilidades y coingestas.","ABCDE y tratamiento de soporte dirigido a la clínica. ECG, glucemia, electrolitos, función renal/hepática u otras pruebas según mecanismo y síntomas. Ingesta intencional, dosis desconocida, formulación de liberación prolongada o paciente sintomático: evaluación en urgencias y consulta a toxicología/CIT.",Ninguno específico establecido,https://www.rch.org.au/clinicalguide/guideline_index/Poisoning_Initial_Management/,,DATOS_ESPECIFICOS_LIMITADOS,REVISADO_CONSERVADOR,"Se elimina cualquier cifra previa que represente dosis terapéutica máxima, DL50 animal o umbral no sustentado como toxicidad aguda humana.  El valor original '>1.5-5 g/DIA' no se usa como umbral automatizable.",,,Mixta / depende de contexto,NO,2026-09-02,MED-0049,NO,1,NO
AMISULPRIDA,mg,200,TABLETA,SDTE/DOSIS MAX 1200 MG/DIA,"RIGIDEZ MUSCULAR, FIEBRE, DIAFORESIS, DISFAGIA, TEMBLOR, INCONTINENCIA, CONFU...",DANTROLENO,SIN_DOSIS_TOXICA_ESPECIFICA,Antipsicótico,SDTE — no usar una dosis terapéutica máxima como umbral de toxicidad. La toxicidad varía por agente y formulación.,SDTE / CLASE,"Depresión SNC, taquicardia, hipotensión, anticolinergia o síntomas extrapiramidales; algunos agentes prolongan QT o producen arritmia.","Soporte, ECG y vigilancia neurológica/hemodinámica. Tratar hipotensión, convulsiones y distonía según clínica; consultar toxicología en exposición significativa.",Ninguno específico,https://pubmed.ncbi.nlm.nih.gov/37721023/,https://www.rch.org.au/clinicalguide/guideline_index/Risperidone_Poisoning/,CLASE/CONSENSO,VALIDADO_POR_CLASE,Se corrigió o restringió una recomendación específica de la base original que podía inducir manejo inapropiado si se automatizaba.,,,Mixta / depende de contexto,NO,2026-09-02,MED-0050,NO,1,SI
AMITRIPTILINA,mg,25,TABLETA RECUBIERTA.,10-20 mg/Kg,"confusión, somnolencia, alucinaciones, convulsiones, taquicardia, hipotensión...",BICARBONATO DE SODIO+LIDOCAINA CUANDO HAY IMPACTACION DEL QRS Y ARRITMIAS,PENDIENTE_VALIDACION,Antidepresivo tricíclico / bloqueador de canal de sodio,>5 mg/kg en niños: evaluación hospitalaria; >10–15 mg/kg se asocia a alto riesgo y requiere manejo intensivo según clínica.,UMBRAL_EVALUACION,"Anticolinérgico, depresión SNC, convulsiones, hipotensión, QRS ancho, arritmias ventriculares y prolongación QT.","ABCDE, ECG seriado. Si QRS ensanchado o arritmia ventricular: bicarbonato de sodio IV y alcalinización según protocolo; benzodiacepinas para convulsiones. No basar gravedad en nivel sérico.",No existe antídoto; bicarbonato de sodio es tratamiento específico de cardiotoxicidad por bloqueo de sodio.,https://www.rch.org.au/clinicalguide/guideline_index/Tricyclic_Antidepressant_%28TCA%29_Poisoning/,https://pubmed.ncbi.nlm.nih.gov/37721023/,GUIA CLINICA,VALIDADO_POR_CLASE,El valor original '10-20 mg/Kg' no se usa como umbral automatizable.,5,Umbral pediátrico de evaluación,Pediatría; adultos se evalúan clínicamente,SI,2026-09-02,MED-0051,NO,1,NO
AMLODIPINO,mg,5,TABLETA RECUBIERTA,"≥ 0,2 mg/kg o ≥ 10 mg","Cefalea, HIPOTENSION, somnolencia, mareo, (inicio del tto.); debilidad; palp...",GLUCONATO DE CALCIO,PENDIENTE_VALIDACION,Bloqueador de canales de calcio,SDTE — no hay un corte universal seguro; incluso exposiciones relativamente pequeñas pueden ser relevantes según formulación/agente.,SDTE / CLASE_ALTO_RIESGO,"Hipotensión/shock, bradicardia o trastornos de conducción (verapamilo/diltiazem), hiperglucemia y acidosis; dihidropiridinas pueden dar vasoplejía/taquicardia inicial.","ABCDE, ECG y glucemia. En toxicidad grave: calcio IV, insulina euglucémica de alta dosis y norepinefrina/epinefrina según fenotipo; considerar medidas avanzadas con toxicología.",No hay antídoto único; calcio + insulina de alta dosis son terapias específicas.,https://pubmed.ncbi.nlm.nih.gov/37721023/,,GUIA AHA,VALIDADO_POR_CLASE,"El valor original '≥ 0,2 mg/kg o ≥ 10 mg' no se usa como umbral automatizable.",,,Mixta / depende de contexto,NO,2026-09-02,MED-0052,NO,1,NO
AMOXICILINA,g,1,TABLETAS,300-500 mg/kg,"Diarrea, náuseas; erupciones cutáneas. Además se ha identificado reacción a m...",MEDIDAS GENERALES,PENDIENTE_VALIDACION,Otros / datos específicos limitados,SDTE — sin dosis tóxica humana específica suficientemente validada para automatizar en esta versión.,SDTE,"La sobredosis puede intensificar los efectos farmacológicos y reacciones adversas conocidas. La expresión clínica depende de dosis, formulación, comorbilidades y coingestas.","ABCDE y tratamiento de soporte dirigido a la clínica. ECG, glucemia, electrolitos, función renal/hepática u otras pruebas según mecanismo y síntomas. Ingesta intencional, dosis desconocida, formulación de liberación prolongada o paciente sintomático: evaluación en urgencias y consulta a toxicología/CIT.",Ninguno específico establecido,https://www.rch.org.au/clinicalguide/guideline_index/Poisoning_Initial_Management/,,DATOS_ESPECIFICOS_LIMITADOS,REVISADO_CONSERVADOR,"Se elimina cualquier cifra previa que represente dosis terapéutica máxima, DL50 animal o umbral no sustentado como toxicidad aguda humana.  El valor original '300-500 mg/kg' no se usa como umbral automatizable.",,,Mixta / depende de contexto,NO,2026-09-02,MED-0053,NO,1,NO
AMPICILINA,mg,200,TABLETA,>14 G/DIA,"Náuseas, vómitos, diarrea, erupción eritematosa maculopapular (> incidencia c...",MEDIDAS GENERALES,PENDIENTE_VALIDACION,Otros / datos específicos limitados,SDTE — sin dosis tóxica humana específica suficientemente validada para automatizar en esta versión.,SDTE,"La sobredosis puede intensificar los efectos farmacológicos y reacciones adversas conocidas. La expresión clínica depende de dosis, formulación, comorbilidades y coingestas.","ABCDE y tratamiento de soporte dirigido a la clínica. ECG, glucemia, electrolitos, función renal/hepática u otras pruebas según mecanismo y síntomas. Ingesta intencional, dosis desconocida, formulación de liberación prolongada o paciente sintomático: evaluación en urgencias y consulta a toxicología/CIT.",Ninguno específico establecido,https://www.rch.org.au/clinicalguide/guideline_index/Poisoning_Initial_Management/,,DATOS_ESPECIFICOS_LIMITADOS,REVISADO_CONSERVADOR,"Se elimina cualquier cifra previa que represente dosis terapéutica máxima, DL50 animal o umbral no sustentado como toxicidad aguda humana.  El valor original '>14 G/DIA' no se usa como umbral automatizable.",,,Mixta / depende de contexto,NO,2026-09-02,MED-0054,NO,1,NO
ANAGRALIDA,mg,0.5,CADA CÁPSULA DURA,>60MG/KG/DIA,"dolor de cabeza en aproximadamente un 14%, palpitaciones en aproximadamente u...",MEDIDAS GENERALES,PENDIENTE_VALIDACION,Otros / datos específicos limitados,SDTE — sin dosis tóxica humana específica suficientemente validada para automatizar en esta versión.,SDTE,"La sobredosis puede intensificar los efectos farmacológicos y reacciones adversas conocidas. La expresión clínica depende de dosis, formulación, comorbilidades y coingestas.","ABCDE y tratamiento de soporte dirigido a la clínica. ECG, glucemia, electrolitos, función renal/hepática u otras pruebas según mecanismo y síntomas. Ingesta intencional, dosis desconocida, formulación de liberación prolongada o paciente sintomático: evaluación en urgencias y consulta a toxicología/CIT.",Ninguno específico establecido,https://www.rch.org.au/clinicalguide/guideline_index/Poisoning_Initial_Management/,,DATOS_ESPECIFICOS_LIMITADOS,REVISADO_CONSERVADOR,"Se elimina cualquier cifra previa que represente dosis terapéutica máxima, DL50 animal o umbral no sustentado como toxicidad aguda humana.  El valor original '>60MG/KG/DIA' no se usa como umbral automatizable.",,,Mixta / depende de contexto,NO,2026-09-02,MED-0055,NO,1,NO
ANASTRAZOL,mg,1,TABLETA RECUBIERTA,>45MG/KG/DIA,"Anorexia, hipercolesterolemia; depresión, cefalea, somnolencia, síndrome del ...",MEDIDAS GENERALES,PENDIENTE_VALIDACION,Otros / datos específicos limitados,SDTE — sin dosis tóxica humana específica suficientemente validada para automatizar en esta versión.,SDTE,"La sobredosis puede intensificar los efectos farmacológicos y reacciones adversas conocidas. La expresión clínica depende de dosis, formulación, comorbilidades y coingestas.","ABCDE y tratamiento de soporte dirigido a la clínica. ECG, glucemia, electrolitos, función renal/hepática u otras pruebas según mecanismo y síntomas. Ingesta intencional, dosis desconocida, formulación de liberación prolongada o paciente sintomático: evaluación en urgencias y consulta a toxicología/CIT.",Ninguno específico establecido,https://www.rch.org.au/clinicalguide/guideline_index/Poisoning_Initial_Management/,,DATOS_ESPECIFICOS_LIMITADOS,REVISADO_CONSERVADOR,"Se elimina cualquier cifra previa que represente dosis terapéutica máxima, DL50 animal o umbral no sustentado como toxicidad aguda humana.  El valor original '>45MG/KG/DIA' no se usa como umbral automatizable.",,,Mixta / depende de contexto,NO,2026-09-02,MED-0056,NO,1,NO
APIXABAN,mg,5,TABLETA RECUBIERTA,>10 MG/DIA,"Hemorragias, hematomas. Además en prevención del TEV: anemia, náuseas. Además...",MEDIDAS GENERALES,PENDIENTE_VALIDACION,Anticoagulante oral directo — inhibidor factor Xa,"SDTE — la dosis ingerida sola no define necesidad de reversión; valorar sangrado, tiempo y función renal/hepática.",CLINICO_HEMORRAGIA,"Sangrado, anemia, hipotensión/shock si hemorragia grave.",Suspender y soporte hemostático. Hemorragia potencialmente mortal/no controlada asociada a apixabán o rivaroxabán: andexanet alfa cuando esté disponible/indicado; 4F-PCC es alternativa usada según protocolo.,Andexanet alfa; 4F-PCC como alternativa según protocolo.,https://www.ahajournals.org/doi/10.1161/CIR.0000000000001193,,GUIA ACC/AHA,VALIDADO_ESPECIFICO,,,,Mixta / depende de contexto,NO,2026-09-02,MED-0057,NO,1,NO
APREMILAST,mg,20,TABLETA,>60 MG/DIA,"Bronquitis, infección del tracto respiratorio superior, nasofaringitis; dismi...",MEDIDAS GENERALES,PENDIENTE_VALIDACION,Otros / datos específicos limitados,SDTE — sin dosis tóxica humana específica suficientemente validada para automatizar en esta versión.,SDTE,"La sobredosis puede intensificar los efectos farmacológicos y reacciones adversas conocidas. La expresión clínica depende de dosis, formulación, comorbilidades y coingestas.","ABCDE y tratamiento de soporte dirigido a la clínica. ECG, glucemia, electrolitos, función renal/hepática u otras pruebas según mecanismo y síntomas. Ingesta intencional, dosis desconocida, formulación de liberación prolongada o paciente sintomático: evaluación en urgencias y consulta a toxicología/CIT.",Ninguno específico establecido,https://www.rch.org.au/clinicalguide/guideline_index/Poisoning_Initial_Management/,,DATOS_ESPECIFICOS_LIMITADOS,REVISADO_CONSERVADOR,"Se elimina cualquier cifra previa que represente dosis terapéutica máxima, DL50 animal o umbral no sustentado como toxicidad aguda humana.  El valor original '>60 MG/DIA' no se usa como umbral automatizable.",,,Mixta / depende de contexto,NO,2026-09-02,MED-0058,NO,1,NO
ARIPIPRAZOL,mg,15,TABLETAS,1 mg/kg o 5 veces su dosis terapéutica,"RIGIDEZ MUSCULAR, FIEBRE, DIAFORESIS, DISFAGIA, TEMBLOR, INCONTINENCIA, CONFU...",DANTROLENO,PENDIENTE_VALIDACION,Antipsicótico,SDTE — no usar una dosis terapéutica máxima como umbral de toxicidad. La toxicidad varía por agente y formulación.,SDTE / CLASE,"Depresión SNC, taquicardia, hipotensión, anticolinergia o síntomas extrapiramidales; algunos agentes prolongan QT o producen arritmia.","Soporte, ECG y vigilancia neurológica/hemodinámica. Tratar hipotensión, convulsiones y distonía según clínica; consultar toxicología en exposición significativa.",Ninguno específico,https://pubmed.ncbi.nlm.nih.gov/37721023/,https://www.rch.org.au/clinicalguide/guideline_index/Risperidone_Poisoning/,CLASE/CONSENSO,VALIDADO_POR_CLASE,El valor original '1 mg/kg o 5 veces su dosis terapéutica' no se usa como umbral automatizable. Se corrigió o restringió una recomendación específica de la base original que podía inducir manejo inapropiado si se automatizaba.,,,Mixta / depende de contexto,NO,2026-09-02,MED-0059,NO,1,SI
ARTEMETER,mg,20,COMPRIMIDORECUBIERTO,SDTE,"Disminución del apetito; trastornos del sueño; cefalea, vértigo; palpitacione...",MEDIDAS GENERALES,SIN_DOSIS_TOXICA_ESPECIFICA,Otros / datos específicos limitados,SDTE — sin dosis tóxica humana específica suficientemente validada para automatizar en esta versión.,SDTE,"La sobredosis puede intensificar los efectos farmacológicos y reacciones adversas conocidas. La expresión clínica depende de dosis, formulación, comorbilidades y coingestas.","ABCDE y tratamiento de soporte dirigido a la clínica. ECG, glucemia, electrolitos, función renal/hepática u otras pruebas según mecanismo y síntomas. Ingesta intencional, dosis desconocida, formulación de liberación prolongada o paciente sintomático: evaluación en urgencias y consulta a toxicología/CIT.",Ninguno específico establecido,https://www.rch.org.au/clinicalguide/guideline_index/Poisoning_Initial_Management/,,DATOS_ESPECIFICOS_LIMITADOS,REVISADO_CONSERVADOR,"Se elimina cualquier cifra previa que represente dosis terapéutica máxima, DL50 animal o umbral no sustentado como toxicidad aguda humana.",,,Mixta / depende de contexto,NO,2026-09-02,MED-0060,NO,1,NO
ASCORBATO DE SODIO,mg,477928,CAPSULA DE GELATINA BLANDA,SDTE,SINTOMAS GENERALES,MEDIDAS GENERALES,SIN_DOSIS_TOXICA_ESPECIFICA,Vitamina C,SDTE — no hay dosis tóxica aguda específica útil para automatizar.,SDTE,Grandes ingestas suelen causar síntomas GI; exposición elevada/prolongada puede aumentar oxalato y riesgo renal en susceptibles.,"Soporte, hidratación y evaluación renal si exposición masiva o paciente de riesgo. Azul de metileno NO es un antídoto de vitamina C.",Ninguno específico,https://www.rch.org.au/clinicalguide/guideline_index/Poisoning_Initial_Management/,,REVISION_CONSERVADORA,CORREGIDO_ERROR_IMPORTANTE,Se eliminó 'azul de metileno' de la fila original: no corresponde como antídoto de sobredosis de ácido ascórbico.,,,Mixta / depende de contexto,NO,2026-09-02,MED-0061,NO,1,SI
ATAZANAVIR,mg,300,TABLETAS,SDTE-DTER. 300MG/DIA,"Dolor de cabeza; ictericia ocular; vómitos, diarrea, dolor abdominal, náuseas...",MEDIDAS GENERALES,SIN_DOSIS_TOXICA_ESPECIFICA,Otros / datos específicos limitados,SDTE — sin dosis tóxica humana específica suficientemente validada para automatizar en esta versión.,SDTE,"La sobredosis puede intensificar los efectos farmacológicos y reacciones adversas conocidas. La expresión clínica depende de dosis, formulación, comorbilidades y coingestas.","ABCDE y tratamiento de soporte dirigido a la clínica. ECG, glucemia, electrolitos, función renal/hepática u otras pruebas según mecanismo y síntomas. Ingesta intencional, dosis desconocida, formulación de liberación prolongada o paciente sintomático: evaluación en urgencias y consulta a toxicología/CIT.",Ninguno específico establecido,https://www.rch.org.au/clinicalguide/guideline_index/Poisoning_Initial_Management/,,DATOS_ESPECIFICOS_LIMITADOS,REVISADO_CONSERVADOR,"Se elimina cualquier cifra previa que represente dosis terapéutica máxima, DL50 animal o umbral no sustentado como toxicidad aguda humana.",,,Mixta / depende de contexto,NO,2026-09-02,MED-0062,NO,1,NO
ATENOLOL,mg,100,TABLETA,500-1.000 mg,"Choque, Hipotensión, Bradicardia, Bloqueo AV, Broncoespasmo, Hipoglucemia, Co...",GLUCAGON,PENDIENTE_VALIDACION,Betabloqueador,"SDTE — no usar múltiplos de dosis terapéutica como umbral universal; toxicidad depende de agente (p. ej., propranolol/sotalol) y comorbilidades.",SDTE / CLASE,"Bradicardia, hipotensión, shock; hipoglucemia y depresión SNC. Propranolol: bloqueo de sodio/convulsiones; sotalol: QT/torsades.","ABCDE, ECG, glucemia. En shock grave: calcio según contexto, glucagón como adyuvante, insulina euglucémica de alta dosis y vasopresores conforme a protocolo/toxicología; bicarbonato si bloqueo de sodio.",No hay un único antídoto; terapias específicas incluyen glucagón/insulina/vasopresores según fenotipo.,https://pubmed.ncbi.nlm.nih.gov/37721023/,,GUIA AHA,VALIDADO_POR_CLASE,El valor original '500-1.000 mg' no se usa como umbral automatizable.,,,Mixta / depende de contexto,NO,2026-09-02,MED-0063,NO,1,NO
ATORVASTATINA,mg,20,TABLETA,VARIA->60-70MG/KG,"Nasofaringitis; dolor faringolaríngeo, epistaxis; estreñimiento, flatulencia,...",MEDIDAS GENERALES,PENDIENTE_VALIDACION,Otros / datos específicos limitados,SDTE — sin dosis tóxica humana específica suficientemente validada para automatizar en esta versión.,SDTE,"La sobredosis puede intensificar los efectos farmacológicos y reacciones adversas conocidas. La expresión clínica depende de dosis, formulación, comorbilidades y coingestas.","ABCDE y tratamiento de soporte dirigido a la clínica. ECG, glucemia, electrolitos, función renal/hepática u otras pruebas según mecanismo y síntomas. Ingesta intencional, dosis desconocida, formulación de liberación prolongada o paciente sintomático: evaluación en urgencias y consulta a toxicología/CIT.",Ninguno específico establecido,https://www.rch.org.au/clinicalguide/guideline_index/Poisoning_Initial_Management/,,DATOS_ESPECIFICOS_LIMITADOS,REVISADO_CONSERVADOR,"Se elimina cualquier cifra previa que represente dosis terapéutica máxima, DL50 animal o umbral no sustentado como toxicidad aguda humana.  El valor original 'VARIA->60-70MG/KG' no se usa como umbral automatizable.",,,Mixta / depende de contexto,NO,2026-09-02,MED-0064,NO,1,NO
AVANAFIL,mg,100,TABLETA RECUBIERTA,SDTE-DMax 300MG/DIA,Cefaleas; rubefacción; congestión nasal.,MEDIDAS GENERALES,SIN_DOSIS_TOXICA_ESPECIFICA,Inhibidor PDE5,SDTE — no usar dosis terapéutica máxima como umbral toxicológico.,SDTE / CLASE,"Cefalea, rubor, hipotensión, taquicardia, alteraciones visuales; priapismo puede ocurrir.","Soporte, fluidos/vasopresores si hipotensión; evitar nitratos; tratar priapismo según protocolo.",Ninguno específico,https://www.rch.org.au/clinicalguide/guideline_index/Poisoning_Initial_Management/,,MECANISMO/CONSENSO,VALIDADO_POR_CLASE,,,,Mixta / depende de contexto,NO,2026-09-02,MED-0065,NO,1,NO
AXITINIB,mg,5,TABLETA RECUBIERTA,>10MG/DIA,"Reacciones alérgicas y anafilaxia: Urticaria, Prurito, angioedema, disnea, Sh...",MEDIDAS GENERALES,PENDIENTE_VALIDACION,Otros / datos específicos limitados,SDTE — sin dosis tóxica humana específica suficientemente validada para automatizar en esta versión.,SDTE,"La sobredosis puede intensificar los efectos farmacológicos y reacciones adversas conocidas. La expresión clínica depende de dosis, formulación, comorbilidades y coingestas.","ABCDE y tratamiento de soporte dirigido a la clínica. ECG, glucemia, electrolitos, función renal/hepática u otras pruebas según mecanismo y síntomas. Ingesta intencional, dosis desconocida, formulación de liberación prolongada o paciente sintomático: evaluación en urgencias y consulta a toxicología/CIT.",Ninguno específico establecido,https://www.rch.org.au/clinicalguide/guideline_index/Poisoning_Initial_Management/,,DATOS_ESPECIFICOS_LIMITADOS,REVISADO_CONSERVADOR,"Se elimina cualquier cifra previa que represente dosis terapéutica máxima, DL50 animal o umbral no sustentado como toxicidad aguda humana.  El valor original '>10MG/DIA' no se usa como umbral automatizable.",,,Mixta / depende de contexto,NO,2026-09-02,MED-0066,NO,1,NO
AZATIOPRINA,mg,50,TABLETA,>7MG/KG/DIA,"Depresión médula ósea, leucopenia, trombocitopenia, anemia; náuseas, pancreat...",MEDIDAS GENERALES,PENDIENTE_VALIDACION,Otros / datos específicos limitados,SDTE — sin dosis tóxica humana específica suficientemente validada para automatizar en esta versión.,SDTE,"La sobredosis puede intensificar los efectos farmacológicos y reacciones adversas conocidas. La expresión clínica depende de dosis, formulación, comorbilidades y coingestas.","ABCDE y tratamiento de soporte dirigido a la clínica. ECG, glucemia, electrolitos, función renal/hepática u otras pruebas según mecanismo y síntomas. Ingesta intencional, dosis desconocida, formulación de liberación prolongada o paciente sintomático: evaluación en urgencias y consulta a toxicología/CIT.",Ninguno específico establecido,https://www.rch.org.au/clinicalguide/guideline_index/Poisoning_Initial_Management/,,DATOS_ESPECIFICOS_LIMITADOS,REVISADO_CONSERVADOR,"Se elimina cualquier cifra previa que represente dosis terapéutica máxima, DL50 animal o umbral no sustentado como toxicidad aguda humana.  El valor original '>7MG/KG/DIA' no se usa como umbral automatizable.",,,Mixta / depende de contexto,NO,2026-09-02,MED-0067,NO,1,NO
AZITROMICINA,mg,500,TABLETA,>2g/DIA,"Anorexia; mareo, cefalea, parestesia, disgeusia; alteración visual; sordera; ...",MEDIDAS GENERALES,PENDIENTE_VALIDACION,Antimicrobiano con potencial de QT,SDTE — no usar dosis terapéutica máxima como umbral de toxicidad aguda.,SDTE / CLINICO,"GI, mareos; sobredosis significativa puede prolongar QT y favorecer arritmias, especialmente con factores predisponentes.","Soporte, ECG y corrección de K/Mg si exposición relevante; tratar torsades según protocolo.",Ninguno específico,https://pubmed.ncbi.nlm.nih.gov/37721023/,,MECANISMO/CONSENSO,VALIDADO_POR_CLASE,El valor original '>2g/DIA' no se usa como umbral automatizable.,,,Mixta / depende de contexto,NO,2026-09-02,MED-0068,NO,1,NO
BACLOFENO,mg,10,CADA TABLETA,"≥ 2,5 mg/kg o ≥ 200 mg","Sedación, somnolencia, depresión respiratoria, estado de confusión, mareo, al...",MEDIDAS GENERALES,PENDIENTE_VALIDACION,Agonista GABA-B,SDTE — no hay corte único para automatizar; la insuficiencia renal puede causar toxicidad incluso con dosis terapéuticas.,SDTE / CLINICO_RENAL,"Depresión SNC profunda, coma, hipotonía, bradicardia/hipotensión, depresión respiratoria y convulsiones.","Soporte respiratorio y tratamiento de convulsiones. EXTRIP sugiere contra hemodiálisis rutinaria en sobredosis aguda con función renal normal, pero la sugiere en toxicidad por dosis terapéutica con insuficiencia renal y coma que requiere ventilación.",Ninguno específico,https://pubmed.ncbi.nlm.nih.gov/34358487/,,EXTRIP,VALIDADO_ESPECIFICO,,,,Mixta / depende de contexto,NO,2026-09-02,MED-0069,NO,1,NO
BARICITINIB,mg,2,CADA TABLETA CONTIENE,SDTE->40MG/DIA,"Reacciones alérgicas y anafilaxia: Urticaria, Prurito, angioedema, disnea, Sh...",MEDIDAS GENERALES,SIN_DOSIS_TOXICA_ESPECIFICA,Otros / datos específicos limitados,SDTE — sin dosis tóxica humana específica suficientemente validada para automatizar en esta versión.,SDTE,"La sobredosis puede intensificar los efectos farmacológicos y reacciones adversas conocidas. La expresión clínica depende de dosis, formulación, comorbilidades y coingestas.","ABCDE y tratamiento de soporte dirigido a la clínica. ECG, glucemia, electrolitos, función renal/hepática u otras pruebas según mecanismo y síntomas. Ingesta intencional, dosis desconocida, formulación de liberación prolongada o paciente sintomático: evaluación en urgencias y consulta a toxicología/CIT.",Ninguno específico establecido,https://www.rch.org.au/clinicalguide/guideline_index/Poisoning_Initial_Management/,,DATOS_ESPECIFICOS_LIMITADOS,REVISADO_CONSERVADOR,"Se elimina cualquier cifra previa que represente dosis terapéutica máxima, DL50 animal o umbral no sustentado como toxicidad aguda humana.",,,Mixta / depende de contexto,NO,2026-09-02,MED-0070,NO,1,NO
BELATACEPT,mg,250,POR VIAL,DOSIS SEMANAL> 50 mg/kg,"Infecciones del tracto urinario y de vías respiratorias altas, infección por ...",MEDIDAS GENERALES,PENDIENTE_VALIDACION,Otros / datos específicos limitados,SDTE — sin dosis tóxica humana específica suficientemente validada para automatizar en esta versión.,SDTE,"La sobredosis puede intensificar los efectos farmacológicos y reacciones adversas conocidas. La expresión clínica depende de dosis, formulación, comorbilidades y coingestas.","ABCDE y tratamiento de soporte dirigido a la clínica. ECG, glucemia, electrolitos, función renal/hepática u otras pruebas según mecanismo y síntomas. Ingesta intencional, dosis desconocida, formulación de liberación prolongada o paciente sintomático: evaluación en urgencias y consulta a toxicología/CIT.",Ninguno específico establecido,https://www.rch.org.au/clinicalguide/guideline_index/Poisoning_Initial_Management/,,DATOS_ESPECIFICOS_LIMITADOS,REVISADO_CONSERVADOR,"Se elimina cualquier cifra previa que represente dosis terapéutica máxima, DL50 animal o umbral no sustentado como toxicidad aguda humana.  El valor original 'DOSIS SEMANAL> 50 mg/kg' no se usa como umbral automatizable.",,,Mixta / depende de contexto,NO,2026-09-02,MED-0071,NO,1,NO
BENCIDAMINA,mg,3,TABLETA,>300 MG,"no es probable que se produzcan cuadros de intoxicación. No obstante, si util...",MEDIDAS GENERALES,PENDIENTE_VALIDACION,Otros / datos específicos limitados,SDTE — sin dosis tóxica humana específica suficientemente validada para automatizar en esta versión.,SDTE,"La sobredosis puede intensificar los efectos farmacológicos y reacciones adversas conocidas. La expresión clínica depende de dosis, formulación, comorbilidades y coingestas.","ABCDE y tratamiento de soporte dirigido a la clínica. ECG, glucemia, electrolitos, función renal/hepática u otras pruebas según mecanismo y síntomas. Ingesta intencional, dosis desconocida, formulación de liberación prolongada o paciente sintomático: evaluación en urgencias y consulta a toxicología/CIT.",Ninguno específico establecido,https://www.rch.org.au/clinicalguide/guideline_index/Poisoning_Initial_Management/,,DATOS_ESPECIFICOS_LIMITADOS,REVISADO_CONSERVADOR,"Se elimina cualquier cifra previa que represente dosis terapéutica máxima, DL50 animal o umbral no sustentado como toxicidad aguda humana.  El valor original '>300 MG' no se usa como umbral automatizable.",,,Mixta / depende de contexto,NO,2026-09-02,MED-0072,NO,1,NO
BENOXINATO,mg,0.2,TABLETA MASTICABLE,SDTE,"no es probable que se produzcan cuadros de intoxicación. No obstante, si util...",MEDIDAS GENERALES,SIN_DOSIS_TOXICA_ESPECIFICA,Anestésico local,"SDTE — la toxicidad sistémica y la metahemoglobinemia no se predicen de forma fiable por una sola dosis, especialmente en uso tópico.",SDTE / CLINICO,"Toxicidad neurológica/cardiovascular rápida; benzocaína puede causar metahemoglobinemia, cianosis y hipoxia refractaria a O2.","Suspender exposición, soporte, ECG. Toxicidad cardiovascular grave por anestésico local: emulsión lipídica IV; metahemoglobinemia significativa/sintomática: azul de metileno si no contraindicado.",Emulsión lipídica IV en LAST grave; azul de metileno para metahemoglobinemia.,https://www.rch.org.au/clinicalguide/guideline_index/Local_Anaesthetic_Poisoning/,https://pubmed.ncbi.nlm.nih.gov/37721023/,GUIA CLINICA/AHA,VALIDADO_POR_CLASE,,,,Mixta / depende de contexto,NO,2026-09-02,MED-0073,NO,1,NO
BENZNIDAZOL,mg,100,COMPRIMIDO,>400 MG/DIA,"Fiebre, reaccion de hipersensibilidad, malestar estomacal, náuseas y otros ma...",MEDIDAS GENERALES,PENDIENTE_VALIDACION,Otros / datos específicos limitados,SDTE — sin dosis tóxica humana específica suficientemente validada para automatizar en esta versión.,SDTE,"La sobredosis puede intensificar los efectos farmacológicos y reacciones adversas conocidas. La expresión clínica depende de dosis, formulación, comorbilidades y coingestas.","ABCDE y tratamiento de soporte dirigido a la clínica. ECG, glucemia, electrolitos, función renal/hepática u otras pruebas según mecanismo y síntomas. Ingesta intencional, dosis desconocida, formulación de liberación prolongada o paciente sintomático: evaluación en urgencias y consulta a toxicología/CIT.",Ninguno específico establecido,https://www.rch.org.au/clinicalguide/guideline_index/Poisoning_Initial_Management/,,DATOS_ESPECIFICOS_LIMITADOS,REVISADO_CONSERVADOR,"Se elimina cualquier cifra previa que represente dosis terapéutica máxima, DL50 animal o umbral no sustentado como toxicidad aguda humana.  El valor original '>400 MG/DIA' no se usa como umbral automatizable.",,,Mixta / depende de contexto,NO,2026-09-02,MED-0074,NO,1,NO
BENZOCAINA,mg,10,TABLETA,>2MG/KG,reacciones de hipersensibilidad local,MEDIDAS GENERALES,PENDIENTE_VALIDACION,Anestésico local,"SDTE — la toxicidad sistémica y la metahemoglobinemia no se predicen de forma fiable por una sola dosis, especialmente en uso tópico.",SDTE / CLINICO,"Toxicidad neurológica/cardiovascular rápida; benzocaína puede causar metahemoglobinemia, cianosis y hipoxia refractaria a O2.","Suspender exposición, soporte, ECG. Toxicidad cardiovascular grave por anestésico local: emulsión lipídica IV; metahemoglobinemia significativa/sintomática: azul de metileno si no contraindicado.",Emulsión lipídica IV en LAST grave; azul de metileno para metahemoglobinemia.,https://www.rch.org.au/clinicalguide/guideline_index/Local_Anaesthetic_Poisoning/,https://pubmed.ncbi.nlm.nih.gov/37721023/,GUIA CLINICA/AHA,VALIDADO_POR_CLASE,El valor original '>2MG/KG' no se usa como umbral automatizable.,,,Mixta / depende de contexto,NO,2026-09-02,MED-0075,NO,1,NO
BETAHISTINA CLORHIDRATO,mg,8,TABLETA,>120MG/KG,"mucosas secas y calientes, piel seca, rubor y calor, xerodermia, retención ur...",FISOSTIGMINA (cUANDO HAY SIND. ANTICOLINERGICO),PENDIENTE_VALIDACION,Otros / datos específicos limitados,SDTE — sin dosis tóxica humana específica suficientemente validada para automatizar en esta versión.,SDTE,"La sobredosis puede intensificar los efectos farmacológicos y reacciones adversas conocidas. La expresión clínica depende de dosis, formulación, comorbilidades y coingestas.","ABCDE y tratamiento de soporte dirigido a la clínica. ECG, glucemia, electrolitos, función renal/hepática u otras pruebas según mecanismo y síntomas. Ingesta intencional, dosis desconocida, formulación de liberación prolongada o paciente sintomático: evaluación en urgencias y consulta a toxicología/CIT.",Ninguno específico establecido,https://www.rch.org.au/clinicalguide/guideline_index/Poisoning_Initial_Management/,,DATOS_ESPECIFICOS_LIMITADOS,REVISADO_CONSERVADOR,"Se elimina cualquier cifra previa que represente dosis terapéutica máxima, DL50 animal o umbral no sustentado como toxicidad aguda humana.  El valor original '>120MG/KG' no se usa como umbral automatizable. Se corrigió o restringió una recomendación específica de la base original que podía inducir manejo inapropiado si se automatizaba.",,,Mixta / depende de contexto,NO,2026-09-02,MED-0076,NO,1,SI
BICALUTAMIDA,mg,50,TABLETA RECUBIERTA,SDTE,"Anemia; mareos; dolor abdominal, estreñimiento, náuseas; sofoco; hematuria; e...",MEDIDAS GENERALES,SIN_DOSIS_TOXICA_ESPECIFICA,Otros / datos específicos limitados,SDTE — sin dosis tóxica humana específica suficientemente validada para automatizar en esta versión.,SDTE,"La sobredosis puede intensificar los efectos farmacológicos y reacciones adversas conocidas. La expresión clínica depende de dosis, formulación, comorbilidades y coingestas.","ABCDE y tratamiento de soporte dirigido a la clínica. ECG, glucemia, electrolitos, función renal/hepática u otras pruebas según mecanismo y síntomas. Ingesta intencional, dosis desconocida, formulación de liberación prolongada o paciente sintomático: evaluación en urgencias y consulta a toxicología/CIT.",Ninguno específico establecido,https://www.rch.org.au/clinicalguide/guideline_index/Poisoning_Initial_Management/,,DATOS_ESPECIFICOS_LIMITADOS,REVISADO_CONSERVADOR,"Se elimina cualquier cifra previa que represente dosis terapéutica máxima, DL50 animal o umbral no sustentado como toxicidad aguda humana.",,,Mixta / depende de contexto,NO,2026-09-02,MED-0077,NO,1,NO
BICARBONATO DE SODIO,g,1976,1 TABLETA EFERVESCENTE,>140MG/KG,"HTA, edema, alcalosis metabólica. Síndrome leche-álcali, si se ingiere elevad...",ACIDO ASCORBICO,PENDIENTE_VALIDACION,Carga de sodio/álcali,SDTE — no usar una cifra genérica; toxicidad depende de carga de sodio y alcalosis.,ELECTROLITO + GASOMETRIA,"Alcalosis metabólica, hipernatremia, hipokalemia, hipocalcemia ionizada, tetania, alteración neurológica y arritmias.",Suspender exposición; gasometría/electrolitos y corrección cuidadosa de volumen/electrolitos. Ácido ascórbico NO es un antídoto estándar.,Ninguno específico,https://www.rch.org.au/clinicalguide/guideline_index/Poisoning_Initial_Management/,,MECANISMO/CONSENSO,CORREGIDO_ERROR_IMPORTANTE,Se eliminó 'ácido ascórbico' como antídoto de sobredosis de bicarbonato.,,,Mixta / depende de contexto,NO,2026-09-02,MED-0078,NO,1,SI
BICTEGRAVIR,mg,50,POR CADA TABLETA,SDTE,sintomas generales,MEDIDAS GENERALES,SIN_DOSIS_TOXICA_ESPECIFICA,Otros / datos específicos limitados,SDTE — sin dosis tóxica humana específica suficientemente validada para automatizar en esta versión.,SDTE,"La sobredosis puede intensificar los efectos farmacológicos y reacciones adversas conocidas. La expresión clínica depende de dosis, formulación, comorbilidades y coingestas.","ABCDE y tratamiento de soporte dirigido a la clínica. ECG, glucemia, electrolitos, función renal/hepática u otras pruebas según mecanismo y síntomas. Ingesta intencional, dosis desconocida, formulación de liberación prolongada o paciente sintomático: evaluación en urgencias y consulta a toxicología/CIT.",Ninguno específico establecido,https://www.rch.org.au/clinicalguide/guideline_index/Poisoning_Initial_Management/,,DATOS_ESPECIFICOS_LIMITADOS,REVISADO_CONSERVADOR,"Se elimina cualquier cifra previa que represente dosis terapéutica máxima, DL50 animal o umbral no sustentado como toxicidad aguda humana.",,,Mixta / depende de contexto,NO,2026-09-02,MED-0079,NO,1,NO
BILASTINA,mg,20,CADA TABLETA,SDTE,"Ads. y adolescentes 12-17 años: somnolencia, cefalea; niños 2-11 años: riniti...",MEDIDAS GENERALES,SIN_DOSIS_TOXICA_ESPECIFICA,Antihistamínico H1 poco sedante,"SDTE — no hay un corte universal; generalmente toxicidad aguda leve, pero evaluar exposición importante/síntomas.",SDTE / CLASE,"Somnolencia o agitación, cefalea, taquicardia; cardiotoxicidad grave es infrecuente con agentes modernos aislados.","Soporte y ECG si síntomas, gran ingesta o coingestas.",Ninguno específico,https://www.rch.org.au/clinicalguide/guideline_index/Antihistamine_poisoning/,,GUIA DE CLASE,VALIDADO_POR_CLASE,,,,Mixta / depende de contexto,NO,2026-09-02,MED-0080,NO,1,NO
BIPERIDENO CLORHIDRATO,mg,2,TABLETA,SDTE-DMax 20MG/DIA,"mucosas secas y calientes, piel seca, rubor y calor, xerodermia, retención ur...",FISOSTIGMINA,SIN_DOSIS_TOXICA_ESPECIFICA,Anticolinérgico,SDTE — toxicidad clínica; no usar dosis máxima terapéutica como corte.,SDTE / TOXIDROME,"Midriasis, piel/mucosas secas, taquicardia, retención urinaria, íleo, agitación/delirium, hipertermia; convulsiones en gravedad.","Soporte, enfriamiento si precisa, benzodiacepinas para agitación/convulsiones, ECG y manejo de complicaciones. Fisostigmina solo en casos seleccionados por toxicología.",Fisostigmina solo en indicaciones seleccionadas y bajo toxicología.,https://www.rch.org.au/clinicalguide/guideline_index/Poisoning_Initial_Management/,,TOXIDROME/CONSENSO,VALIDADO_POR_CLASE,,,,Mixta / depende de contexto,NO,2026-09-02,MED-0081,NO,1,NO
BISACODILO,mg,5,TABLETA CON RECUBRIMIENTO ENTERICO,SDTE,Dolor abdominal y diarrea.,MEDIDAS GENERALES,SIN_DOSIS_TOXICA_ESPECIFICA,Otros / datos específicos limitados,SDTE — sin dosis tóxica humana específica suficientemente validada para automatizar en esta versión.,SDTE,"La sobredosis puede intensificar los efectos farmacológicos y reacciones adversas conocidas. La expresión clínica depende de dosis, formulación, comorbilidades y coingestas.","ABCDE y tratamiento de soporte dirigido a la clínica. ECG, glucemia, electrolitos, función renal/hepática u otras pruebas según mecanismo y síntomas. Ingesta intencional, dosis desconocida, formulación de liberación prolongada o paciente sintomático: evaluación en urgencias y consulta a toxicología/CIT.",Ninguno específico establecido,https://www.rch.org.au/clinicalguide/guideline_index/Poisoning_Initial_Management/,,DATOS_ESPECIFICOS_LIMITADOS,REVISADO_CONSERVADOR,"Se elimina cualquier cifra previa que represente dosis terapéutica máxima, DL50 animal o umbral no sustentado como toxicidad aguda humana.",,,Mixta / depende de contexto,NO,2026-09-02,MED-0082,NO,1,NO
BISOPROLOL FUMARATO,mg,5,TABLETA CUBIERTA,DOSIS MAX 10MG/DIA-DT >20MG/DIA,"Choque, Hipotensión, Bradicardia, Bloqueo AV, Broncoespasmo, Hipoglucemia, Co...",GLUCAGON,PENDIENTE_VALIDACION,Betabloqueador,"SDTE — no usar múltiplos de dosis terapéutica como umbral universal; toxicidad depende de agente (p. ej., propranolol/sotalol) y comorbilidades.",SDTE / CLASE,"Bradicardia, hipotensión, shock; hipoglucemia y depresión SNC. Propranolol: bloqueo de sodio/convulsiones; sotalol: QT/torsades.","ABCDE, ECG, glucemia. En shock grave: calcio según contexto, glucagón como adyuvante, insulina euglucémica de alta dosis y vasopresores conforme a protocolo/toxicología; bicarbonato si bloqueo de sodio.",No hay un único antídoto; terapias específicas incluyen glucagón/insulina/vasopresores según fenotipo.,https://pubmed.ncbi.nlm.nih.gov/37721023/,,GUIA AHA,VALIDADO_POR_CLASE,El valor original 'DOSIS MAX 10MG/DIA-DT >20MG/DIA' no se usa como umbral automatizable.,,,Mixta / depende de contexto,NO,2026-09-02,MED-0083,NO,1,NO
BOSENTAN,mg,125,TABLETA RECUBIERTA,SDTE-DMax 250MG/DIA,"Anemia, descenso de hemoglobina; reacciones de hipersensibilidad (incluida de...",MEDIDAS GENERALES,SIN_DOSIS_TOXICA_ESPECIFICA,Otros / datos específicos limitados,SDTE — sin dosis tóxica humana específica suficientemente validada para automatizar en esta versión.,SDTE,"La sobredosis puede intensificar los efectos farmacológicos y reacciones adversas conocidas. La expresión clínica depende de dosis, formulación, comorbilidades y coingestas.","ABCDE y tratamiento de soporte dirigido a la clínica. ECG, glucemia, electrolitos, función renal/hepática u otras pruebas según mecanismo y síntomas. Ingesta intencional, dosis desconocida, formulación de liberación prolongada o paciente sintomático: evaluación en urgencias y consulta a toxicología/CIT.",Ninguno específico establecido,https://www.rch.org.au/clinicalguide/guideline_index/Poisoning_Initial_Management/,,DATOS_ESPECIFICOS_LIMITADOS,REVISADO_CONSERVADOR,"Se elimina cualquier cifra previa que represente dosis terapéutica máxima, DL50 animal o umbral no sustentado como toxicidad aguda humana.",,,Mixta / depende de contexto,NO,2026-09-02,MED-0084,NO,1,NO
BOSUTINIB,mg,100,TABLETA RECUBIERTA,SDTE,"Reacciones alérgicas y anafilaxia: Urticaria, Prurito, angioedema, disnea, Sh...",MEDIDAS GENERALES,SIN_DOSIS_TOXICA_ESPECIFICA,Otros / datos específicos limitados,SDTE — sin dosis tóxica humana específica suficientemente validada para automatizar en esta versión.,SDTE,"La sobredosis puede intensificar los efectos farmacológicos y reacciones adversas conocidas. La expresión clínica depende de dosis, formulación, comorbilidades y coingestas.","ABCDE y tratamiento de soporte dirigido a la clínica. ECG, glucemia, electrolitos, función renal/hepática u otras pruebas según mecanismo y síntomas. Ingesta intencional, dosis desconocida, formulación de liberación prolongada o paciente sintomático: evaluación en urgencias y consulta a toxicología/CIT.",Ninguno específico establecido,https://www.rch.org.au/clinicalguide/guideline_index/Poisoning_Initial_Management/,,DATOS_ESPECIFICOS_LIMITADOS,REVISADO_CONSERVADOR,"Se elimina cualquier cifra previa que represente dosis terapéutica máxima, DL50 animal o umbral no sustentado como toxicidad aguda humana.",,,Mixta / depende de contexto,NO,2026-09-02,MED-0085,SI,1,NO
BOSUTINIB,mg,500,TABLETA RECUBIERTA,SDTE,"Reacciones alérgicas y anafilaxia: Urticaria, Prurito, angioedema, disnea, Sh...",MEDIDAS GENERALES,SIN_DOSIS_TOXICA_ESPECIFICA,Otros / datos específicos limitados,SDTE — sin dosis tóxica humana específica suficientemente validada para automatizar en esta versión.,SDTE,"La sobredosis puede intensificar los efectos farmacológicos y reacciones adversas conocidas. La expresión clínica depende de dosis, formulación, comorbilidades y coingestas.","ABCDE y tratamiento de soporte dirigido a la clínica. ECG, glucemia, electrolitos, función renal/hepática u otras pruebas según mecanismo y síntomas. Ingesta intencional, dosis desconocida, formulación de liberación prolongada o paciente sintomático: evaluación en urgencias y consulta a toxicología/CIT.",Ninguno específico establecido,https://www.rch.org.au/clinicalguide/guideline_index/Poisoning_Initial_Management/,,DATOS_ESPECIFICOS_LIMITADOS,REVISADO_CONSERVADOR,"Se elimina cualquier cifra previa que represente dosis terapéutica máxima, DL50 animal o umbral no sustentado como toxicidad aguda humana.",,,Mixta / depende de contexto,NO,2026-09-02,MED-0086,SI,2,NO
BRIGATINIB,mg,30,TABLETA RECUBIERTA,SDTE,"Reacciones alérgicas y anafilaxia: Urticaria, Prurito, angioedema, disnea, Sh...",MEDIDAS GENERALES,SIN_DOSIS_TOXICA_ESPECIFICA,Otros / datos específicos limitados,SDTE — sin dosis tóxica humana específica suficientemente validada para automatizar en esta versión.,SDTE,"La sobredosis puede intensificar los efectos farmacológicos y reacciones adversas conocidas. La expresión clínica depende de dosis, formulación, comorbilidades y coingestas.","ABCDE y tratamiento de soporte dirigido a la clínica. ECG, glucemia, electrolitos, función renal/hepática u otras pruebas según mecanismo y síntomas. Ingesta intencional, dosis desconocida, formulación de liberación prolongada o paciente sintomático: evaluación en urgencias y consulta a toxicología/CIT.",Ninguno específico establecido,https://www.rch.org.au/clinicalguide/guideline_index/Poisoning_Initial_Management/,,DATOS_ESPECIFICOS_LIMITADOS,REVISADO_CONSERVADOR,"Se elimina cualquier cifra previa que represente dosis terapéutica máxima, DL50 animal o umbral no sustentado como toxicidad aguda humana.",,,Mixta / depende de contexto,NO,2026-09-02,MED-0087,NO,1,NO
BRIVARACETAM,mg,25,COMPRIMIDO RECUBIERTO,>150MG/DIA-1400 MG/DU,"Gripe; disminución del apetito; depresión, ansiedad, insomnio, irritabilidad;...",MEDIDAS GENERALES,PENDIENTE_VALIDACION,Anticonvulsivante,SDTE — no hay un umbral común válido para esta clase; varios agentes tienen toxicidades específicas.,SDTE / CLASE,"Depresión SNC, ataxia y mareos son frecuentes; lamotrigina/lacosamida pueden alterar conducción, y sobredosis grandes pueden causar convulsiones o arritmias.","Soporte, ECG en agentes con potencial cardiotóxico y tratamiento de convulsiones. Considerar niveles cuando sean clínicamente útiles y consulta toxicológica.",Ninguno específico,https://www.rch.org.au/clinicalguide/guideline_index/Poisoning_Initial_Management/,,CLASE/REVISION_CONSERVADORA,VALIDADO_POR_CLASE,El valor original '>150MG/DIA-1400 MG/DU' no se usa como umbral automatizable.,,,Mixta / depende de contexto,NO,2026-09-02,MED-0088,NO,1,NO
BROMAZEPAM,mg,3,TABLETA,">0,7MG/KG","HIPOTENSION, BRADIPNEA, HIPOTERMIA, COMA, CONVULSIONES, HIPOREFLEXIA, EXITABI...",FLUMAZENIL,PENDIENTE_VALIDACION,Benzodiacepina / hipnótico sedante,SDTE — no hay una dosis tóxica única útil para automatizar; la gravedad es clínica y depende mucho de coingestas.,SDTE / CLINICO,"Depresión SNC leve-moderada, ataxia, disartria; depresión respiratoria profunda es infrecuente en sobredosis aislada y obliga a buscar coingestas.",Soporte y vigilancia respiratoria. Carbón activado generalmente contraindicado por riesgo de aspiración. Flumazenil está contraindicado en sobredosis intencional o mixta y solo se considera en escenarios seleccionados accidental/iatrogénico tras consulta toxicológica.,Flumazenil solo en escenarios seleccionados; NO uso rutinario.,https://www.rch.org.au/clinicalguide/guideline_index/Benzodiazepine_poisoning/,,GUIA CLINICA,VALIDADO_POR_CLASE,"Se retiraron cifras de dosis 'tóxica' no fiables de varias benzodiacepinas.  El valor original '>0,7MG/KG' no se usa como umbral automatizable. Se corrigió o restringió una recomendación específica de la base original que podía inducir manejo inapropiado si se automatizaba.",,,Mixta / depende de contexto,NO,2026-09-02,MED-0089,NO,1,SI
BROMHEXINA,mg,8,CAPSULA BLANDA,>10G/KG,"Vía oral: vómitos, diarrea, náuseas y dolor en parte superior del abdomen.",MEDIDAS GENERALES,PENDIENTE_VALIDACION,Otros / datos específicos limitados,SDTE — sin dosis tóxica humana específica suficientemente validada para automatizar en esta versión.,SDTE,"La sobredosis puede intensificar los efectos farmacológicos y reacciones adversas conocidas. La expresión clínica depende de dosis, formulación, comorbilidades y coingestas.","ABCDE y tratamiento de soporte dirigido a la clínica. ECG, glucemia, electrolitos, función renal/hepática u otras pruebas según mecanismo y síntomas. Ingesta intencional, dosis desconocida, formulación de liberación prolongada o paciente sintomático: evaluación en urgencias y consulta a toxicología/CIT.",Ninguno específico establecido,https://www.rch.org.au/clinicalguide/guideline_index/Poisoning_Initial_Management/,,DATOS_ESPECIFICOS_LIMITADOS,REVISADO_CONSERVADOR,"Se elimina cualquier cifra previa que represente dosis terapéutica máxima, DL50 animal o umbral no sustentado como toxicidad aguda humana.  El valor original '>10G/KG' no se usa como umbral automatizable.",,,Mixta / depende de contexto,NO,2026-09-02,MED-0090,NO,1,NO
BROMOPRIDA,mg,5,TABLETA,SDTE,"Insomnio, Dolor de cabeza, Mareo, Síntomas extra piramidales*, Movimientos in...",MEDIDAS GENERALES,SIN_DOSIS_TOXICA_ESPECIFICA,Otros / datos específicos limitados,SDTE — sin dosis tóxica humana específica suficientemente validada para automatizar en esta versión.,SDTE,"La sobredosis puede intensificar los efectos farmacológicos y reacciones adversas conocidas. La expresión clínica depende de dosis, formulación, comorbilidades y coingestas.","ABCDE y tratamiento de soporte dirigido a la clínica. ECG, glucemia, electrolitos, función renal/hepática u otras pruebas según mecanismo y síntomas. Ingesta intencional, dosis desconocida, formulación de liberación prolongada o paciente sintomático: evaluación en urgencias y consulta a toxicología/CIT.",Ninguno específico establecido,https://www.rch.org.au/clinicalguide/guideline_index/Poisoning_Initial_Management/,,DATOS_ESPECIFICOS_LIMITADOS,REVISADO_CONSERVADOR,"Se elimina cualquier cifra previa que represente dosis terapéutica máxima, DL50 animal o umbral no sustentado como toxicidad aguda humana.",,,Mixta / depende de contexto,NO,2026-09-02,MED-0091,NO,1,NO
BUCLIZINA,mg,25,CADA TABLETARECUBIERTA,>50MG/DIA,Se ha informado de casos de somnolencia. Otros efectos menos frecuentes inclu...,MEDIDAS GENERALES,PENDIENTE_VALIDACION,Antihistamínico H1 sedante,"SDTE — no usar un único corte por clase. En pediatría, ingesta >3 veces la dosis diaria máxima o síntomas ameritan evaluación según guía.",UMBRAL_RELATIVO / CLASE,"Anticolinergia, agitación/delirium, somnolencia, convulsiones; algunos producen bloqueo de sodio y QT prolongado.","Soporte, ECG, benzodiacepinas para agitación/convulsiones; bicarbonato si hay evidencia de bloqueo de sodio. Evitar asumir seguridad por ausencia inicial de síntomas en grandes ingestas.",Ninguno específico,https://www.rch.org.au/clinicalguide/guideline_index/Antihistamine_poisoning/,https://pubmed.ncbi.nlm.nih.gov/37721023/,GUIA DE CLASE,VALIDADO_POR_CLASE,El valor original '>50MG/DIA' no se usa como umbral automatizable.,,,Mixta / depende de contexto,NO,2026-09-02,MED-0092,NO,1,NO
BUDESONIDA,mg,3,CÁPSULA DURA,"SDTE-DMax 4,8-5.6 MG/DIA","Irritación leve de garganta y de mucosa oral, disfonía, dificultad para traga...",MEDIDAS GENERALES,SIN_DOSIS_TOXICA_ESPECIFICA,Otros / datos específicos limitados,SDTE — sin dosis tóxica humana específica suficientemente validada para automatizar en esta versión.,SDTE,"La sobredosis puede intensificar los efectos farmacológicos y reacciones adversas conocidas. La expresión clínica depende de dosis, formulación, comorbilidades y coingestas.","ABCDE y tratamiento de soporte dirigido a la clínica. ECG, glucemia, electrolitos, función renal/hepática u otras pruebas según mecanismo y síntomas. Ingesta intencional, dosis desconocida, formulación de liberación prolongada o paciente sintomático: evaluación en urgencias y consulta a toxicología/CIT.",Ninguno específico establecido,https://www.rch.org.au/clinicalguide/guideline_index/Poisoning_Initial_Management/,,DATOS_ESPECIFICOS_LIMITADOS,REVISADO_CONSERVADOR,"Se elimina cualquier cifra previa que represente dosis terapéutica máxima, DL50 animal o umbral no sustentado como toxicidad aguda humana.",,,Mixta / depende de contexto,NO,2026-09-02,MED-0093,NO,1,NO
BUPROPION,mg,150,TABLETA DE LIBERACION PROLONGADA,6MG/KG,"Reacciones de hipersensibilidad tales como urticaria; anorexia; insomnio, agi...",MEDIDAS GENERALES,PENDIENTE_VALIDACION,Antidepresivo / proconvulsivante,SDTE — no hay un corte único robusto para automatizar; formulaciones de liberación prolongada pueden causar toxicidad tardía.,SDTE / ALTO_RIESGO,"Agitación, taquicardia, temblor, convulsiones (a veces tardías), QRS/QT alterados y shock/cardiotoxicidad en casos graves.","Soporte, monitorización ECG y observación prolongada si formulación XL/SR; benzodiacepinas para convulsiones. Cardiotoxicidad refractaria: toxicología y manejo avanzado.",Ninguno específico,https://pubmed.ncbi.nlm.nih.gov/37721023/,,MECANISMO/CONSENSO,VALIDADO_ESPECIFICO,,,,Mixta / depende de contexto,NO,2026-09-02,MED-0094,NO,1,NO
CABERGOLINA,mg,0.5,TABLETA,>3MG/DIA,Valvulopatías (incluyendo regurgitación) y trastornos relacionados (pericardi...,MEDIDAS GENERALES,PENDIENTE_VALIDACION,Otros / datos específicos limitados,SDTE — sin dosis tóxica humana específica suficientemente validada para automatizar en esta versión.,SDTE,"La sobredosis puede intensificar los efectos farmacológicos y reacciones adversas conocidas. La expresión clínica depende de dosis, formulación, comorbilidades y coingestas.","ABCDE y tratamiento de soporte dirigido a la clínica. ECG, glucemia, electrolitos, función renal/hepática u otras pruebas según mecanismo y síntomas. Ingesta intencional, dosis desconocida, formulación de liberación prolongada o paciente sintomático: evaluación en urgencias y consulta a toxicología/CIT.",Ninguno específico establecido,https://www.rch.org.au/clinicalguide/guideline_index/Poisoning_Initial_Management/,,DATOS_ESPECIFICOS_LIMITADOS,REVISADO_CONSERVADOR,"Se elimina cualquier cifra previa que represente dosis terapéutica máxima, DL50 animal o umbral no sustentado como toxicidad aguda humana.  El valor original '>3MG/DIA' no se usa como umbral automatizable.",,,Mixta / depende de contexto,NO,2026-09-02,MED-0095,NO,1,NO
CABOTEGRAVIR,mg,30,TABLETAS RCUBIERTAS,SDTE,sintomas generales,MEDIDAS GENERALES,SIN_DOSIS_TOXICA_ESPECIFICA,Otros / datos específicos limitados,SDTE — sin dosis tóxica humana específica suficientemente validada para automatizar en esta versión.,SDTE,"La sobredosis puede intensificar los efectos farmacológicos y reacciones adversas conocidas. La expresión clínica depende de dosis, formulación, comorbilidades y coingestas.","ABCDE y tratamiento de soporte dirigido a la clínica. ECG, glucemia, electrolitos, función renal/hepática u otras pruebas según mecanismo y síntomas. Ingesta intencional, dosis desconocida, formulación de liberación prolongada o paciente sintomático: evaluación en urgencias y consulta a toxicología/CIT.",Ninguno específico establecido,https://www.rch.org.au/clinicalguide/guideline_index/Poisoning_Initial_Management/,,DATOS_ESPECIFICOS_LIMITADOS,REVISADO_CONSERVADOR,"Se elimina cualquier cifra previa que represente dosis terapéutica máxima, DL50 animal o umbral no sustentado como toxicidad aguda humana.",,,Mixta / depende de contexto,NO,2026-09-02,MED-0096,NO,1,NO
CABOZANTINIB,mg,20,TABLETA RECUBIERTA,SDTE,"Reacciones alérgicas y anafilaxia: Urticaria, Prurito, angioedema, disnea, Sh...",MEDIDAS GENERALES,SIN_DOSIS_TOXICA_ESPECIFICA,Otros / datos específicos limitados,SDTE — sin dosis tóxica humana específica suficientemente validada para automatizar en esta versión.,SDTE,"La sobredosis puede intensificar los efectos farmacológicos y reacciones adversas conocidas. La expresión clínica depende de dosis, formulación, comorbilidades y coingestas.","ABCDE y tratamiento de soporte dirigido a la clínica. ECG, glucemia, electrolitos, función renal/hepática u otras pruebas según mecanismo y síntomas. Ingesta intencional, dosis desconocida, formulación de liberación prolongada o paciente sintomático: evaluación en urgencias y consulta a toxicología/CIT.",Ninguno específico establecido,https://www.rch.org.au/clinicalguide/guideline_index/Poisoning_Initial_Management/,,DATOS_ESPECIFICOS_LIMITADOS,REVISADO_CONSERVADOR,"Se elimina cualquier cifra previa que represente dosis terapéutica máxima, DL50 animal o umbral no sustentado como toxicidad aguda humana.",,,Mixta / depende de contexto,NO,2026-09-02,MED-0097,NO,1,NO
CAFEINA,mg,65,TABLETA RECUBIERTA,> O = 1200 MG,"Insomnio, agitación, excitación; náuseas, vómitos, diarrea, gastralgia, cefal...",MEDIDAS GENERALES,PENDIENTE_VALIDACION,Metilxantina / estimulante,"SDTE — no automatizar un único corte; la toxicidad depende de dosis total, formulación y clínica.",SDTE / CLINICO,"Náuseas/vómitos, agitación, temblor, taquicardia, hipokalemia, hiperglucemia, acidosis, convulsiones y arritmias en casos graves.","Soporte, benzodiacepinas, ECG/electrolitos. Exposición masiva requiere toxicología y consideración de estrategias de eliminación según gravedad.",Ninguno específico,https://pubmed.ncbi.nlm.nih.gov/25715736/,,CLASE/MECANISMO,VALIDADO_POR_CLASE,El valor original '> O = 1200 MG' no se usa como umbral automatizable.,,,Mixta / depende de contexto,NO,2026-09-02,MED-0098,NO,1,NO
CALCITRIOL,mcg,0.25,CAPSULA BLANDA,SDTE,HIPERCALCEMIA,MEDIDAS GENERALES,SIN_DOSIS_TOXICA_ESPECIFICA,Vitamina D / análogo,SDTE — la toxicidad depende de hipercalcemia y suele relacionarse con exposición repetida o dosis muy altas; no usar un corte genérico.,CLINICO_LABORATORIO,"Náuseas, poliuria/polidipsia, deshidratación, debilidad, confusión, lesión renal y arritmias por hipercalcemia.","Suspender vitamina D/calcio, medir calcio, fósforo, función renal y ECG si grave; tratar hipercalcemia según severidad y protocolo.",Ninguno específico,https://www.rch.org.au/clinicalguide/guideline_index/Poisoning_Initial_Management/,,MECANISMO/REVISION_CONSERVADORA,VALIDADO_POR_CLASE,,,,Mixta / depende de contexto,NO,2026-09-02,MED-0099,NO,1,NO
CANDESARTAN,mg,16,TABLETA,SDTE-DMax 32MG/DIA,"Infección respiratoria; mareo/vértigo, cefalea; hiperpotasemia; hipotensión; ...","INOTROPICOS, SI HAY ALT DEL SNC NALOXONA",SIN_DOSIS_TOXICA_ESPECIFICA,Inhibidor RAAS,SDTE — no hay umbral común; sobredosis aislada suele manifestarse por hipotensión.,SDTE / CLASE,"Hipotensión, mareo; hiperpotasemia y lesión renal en susceptibles, especialmente con coingestas.","Soporte, fluidos, vasopresor si precisa; monitorizar función renal y potasio.",Ninguno específico,https://www.rch.org.au/clinicalguide/guideline_index/Poisoning_Initial_Management/,,MECANISMO/CONSENSO,VALIDADO_POR_CLASE,Se corrigió o restringió una recomendación específica de la base original que podía inducir manejo inapropiado si se automatizaba.,,,Mixta / depende de contexto,NO,2026-09-02,MED-0100,NO,1,SI
CAPECITABINA,mg,150,CADA TABLETA CONTIENE,>2.5g/M2 dia,sintomas generales,MEDIDAS GENERALES,PENDIENTE_VALIDACION,Fluoropirimidina,SDTE — no usar la dosis terapéutica máxima como umbral de sobredosis.,SDTE / ALTO_RIESGO,"Diarrea intensa, mucositis, vómitos, mielosupresión, neurotoxicidad y toxicidad cardiaca pueden ocurrir; toxicidad puede ser tardía.","En sobredosis o toxicidad grave de inicio temprano por capecitabina/5-FU: administrar uridina triacetato lo antes posible y dentro de 96 h, además de soporte y toxicología/oncología.",Uridina triacetato,https://www.accessdata.fda.gov/drugsatfda_docs/label/2022/020896s044s045s046s047s048s049s050s051lbl.pdf,,ETIQUETA FDA,VALIDADO_ESPECIFICO,"Se reemplaza >2.5 g/m²/día, que es una referencia terapéutica y no un umbral toxicológico.",,,Mixta / depende de contexto,NO,2026-09-02,MED-0101,NO,1,NO
CAPTOPRIL,mg,50,TABLETA,>3.5 mg/kg,"Anorexia; trastornos del sueño; alteración del gusto; mareos, cefalea, parest...",MEDIDAS GENERALES,PENDIENTE_VALIDACION,Inhibidor RAAS,SDTE — no hay umbral común; sobredosis aislada suele manifestarse por hipotensión.,SDTE / CLASE,"Hipotensión, mareo; hiperpotasemia y lesión renal en susceptibles, especialmente con coingestas.","Soporte, fluidos, vasopresor si precisa; monitorizar función renal y potasio.",Ninguno específico,https://www.rch.org.au/clinicalguide/guideline_index/Poisoning_Initial_Management/,,MECANISMO/CONSENSO,VALIDADO_POR_CLASE,El valor original '>3.5 mg/kg' no se usa como umbral automatizable.,,,Mixta / depende de contexto,NO,2026-09-02,MED-0102,NO,1,NO
CARBAMAZEPINA,mg,400,TABLETA DE LIBERACIÓN PROLONGADA,30MG/KG/DIA,"tríada: coma, síndrome anticolinérgico y alteraciones del movimiento. supresi...",BICARBONATO DE SODIO+BIPERIDENO,PENDIENTE_VALIDACION,Anticonvulsivante / bloqueador de sodio,>20 mg/kg: evaluación; ≥50 mg/kg o >3 g se asocia con toxicidad significativa.,UMBRAL_EVALUACION + DOSIS_RESPUESTA,"Ataxia, nistagmo, somnolencia/coma, convulsiones, anticolinergia, hipotensión y QRS ancho/arritmias.","Soporte, ECG y niveles seriados. Carbón activado puede considerarse en exposiciones grandes con toxicología; bicarbonato si bloqueo de sodio/QRS ancho. Hemodiálisis/hemoperfusión en casos graves seleccionados.",Ninguno específico,https://www.rch.org.au/clinicalguide/guideline_index/Carbamazepine_poisoning/,,GUIA CLINICA,VALIDADO_ESPECIFICO,Se corrigió o restringió una recomendación específica de la base original que podía inducir manejo inapropiado si se automatizaba.,20,Umbral pediátrico de evaluación,Pediatría; adultos dependen de contexto,SI,2026-09-02,MED-0103,NO,1,SI
CARBIDOPA,mg,25,TABLETA,>200 mg DU/dia,"Anemia; pérdida de peso, aumento de peso, aumento del nivel de aa (aumento de...",MEDIDAS GENERALES,PENDIENTE_VALIDACION,Otros / datos específicos limitados,SDTE — sin dosis tóxica humana específica suficientemente validada para automatizar en esta versión.,SDTE,"La sobredosis puede intensificar los efectos farmacológicos y reacciones adversas conocidas. La expresión clínica depende de dosis, formulación, comorbilidades y coingestas.","ABCDE y tratamiento de soporte dirigido a la clínica. ECG, glucemia, electrolitos, función renal/hepática u otras pruebas según mecanismo y síntomas. Ingesta intencional, dosis desconocida, formulación de liberación prolongada o paciente sintomático: evaluación en urgencias y consulta a toxicología/CIT.",Ninguno específico establecido,https://www.rch.org.au/clinicalguide/guideline_index/Poisoning_Initial_Management/,,DATOS_ESPECIFICOS_LIMITADOS,REVISADO_CONSERVADOR,"Se elimina cualquier cifra previa que represente dosis terapéutica máxima, DL50 animal o umbral no sustentado como toxicidad aguda humana.  El valor original '>200 mg DU/dia' no se usa como umbral automatizable.",,,Mixta / depende de contexto,NO,2026-09-02,MED-0104,NO,1,NO
CARBON ACTIVADO,mg,250,CAPSULA,SDTE,"estreñimiento, dolor abdominal",MEDIDAS GENERALES,SIN_DOSIS_TOXICA_ESPECIFICA,"Agente de descontaminación, no tóxico primario de catálogo",NO APLICA como 'dosis tóxica' en este módulo.,NO_APLICA,"Puede causar vómitos, aspiración y complicaciones GI, especialmente si la vía aérea no está protegida.","No debe administrarse de rutina. Su uso depende del tóxico, tiempo, beneficio esperado y seguridad de la vía aérea; contraindicado en múltiples escenarios.",No aplica,https://www.rch.org.au/clinicalguide/guideline_index/Use_of_Activated_Charcoal_in_Poisonings/,,GUIA CLINICA,NO_PRIORIZAR_COMO_TOXICO,"Se mantiene por trazabilidad, pero debería moverse a la sección de medidas generales/antídotos.",,,Mixta / depende de contexto,NO,2026-09-02,MED-0105,NO,1,NO
CARBONATO DE CALCIO,mg,600,TABLETA,SDTE/DL 50>2000 MG/KG (RATAS),"En caso de uso excesivo: diarrea, constipación intestinal. En caso de adminis...",CALCITONINA/ACIDO ZOLEDRONICO,SIN_DOSIS_TOXICA_ESPECIFICA,Sal de calcio,"SDTE — evaluar por calcio sérico y clínica, especialmente en ingesta repetida o coingesta de álcalis.",ELECTROLITO + CLINICO,"Náuseas, estreñimiento, poliuria, confusión, deshidratación, lesión renal y arritmias por hipercalcemia.","Suspender calcio/vitamina D; hidratación y tratamiento de hipercalcemia según gravedad. Calcitonina/bisfosfonato se reservan para hipercalcemia significativa según contexto, no como 'antídoto' automático.",No hay antídoto; tratamiento de hipercalcemia según severidad.,https://www.rch.org.au/clinicalguide/guideline_index/Poisoning_Initial_Management/,,MECANISMO/CONSENSO,VALIDADO_POR_CLASE,,,,Mixta / depende de contexto,NO,2026-09-02,MED-0106,NO,1,NO
CARBONATO DE LITIO,mg,300,TABLETA,40-110 MG/KG,"NAUSEAS VOMITOS DIARREA TEMBLOR FINO, HIPERTONIA, HIPERREFLEXIA, CLONUS, FASC...",HEMODIALISIS,PENDIENTE_VALIDACION,Litio,"No usar mg/kg como único umbral. La toxicidad depende de exposición aguda vs crónica, litemia, función renal y clínica.",CONCENTRACION_SERICA + CLINICO,"Temblor, ataxia, disartria, confusión, convulsiones, coma; GI más prominente en exposición aguda. Nefrogenic DI y alteraciones ECG pueden ocurrir.","Suspender litio, fluidos isotónicos según estado, litemias seriadas y función renal. EXTRIP recomienda hemodiálisis en toxicidad grave, p. ej. función renal deteriorada con Li >4 mEq/L o compromiso neurológico/arrítmico grave, y sugiere en otros escenarios.",No hay antídoto; hemodiálisis en casos seleccionados.,https://pubmed.ncbi.nlm.nih.gov/25583292/,,EXTRIP,VALIDADO_ESPECIFICO,,,,Mixta / depende de contexto,NO,2026-09-02,MED-0107,NO,1,NO
CARVEDILOL,mg,25,TABLETA,DOSIS MAX 50MG/DIA-DT>100MG/DIA,"Choque, Hipotensión, Bradicardia, Bloqueo AV, Broncoespasmo, Hipoglucemia, Co...",GLUCAGON,PENDIENTE_VALIDACION,Betabloqueador,"SDTE — no usar múltiplos de dosis terapéutica como umbral universal; toxicidad depende de agente (p. ej., propranolol/sotalol) y comorbilidades.",SDTE / CLASE,"Bradicardia, hipotensión, shock; hipoglucemia y depresión SNC. Propranolol: bloqueo de sodio/convulsiones; sotalol: QT/torsades.","ABCDE, ECG, glucemia. En shock grave: calcio según contexto, glucagón como adyuvante, insulina euglucémica de alta dosis y vasopresores conforme a protocolo/toxicología; bicarbonato si bloqueo de sodio.",No hay un único antídoto; terapias específicas incluyen glucagón/insulina/vasopresores según fenotipo.,https://pubmed.ncbi.nlm.nih.gov/37721023/,,GUIA AHA,VALIDADO_POR_CLASE,El valor original 'DOSIS MAX 50MG/DIA-DT>100MG/DIA' no se usa como umbral automatizable.,,,Mixta / depende de contexto,NO,2026-09-02,MED-0108,NO,1,NO
CEFADROXILO,mg,500,CAPSULAS,SDTE/DMax 4G DIA,"Colitis pseudomembranosa, diarrea, fiebre, prurito, rash, urticaria, angioede...",MEDIDAS GENERALES,SIN_DOSIS_TOXICA_ESPECIFICA,Otros / datos específicos limitados,SDTE — sin dosis tóxica humana específica suficientemente validada para automatizar en esta versión.,SDTE,"La sobredosis puede intensificar los efectos farmacológicos y reacciones adversas conocidas. La expresión clínica depende de dosis, formulación, comorbilidades y coingestas.","ABCDE y tratamiento de soporte dirigido a la clínica. ECG, glucemia, electrolitos, función renal/hepática u otras pruebas según mecanismo y síntomas. Ingesta intencional, dosis desconocida, formulación de liberación prolongada o paciente sintomático: evaluación en urgencias y consulta a toxicología/CIT.",Ninguno específico establecido,https://www.rch.org.au/clinicalguide/guideline_index/Poisoning_Initial_Management/,,DATOS_ESPECIFICOS_LIMITADOS,REVISADO_CONSERVADOR,"Se elimina cualquier cifra previa que represente dosis terapéutica máxima, DL50 animal o umbral no sustentado como toxicidad aguda humana.",,,Mixta / depende de contexto,NO,2026-09-02,MED-0109,NO,1,NO
CEFALEXINA,mg,500,CAPSULAS,SDTE/DMax 4G DIA,"Muy raras: náuseas, vómitos, diarrea, dispepsia, dolor abdominal; fatiga; hep...",MEDIDAS GENERALES,SIN_DOSIS_TOXICA_ESPECIFICA,Otros / datos específicos limitados,SDTE — sin dosis tóxica humana específica suficientemente validada para automatizar en esta versión.,SDTE,"La sobredosis puede intensificar los efectos farmacológicos y reacciones adversas conocidas. La expresión clínica depende de dosis, formulación, comorbilidades y coingestas.","ABCDE y tratamiento de soporte dirigido a la clínica. ECG, glucemia, electrolitos, función renal/hepática u otras pruebas según mecanismo y síntomas. Ingesta intencional, dosis desconocida, formulación de liberación prolongada o paciente sintomático: evaluación en urgencias y consulta a toxicología/CIT.",Ninguno específico establecido,https://www.rch.org.au/clinicalguide/guideline_index/Poisoning_Initial_Management/,,DATOS_ESPECIFICOS_LIMITADOS,REVISADO_CONSERVADOR,"Se elimina cualquier cifra previa que represente dosis terapéutica máxima, DL50 animal o umbral no sustentado como toxicidad aguda humana.",,,Mixta / depende de contexto,NO,2026-09-02,MED-0110,NO,1,NO
CEFDITOREN,mg,200,POR CADA TABLETA RECUBIERTA,SDTE/DMax 800MG/DIA,sintomas generales,MEDIDAS GENERALES,SIN_DOSIS_TOXICA_ESPECIFICA,Otros / datos específicos limitados,SDTE — sin dosis tóxica humana específica suficientemente validada para automatizar en esta versión.,SDTE,"La sobredosis puede intensificar los efectos farmacológicos y reacciones adversas conocidas. La expresión clínica depende de dosis, formulación, comorbilidades y coingestas.","ABCDE y tratamiento de soporte dirigido a la clínica. ECG, glucemia, electrolitos, función renal/hepática u otras pruebas según mecanismo y síntomas. Ingesta intencional, dosis desconocida, formulación de liberación prolongada o paciente sintomático: evaluación en urgencias y consulta a toxicología/CIT.",Ninguno específico establecido,https://www.rch.org.au/clinicalguide/guideline_index/Poisoning_Initial_Management/,,DATOS_ESPECIFICOS_LIMITADOS,REVISADO_CONSERVADOR,"Se elimina cualquier cifra previa que represente dosis terapéutica máxima, DL50 animal o umbral no sustentado como toxicidad aguda humana.",,,Mixta / depende de contexto,NO,2026-09-02,MED-0111,NO,1,NO
CEFPODOXIME,mg,100,TABLETA RECUBIERTA,>O= 5MG/KG (RATAS),"Pérdida de apetito; presión gástrica, náuseas, vómitos, dolor abdominal, flat...",MEDIDAS GENERALES,PENDIENTE_VALIDACION,Otros / datos específicos limitados,SDTE — sin dosis tóxica humana específica suficientemente validada para automatizar en esta versión.,SDTE,"La sobredosis puede intensificar los efectos farmacológicos y reacciones adversas conocidas. La expresión clínica depende de dosis, formulación, comorbilidades y coingestas.","ABCDE y tratamiento de soporte dirigido a la clínica. ECG, glucemia, electrolitos, función renal/hepática u otras pruebas según mecanismo y síntomas. Ingesta intencional, dosis desconocida, formulación de liberación prolongada o paciente sintomático: evaluación en urgencias y consulta a toxicología/CIT.",Ninguno específico establecido,https://www.rch.org.au/clinicalguide/guideline_index/Poisoning_Initial_Management/,,DATOS_ESPECIFICOS_LIMITADOS,REVISADO_CONSERVADOR,"Se elimina cualquier cifra previa que represente dosis terapéutica máxima, DL50 animal o umbral no sustentado como toxicidad aguda humana.  El valor original '>O= 5MG/KG (RATAS)' no se usa como umbral automatizable.",,,Mixta / depende de contexto,NO,2026-09-02,MED-0112,NO,1,NO
CEFRADINA,mg,500,TABLETAS,SDTE/DMax 4G DIA,"Glositis, tenesmo, dolor abdominal, urticaria, erupción exantemática, prurito...",MEDIDAS GENERALES,SIN_DOSIS_TOXICA_ESPECIFICA,Otros / datos específicos limitados,SDTE — sin dosis tóxica humana específica suficientemente validada para automatizar en esta versión.,SDTE,"La sobredosis puede intensificar los efectos farmacológicos y reacciones adversas conocidas. La expresión clínica depende de dosis, formulación, comorbilidades y coingestas.","ABCDE y tratamiento de soporte dirigido a la clínica. ECG, glucemia, electrolitos, función renal/hepática u otras pruebas según mecanismo y síntomas. Ingesta intencional, dosis desconocida, formulación de liberación prolongada o paciente sintomático: evaluación en urgencias y consulta a toxicología/CIT.",Ninguno específico establecido,https://www.rch.org.au/clinicalguide/guideline_index/Poisoning_Initial_Management/,,DATOS_ESPECIFICOS_LIMITADOS,REVISADO_CONSERVADOR,"Se elimina cualquier cifra previa que represente dosis terapéutica máxima, DL50 animal o umbral no sustentado como toxicidad aguda humana.",,,Mixta / depende de contexto,NO,2026-09-02,MED-0113,NO,1,NO
CEFTIBUTENO,mg,400,CÁPSULA DURA,SDTE/DMax 800MG/DIA,sintomas generales,MEDIDAS GENERALES,SIN_DOSIS_TOXICA_ESPECIFICA,Otros / datos específicos limitados,SDTE — sin dosis tóxica humana específica suficientemente validada para automatizar en esta versión.,SDTE,"La sobredosis puede intensificar los efectos farmacológicos y reacciones adversas conocidas. La expresión clínica depende de dosis, formulación, comorbilidades y coingestas.","ABCDE y tratamiento de soporte dirigido a la clínica. ECG, glucemia, electrolitos, función renal/hepática u otras pruebas según mecanismo y síntomas. Ingesta intencional, dosis desconocida, formulación de liberación prolongada o paciente sintomático: evaluación en urgencias y consulta a toxicología/CIT.",Ninguno específico establecido,https://www.rch.org.au/clinicalguide/guideline_index/Poisoning_Initial_Management/,,DATOS_ESPECIFICOS_LIMITADOS,REVISADO_CONSERVADOR,"Se elimina cualquier cifra previa que represente dosis terapéutica máxima, DL50 animal o umbral no sustentado como toxicidad aguda humana.",,,Mixta / depende de contexto,NO,2026-09-02,MED-0114,NO,1,NO
CEFUROXIMA,mg,500,TABLETA,SDTE/DMax 2G/DIA,"Sobrecrecimiento de Candida; neutropenia, eosinofilia, descenso de Hb; cefale...",MEDIDAS GENERALES,SIN_DOSIS_TOXICA_ESPECIFICA,Otros / datos específicos limitados,SDTE — sin dosis tóxica humana específica suficientemente validada para automatizar en esta versión.,SDTE,"La sobredosis puede intensificar los efectos farmacológicos y reacciones adversas conocidas. La expresión clínica depende de dosis, formulación, comorbilidades y coingestas.","ABCDE y tratamiento de soporte dirigido a la clínica. ECG, glucemia, electrolitos, función renal/hepática u otras pruebas según mecanismo y síntomas. Ingesta intencional, dosis desconocida, formulación de liberación prolongada o paciente sintomático: evaluación en urgencias y consulta a toxicología/CIT.",Ninguno específico establecido,https://www.rch.org.au/clinicalguide/guideline_index/Poisoning_Initial_Management/,,DATOS_ESPECIFICOS_LIMITADOS,REVISADO_CONSERVADOR,"Se elimina cualquier cifra previa que represente dosis terapéutica máxima, DL50 animal o umbral no sustentado como toxicidad aguda humana.",,,Mixta / depende de contexto,NO,2026-09-02,MED-0115,NO,1,NO
CELECOXIB,mg,200,CAPSULA,>400 MG/DIA,"Sinusitis, infección del tracto respiratorio superior, infección del tracto u...",MEDIDAS GENERALES,PENDIENTE_VALIDACION,AINE,SDTE para este AINE en la app: no extrapolar automáticamente los cortes de ibuprofeno a otros AINEs.,SDTE / CLASE,"Predominan síntomas gastrointestinales y neurológicos; sobredosis importante puede asociarse a lesión renal, alteraciones metabólicas y shock.",Tratamiento de soporte y mantener hidratación adecuada en sobredosis importante. La gravedad y decontaminación dependen del fármaco y exposición; consultar toxicología en casos significativos.,Ninguno específico,https://www.rch.org.au/clinicalguide/guideline_index/Nonsteroidal_Anti-inflammatory_Drug_NSAID_poisoning/,,GUIA DE CLASE,VALIDADO_POR_CLASE,Se eliminó el umbral previo si correspondía a una dosis máxima terapéutica.  El valor original '>400 MG/DIA' no se usa como umbral automatizable.,,,Mixta / depende de contexto,NO,2026-09-02,MED-0116,NO,1,NO
CETILPIRIDINIO,mg,1.4,TABLETAS MASTICABLES,DL 1-3G,"La administración frecuente y prolongada del fármaco puede dar lugar, en algu...",MEDIDAS GENERALES,PENDIENTE_VALIDACION,Otros / datos específicos limitados,SDTE — sin dosis tóxica humana específica suficientemente validada para automatizar en esta versión.,SDTE,"La sobredosis puede intensificar los efectos farmacológicos y reacciones adversas conocidas. La expresión clínica depende de dosis, formulación, comorbilidades y coingestas.","ABCDE y tratamiento de soporte dirigido a la clínica. ECG, glucemia, electrolitos, función renal/hepática u otras pruebas según mecanismo y síntomas. Ingesta intencional, dosis desconocida, formulación de liberación prolongada o paciente sintomático: evaluación en urgencias y consulta a toxicología/CIT.",Ninguno específico establecido,https://www.rch.org.au/clinicalguide/guideline_index/Poisoning_Initial_Management/,,DATOS_ESPECIFICOS_LIMITADOS,REVISADO_CONSERVADOR,"Se elimina cualquier cifra previa que represente dosis terapéutica máxima, DL50 animal o umbral no sustentado como toxicidad aguda humana.  El valor original 'DL 1-3G' no se usa como umbral automatizable.",,,Mixta / depende de contexto,NO,2026-09-02,MED-0117,NO,1,NO
CETIRIZINA,mg,10,CADA CAPSULA BLANDA CONTIENE,0.75MG/KG; 30-60MG/DIA,"mucosas secas y calientes, piel seca, rubor y calor, xerodermia, retención ur...",FISOSTIGMINA (CUANDO HAY SIND. ANTICOLINERGICO),PENDIENTE_VALIDACION,Antihistamínico H1 poco sedante,"SDTE — no hay un corte universal; generalmente toxicidad aguda leve, pero evaluar exposición importante/síntomas.",SDTE / CLASE,"Somnolencia o agitación, cefalea, taquicardia; cardiotoxicidad grave es infrecuente con agentes modernos aislados.","Soporte y ECG si síntomas, gran ingesta o coingestas.",Ninguno específico,https://www.rch.org.au/clinicalguide/guideline_index/Antihistamine_poisoning/,,GUIA DE CLASE,VALIDADO_POR_CLASE,El valor original '0.75MG/KG; 30-60MG/DIA' no se usa como umbral automatizable. Se corrigió o restringió una recomendación específica de la base original que podía inducir manejo inapropiado si se automatizaba.,,,Mixta / depende de contexto,NO,2026-09-02,MED-0118,NO,1,SI
CIANOCOBALAMINA,mg,1,TABLETA RECUBIERTA,SDTE,"Diarrea leve transitoria, náuseas; dolor en el punto de iny.; urticaria, prur...",MEDIDAS GENERALES,SIN_DOSIS_TOXICA_ESPECIFICA,Otros / datos específicos limitados,SDTE — sin dosis tóxica humana específica suficientemente validada para automatizar en esta versión.,SDTE,"La sobredosis puede intensificar los efectos farmacológicos y reacciones adversas conocidas. La expresión clínica depende de dosis, formulación, comorbilidades y coingestas.","ABCDE y tratamiento de soporte dirigido a la clínica. ECG, glucemia, electrolitos, función renal/hepática u otras pruebas según mecanismo y síntomas. Ingesta intencional, dosis desconocida, formulación de liberación prolongada o paciente sintomático: evaluación en urgencias y consulta a toxicología/CIT.",Ninguno específico establecido,https://www.rch.org.au/clinicalguide/guideline_index/Poisoning_Initial_Management/,,DATOS_ESPECIFICOS_LIMITADOS,REVISADO_CONSERVADOR,"Se elimina cualquier cifra previa que represente dosis terapéutica máxima, DL50 animal o umbral no sustentado como toxicidad aguda humana.",,,Mixta / depende de contexto,NO,2026-09-02,MED-0119,NO,1,NO
CICLOBENZAPRINA,mg.,10,TABLETARECUBIERTA,SDTE/DMax 60 MG/DIA,"Somnolencia, sequedad de boca y mareos.",MEDIDAS GENERALES,SIN_DOSIS_TOXICA_ESPECIFICA,Anticolinérgico / tricíclico-like,SDTE — no usar los cortes de TCA de forma automática para ciclobenzaprina.,SDTE / MECANISMO,"Somnolencia, taquicardia, anticolinergia; en exposiciones importantes puede haber convulsiones y alteraciones de conducción.","Soporte y ECG. Si hay evidencia de bloqueo de canal de sodio/QRS ancho, manejar como toxicidad por bloqueador de sodio con bicarbonato y toxicología.",Ninguno específico,https://pubmed.ncbi.nlm.nih.gov/37721023/,,MECANISMO/CONSENSO,VALIDADO_POR_CLASE,,,,Mixta / depende de contexto,NO,2026-09-02,MED-0120,NO,1,NO
CICLOFOSFAMIDA,mg,50,GRAGEA,APROX 20MG/KG,"Mielosupresión, leucopenia, neutropenia, fiebre neutropénica; náusea, vómitos...",MEDIDAS GENERALES,PENDIENTE_VALIDACION,Otros / datos específicos limitados,SDTE — sin dosis tóxica humana específica suficientemente validada para automatizar en esta versión.,SDTE,"La sobredosis puede intensificar los efectos farmacológicos y reacciones adversas conocidas. La expresión clínica depende de dosis, formulación, comorbilidades y coingestas.","ABCDE y tratamiento de soporte dirigido a la clínica. ECG, glucemia, electrolitos, función renal/hepática u otras pruebas según mecanismo y síntomas. Ingesta intencional, dosis desconocida, formulación de liberación prolongada o paciente sintomático: evaluación en urgencias y consulta a toxicología/CIT.",Ninguno específico establecido,https://www.rch.org.au/clinicalguide/guideline_index/Poisoning_Initial_Management/,,DATOS_ESPECIFICOS_LIMITADOS,REVISADO_CONSERVADOR,"Se elimina cualquier cifra previa que represente dosis terapéutica máxima, DL50 animal o umbral no sustentado como toxicidad aguda humana.  El valor original 'APROX 20MG/KG' no se usa como umbral automatizable.",,,Mixta / depende de contexto,NO,2026-09-02,MED-0121,NO,1,NO
CICLONAMINA (ETAMSILATO),mg,500,TABLETA,DL RATAS 7MG/KG,SINTOMAS GENERALES,MEDIDAS GENERALES,PENDIENTE_VALIDACION,Otros / datos específicos limitados,SDTE — sin dosis tóxica humana específica suficientemente validada para automatizar en esta versión.,SDTE,"La sobredosis puede intensificar los efectos farmacológicos y reacciones adversas conocidas. La expresión clínica depende de dosis, formulación, comorbilidades y coingestas.","ABCDE y tratamiento de soporte dirigido a la clínica. ECG, glucemia, electrolitos, función renal/hepática u otras pruebas según mecanismo y síntomas. Ingesta intencional, dosis desconocida, formulación de liberación prolongada o paciente sintomático: evaluación en urgencias y consulta a toxicología/CIT.",Ninguno específico establecido,https://www.rch.org.au/clinicalguide/guideline_index/Poisoning_Initial_Management/,,DATOS_ESPECIFICOS_LIMITADOS,REVISADO_CONSERVADOR,"Se elimina cualquier cifra previa que represente dosis terapéutica máxima, DL50 animal o umbral no sustentado como toxicidad aguda humana.  El valor original 'DL RATAS 7MG/KG' no se usa como umbral automatizable.",,,Mixta / depende de contexto,NO,2026-09-02,MED-0122,NO,1,NO
CICLOSPORINA,mg,25,CAPSULA BLANDA,RATAS 30MG/KG,"Disfunción renal, HTA, temblor, cefalea incluyendo migraña, parestesia, anore...",MEDIDAS GENERALES,PENDIENTE_VALIDACION,Otros / datos específicos limitados,SDTE — sin dosis tóxica humana específica suficientemente validada para automatizar en esta versión.,SDTE,"La sobredosis puede intensificar los efectos farmacológicos y reacciones adversas conocidas. La expresión clínica depende de dosis, formulación, comorbilidades y coingestas.","ABCDE y tratamiento de soporte dirigido a la clínica. ECG, glucemia, electrolitos, función renal/hepática u otras pruebas según mecanismo y síntomas. Ingesta intencional, dosis desconocida, formulación de liberación prolongada o paciente sintomático: evaluación en urgencias y consulta a toxicología/CIT.",Ninguno específico establecido,https://www.rch.org.au/clinicalguide/guideline_index/Poisoning_Initial_Management/,,DATOS_ESPECIFICOS_LIMITADOS,REVISADO_CONSERVADOR,"Se elimina cualquier cifra previa que represente dosis terapéutica máxima, DL50 animal o umbral no sustentado como toxicidad aguda humana.  El valor original 'RATAS 30MG/KG' no se usa como umbral automatizable.",,,Mixta / depende de contexto,NO,2026-09-02,MED-0123,NO,1,NO
CILOSTAZOL,mg,50,TABLETA,SDTE/DMax 200 MG/DIA,"Equimosis; edema (periférico, facial), anorexia; cefalea, mareo; palpitacione...",MEDIDAS GENERALES,SIN_DOSIS_TOXICA_ESPECIFICA,Otros / datos específicos limitados,SDTE — sin dosis tóxica humana específica suficientemente validada para automatizar en esta versión.,SDTE,"La sobredosis puede intensificar los efectos farmacológicos y reacciones adversas conocidas. La expresión clínica depende de dosis, formulación, comorbilidades y coingestas.","ABCDE y tratamiento de soporte dirigido a la clínica. ECG, glucemia, electrolitos, función renal/hepática u otras pruebas según mecanismo y síntomas. Ingesta intencional, dosis desconocida, formulación de liberación prolongada o paciente sintomático: evaluación en urgencias y consulta a toxicología/CIT.",Ninguno específico establecido,https://www.rch.org.au/clinicalguide/guideline_index/Poisoning_Initial_Management/,,DATOS_ESPECIFICOS_LIMITADOS,REVISADO_CONSERVADOR,"Se elimina cualquier cifra previa que represente dosis terapéutica máxima, DL50 animal o umbral no sustentado como toxicidad aguda humana.",,,Mixta / depende de contexto,NO,2026-09-02,MED-0124,NO,1,NO
CINACALCET,mg,60,TABLETAS,SDTE/DMax 180MG/DIA,"Reacciones de hipersensibilidad; anorexia, disminución del apetito; convulsio...",MEDIDAS GENERALES,SIN_DOSIS_TOXICA_ESPECIFICA,Otros / datos específicos limitados,SDTE — sin dosis tóxica humana específica suficientemente validada para automatizar en esta versión.,SDTE,"La sobredosis puede intensificar los efectos farmacológicos y reacciones adversas conocidas. La expresión clínica depende de dosis, formulación, comorbilidades y coingestas.","ABCDE y tratamiento de soporte dirigido a la clínica. ECG, glucemia, electrolitos, función renal/hepática u otras pruebas según mecanismo y síntomas. Ingesta intencional, dosis desconocida, formulación de liberación prolongada o paciente sintomático: evaluación en urgencias y consulta a toxicología/CIT.",Ninguno específico establecido,https://www.rch.org.au/clinicalguide/guideline_index/Poisoning_Initial_Management/,,DATOS_ESPECIFICOS_LIMITADOS,REVISADO_CONSERVADOR,"Se elimina cualquier cifra previa que represente dosis terapéutica máxima, DL50 animal o umbral no sustentado como toxicidad aguda humana.",,,Mixta / depende de contexto,NO,2026-09-02,MED-0125,NO,1,NO
CINARIZINA,mg,25,TABLETA,SDTE/DMax 25MG/DIA,"Somnolencia, molestias digestivas, fatiga, reacciones cutáneas y efectos anti...",MEDIDAS GENERALES,SIN_DOSIS_TOXICA_ESPECIFICA,Antihistamínico H1 sedante,"SDTE — no usar un único corte por clase. En pediatría, ingesta >3 veces la dosis diaria máxima o síntomas ameritan evaluación según guía.",UMBRAL_RELATIVO / CLASE,"Anticolinergia, agitación/delirium, somnolencia, convulsiones; algunos producen bloqueo de sodio y QT prolongado.","Soporte, ECG, benzodiacepinas para agitación/convulsiones; bicarbonato si hay evidencia de bloqueo de sodio. Evitar asumir seguridad por ausencia inicial de síntomas en grandes ingestas.",Ninguno específico,https://www.rch.org.au/clinicalguide/guideline_index/Antihistamine_poisoning/,https://pubmed.ncbi.nlm.nih.gov/37721023/,GUIA DE CLASE,VALIDADO_POR_CLASE,,,,Mixta / depende de contexto,NO,2026-09-02,MED-0126,NO,1,NO
CINITAPRIDA,mg,1,TABLETAMASTICABLE,SDTE,"Ligera sedación, somnolencia.",MEDIDAS GENERALES,SIN_DOSIS_TOXICA_ESPECIFICA,Otros / datos específicos limitados,SDTE — sin dosis tóxica humana específica suficientemente validada para automatizar en esta versión.,SDTE,"La sobredosis puede intensificar los efectos farmacológicos y reacciones adversas conocidas. La expresión clínica depende de dosis, formulación, comorbilidades y coingestas.","ABCDE y tratamiento de soporte dirigido a la clínica. ECG, glucemia, electrolitos, función renal/hepática u otras pruebas según mecanismo y síntomas. Ingesta intencional, dosis desconocida, formulación de liberación prolongada o paciente sintomático: evaluación en urgencias y consulta a toxicología/CIT.",Ninguno específico establecido,https://www.rch.org.au/clinicalguide/guideline_index/Poisoning_Initial_Management/,,DATOS_ESPECIFICOS_LIMITADOS,REVISADO_CONSERVADOR,"Se elimina cualquier cifra previa que represente dosis terapéutica máxima, DL50 animal o umbral no sustentado como toxicidad aguda humana.",,,Mixta / depende de contexto,NO,2026-09-02,MED-0127,NO,1,NO
CIPROFIBRATO,mg,100,TABLETA,SDTE/DMax 100MG DIA,"Dispepsia, náusea, diarrea, dolor abdominal, cefalea, mialgia y miopatía incl...",MEDIDAS GENERALES,SIN_DOSIS_TOXICA_ESPECIFICA,Otros / datos específicos limitados,SDTE — sin dosis tóxica humana específica suficientemente validada para automatizar en esta versión.,SDTE,"La sobredosis puede intensificar los efectos farmacológicos y reacciones adversas conocidas. La expresión clínica depende de dosis, formulación, comorbilidades y coingestas.","ABCDE y tratamiento de soporte dirigido a la clínica. ECG, glucemia, electrolitos, función renal/hepática u otras pruebas según mecanismo y síntomas. Ingesta intencional, dosis desconocida, formulación de liberación prolongada o paciente sintomático: evaluación en urgencias y consulta a toxicología/CIT.",Ninguno específico establecido,https://www.rch.org.au/clinicalguide/guideline_index/Poisoning_Initial_Management/,,DATOS_ESPECIFICOS_LIMITADOS,REVISADO_CONSERVADOR,"Se elimina cualquier cifra previa que represente dosis terapéutica máxima, DL50 animal o umbral no sustentado como toxicidad aguda humana.",,,Mixta / depende de contexto,NO,2026-09-02,MED-0128,NO,1,NO
CIPROFLOXACINA,mg,500,TABLETA,SDTE/DMax 1500 MG/DIA,"Náuseas, diarrea. Además IV: vómitos, reacciones en el lugar de perfus., aume...",MEDIDAS GENERALES,SIN_DOSIS_TOXICA_ESPECIFICA,Otros / datos específicos limitados,SDTE — sin dosis tóxica humana específica suficientemente validada para automatizar en esta versión.,SDTE,"La sobredosis puede intensificar los efectos farmacológicos y reacciones adversas conocidas. La expresión clínica depende de dosis, formulación, comorbilidades y coingestas.","ABCDE y tratamiento de soporte dirigido a la clínica. ECG, glucemia, electrolitos, función renal/hepática u otras pruebas según mecanismo y síntomas. Ingesta intencional, dosis desconocida, formulación de liberación prolongada o paciente sintomático: evaluación en urgencias y consulta a toxicología/CIT.",Ninguno específico establecido,https://www.rch.org.au/clinicalguide/guideline_index/Poisoning_Initial_Management/,,DATOS_ESPECIFICOS_LIMITADOS,REVISADO_CONSERVADOR,"Se elimina cualquier cifra previa que represente dosis terapéutica máxima, DL50 animal o umbral no sustentado como toxicidad aguda humana.",,,Mixta / depende de contexto,NO,2026-09-02,MED-0129,NO,1,NO
CIPROTERONA ACETATO,mg,2,COMPRIMIDOS RECUBIERTOS,SDTE,Gastrointestinales: Náuseas y vómitos Dolor abdominal Distensión abdominal En...,MEDIDAS GENERALES,SIN_DOSIS_TOXICA_ESPECIFICA,Otros / datos específicos limitados,SDTE — sin dosis tóxica humana específica suficientemente validada para automatizar en esta versión.,SDTE,"La sobredosis puede intensificar los efectos farmacológicos y reacciones adversas conocidas. La expresión clínica depende de dosis, formulación, comorbilidades y coingestas.","ABCDE y tratamiento de soporte dirigido a la clínica. ECG, glucemia, electrolitos, función renal/hepática u otras pruebas según mecanismo y síntomas. Ingesta intencional, dosis desconocida, formulación de liberación prolongada o paciente sintomático: evaluación en urgencias y consulta a toxicología/CIT.",Ninguno específico establecido,https://www.rch.org.au/clinicalguide/guideline_index/Poisoning_Initial_Management/,,DATOS_ESPECIFICOS_LIMITADOS,REVISADO_CONSERVADOR,"Se elimina cualquier cifra previa que represente dosis terapéutica máxima, DL50 animal o umbral no sustentado como toxicidad aguda humana.",,,Mixta / depende de contexto,NO,2026-09-02,MED-0130,NO,1,NO
CITALOPRAM,mg,20,TABLETA,SDTE/DT APROX 500-600MG; DL 2G,"NAUSEAS, VOMITOS, SEDACION, TEMBLOR, TAQUICARDIA, HIPERTENSION, - HIPOTENSION...",CIPROHEPTADINA,SIN_DOSIS_TOXICA_ESPECIFICA,ISRS,Umbral pediátrico de evaluación RCH: >2 mg/kg. Estos cortes NO aplican automáticamente a adolescentes/adultos.,UMBRAL_EVALUACION_PEDIATRICO,"La mayoría de sobredosis aisladas son benignas; náuseas, temblor, somnolencia y serotoninotoxicidad leve. Citalopram/escitalopram tienen mayor preocupación por QT/arritmia.",Soporte; valorar ECG especialmente con citalopram/escitalopram y coingestas. Tratar síndrome serotoninérgico y convulsiones con medidas estándar; consultar toxicología en exposiciones significativas.,Ninguno específico,https://www.rch.org.au/clinicalguide/guideline_index/Selective_serotonin_re-uptake_inhibitors_SSRIs_poisoning/,,GUIA CLINICA,VALIDADO_ESPECIFICO,Se corrigió o restringió una recomendación específica de la base original que podía inducir manejo inapropiado si se automatizaba.,2,Umbral pediátrico de evaluación,Pediatría; NO aplicar a adolescentes/adultos,SI,2026-09-02,MED-0131,NO,1,SI
CITICOLINA SODICA,mg,522.6,TABLETA RECUBIERTA,4.15-4.6 G/KG,"Muy raras: alucinaciones; cefalea, vértigo; HTA, hipotensión arterial; disnea...",MEDIDAS GENERALES,PENDIENTE_VALIDACION,Otros / datos específicos limitados,SDTE — sin dosis tóxica humana específica suficientemente validada para automatizar en esta versión.,SDTE,"La sobredosis puede intensificar los efectos farmacológicos y reacciones adversas conocidas. La expresión clínica depende de dosis, formulación, comorbilidades y coingestas.","ABCDE y tratamiento de soporte dirigido a la clínica. ECG, glucemia, electrolitos, función renal/hepática u otras pruebas según mecanismo y síntomas. Ingesta intencional, dosis desconocida, formulación de liberación prolongada o paciente sintomático: evaluación en urgencias y consulta a toxicología/CIT.",Ninguno específico establecido,https://www.rch.org.au/clinicalguide/guideline_index/Poisoning_Initial_Management/,,DATOS_ESPECIFICOS_LIMITADOS,REVISADO_CONSERVADOR,"Se elimina cualquier cifra previa que represente dosis terapéutica máxima, DL50 animal o umbral no sustentado como toxicidad aguda humana.  El valor original '4.15-4.6 G/KG' no se usa como umbral automatizable.",,,Mixta / depende de contexto,NO,2026-09-02,MED-0132,NO,1,NO
CITRATO DE ALVERINA,mg,60,CAPSULA BLANDA,SDTE,Puede ocurrir hipotensión; somnolencia; cansancio; cefalea y sequedad de muco...,MEDIDAS GENERALES,SIN_DOSIS_TOXICA_ESPECIFICA,Otros / datos específicos limitados,SDTE — sin dosis tóxica humana específica suficientemente validada para automatizar en esta versión.,SDTE,"La sobredosis puede intensificar los efectos farmacológicos y reacciones adversas conocidas. La expresión clínica depende de dosis, formulación, comorbilidades y coingestas.","ABCDE y tratamiento de soporte dirigido a la clínica. ECG, glucemia, electrolitos, función renal/hepática u otras pruebas según mecanismo y síntomas. Ingesta intencional, dosis desconocida, formulación de liberación prolongada o paciente sintomático: evaluación en urgencias y consulta a toxicología/CIT.",Ninguno específico establecido,https://www.rch.org.au/clinicalguide/guideline_index/Poisoning_Initial_Management/,,DATOS_ESPECIFICOS_LIMITADOS,REVISADO_CONSERVADOR,"Se elimina cualquier cifra previa que represente dosis terapéutica máxima, DL50 animal o umbral no sustentado como toxicidad aguda humana.",,,Mixta / depende de contexto,NO,2026-09-02,MED-0133,NO,1,NO
CITRATO DE POTASIO,mg,1080,TABLETA DE LIBERACIÓN PROLONGADA,SDTE,"Lesiones gastrointestinales con vómito severo, dolor abdominal o sangrado gas...",MEDIDAS GENERALES,SIN_DOSIS_TOXICA_ESPECIFICA,Sal de potasio,"SDTE — no se automatiza mg/kg; la gravedad depende del potasio sérico, velocidad de absorción y función renal.",ELECTROLITO + ECG,"Hiperkalemia, debilidad, parestesias, bradicardia, QRS ancho, arritmias y paro.",ECG y potasio urgente; estabilización de membrana con calcio IV y medidas para desplazar/eliminar K según protocolo de hiperkalemia.,No hay antídoto; calcio IV estabiliza miocardio.,https://pubmed.ncbi.nlm.nih.gov/37721023/,,MECANISMO/GUIA,VALIDADO_POR_CLASE,,,,Mixta / depende de contexto,NO,2026-09-02,MED-0134,NO,1,NO
CLADRIBINA,mg,10,POR CADA TABLETA,APROX 0.36 MG/KG/DIA,"Infecciones (neumonía, bacteriemia, celulitis, infección localizada, herpes o...",MEDIDAS GENERALES,PENDIENTE_VALIDACION,Otros / datos específicos limitados,SDTE — sin dosis tóxica humana específica suficientemente validada para automatizar en esta versión.,SDTE,"La sobredosis puede intensificar los efectos farmacológicos y reacciones adversas conocidas. La expresión clínica depende de dosis, formulación, comorbilidades y coingestas.","ABCDE y tratamiento de soporte dirigido a la clínica. ECG, glucemia, electrolitos, función renal/hepática u otras pruebas según mecanismo y síntomas. Ingesta intencional, dosis desconocida, formulación de liberación prolongada o paciente sintomático: evaluación en urgencias y consulta a toxicología/CIT.",Ninguno específico establecido,https://www.rch.org.au/clinicalguide/guideline_index/Poisoning_Initial_Management/,,DATOS_ESPECIFICOS_LIMITADOS,REVISADO_CONSERVADOR,"Se elimina cualquier cifra previa que represente dosis terapéutica máxima, DL50 animal o umbral no sustentado como toxicidad aguda humana.  El valor original 'APROX 0.36 MG/KG/DIA' no se usa como umbral automatizable.",,,Mixta / depende de contexto,NO,2026-09-02,MED-0135,NO,1,NO
CLARITROMICINA,mg,500,TABLETA RECUBIERTA,DL 5G/KG,"Cefalea, perversión del sabor, disgeusia; insomnio; pérdida de audición (reve...",MEDIDAS GENERALES,PENDIENTE_VALIDACION,Antimicrobiano con potencial de QT,SDTE — no usar dosis terapéutica máxima como umbral de toxicidad aguda.,SDTE / CLINICO,"GI, mareos; sobredosis significativa puede prolongar QT y favorecer arritmias, especialmente con factores predisponentes.","Soporte, ECG y corrección de K/Mg si exposición relevante; tratar torsades según protocolo.",Ninguno específico,https://pubmed.ncbi.nlm.nih.gov/37721023/,,MECANISMO/CONSENSO,VALIDADO_POR_CLASE,El valor original 'DL 5G/KG' no se usa como umbral automatizable.,,,Mixta / depende de contexto,NO,2026-09-02,MED-0136,NO,1,NO
CLEMASTINA,mg,"2,68",TABLETA,">8,04MG/DIA","mucosas secas y calientes, piel seca, rubor y calor, xerodermia, retención ur...",FISOSTIGMINA (CUANDO HAY SIND. ANTICOLINERGICO),PENDIENTE_VALIDACION,Antihistamínico H1 sedante,"SDTE — no usar un único corte por clase. En pediatría, ingesta >3 veces la dosis diaria máxima o síntomas ameritan evaluación según guía.",UMBRAL_RELATIVO / CLASE,"Anticolinergia, agitación/delirium, somnolencia, convulsiones; algunos producen bloqueo de sodio y QT prolongado.","Soporte, ECG, benzodiacepinas para agitación/convulsiones; bicarbonato si hay evidencia de bloqueo de sodio. Evitar asumir seguridad por ausencia inicial de síntomas en grandes ingestas.",Ninguno específico,https://www.rch.org.au/clinicalguide/guideline_index/Antihistamine_poisoning/,https://pubmed.ncbi.nlm.nih.gov/37721023/,GUIA DE CLASE,VALIDADO_POR_CLASE,"El valor original '>8,04MG/DIA' no se usa como umbral automatizable.",,,Mixta / depende de contexto,NO,2026-09-02,MED-0137,NO,1,NO
CLINDAMICINA,mg,300,CADA CÁPSULA,SDTE/DMax 11 G/DIA,"Colitis pseudomembranosa, diarrea, dolor abdominal, alteraciones en PFH; vía ...",MEDIDAS GENERALES,SIN_DOSIS_TOXICA_ESPECIFICA,Otros / datos específicos limitados,SDTE — sin dosis tóxica humana específica suficientemente validada para automatizar en esta versión.,SDTE,"La sobredosis puede intensificar los efectos farmacológicos y reacciones adversas conocidas. La expresión clínica depende de dosis, formulación, comorbilidades y coingestas.","ABCDE y tratamiento de soporte dirigido a la clínica. ECG, glucemia, electrolitos, función renal/hepática u otras pruebas según mecanismo y síntomas. Ingesta intencional, dosis desconocida, formulación de liberación prolongada o paciente sintomático: evaluación en urgencias y consulta a toxicología/CIT.",Ninguno específico establecido,https://www.rch.org.au/clinicalguide/guideline_index/Poisoning_Initial_Management/,,DATOS_ESPECIFICOS_LIMITADOS,REVISADO_CONSERVADOR,"Se elimina cualquier cifra previa que represente dosis terapéutica máxima, DL50 animal o umbral no sustentado como toxicidad aguda humana.",,,Mixta / depende de contexto,NO,2026-09-02,MED-0138,NO,1,NO
CLOBAZAM,mg,20,TABLETA,SDTE/DMax 80MG/DIA,"Somnolencia, embotamiento afectivo, reducción del estado de alerta, confusión...",FLUMAZENIL,SIN_DOSIS_TOXICA_ESPECIFICA,Benzodiacepina / hipnótico sedante,SDTE — no hay una dosis tóxica única útil para automatizar; la gravedad es clínica y depende mucho de coingestas.,SDTE / CLINICO,"Depresión SNC leve-moderada, ataxia, disartria; depresión respiratoria profunda es infrecuente en sobredosis aislada y obliga a buscar coingestas.",Soporte y vigilancia respiratoria. Carbón activado generalmente contraindicado por riesgo de aspiración. Flumazenil está contraindicado en sobredosis intencional o mixta y solo se considera en escenarios seleccionados accidental/iatrogénico tras consulta toxicológica.,Flumazenil solo en escenarios seleccionados; NO uso rutinario.,https://www.rch.org.au/clinicalguide/guideline_index/Benzodiazepine_poisoning/,,GUIA CLINICA,VALIDADO_POR_CLASE,Se retiraron cifras de dosis 'tóxica' no fiables de varias benzodiacepinas. Se corrigió o restringió una recomendación específica de la base original que podía inducir manejo inapropiado si se automatizaba.,,,Mixta / depende de contexto,NO,2026-09-02,MED-0139,NO,1,SI
CLOMIFENO,mg,50,TABLETA,SDTE,"Hipertrofia de ovarios, hemorragias uterinas anormales, sofocos; molestias ab...",MEDIDAS GENERALES,SIN_DOSIS_TOXICA_ESPECIFICA,Otros / datos específicos limitados,SDTE — sin dosis tóxica humana específica suficientemente validada para automatizar en esta versión.,SDTE,"La sobredosis puede intensificar los efectos farmacológicos y reacciones adversas conocidas. La expresión clínica depende de dosis, formulación, comorbilidades y coingestas.","ABCDE y tratamiento de soporte dirigido a la clínica. ECG, glucemia, electrolitos, función renal/hepática u otras pruebas según mecanismo y síntomas. Ingesta intencional, dosis desconocida, formulación de liberación prolongada o paciente sintomático: evaluación en urgencias y consulta a toxicología/CIT.",Ninguno específico establecido,https://www.rch.org.au/clinicalguide/guideline_index/Poisoning_Initial_Management/,,DATOS_ESPECIFICOS_LIMITADOS,REVISADO_CONSERVADOR,"Se elimina cualquier cifra previa que represente dosis terapéutica máxima, DL50 animal o umbral no sustentado como toxicidad aguda humana.",,,Mixta / depende de contexto,NO,2026-09-02,MED-0140,NO,1,NO
CLOMIPRAMINA,,,,10-20 mg/Kg,"confusión, somnolencia, alucinaciones, convulsiones, taquicardia, hipotensión...",BICARBONATO DE SODIO,PENDIENTE_VALIDACION,Antidepresivo tricíclico / bloqueador de canal de sodio,>5 mg/kg en niños: evaluación hospitalaria; >10–15 mg/kg se asocia a alto riesgo y requiere manejo intensivo según clínica.,UMBRAL_EVALUACION,"Anticolinérgico, depresión SNC, convulsiones, hipotensión, QRS ancho, arritmias ventriculares y prolongación QT.","ABCDE, ECG seriado. Si QRS ensanchado o arritmia ventricular: bicarbonato de sodio IV y alcalinización según protocolo; benzodiacepinas para convulsiones. No basar gravedad en nivel sérico.",No existe antídoto; bicarbonato de sodio es tratamiento específico de cardiotoxicidad por bloqueo de sodio.,https://www.rch.org.au/clinicalguide/guideline_index/Tricyclic_Antidepressant_%28TCA%29_Poisoning/,https://pubmed.ncbi.nlm.nih.gov/37721023/,GUIA CLINICA,VALIDADO_POR_CLASE,El valor original '10-20 mg/Kg' no se usa como umbral automatizable.,5,Umbral pediátrico de evaluación,Pediatría; adultos se evalúan clínicamente,SI,2026-09-02,MED-0141,NO,1,NO
CLONAZEPAM,mg,0.5,TABLETA,1.5 G- APARECEN SINT DE INTOX DESDE 500-600 MG,"HIPOTENSION, BRADIPNEA, HIPOTERMIA, COMA, CONVULSIONES, HIPOREFLEXIA, EXITABI...",FLUMAZENIL,PENDIENTE_VALIDACION,Benzodiacepina / hipnótico sedante,SDTE — no hay una dosis tóxica única útil para automatizar; la gravedad es clínica y depende mucho de coingestas.,SDTE / CLINICO,"Depresión SNC leve-moderada, ataxia, disartria; depresión respiratoria profunda es infrecuente en sobredosis aislada y obliga a buscar coingestas.",Soporte y vigilancia respiratoria. Carbón activado generalmente contraindicado por riesgo de aspiración. Flumazenil está contraindicado en sobredosis intencional o mixta y solo se considera en escenarios seleccionados accidental/iatrogénico tras consulta toxicológica.,Flumazenil solo en escenarios seleccionados; NO uso rutinario.,https://www.rch.org.au/clinicalguide/guideline_index/Benzodiazepine_poisoning/,,GUIA CLINICA,VALIDADO_POR_CLASE,Se retiraron cifras de dosis 'tóxica' no fiables de varias benzodiacepinas.  El valor original '1.5 G- APARECEN SINT DE INTOX DESDE 500-600 MG' no se usa como umbral automatizable. Se corrigió o restringió una recomendación específica de la base original que podía inducir manejo inapropiado si se automatizaba.,,,Mixta / depende de contexto,NO,2026-09-02,MED-0142,NO,1,SI
CLONIDINA,mg,0.15,COMPRIMIDO (TABLETA),SDTE/APROX>10 MG,"Depresión, trastornos del sueño; mareo, sedación, cefalea; hipotensión ortost...",MEDIDAS GENERALES,SIN_DOSIS_TOXICA_ESPECIFICA,Agonista alfa-2,"SDTE — pequeñas exposiciones pueden ser clínicamente relevantes, especialmente en niños.",SDTE / ALTO_RIESGO,"Somnolencia/coma, miosis, bradicardia, hipotensión, depresión respiratoria; puede simular opioide.","Soporte respiratorio/hemodinámico. Naloxona puede intentarse en algunos casos de clonidina, pero respuesta es variable y no reemplaza soporte.",Ninguno específico; naloxona puede tener respuesta variable en clonidina.,https://www.rch.org.au/clinicalguide/guideline_index/Poisoning_Initial_Management/,,CLASE/CONSENSO,VALIDADO_POR_CLASE,,,,Mixta / depende de contexto,NO,2026-09-02,MED-0143,NO,1,NO
CLONIXINATO DE LISINA,mg,125,TABLETA CUBIERTA,335 MG/KG VO-170MG/KG IV,"NAUSEAS, VOMITOS, HDA, IRA, CEFALEA, ACUFENO, SORDERA, COMA, APNEA TRANSITORIA",MEDIDAS GENERALES,PENDIENTE_VALIDACION,AINE,SDTE para este AINE en la app: no extrapolar automáticamente los cortes de ibuprofeno a otros AINEs.,SDTE / CLASE,"Predominan síntomas gastrointestinales y neurológicos; sobredosis importante puede asociarse a lesión renal, alteraciones metabólicas y shock.",Tratamiento de soporte y mantener hidratación adecuada en sobredosis importante. La gravedad y decontaminación dependen del fármaco y exposición; consultar toxicología en casos significativos.,Ninguno específico,https://www.rch.org.au/clinicalguide/guideline_index/Nonsteroidal_Anti-inflammatory_Drug_NSAID_poisoning/,,GUIA DE CLASE,VALIDADO_POR_CLASE,Se eliminó el umbral previo si correspondía a una dosis máxima terapéutica.  El valor original '335 MG/KG VO-170MG/KG IV' no se usa como umbral automatizable.,,,Mixta / depende de contexto,NO,2026-09-02,MED-0144,NO,1,NO
CLOPIDOGREL,mg,97855,1 TABLETA RECUBIERTA,SDTE,"Hematoma; epistaxis; hemorragia gastrointestinal, diarrea, dolor abdominal, d...",MEDIDAS GENERALES,SIN_DOSIS_TOXICA_ESPECIFICA,Antiagregante plaquetario,SDTE — no existe un umbral de dosis útil para automatizar; el riesgo principal es hemorrágico.,CLINICO_HEMORRAGIA,Sangrado mucoso/GI/intracraneal; disnea puede ocurrir con ticagrelor.,"Soporte, control de hemorragia y valoración hematológica/toxicológica en sangrado grave. No existe un antídoto universal de uso rutinario en esta base.",Ninguno específico de uso rutinario,https://www.ahajournals.org/doi/10.1161/CIR.0000000000001193,,GUIA/CONSENSO,VALIDADO_POR_CLASE,,,,Mixta / depende de contexto,NO,2026-09-02,MED-0145,NO,1,NO
CLORAMBUCILO,mg,2,TABLETA RECUBIERTA,DL50 123MG/KG,"Aplasia medular, neutropenia, anemia, trombocitopenia.",MEDIDAS GENERALES,PENDIENTE_VALIDACION,Otros / datos específicos limitados,SDTE — sin dosis tóxica humana específica suficientemente validada para automatizar en esta versión.,SDTE,"La sobredosis puede intensificar los efectos farmacológicos y reacciones adversas conocidas. La expresión clínica depende de dosis, formulación, comorbilidades y coingestas.","ABCDE y tratamiento de soporte dirigido a la clínica. ECG, glucemia, electrolitos, función renal/hepática u otras pruebas según mecanismo y síntomas. Ingesta intencional, dosis desconocida, formulación de liberación prolongada o paciente sintomático: evaluación en urgencias y consulta a toxicología/CIT.",Ninguno específico establecido,https://www.rch.org.au/clinicalguide/guideline_index/Poisoning_Initial_Management/,,DATOS_ESPECIFICOS_LIMITADOS,REVISADO_CONSERVADOR,"Se elimina cualquier cifra previa que represente dosis terapéutica máxima, DL50 animal o umbral no sustentado como toxicidad aguda humana.  El valor original 'DL50 123MG/KG' no se usa como umbral automatizable.",,,Mixta / depende de contexto,NO,2026-09-02,MED-0146,NO,1,NO
CLORANFENICOL,mg,250,UNA CAPSULA DURA,SDTE/DESCONTINUADO,"Leucopenia, agranulocitosis, anemia, reacción neurológica, de intolerancia o ...",MEDIDAS GENERALES,SIN_DOSIS_TOXICA_ESPECIFICA,Otros / datos específicos limitados,SDTE — sin dosis tóxica humana específica suficientemente validada para automatizar en esta versión.,SDTE,"La sobredosis puede intensificar los efectos farmacológicos y reacciones adversas conocidas. La expresión clínica depende de dosis, formulación, comorbilidades y coingestas.","ABCDE y tratamiento de soporte dirigido a la clínica. ECG, glucemia, electrolitos, función renal/hepática u otras pruebas según mecanismo y síntomas. Ingesta intencional, dosis desconocida, formulación de liberación prolongada o paciente sintomático: evaluación en urgencias y consulta a toxicología/CIT.",Ninguno específico establecido,https://www.rch.org.au/clinicalguide/guideline_index/Poisoning_Initial_Management/,,DATOS_ESPECIFICOS_LIMITADOS,REVISADO_CONSERVADOR,"Se elimina cualquier cifra previa que represente dosis terapéutica máxima, DL50 animal o umbral no sustentado como toxicidad aguda humana.",,,Mixta / depende de contexto,NO,2026-09-02,MED-0147,NO,1,NO
CLORFENAMINA,mg,4,TABLETA,> 24 mg/dia-6g Hepatoxicidad,"mucosas secas y calientes, piel seca, rubor y calor, xerodermia, retención ur...",BICARBONATO DE SODIO,PENDIENTE_VALIDACION,Antihistamínico H1 sedante,"SDTE — no usar un único corte por clase. En pediatría, ingesta >3 veces la dosis diaria máxima o síntomas ameritan evaluación según guía.",UMBRAL_RELATIVO / CLASE,"Anticolinergia, agitación/delirium, somnolencia, convulsiones; algunos producen bloqueo de sodio y QT prolongado.","Soporte, ECG, benzodiacepinas para agitación/convulsiones; bicarbonato si hay evidencia de bloqueo de sodio. Evitar asumir seguridad por ausencia inicial de síntomas en grandes ingestas.",Ninguno específico,https://www.rch.org.au/clinicalguide/guideline_index/Antihistamine_poisoning/,https://pubmed.ncbi.nlm.nih.gov/37721023/,GUIA DE CLASE,VALIDADO_POR_CLASE,El valor original '> 24 mg/dia-6g Hepatoxicidad' no se usa como umbral automatizable.,,,Mixta / depende de contexto,NO,2026-09-02,MED-0148,NO,1,NO
CLORHEXIDINA,mg,4,TABLETA MASTICABLE,DL50 126 G APROX,"Reacciones cutáneas de hipersensibilidad, quemaduras químicas en neonatos.",MEDIDAS GENERALES,PENDIENTE_VALIDACION,Otros / datos específicos limitados,SDTE — sin dosis tóxica humana específica suficientemente validada para automatizar en esta versión.,SDTE,"La sobredosis puede intensificar los efectos farmacológicos y reacciones adversas conocidas. La expresión clínica depende de dosis, formulación, comorbilidades y coingestas.","ABCDE y tratamiento de soporte dirigido a la clínica. ECG, glucemia, electrolitos, función renal/hepática u otras pruebas según mecanismo y síntomas. Ingesta intencional, dosis desconocida, formulación de liberación prolongada o paciente sintomático: evaluación en urgencias y consulta a toxicología/CIT.",Ninguno específico establecido,https://www.rch.org.au/clinicalguide/guideline_index/Poisoning_Initial_Management/,,DATOS_ESPECIFICOS_LIMITADOS,REVISADO_CONSERVADOR,"Se elimina cualquier cifra previa que represente dosis terapéutica máxima, DL50 animal o umbral no sustentado como toxicidad aguda humana.  El valor original 'DL50 126 G APROX' no se usa como umbral automatizable.",,,Mixta / depende de contexto,NO,2026-09-02,MED-0149,NO,1,NO
CLORHIDRATO DE ALFUZOSINA,mg,10,COMPRIMIDO,SDTE/ >10 MG DIA,"Astenia, malestar ; náusea, dolor abdominal, diarrea, sequedad de boca; desfa...",MEDIDAS GENERALES,SIN_DOSIS_TOXICA_ESPECIFICA,Alfa-1 bloqueador,SDTE — no hay umbral universal.,SDTE / CLASE,"Hipotensión ortostática, mareo, síncope, taquicardia refleja; shock en sobredosis grave.","Decúbito, cristaloides y vasopresores si precisa; vigilancia hemodinámica.",Ninguno específico,https://www.rch.org.au/clinicalguide/guideline_index/Poisoning_Initial_Management/,,MECANISMO/CONSENSO,VALIDADO_POR_CLASE,,,,Mixta / depende de contexto,NO,2026-09-02,MED-0150,NO,1,NO
CLORMADINONA ACETATO,mg,2,TABLETA RECUBIERTA COLOR VERDE,SDTE,"Estado depresivo, nerviosismo, irritabilidad; mareos, migraña (y/o empeoramie...",MEDIDAS GENERALES,SIN_DOSIS_TOXICA_ESPECIFICA,Otros / datos específicos limitados,SDTE — sin dosis tóxica humana específica suficientemente validada para automatizar en esta versión.,SDTE,"La sobredosis puede intensificar los efectos farmacológicos y reacciones adversas conocidas. La expresión clínica depende de dosis, formulación, comorbilidades y coingestas.","ABCDE y tratamiento de soporte dirigido a la clínica. ECG, glucemia, electrolitos, función renal/hepática u otras pruebas según mecanismo y síntomas. Ingesta intencional, dosis desconocida, formulación de liberación prolongada o paciente sintomático: evaluación en urgencias y consulta a toxicología/CIT.",Ninguno específico establecido,https://www.rch.org.au/clinicalguide/guideline_index/Poisoning_Initial_Management/,,DATOS_ESPECIFICOS_LIMITADOS,REVISADO_CONSERVADOR,"Se elimina cualquier cifra previa que represente dosis terapéutica máxima, DL50 animal o umbral no sustentado como toxicidad aguda humana.",,,Mixta / depende de contexto,NO,2026-09-02,MED-0151,NO,1,NO
CLOROQUINA,mg,250,TABLETA,20MG/KG,"Dolor abdominal; anorexia, diarrea, náusea, vómitos; pérdida de peso; visión ...",MEDIDAS GENERALES,PENDIENTE_VALIDACION,4-aminoquinolina cardiotóxica,SDTE — no se automatiza un corte universal; una sobredosis puede deteriorarse rápidamente.,SDTE / ALTO_RIESGO,"Hipotensión, QRS/QT alterados, arritmias, hipokalemia, convulsiones y coma.","Manejo intensivo precoz: vía aérea, ECG continuo, epinefrina y diazepam en toxicidad grave según protocolos, corrección prudente de potasio y carbón activado precoz si es apropiado.",No hay antídoto único; epinefrina + diazepam son terapias específicas en toxicidad grave.,https://pubmed.ncbi.nlm.nih.gov/37721023/,,GUIA/REVISION,VALIDADO_POR_CLASE,El valor original '20MG/KG' no se usa como umbral automatizable.,,,Mixta / depende de contexto,NO,2026-09-02,MED-0152,NO,1,NO
CLORTALIDONA,mg,25,TABLETA,> 200 MG/DIA,"Alteraciones electrolíticas, erupción cutánea, hipotensión ortostática, arrit...",MEDIDAS GENERALES,PENDIENTE_VALIDACION,Otros / datos específicos limitados,SDTE — sin dosis tóxica humana específica suficientemente validada para automatizar en esta versión.,SDTE,"La sobredosis puede intensificar los efectos farmacológicos y reacciones adversas conocidas. La expresión clínica depende de dosis, formulación, comorbilidades y coingestas.","ABCDE y tratamiento de soporte dirigido a la clínica. ECG, glucemia, electrolitos, función renal/hepática u otras pruebas según mecanismo y síntomas. Ingesta intencional, dosis desconocida, formulación de liberación prolongada o paciente sintomático: evaluación en urgencias y consulta a toxicología/CIT.",Ninguno específico establecido,https://www.rch.org.au/clinicalguide/guideline_index/Poisoning_Initial_Management/,,DATOS_ESPECIFICOS_LIMITADOS,REVISADO_CONSERVADOR,"Se elimina cualquier cifra previa que represente dosis terapéutica máxima, DL50 animal o umbral no sustentado como toxicidad aguda humana.  El valor original '> 200 MG/DIA' no se usa como umbral automatizable.",,,Mixta / depende de contexto,NO,2026-09-02,MED-0153,NO,1,NO
CLORURO DE TROSPIO,mg,30,TABLETA RECUBIERTA,SDTE/>45 MG /DIA,"Sequedad de boca, dispepsia, estreñimiento, empeoramiento del estreñimiento, ...",MEDIDAS GENERALES,SIN_DOSIS_TOXICA_ESPECIFICA,Anticolinérgico,SDTE — toxicidad clínica; no usar dosis máxima terapéutica como corte.,SDTE / TOXIDROME,"Midriasis, piel/mucosas secas, taquicardia, retención urinaria, íleo, agitación/delirium, hipertermia; convulsiones en gravedad.","Soporte, enfriamiento si precisa, benzodiacepinas para agitación/convulsiones, ECG y manejo de complicaciones. Fisostigmina solo en casos seleccionados por toxicología.",Fisostigmina solo en indicaciones seleccionadas y bajo toxicología.,https://www.rch.org.au/clinicalguide/guideline_index/Poisoning_Initial_Management/,,TOXIDROME/CONSENSO,VALIDADO_POR_CLASE,,,,Mixta / depende de contexto,NO,2026-09-02,MED-0154,NO,1,NO
CLOTIAZEPAM,mg,10,TABLETA,SDTE/DMax 60 MG/DIA,"HIPOTENSION, BRADIPNEA, HIPOTERMIA, COMA, CONVULSIONES, HIPOREFLEXIA, EXITABI...",FLUMAZENIL,SIN_DOSIS_TOXICA_ESPECIFICA,Benzodiacepina / hipnótico sedante,SDTE — no hay una dosis tóxica única útil para automatizar; la gravedad es clínica y depende mucho de coingestas.,SDTE / CLINICO,"Depresión SNC leve-moderada, ataxia, disartria; depresión respiratoria profunda es infrecuente en sobredosis aislada y obliga a buscar coingestas.",Soporte y vigilancia respiratoria. Carbón activado generalmente contraindicado por riesgo de aspiración. Flumazenil está contraindicado en sobredosis intencional o mixta y solo se considera en escenarios seleccionados accidental/iatrogénico tras consulta toxicológica.,Flumazenil solo en escenarios seleccionados; NO uso rutinario.,https://www.rch.org.au/clinicalguide/guideline_index/Benzodiazepine_poisoning/,,GUIA CLINICA,VALIDADO_POR_CLASE,Se retiraron cifras de dosis 'tóxica' no fiables de varias benzodiacepinas. Se corrigió o restringió una recomendación específica de la base original que podía inducir manejo inapropiado si se automatizaba.,,,Mixta / depende de contexto,NO,2026-09-02,MED-0155,NO,1,SI
CLOTRIMAZOL,mg,200,CAPSULA BLANDA VAGINAL (OVULO),SDTE,"Reacciones alérgicas (síncope, hipotensión, disnea, urticaria); descamación v...",MEDIDAS GENERALES,SIN_DOSIS_TOXICA_ESPECIFICA,Otros / datos específicos limitados,SDTE — sin dosis tóxica humana específica suficientemente validada para automatizar en esta versión.,SDTE,"La sobredosis puede intensificar los efectos farmacológicos y reacciones adversas conocidas. La expresión clínica depende de dosis, formulación, comorbilidades y coingestas.","ABCDE y tratamiento de soporte dirigido a la clínica. ECG, glucemia, electrolitos, función renal/hepática u otras pruebas según mecanismo y síntomas. Ingesta intencional, dosis desconocida, formulación de liberación prolongada o paciente sintomático: evaluación en urgencias y consulta a toxicología/CIT.",Ninguno específico establecido,https://www.rch.org.au/clinicalguide/guideline_index/Poisoning_Initial_Management/,,DATOS_ESPECIFICOS_LIMITADOS,REVISADO_CONSERVADOR,"Se elimina cualquier cifra previa que represente dosis terapéutica máxima, DL50 animal o umbral no sustentado como toxicidad aguda humana.",,,Mixta / depende de contexto,NO,2026-09-02,MED-0156,NO,1,NO
CLOZAPINA,mg,25,TABLETA,62.5MG O >10MG/KG,"RIGIDEZ MUSCULAR, FIEBRE, DIAFORESIS, DISFAGIA, TEMBLOR, INCONTINENCIA, CONFU...",DANTROLENO,PENDIENTE_VALIDACION,Antipsicótico,SDTE — no usar una dosis terapéutica máxima como umbral de toxicidad. La toxicidad varía por agente y formulación.,SDTE / CLASE,"Depresión SNC, taquicardia, hipotensión, anticolinergia o síntomas extrapiramidales; algunos agentes prolongan QT o producen arritmia.","Soporte, ECG y vigilancia neurológica/hemodinámica. Tratar hipotensión, convulsiones y distonía según clínica; consultar toxicología en exposición significativa.",Ninguno específico,https://pubmed.ncbi.nlm.nih.gov/37721023/,https://www.rch.org.au/clinicalguide/guideline_index/Risperidone_Poisoning/,CLASE/CONSENSO,VALIDADO_POR_CLASE,El valor original '62.5MG O >10MG/KG' no se usa como umbral automatizable. Se corrigió o restringió una recomendación específica de la base original que podía inducir manejo inapropiado si se automatizaba.,,,Mixta / depende de contexto,NO,2026-09-02,MED-0157,NO,1,SI
COBICISTAT,mg,150,TABLETAS RECUBIERTAS,SDTE,"Hiperglucemia, aumento del apetito; insomnio, sueños anómalos; cefalea, mareo...",MEDIDAS GENERALES,SIN_DOSIS_TOXICA_ESPECIFICA,Otros / datos específicos limitados,SDTE — sin dosis tóxica humana específica suficientemente validada para automatizar en esta versión.,SDTE,"La sobredosis puede intensificar los efectos farmacológicos y reacciones adversas conocidas. La expresión clínica depende de dosis, formulación, comorbilidades y coingestas.","ABCDE y tratamiento de soporte dirigido a la clínica. ECG, glucemia, electrolitos, función renal/hepática u otras pruebas según mecanismo y síntomas. Ingesta intencional, dosis desconocida, formulación de liberación prolongada o paciente sintomático: evaluación en urgencias y consulta a toxicología/CIT.",Ninguno específico establecido,https://www.rch.org.au/clinicalguide/guideline_index/Poisoning_Initial_Management/,,DATOS_ESPECIFICOS_LIMITADOS,REVISADO_CONSERVADOR,"Se elimina cualquier cifra previa que represente dosis terapéutica máxima, DL50 animal o umbral no sustentado como toxicidad aguda humana.",,,Mixta / depende de contexto,NO,2026-09-02,MED-0158,NO,1,NO
CODEINA,mg,15,TABLETA,6 G/DU,"Triada: Miosis (pupilas puntiformes), Depresión respiratoria, Coma hipoxia y ...",NALOXONA,PENDIENTE_VALIDACION,Opioide,"SDTE — no existe un umbral universal seguro; evaluar por clínica, formulación, tolerancia y coingestas.",SDTE / CLINICO,"Miosis, depresión SNC y respiratoria, bradicardia/hipotensión en gravedad.",Prioridad: ventilación/oxigenación. Naloxona titulada para revertir depresión respiratoria; repetir o infundir según duración del opioide. Observar recurrencia tras naloxona y considerar coingestas.,Naloxona,https://pubmed.ncbi.nlm.nih.gov/37721023/,,GUIA AHA,VALIDADO_POR_CLASE,El valor original '6 G/DU' no se usa como umbral automatizable.,,,Mixta / depende de contexto,NO,2026-09-02,MED-0159,NO,1,NO
COLCHICINA,mg,0.5,TABLETA.,0.5-0.8MG/KG,"Diarrea,náuseas, vómitos, dolor abdominal. Otra reacción adversas identificad...",MEDIDAS GENERALES,PENDIENTE_VALIDACION,Antimitótico / multiorgánico,SDTE — tiene margen terapéutico estrecho y no debe simplificarse a un único corte seguro/tóxico.,SDTE / ALTO_RIESGO,"Fase GI inicial seguida de shock, falla multiorgánica, arritmias y mielosupresión; mortalidad puede ser alta.",Atención intensiva y soporte precoz; carbón activado puede considerarse temprano en exposición significativa con toxicología. No hay antídoto específico disponible de uso rutinario.,Ninguno específico,https://pubmed.ncbi.nlm.nih.gov/36028733/,,REVISION SISTEMATICA,VALIDADO_ESPECIFICO,,,,Mixta / depende de contexto,NO,2026-09-02,MED-0160,NO,1,NO
COLECALCIFEROL,UI,100000,CÁPSULAS BLANDAS,SDTE,"Administración excesiva y durante periodos largos: hipercalcemia, anorexia, c...",MEDIDAS GENERALES,SIN_DOSIS_TOXICA_ESPECIFICA,Vitamina D / análogo,SDTE — la toxicidad depende de hipercalcemia y suele relacionarse con exposición repetida o dosis muy altas; no usar un corte genérico.,CLINICO_LABORATORIO,"Náuseas, poliuria/polidipsia, deshidratación, debilidad, confusión, lesión renal y arritmias por hipercalcemia.","Suspender vitamina D/calcio, medir calcio, fósforo, función renal y ECG si grave; tratar hipercalcemia según severidad y protocolo.",Ninguno específico,https://www.rch.org.au/clinicalguide/guideline_index/Poisoning_Initial_Management/,,MECANISMO/REVISION_CONSERVADORA,VALIDADO_POR_CLASE,,,,Mixta / depende de contexto,NO,2026-09-02,MED-0161,NO,1,NO
CONDROITINA SULFATO,mg,400,CÁPSULA DURA,SDTE,Raras: náuseas y/o alteraciones gastrointestinales,MEDIDAS GENERALES,SIN_DOSIS_TOXICA_ESPECIFICA,Otros / datos específicos limitados,SDTE — sin dosis tóxica humana específica suficientemente validada para automatizar en esta versión.,SDTE,"La sobredosis puede intensificar los efectos farmacológicos y reacciones adversas conocidas. La expresión clínica depende de dosis, formulación, comorbilidades y coingestas.","ABCDE y tratamiento de soporte dirigido a la clínica. ECG, glucemia, electrolitos, función renal/hepática u otras pruebas según mecanismo y síntomas. Ingesta intencional, dosis desconocida, formulación de liberación prolongada o paciente sintomático: evaluación en urgencias y consulta a toxicología/CIT.",Ninguno específico establecido,https://www.rch.org.au/clinicalguide/guideline_index/Poisoning_Initial_Management/,,DATOS_ESPECIFICOS_LIMITADOS,REVISADO_CONSERVADOR,"Se elimina cualquier cifra previa que represente dosis terapéutica máxima, DL50 animal o umbral no sustentado como toxicidad aguda humana.",,,Mixta / depende de contexto,NO,2026-09-02,MED-0162,NO,1,NO
CRIZOTINIB,mg,200,CAPSULA DURA,SDTE,"Reacciones alérgicas y anafilaxia: Urticaria, Prurito, angioedema, disnea, Sh...",MEDIDAS GENERALES,SIN_DOSIS_TOXICA_ESPECIFICA,Otros / datos específicos limitados,SDTE — sin dosis tóxica humana específica suficientemente validada para automatizar en esta versión.,SDTE,"La sobredosis puede intensificar los efectos farmacológicos y reacciones adversas conocidas. La expresión clínica depende de dosis, formulación, comorbilidades y coingestas.","ABCDE y tratamiento de soporte dirigido a la clínica. ECG, glucemia, electrolitos, función renal/hepática u otras pruebas según mecanismo y síntomas. Ingesta intencional, dosis desconocida, formulación de liberación prolongada o paciente sintomático: evaluación en urgencias y consulta a toxicología/CIT.",Ninguno específico establecido,https://www.rch.org.au/clinicalguide/guideline_index/Poisoning_Initial_Management/,,DATOS_ESPECIFICOS_LIMITADOS,REVISADO_CONSERVADOR,"Se elimina cualquier cifra previa que represente dosis terapéutica máxima, DL50 animal o umbral no sustentado como toxicidad aguda humana.",,,Mixta / depende de contexto,NO,2026-09-02,MED-0163,NO,1,NO
DABIGATRAN,mg,110,CAPSULA DURA,SDTE/DMax 300 MG/DIA,"En Ind.1: disminución de HB, función hepática/PHF anómalas. En Ind.2: anemia,...",idarucizumab,SIN_DOSIS_TOXICA_ESPECIFICA,Anticoagulante oral directo — inhibidor de trombina,"SDTE — la dosis ingerida sola no define necesidad de reversión; valorar sangrado, tiempo, función renal y coagulación.",CLINICO_HEMORRAGIA,"Sangrado, anemia, hipotensión/shock si hemorragia grave.","Suspender, soporte/hemostasia. Hemorragia potencialmente mortal o no controlada: idarucizumab; hemodiálisis puede eliminar dabigatrán en escenarios seleccionados.",Idarucizumab,https://www.ahajournals.org/doi/10.1161/CIR.0000000000001193,,GUIA ACC/AHA,VALIDADO_ESPECIFICO,,,,Mixta / depende de contexto,NO,2026-09-02,MED-0164,NO,1,NO
DACOMITINIB,mg,15,TABLETA RECUBIERTA DE COLOR AZUL GRABADA CON EL TEXTO PFIZER EN UNA CARA Y DC...,SDTE,"Reacciones alérgicas y anafilaxia: Urticaria, Prurito, angioedema, disnea, Sh...",MEDIDAS GENERALES,SIN_DOSIS_TOXICA_ESPECIFICA,Otros / datos específicos limitados,SDTE — sin dosis tóxica humana específica suficientemente validada para automatizar en esta versión.,SDTE,"La sobredosis puede intensificar los efectos farmacológicos y reacciones adversas conocidas. La expresión clínica depende de dosis, formulación, comorbilidades y coingestas.","ABCDE y tratamiento de soporte dirigido a la clínica. ECG, glucemia, electrolitos, función renal/hepática u otras pruebas según mecanismo y síntomas. Ingesta intencional, dosis desconocida, formulación de liberación prolongada o paciente sintomático: evaluación en urgencias y consulta a toxicología/CIT.",Ninguno específico establecido,https://www.rch.org.au/clinicalguide/guideline_index/Poisoning_Initial_Management/,,DATOS_ESPECIFICOS_LIMITADOS,REVISADO_CONSERVADOR,"Se elimina cualquier cifra previa que represente dosis terapéutica máxima, DL50 animal o umbral no sustentado como toxicidad aguda humana.",,,Mixta / depende de contexto,NO,2026-09-02,MED-0165,NO,1,NO
DANAZOL,mg,200,CAPSULA,SDTE,"Aumento de peso, acné, aumento del apetito, seborrea, hirsutismo, pérdida de ...",MEDIDAS GENERALES,SIN_DOSIS_TOXICA_ESPECIFICA,Otros / datos específicos limitados,SDTE — sin dosis tóxica humana específica suficientemente validada para automatizar en esta versión.,SDTE,"La sobredosis puede intensificar los efectos farmacológicos y reacciones adversas conocidas. La expresión clínica depende de dosis, formulación, comorbilidades y coingestas.","ABCDE y tratamiento de soporte dirigido a la clínica. ECG, glucemia, electrolitos, función renal/hepática u otras pruebas según mecanismo y síntomas. Ingesta intencional, dosis desconocida, formulación de liberación prolongada o paciente sintomático: evaluación en urgencias y consulta a toxicología/CIT.",Ninguno específico establecido,https://www.rch.org.au/clinicalguide/guideline_index/Poisoning_Initial_Management/,,DATOS_ESPECIFICOS_LIMITADOS,REVISADO_CONSERVADOR,"Se elimina cualquier cifra previa que represente dosis terapéutica máxima, DL50 animal o umbral no sustentado como toxicidad aguda humana.",,,Mixta / depende de contexto,NO,2026-09-02,MED-0166,NO,1,NO
DANURAVIR,mg,800,TABLETAS,SDTE,SINTOMAS GENERALES,MEDIDAS GENERALES,SIN_DOSIS_TOXICA_ESPECIFICA,Otros / datos específicos limitados,SDTE — sin dosis tóxica humana específica suficientemente validada para automatizar en esta versión.,SDTE,"La sobredosis puede intensificar los efectos farmacológicos y reacciones adversas conocidas. La expresión clínica depende de dosis, formulación, comorbilidades y coingestas.","ABCDE y tratamiento de soporte dirigido a la clínica. ECG, glucemia, electrolitos, función renal/hepática u otras pruebas según mecanismo y síntomas. Ingesta intencional, dosis desconocida, formulación de liberación prolongada o paciente sintomático: evaluación en urgencias y consulta a toxicología/CIT.",Ninguno específico establecido,https://www.rch.org.au/clinicalguide/guideline_index/Poisoning_Initial_Management/,,DATOS_ESPECIFICOS_LIMITADOS,REVISADO_CONSERVADOR,"Se elimina cualquier cifra previa que represente dosis terapéutica máxima, DL50 animal o umbral no sustentado como toxicidad aguda humana.",,,Mixta / depende de contexto,NO,2026-09-02,MED-0167,NO,1,NO
DAPAGLIFLOZINA,mg,10,COMPRIMIDO,SDTE/DMax 10 MG /DIA,"Vulvovaginitis, balanitis e infecciones genitales relacionadas o del tracto u...",MEDIDAS GENERALES,SIN_DOSIS_TOXICA_ESPECIFICA,Inhibidor SGLT2,"SDTE — la toxicidad aguda aislada suele ser limitada; vigilar complicaciones metabólicas, especialmente con enfermedad/interacciones.",SDTE / CLINICO,"Deshidratación, hipotensión; riesgo de cetoacidosis euglucémica en contextos predisponentes, aunque no es una relación simple dosis-respuesta de sobredosis.","Soporte, glucosa/cetonas/gas si síntomas o acidosis; tratar cetoacidosis según protocolo.",Ninguno específico,https://www.rch.org.au/clinicalguide/guideline_index/Poisoning_Initial_Management/,,MECANISMO/REVISION,VALIDADO_POR_CLASE,,,,Mixta / depende de contexto,NO,2026-09-02,MED-0168,NO,1,NO
DAPOXETINA,mg,30,TABLETA RECUBIERTA,STDE/DMax > 60MG/DIA,"Insomnio, ansiedad, agitación, inquietud, disminución de la libido, sueños an...",MEDIDAS GENERALES,PENDIENTE_VALIDACION,Serotonérgico / antidepresivo relacionado,SDTE — no se automatiza un umbral común.,SDTE / CLASE,"Náuseas, somnolencia o agitación; riesgo de serotoninotoxicidad aumenta con coingestas serotonérgicas. Algunos agentes pueden alterar QT.","Soporte; benzodiacepinas, enfriamiento y medidas dirigidas si serotoninotoxicidad. ECG según agente y exposición.",Ninguno específico,https://www.rch.org.au/clinicalguide/guideline_index/Serotonin_and_Noradrenaline_Re-uptake_Inhibitors_SNRIs_Poisoning/,,CLASE/CONSENSO,VALIDADO_POR_CLASE,,,,Mixta / depende de contexto,NO,2026-09-02,MED-0169,NO,1,NO
DAPSONA,mg,100,TABLETA,5 MG/KG,"Eritema, sequedad, grasitud/descamación de la piel en el sitio de la aplicación",MEDIDAS GENERALES,PENDIENTE_VALIDACION,Oxidante / metahemoglobinemia,"SDTE — la gravedad debe guiarse por clínica y metahemoglobina, con posibilidad de rebote por vida media prolongada.",CLINICO_LABORATORIO,"Cianosis, hipoxia aparente, cefalea, alteración de conciencia, hemólisis; metahemoglobinemia puede ser prolongada/recurrente.","Soporte, cooximetría; azul de metileno si metahemoglobinemia significativa/sintomática y no hay contraindicaciones. Considerar rebote y consulta toxicológica.",Azul de metileno,https://pubmed.ncbi.nlm.nih.gov/37721023/,,MECANISMO/GUIA AHA,VALIDADO_ESPECIFICO,,,,Mixta / depende de contexto,NO,2026-09-02,MED-0170,NO,1,NO
DARIFENACINA,mg,17858,TABLETA DE LIBERACIÓN PROLONGADA.,SDTE/ DMax 7.5 MG/DIA,"Estreñimiento, hiposialia, náuseas; cefalea, dispepsia, dolor abdominal, hipo...",MEDIDAS GENERALES,SIN_DOSIS_TOXICA_ESPECIFICA,Anticolinérgico,SDTE — toxicidad clínica; no usar dosis máxima terapéutica como corte.,SDTE / TOXIDROME,"Midriasis, piel/mucosas secas, taquicardia, retención urinaria, íleo, agitación/delirium, hipertermia; convulsiones en gravedad.","Soporte, enfriamiento si precisa, benzodiacepinas para agitación/convulsiones, ECG y manejo de complicaciones. Fisostigmina solo en casos seleccionados por toxicología.",Fisostigmina solo en indicaciones seleccionadas y bajo toxicología.,https://www.rch.org.au/clinicalguide/guideline_index/Poisoning_Initial_Management/,,TOXIDROME/CONSENSO,VALIDADO_POR_CLASE,,,,Mixta / depende de contexto,NO,2026-09-02,MED-0171,NO,1,NO
DAROLUTAMIDA,mg,300,TABLETA RECUBIERTA,SDTE/DMax 1800 MG/DIA,"En CPRCnm: cardiopatía isquémica, insuficiencia cardíaca; erupción; dolor en ...",MEDIDAS GENERALES,SIN_DOSIS_TOXICA_ESPECIFICA,Otros / datos específicos limitados,SDTE — sin dosis tóxica humana específica suficientemente validada para automatizar en esta versión.,SDTE,"La sobredosis puede intensificar los efectos farmacológicos y reacciones adversas conocidas. La expresión clínica depende de dosis, formulación, comorbilidades y coingestas.","ABCDE y tratamiento de soporte dirigido a la clínica. ECG, glucemia, electrolitos, función renal/hepática u otras pruebas según mecanismo y síntomas. Ingesta intencional, dosis desconocida, formulación de liberación prolongada o paciente sintomático: evaluación en urgencias y consulta a toxicología/CIT.",Ninguno específico establecido,https://www.rch.org.au/clinicalguide/guideline_index/Poisoning_Initial_Management/,,DATOS_ESPECIFICOS_LIMITADOS,REVISADO_CONSERVADOR,"Se elimina cualquier cifra previa que represente dosis terapéutica máxima, DL50 animal o umbral no sustentado como toxicidad aguda humana.",,,Mixta / depende de contexto,NO,2026-09-02,MED-0172,NO,1,NO
DARUNAVIR,mg,600,COMPRIMIDOS RECUBIERTOS,SDTE,sintomas generales,MEDIDAS GENERALES,SIN_DOSIS_TOXICA_ESPECIFICA,Otros / datos específicos limitados,SDTE — sin dosis tóxica humana específica suficientemente validada para automatizar en esta versión.,SDTE,"La sobredosis puede intensificar los efectos farmacológicos y reacciones adversas conocidas. La expresión clínica depende de dosis, formulación, comorbilidades y coingestas.","ABCDE y tratamiento de soporte dirigido a la clínica. ECG, glucemia, electrolitos, función renal/hepática u otras pruebas según mecanismo y síntomas. Ingesta intencional, dosis desconocida, formulación de liberación prolongada o paciente sintomático: evaluación en urgencias y consulta a toxicología/CIT.",Ninguno específico establecido,https://www.rch.org.au/clinicalguide/guideline_index/Poisoning_Initial_Management/,,DATOS_ESPECIFICOS_LIMITADOS,REVISADO_CONSERVADOR,"Se elimina cualquier cifra previa que represente dosis terapéutica máxima, DL50 animal o umbral no sustentado como toxicidad aguda humana.",,,Mixta / depende de contexto,NO,2026-09-02,MED-0173,NO,1,NO
DASATINIB,mg,50,TABLETA RECUBIERTA,SDTE,"Reacciones alérgicas y anafilaxia: Urticaria, Prurito, angioedema, disnea, Sh...",MEDIDAS GENERALES,SIN_DOSIS_TOXICA_ESPECIFICA,Otros / datos específicos limitados,SDTE — sin dosis tóxica humana específica suficientemente validada para automatizar en esta versión.,SDTE,"La sobredosis puede intensificar los efectos farmacológicos y reacciones adversas conocidas. La expresión clínica depende de dosis, formulación, comorbilidades y coingestas.","ABCDE y tratamiento de soporte dirigido a la clínica. ECG, glucemia, electrolitos, función renal/hepática u otras pruebas según mecanismo y síntomas. Ingesta intencional, dosis desconocida, formulación de liberación prolongada o paciente sintomático: evaluación en urgencias y consulta a toxicología/CIT.",Ninguno específico establecido,https://www.rch.org.au/clinicalguide/guideline_index/Poisoning_Initial_Management/,,DATOS_ESPECIFICOS_LIMITADOS,REVISADO_CONSERVADOR,"Se elimina cualquier cifra previa que represente dosis terapéutica máxima, DL50 animal o umbral no sustentado como toxicidad aguda humana.",,,Mixta / depende de contexto,NO,2026-09-02,MED-0174,NO,1,NO
DECUALINIO,mg,0.25,TABLETA,SDTE,"Ocasionalmente: irritación de garganta, ronquera, tos.",MEDIDAS GENERALES,SIN_DOSIS_TOXICA_ESPECIFICA,Otros / datos específicos limitados,SDTE — sin dosis tóxica humana específica suficientemente validada para automatizar en esta versión.,SDTE,"La sobredosis puede intensificar los efectos farmacológicos y reacciones adversas conocidas. La expresión clínica depende de dosis, formulación, comorbilidades y coingestas.","ABCDE y tratamiento de soporte dirigido a la clínica. ECG, glucemia, electrolitos, función renal/hepática u otras pruebas según mecanismo y síntomas. Ingesta intencional, dosis desconocida, formulación de liberación prolongada o paciente sintomático: evaluación en urgencias y consulta a toxicología/CIT.",Ninguno específico establecido,https://www.rch.org.au/clinicalguide/guideline_index/Poisoning_Initial_Management/,,DATOS_ESPECIFICOS_LIMITADOS,REVISADO_CONSERVADOR,"Se elimina cualquier cifra previa que represente dosis terapéutica máxima, DL50 animal o umbral no sustentado como toxicidad aguda humana.",,,Mixta / depende de contexto,NO,2026-09-02,MED-0175,NO,1,NO
DEFERASIROX,mg,500,POR CADA TABLETA DISPERSABLE,SDTE/DMax 25-30 MG/KG/DIA,"Cefalea; diarrea, estreñimiento, vómitos, náuseas, dolor y distensión abdomin...",MEDIDAS GENERALES,SIN_DOSIS_TOXICA_ESPECIFICA,Otros / datos específicos limitados,SDTE — sin dosis tóxica humana específica suficientemente validada para automatizar en esta versión.,SDTE,"La sobredosis puede intensificar los efectos farmacológicos y reacciones adversas conocidas. La expresión clínica depende de dosis, formulación, comorbilidades y coingestas.","ABCDE y tratamiento de soporte dirigido a la clínica. ECG, glucemia, electrolitos, función renal/hepática u otras pruebas según mecanismo y síntomas. Ingesta intencional, dosis desconocida, formulación de liberación prolongada o paciente sintomático: evaluación en urgencias y consulta a toxicología/CIT.",Ninguno específico establecido,https://www.rch.org.au/clinicalguide/guideline_index/Poisoning_Initial_Management/,,DATOS_ESPECIFICOS_LIMITADOS,REVISADO_CONSERVADOR,"Se elimina cualquier cifra previa que represente dosis terapéutica máxima, DL50 animal o umbral no sustentado como toxicidad aguda humana.",,,Mixta / depende de contexto,NO,2026-09-02,MED-0176,NO,1,NO
DEFLAZACORT,mg,6,TABLETA,SDTE/DL50 4-5.2G/KG,"Insuf. adrenal relativa, mayor susceptibilidad a infección, dispepsia, úlcera...",MEDIDAS GENERALES,SIN_DOSIS_TOXICA_ESPECIFICA,Otros / datos específicos limitados,SDTE — sin dosis tóxica humana específica suficientemente validada para automatizar en esta versión.,SDTE,"La sobredosis puede intensificar los efectos farmacológicos y reacciones adversas conocidas. La expresión clínica depende de dosis, formulación, comorbilidades y coingestas.","ABCDE y tratamiento de soporte dirigido a la clínica. ECG, glucemia, electrolitos, función renal/hepática u otras pruebas según mecanismo y síntomas. Ingesta intencional, dosis desconocida, formulación de liberación prolongada o paciente sintomático: evaluación en urgencias y consulta a toxicología/CIT.",Ninguno específico establecido,https://www.rch.org.au/clinicalguide/guideline_index/Poisoning_Initial_Management/,,DATOS_ESPECIFICOS_LIMITADOS,REVISADO_CONSERVADOR,"Se elimina cualquier cifra previa que represente dosis terapéutica máxima, DL50 animal o umbral no sustentado como toxicidad aguda humana.",,,Mixta / depende de contexto,NO,2026-09-02,MED-0177,NO,1,NO
DELAFLOXACINO,mg,450,CADA TABLETAS RECUBIERTA,SDTE/DMax 900MG/DIA,"Náuseas, diarrea, vómitos; cefalea; elevación de transaminasas.",MEDIDAS GENERALES,SIN_DOSIS_TOXICA_ESPECIFICA,Otros / datos específicos limitados,SDTE — sin dosis tóxica humana específica suficientemente validada para automatizar en esta versión.,SDTE,"La sobredosis puede intensificar los efectos farmacológicos y reacciones adversas conocidas. La expresión clínica depende de dosis, formulación, comorbilidades y coingestas.","ABCDE y tratamiento de soporte dirigido a la clínica. ECG, glucemia, electrolitos, función renal/hepática u otras pruebas según mecanismo y síntomas. Ingesta intencional, dosis desconocida, formulación de liberación prolongada o paciente sintomático: evaluación en urgencias y consulta a toxicología/CIT.",Ninguno específico establecido,https://www.rch.org.au/clinicalguide/guideline_index/Poisoning_Initial_Management/,,DATOS_ESPECIFICOS_LIMITADOS,REVISADO_CONSERVADOR,"Se elimina cualquier cifra previa que represente dosis terapéutica máxima, DL50 animal o umbral no sustentado como toxicidad aguda humana.",,,Mixta / depende de contexto,NO,2026-09-02,MED-0178,NO,1,NO
DESLORATADINA,mg,5,TABLETA,>15-25 MG/DIA,"mucosas secas y calientes, piel seca, rubor y calor, xerodermia, retención ur...",FISOSTIGMINA (CUANDO HAY SIND. ANTICOLINERGICO),PENDIENTE_VALIDACION,Antihistamínico H1 poco sedante,"SDTE — no hay un corte universal; generalmente toxicidad aguda leve, pero evaluar exposición importante/síntomas.",SDTE / CLASE,"Somnolencia o agitación, cefalea, taquicardia; cardiotoxicidad grave es infrecuente con agentes modernos aislados.","Soporte y ECG si síntomas, gran ingesta o coingestas.",Ninguno específico,https://www.rch.org.au/clinicalguide/guideline_index/Antihistamine_poisoning/,,GUIA DE CLASE,VALIDADO_POR_CLASE,El valor original '>15-25 MG/DIA' no se usa como umbral automatizable. Se corrigió o restringió una recomendación específica de la base original que podía inducir manejo inapropiado si se automatizaba.,,,Mixta / depende de contexto,NO,2026-09-02,MED-0179,NO,1,SI
DESOGESTREL,mg,0.075,COMPRIMIDO RECUBIERTO,SDTE,Gastrointestinales: Náuseas y vómitos Dolor abdominal Distensión abdominal En...,MEDIDAS GENERALES,SIN_DOSIS_TOXICA_ESPECIFICA,Otros / datos específicos limitados,SDTE — sin dosis tóxica humana específica suficientemente validada para automatizar en esta versión.,SDTE,"La sobredosis puede intensificar los efectos farmacológicos y reacciones adversas conocidas. La expresión clínica depende de dosis, formulación, comorbilidades y coingestas.","ABCDE y tratamiento de soporte dirigido a la clínica. ECG, glucemia, electrolitos, función renal/hepática u otras pruebas según mecanismo y síntomas. Ingesta intencional, dosis desconocida, formulación de liberación prolongada o paciente sintomático: evaluación en urgencias y consulta a toxicología/CIT.",Ninguno específico establecido,https://www.rch.org.au/clinicalguide/guideline_index/Poisoning_Initial_Management/,,DATOS_ESPECIFICOS_LIMITADOS,REVISADO_CONSERVADOR,"Se elimina cualquier cifra previa que represente dosis terapéutica máxima, DL50 animal o umbral no sustentado como toxicidad aguda humana.",,,Mixta / depende de contexto,NO,2026-09-02,MED-0180,NO,1,NO
DESVENLAFAXINA,mg,50,CADA TABLETA DE LIBERACION PROLONGADA,SDTE/DL >2G DU,"NAUSEAS, VOMITOS, SEDACION, TEMBLOR, TAQUICARDIA, HIPERTENSION, - HIPOTENSION...",CIPROHEPTADINA,SIN_DOSIS_TOXICA_ESPECIFICA,IRSN,SDTE — la dosis tóxica de estos IRSN no está bien definida; no extrapolar cortes de venlafaxina.,SDTE / CLASE,"Serotoninotoxicidad, taquicardia/hipertensión, náuseas, somnolencia; convulsiones y cardiotoxicidad son menos predecibles y dependen del agente.","Soporte, ECG según exposición, benzodiacepinas para convulsiones/agitación y manejo de serotoninotoxicidad. Considerar liberación prolongada.",Ninguno específico,https://www.rch.org.au/clinicalguide/guideline_index/Serotonin_and_Noradrenaline_Re-uptake_Inhibitors_SNRIs_Poisoning/,,GUIA DE CLASE,VALIDADO_POR_CLASE,Se corrigió o restringió una recomendación específica de la base original que podía inducir manejo inapropiado si se automatizaba.,,,Mixta / depende de contexto,NO,2026-09-02,MED-0181,NO,1,SI
DEXAMETASONA,mg,4,TABLETAS,SDTE,"Leucocitosis moderada, linfopenia, eosinopenia y policitemia; supresión adren...",MEDIDAS GENERALES,SIN_DOSIS_TOXICA_ESPECIFICA,Otros / datos específicos limitados,SDTE — sin dosis tóxica humana específica suficientemente validada para automatizar en esta versión.,SDTE,"La sobredosis puede intensificar los efectos farmacológicos y reacciones adversas conocidas. La expresión clínica depende de dosis, formulación, comorbilidades y coingestas.","ABCDE y tratamiento de soporte dirigido a la clínica. ECG, glucemia, electrolitos, función renal/hepática u otras pruebas según mecanismo y síntomas. Ingesta intencional, dosis desconocida, formulación de liberación prolongada o paciente sintomático: evaluación en urgencias y consulta a toxicología/CIT.",Ninguno específico establecido,https://www.rch.org.au/clinicalguide/guideline_index/Poisoning_Initial_Management/,,DATOS_ESPECIFICOS_LIMITADOS,REVISADO_CONSERVADOR,"Se elimina cualquier cifra previa que represente dosis terapéutica máxima, DL50 animal o umbral no sustentado como toxicidad aguda humana.",,,Mixta / depende de contexto,NO,2026-09-02,MED-0182,NO,1,NO
DEXIBUPROFENO,mg,300,TABLETA RECUBIERTA,SDTE/DMax 900MG/DIA,"Dispepsia, diarrea, náuseas, vómitos, dolor abdominal; erupción cutánea; aste...",MEDIDAS GENERALES,SIN_DOSIS_TOXICA_ESPECIFICA,AINE,SDTE para este AINE en la app: no extrapolar automáticamente los cortes de ibuprofeno a otros AINEs.,SDTE / CLASE,"Predominan síntomas gastrointestinales y neurológicos; sobredosis importante puede asociarse a lesión renal, alteraciones metabólicas y shock.",Tratamiento de soporte y mantener hidratación adecuada en sobredosis importante. La gravedad y decontaminación dependen del fármaco y exposición; consultar toxicología en casos significativos.,Ninguno específico,https://www.rch.org.au/clinicalguide/guideline_index/Nonsteroidal_Anti-inflammatory_Drug_NSAID_poisoning/,,GUIA DE CLASE,VALIDADO_POR_CLASE,Se eliminó el umbral previo si correspondía a una dosis máxima terapéutica.,,,Mixta / depende de contexto,NO,2026-09-02,MED-0183,NO,1,NO
DEXKETOPROFENO,mg,25,CADA TABLETA RECUBIERTA CONTIENE,> O = 5MG/KG,"Náuseas, vómitos, dolor abdominal, dispepsias, diarrea, dolor en el lugar de ...",MEDIDAS GENERALES,PENDIENTE_VALIDACION,AINE,SDTE para este AINE en la app: no extrapolar automáticamente los cortes de ibuprofeno a otros AINEs.,SDTE / CLASE,"Predominan síntomas gastrointestinales y neurológicos; sobredosis importante puede asociarse a lesión renal, alteraciones metabólicas y shock.",Tratamiento de soporte y mantener hidratación adecuada en sobredosis importante. La gravedad y decontaminación dependen del fármaco y exposición; consultar toxicología en casos significativos.,Ninguno específico,https://www.rch.org.au/clinicalguide/guideline_index/Nonsteroidal_Anti-inflammatory_Drug_NSAID_poisoning/,,GUIA DE CLASE,VALIDADO_POR_CLASE,Se eliminó el umbral previo si correspondía a una dosis máxima terapéutica.  El valor original '> O = 5MG/KG' no se usa como umbral automatizable.,,,Mixta / depende de contexto,NO,2026-09-02,MED-0184,NO,1,NO
DEXLANSOPRAZOL,mg,60,CAPSULA DE LIBERACION RETARDADA,SDTE,"Diarrea, dolor abdominal, náuseas, vómito y flatulencia; infecciones de vías ...",MEDIDAS GENERALES,SIN_DOSIS_TOXICA_ESPECIFICA,Otros / datos específicos limitados,SDTE — sin dosis tóxica humana específica suficientemente validada para automatizar en esta versión.,SDTE,"La sobredosis puede intensificar los efectos farmacológicos y reacciones adversas conocidas. La expresión clínica depende de dosis, formulación, comorbilidades y coingestas.","ABCDE y tratamiento de soporte dirigido a la clínica. ECG, glucemia, electrolitos, función renal/hepática u otras pruebas según mecanismo y síntomas. Ingesta intencional, dosis desconocida, formulación de liberación prolongada o paciente sintomático: evaluación en urgencias y consulta a toxicología/CIT.",Ninguno específico establecido,https://www.rch.org.au/clinicalguide/guideline_index/Poisoning_Initial_Management/,,DATOS_ESPECIFICOS_LIMITADOS,REVISADO_CONSERVADOR,"Se elimina cualquier cifra previa que represente dosis terapéutica máxima, DL50 animal o umbral no sustentado como toxicidad aguda humana.",,,Mixta / depende de contexto,NO,2026-09-02,MED-0185,NO,1,NO
DEXTROMETORFANO,mg,10,CÁPSULABLANDA,APROX >1G,"Mareos; nauseas, vómitos, molestias gastrointestinales; fatiga.",naloxona IV si aparece depresión respiratoria y benzodiazepinas IV o rectal c...,PENDIENTE_VALIDACION,Antitusivo / disociativo-serotonérgico,SDTE — no automatizar un único corte.,SDTE / CLINICO,"Somnolencia o agitación, ataxia, nistagmo, alucinaciones/disociación, taquicardia/hipertensión; serotoninotoxicidad con coingestas.","Soporte, benzodiacepinas para agitación/convulsiones; naloxona puede intentarse si depresión respiratoria/coma, con respuesta variable.",Ninguno específico; naloxona puede considerarse en depresión respiratoria.,https://pubmed.ncbi.nlm.nih.gov/37721023/,,CLASE/CONSENSO,VALIDADO_ESPECIFICO,,,,Mixta / depende de contexto,NO,2026-09-02,MED-0186,NO,1,NO
DIACEREINA,mg,50,CAPSULA DURA,SDTE,"Diarrea, deposiciones blandas y dolor abdominal. Oscurecimiento del color de ...",MEDIDAS GENERALES,SIN_DOSIS_TOXICA_ESPECIFICA,Otros / datos específicos limitados,SDTE — sin dosis tóxica humana específica suficientemente validada para automatizar en esta versión.,SDTE,"La sobredosis puede intensificar los efectos farmacológicos y reacciones adversas conocidas. La expresión clínica depende de dosis, formulación, comorbilidades y coingestas.","ABCDE y tratamiento de soporte dirigido a la clínica. ECG, glucemia, electrolitos, función renal/hepática u otras pruebas según mecanismo y síntomas. Ingesta intencional, dosis desconocida, formulación de liberación prolongada o paciente sintomático: evaluación en urgencias y consulta a toxicología/CIT.",Ninguno específico establecido,https://www.rch.org.au/clinicalguide/guideline_index/Poisoning_Initial_Management/,,DATOS_ESPECIFICOS_LIMITADOS,REVISADO_CONSERVADOR,"Se elimina cualquier cifra previa que represente dosis terapéutica máxima, DL50 animal o umbral no sustentado como toxicidad aguda humana.",,,Mixta / depende de contexto,NO,2026-09-02,MED-0187,NO,1,NO
DIAZEPAM,mg,45570,TABLETA,>500 MG,"HIPOTENSION, BRADIPNEA, HIPOTERMIA, COMA, CONVULSIONES, HIPOREFLEXIA, EXITABI...",FLUMAZENIL,PENDIENTE_VALIDACION,Benzodiacepina / hipnótico sedante,SDTE — no hay una dosis tóxica única útil para automatizar; la gravedad es clínica y depende mucho de coingestas.,SDTE / CLINICO,"Depresión SNC leve-moderada, ataxia, disartria; depresión respiratoria profunda es infrecuente en sobredosis aislada y obliga a buscar coingestas.",Soporte y vigilancia respiratoria. Carbón activado generalmente contraindicado por riesgo de aspiración. Flumazenil está contraindicado en sobredosis intencional o mixta y solo se considera en escenarios seleccionados accidental/iatrogénico tras consulta toxicológica.,Flumazenil solo en escenarios seleccionados; NO uso rutinario.,https://www.rch.org.au/clinicalguide/guideline_index/Benzodiazepine_poisoning/,,GUIA CLINICA,VALIDADO_POR_CLASE,Se retiraron cifras de dosis 'tóxica' no fiables de varias benzodiacepinas.  El valor original '>500 MG' no se usa como umbral automatizable. Se corrigió o restringió una recomendación específica de la base original que podía inducir manejo inapropiado si se automatizaba.,,,Mixta / depende de contexto,NO,2026-09-02,MED-0188,NO,1,SI
DICLOFENACO,mg,50,TABLETA,>7MG/KG,"NAUSEAS, VOMITOS, HDA, IRA, CEFALEA, ACUFENO, SORDERA, COMA, APNEA TRANSITORIA",MEDIDAS GENERALES,PENDIENTE_VALIDACION,AINE,SDTE para este AINE en la app: no extrapolar automáticamente los cortes de ibuprofeno a otros AINEs.,SDTE / CLASE,"Predominan síntomas gastrointestinales y neurológicos; sobredosis importante puede asociarse a lesión renal, alteraciones metabólicas y shock.",Tratamiento de soporte y mantener hidratación adecuada en sobredosis importante. La gravedad y decontaminación dependen del fármaco y exposición; consultar toxicología en casos significativos.,Ninguno específico,https://www.rch.org.au/clinicalguide/guideline_index/Nonsteroidal_Anti-inflammatory_Drug_NSAID_poisoning/,,GUIA DE CLASE,VALIDADO_POR_CLASE,Se eliminó el umbral previo si correspondía a una dosis máxima terapéutica.  El valor original '>7MG/KG' no se usa como umbral automatizable.,,,Mixta / depende de contexto,NO,2026-09-02,MED-0189,NO,1,NO
DICLOXACILINA,mg,500,CÁPSULA DURA,DL 0.9G/KG-DMax 4 G/DIA,Puede ocasionar reacciones alérgicas y erupciones cutáneas de diverso grado d...,MEDIDAS GENERALES,PENDIENTE_VALIDACION,Otros / datos específicos limitados,SDTE — sin dosis tóxica humana específica suficientemente validada para automatizar en esta versión.,SDTE,"La sobredosis puede intensificar los efectos farmacológicos y reacciones adversas conocidas. La expresión clínica depende de dosis, formulación, comorbilidades y coingestas.","ABCDE y tratamiento de soporte dirigido a la clínica. ECG, glucemia, electrolitos, función renal/hepática u otras pruebas según mecanismo y síntomas. Ingesta intencional, dosis desconocida, formulación de liberación prolongada o paciente sintomático: evaluación en urgencias y consulta a toxicología/CIT.",Ninguno específico establecido,https://www.rch.org.au/clinicalguide/guideline_index/Poisoning_Initial_Management/,,DATOS_ESPECIFICOS_LIMITADOS,REVISADO_CONSERVADOR,"Se elimina cualquier cifra previa que represente dosis terapéutica máxima, DL50 animal o umbral no sustentado como toxicidad aguda humana.  El valor original 'DL 0.9G/KG-DMax 4 G/DIA' no se usa como umbral automatizable.",,,Mixta / depende de contexto,NO,2026-09-02,MED-0190,NO,1,NO
DIDROGESTERONA,mg,5,TABLETA,SDTE,Gastrointestinales: Náuseas y vómitos Dolor abdominal Distensión abdominal En...,MEDIDAS GENERALES,SIN_DOSIS_TOXICA_ESPECIFICA,Otros / datos específicos limitados,SDTE — sin dosis tóxica humana específica suficientemente validada para automatizar en esta versión.,SDTE,"La sobredosis puede intensificar los efectos farmacológicos y reacciones adversas conocidas. La expresión clínica depende de dosis, formulación, comorbilidades y coingestas.","ABCDE y tratamiento de soporte dirigido a la clínica. ECG, glucemia, electrolitos, función renal/hepática u otras pruebas según mecanismo y síntomas. Ingesta intencional, dosis desconocida, formulación de liberación prolongada o paciente sintomático: evaluación en urgencias y consulta a toxicología/CIT.",Ninguno específico establecido,https://www.rch.org.au/clinicalguide/guideline_index/Poisoning_Initial_Management/,,DATOS_ESPECIFICOS_LIMITADOS,REVISADO_CONSERVADOR,"Se elimina cualquier cifra previa que represente dosis terapéutica máxima, DL50 animal o umbral no sustentado como toxicidad aguda humana.",,,Mixta / depende de contexto,NO,2026-09-02,MED-0191,NO,1,NO
DIENOGEST,mg,2,COMPRIMIDOS RECUBIERTOS CON PELICULA,SDTE,Gastrointestinales: Náuseas y vómitos Dolor abdominal Distensión abdominal En...,MEDIDAS GENERALES,SIN_DOSIS_TOXICA_ESPECIFICA,Otros / datos específicos limitados,SDTE — sin dosis tóxica humana específica suficientemente validada para automatizar en esta versión.,SDTE,"La sobredosis puede intensificar los efectos farmacológicos y reacciones adversas conocidas. La expresión clínica depende de dosis, formulación, comorbilidades y coingestas.","ABCDE y tratamiento de soporte dirigido a la clínica. ECG, glucemia, electrolitos, función renal/hepática u otras pruebas según mecanismo y síntomas. Ingesta intencional, dosis desconocida, formulación de liberación prolongada o paciente sintomático: evaluación en urgencias y consulta a toxicología/CIT.",Ninguno específico establecido,https://www.rch.org.au/clinicalguide/guideline_index/Poisoning_Initial_Management/,,DATOS_ESPECIFICOS_LIMITADOS,REVISADO_CONSERVADOR,"Se elimina cualquier cifra previa que represente dosis terapéutica máxima, DL50 animal o umbral no sustentado como toxicidad aguda humana.",,,Mixta / depende de contexto,NO,2026-09-02,MED-0192,NO,1,NO
DIFENHIDRAMINA,mg,50,CAPSULA,>400 MG/DIA-DOSIS TOX PLENA>800 MG/DIA,"mucosas secas y calientes, piel seca, rubor y calor, xerodermia, retención ur...",FISOSTIGMINA (CUANDO HAY SIND. ANTICOLINERGICO),PENDIENTE_VALIDACION,Antihistamínico H1 sedante,"SDTE — no usar un único corte por clase. En pediatría, ingesta >3 veces la dosis diaria máxima o síntomas ameritan evaluación según guía.",UMBRAL_RELATIVO / CLASE,"Anticolinergia, agitación/delirium, somnolencia, convulsiones; algunos producen bloqueo de sodio y QT prolongado.","Soporte, ECG, benzodiacepinas para agitación/convulsiones; bicarbonato si hay evidencia de bloqueo de sodio. Evitar asumir seguridad por ausencia inicial de síntomas en grandes ingestas.",Ninguno específico,https://www.rch.org.au/clinicalguide/guideline_index/Antihistamine_poisoning/,https://pubmed.ncbi.nlm.nih.gov/37721023/,GUIA DE CLASE,VALIDADO_POR_CLASE,El valor original '>400 MG/DIA-DOSIS TOX PLENA>800 MG/DIA' no se usa como umbral automatizable.,,,Mixta / depende de contexto,NO,2026-09-02,MED-0193,NO,1,NO
DIFENOXILATO,mg,2.5,TABLETA,SDTE,"sedación, mareos, cefalalgia, somnolencia, letargia, inquietud, depresión euf...",NALOXONA,SIN_DOSIS_TOXICA_ESPECIFICA,Opioide,"SDTE — no existe un umbral universal seguro; evaluar por clínica, formulación, tolerancia y coingestas.",SDTE / CLINICO,"Miosis, depresión SNC y respiratoria, bradicardia/hipotensión en gravedad.",Prioridad: ventilación/oxigenación. Naloxona titulada para revertir depresión respiratoria; repetir o infundir según duración del opioide. Observar recurrencia tras naloxona y considerar coingestas.,Naloxona,https://pubmed.ncbi.nlm.nih.gov/37721023/,,GUIA AHA,VALIDADO_POR_CLASE,,,,Mixta / depende de contexto,NO,2026-09-02,MED-0194,NO,1,NO
DIGOXINA,mcg,,,"0,05 mg/Kg-CONCENTRACION","sintomas gastrointestinales y generales: ANOREXIA, NAUSEAS, VOMITOS, DOLOR AB...",ANTICUERPOS ANTIDIGITALICOS,PENDIENTE_VALIDACION,Glucósido cardíaco,"No usar una dosis aislada como único criterio. Interpretar exposición aguda/crónica, clínica, potasio, función renal y digoxinemia tomada en tiempo adecuado.",CLINICO_LABORATORIO,"Náuseas/vómitos, alteraciones visuales/neurológicas, bradicardia, bloqueo AV, ectopia y arritmias ventriculares; hiperpotasemia en aguda grave.","ECG, K/renal y digoxinemia interpretada correctamente. Digoxin immune Fab para toxicidad potencialmente mortal; manejo de arritmias y electrolitos según protocolo.",Fragmentos Fab antidigoxina,https://pubmed.ncbi.nlm.nih.gov/39265879/,https://pubmed.ncbi.nlm.nih.gov/37721023/,CONSENSO 2024/AHA,VALIDADO_ESPECIFICO,,,,Mixta / depende de contexto,NO,2026-09-02,MED-0195,NO,1,NO
DILTIAZEM,mg,60,CADA TABLETA CONTIENE,>360 MG,"Cefalea, HIPOTENSION, somnolencia, mareo, (inicio del tto.); debilidad; palp...",GLUCONATO DE CALCIO,PENDIENTE_VALIDACION,Bloqueador de canales de calcio,SDTE — no hay un corte universal seguro; incluso exposiciones relativamente pequeñas pueden ser relevantes según formulación/agente.,SDTE / CLASE_ALTO_RIESGO,"Hipotensión/shock, bradicardia o trastornos de conducción (verapamilo/diltiazem), hiperglucemia y acidosis; dihidropiridinas pueden dar vasoplejía/taquicardia inicial.","ABCDE, ECG y glucemia. En toxicidad grave: calcio IV, insulina euglucémica de alta dosis y norepinefrina/epinefrina según fenotipo; considerar medidas avanzadas con toxicología.",No hay antídoto único; calcio + insulina de alta dosis son terapias específicas.,https://pubmed.ncbi.nlm.nih.gov/37721023/,,GUIA AHA,VALIDADO_POR_CLASE,El valor original '>360 MG' no se usa como umbral automatizable.,,,Mixta / depende de contexto,NO,2026-09-02,MED-0196,NO,1,NO
DIMENHIDRINATO,mg,50,TABLETAS,>300 MG,"mucosas secas y calientes, piel seca, rubor y calor, xerodermia, retención ur...",FISOSTIGMINA (CUANDO HAY SIND. ANTICOLINERGICO),PENDIENTE_VALIDACION,Antihistamínico H1 sedante,"SDTE — no usar un único corte por clase. En pediatría, ingesta >3 veces la dosis diaria máxima o síntomas ameritan evaluación según guía.",UMBRAL_RELATIVO / CLASE,"Anticolinergia, agitación/delirium, somnolencia, convulsiones; algunos producen bloqueo de sodio y QT prolongado.","Soporte, ECG, benzodiacepinas para agitación/convulsiones; bicarbonato si hay evidencia de bloqueo de sodio. Evitar asumir seguridad por ausencia inicial de síntomas en grandes ingestas.",Ninguno específico,https://www.rch.org.au/clinicalguide/guideline_index/Antihistamine_poisoning/,https://pubmed.ncbi.nlm.nih.gov/37721023/,GUIA DE CLASE,VALIDADO_POR_CLASE,El valor original '>300 MG' no se usa como umbral automatizable.,,,Mixta / depende de contexto,NO,2026-09-02,MED-0197,NO,1,NO
DIMETIL FUMARATO,mg,240,CAPSULAS DE LIBERACION RETARDADA,>25MG/KG/DIA,Para la indicación de esclerosis múltiple remitente-recurrente: gastroenterit...,MEDIDAS GENERALES,PENDIENTE_VALIDACION,Otros / datos específicos limitados,SDTE — sin dosis tóxica humana específica suficientemente validada para automatizar en esta versión.,SDTE,"La sobredosis puede intensificar los efectos farmacológicos y reacciones adversas conocidas. La expresión clínica depende de dosis, formulación, comorbilidades y coingestas.","ABCDE y tratamiento de soporte dirigido a la clínica. ECG, glucemia, electrolitos, función renal/hepática u otras pruebas según mecanismo y síntomas. Ingesta intencional, dosis desconocida, formulación de liberación prolongada o paciente sintomático: evaluación en urgencias y consulta a toxicología/CIT.",Ninguno específico establecido,https://www.rch.org.au/clinicalguide/guideline_index/Poisoning_Initial_Management/,,DATOS_ESPECIFICOS_LIMITADOS,REVISADO_CONSERVADOR,"Se elimina cualquier cifra previa que represente dosis terapéutica máxima, DL50 animal o umbral no sustentado como toxicidad aguda humana.  El valor original '>25MG/KG/DIA' no se usa como umbral automatizable.",,,Mixta / depende de contexto,NO,2026-09-02,MED-0198,NO,1,NO
DIMETILPOLISILOXANO (DIMETICONA),mg,60,TABLETA,SDTE/DMax 330MG/DIA,"Frecuencia desconocida: náuseas, estreñimiento, dolor abdominal, erupción cut...",MEDIDAS GENERALES,SIN_DOSIS_TOXICA_ESPECIFICA,Otros / datos específicos limitados,SDTE — sin dosis tóxica humana específica suficientemente validada para automatizar en esta versión.,SDTE,"La sobredosis puede intensificar los efectos farmacológicos y reacciones adversas conocidas. La expresión clínica depende de dosis, formulación, comorbilidades y coingestas.","ABCDE y tratamiento de soporte dirigido a la clínica. ECG, glucemia, electrolitos, función renal/hepática u otras pruebas según mecanismo y síntomas. Ingesta intencional, dosis desconocida, formulación de liberación prolongada o paciente sintomático: evaluación en urgencias y consulta a toxicología/CIT.",Ninguno específico establecido,https://www.rch.org.au/clinicalguide/guideline_index/Poisoning_Initial_Management/,,DATOS_ESPECIFICOS_LIMITADOS,REVISADO_CONSERVADOR,"Se elimina cualquier cifra previa que represente dosis terapéutica máxima, DL50 animal o umbral no sustentado como toxicidad aguda humana.",,,Mixta / depende de contexto,NO,2026-09-02,MED-0199,NO,1,NO
DINITRATO DE ISOSORBIDE,mg,10,TABLETA,SDTE/DMax 240MG/DIA,"Hipotensión ortostática, dolor de cabeza, ruborización, trastornos digestivos...",MEDIDAS GENERALES,SIN_DOSIS_TOXICA_ESPECIFICA,Nitrato vasodilatador,SDTE — no usar dosis máxima terapéutica como umbral.,SDTE / CLINICO,"Cefalea, rubor, hipotensión, síncope y taquicardia; sobredosis marcada puede causar metahemoglobinemia.","Soporte hemodinámico. Si metahemoglobinemia significativa/sintomática, azul de metileno cuando no esté contraindicado.",Azul de metileno solo si metahemoglobinemia significativa.,https://pubmed.ncbi.nlm.nih.gov/37721023/,,MECANISMO/GUIA,VALIDADO_POR_CLASE,,,,Mixta / depende de contexto,NO,2026-09-02,MED-0200,NO,1,NO
DIOSMINA,mg,600,TABLETA RECUBIERTA CON PELÍCULA,SDTE/ DMax 3000 MG/DIA,"Náuseas, vómitos, diarrea, dispepsia.",MEDIDAS GENERALES,SIN_DOSIS_TOXICA_ESPECIFICA,Otros / datos específicos limitados,SDTE — sin dosis tóxica humana específica suficientemente validada para automatizar en esta versión.,SDTE,"La sobredosis puede intensificar los efectos farmacológicos y reacciones adversas conocidas. La expresión clínica depende de dosis, formulación, comorbilidades y coingestas.","ABCDE y tratamiento de soporte dirigido a la clínica. ECG, glucemia, electrolitos, función renal/hepática u otras pruebas según mecanismo y síntomas. Ingesta intencional, dosis desconocida, formulación de liberación prolongada o paciente sintomático: evaluación en urgencias y consulta a toxicología/CIT.",Ninguno específico establecido,https://www.rch.org.au/clinicalguide/guideline_index/Poisoning_Initial_Management/,,DATOS_ESPECIFICOS_LIMITADOS,REVISADO_CONSERVADOR,"Se elimina cualquier cifra previa que represente dosis terapéutica máxima, DL50 animal o umbral no sustentado como toxicidad aguda humana.",,,Mixta / depende de contexto,NO,2026-09-02,MED-0201,NO,1,NO
DIPIRONA,mg,300,GRAGEA,100MG/KG,GASTROINTESTINALES: NAUSEAS VOMITOS EPIGASTRALGIA DIARREA ULCERA PEPTICA. SNC...,MEDIDAS GENERALES,PENDIENTE_VALIDACION,Otros / datos específicos limitados,SDTE — sin dosis tóxica humana específica suficientemente validada para automatizar en esta versión.,SDTE,"La sobredosis puede intensificar los efectos farmacológicos y reacciones adversas conocidas. La expresión clínica depende de dosis, formulación, comorbilidades y coingestas.","ABCDE y tratamiento de soporte dirigido a la clínica. ECG, glucemia, electrolitos, función renal/hepática u otras pruebas según mecanismo y síntomas. Ingesta intencional, dosis desconocida, formulación de liberación prolongada o paciente sintomático: evaluación en urgencias y consulta a toxicología/CIT.",Ninguno específico establecido,https://www.rch.org.au/clinicalguide/guideline_index/Poisoning_Initial_Management/,,DATOS_ESPECIFICOS_LIMITADOS,REVISADO_CONSERVADOR,"Se elimina cualquier cifra previa que represente dosis terapéutica máxima, DL50 animal o umbral no sustentado como toxicidad aguda humana.  El valor original '100MG/KG' no se usa como umbral automatizable.",,,Mixta / depende de contexto,NO,2026-09-02,MED-0202,NO,1,NO
DOBESILATO CALCICO,mg,500,CAPSULA DURA,SDTE,"Cefalea; artralgia, mialgia.",MEDIDAS GENERALES,SIN_DOSIS_TOXICA_ESPECIFICA,Otros / datos específicos limitados,SDTE — sin dosis tóxica humana específica suficientemente validada para automatizar en esta versión.,SDTE,"La sobredosis puede intensificar los efectos farmacológicos y reacciones adversas conocidas. La expresión clínica depende de dosis, formulación, comorbilidades y coingestas.","ABCDE y tratamiento de soporte dirigido a la clínica. ECG, glucemia, electrolitos, función renal/hepática u otras pruebas según mecanismo y síntomas. Ingesta intencional, dosis desconocida, formulación de liberación prolongada o paciente sintomático: evaluación en urgencias y consulta a toxicología/CIT.",Ninguno específico establecido,https://www.rch.org.au/clinicalguide/guideline_index/Poisoning_Initial_Management/,,DATOS_ESPECIFICOS_LIMITADOS,REVISADO_CONSERVADOR,"Se elimina cualquier cifra previa que represente dosis terapéutica máxima, DL50 animal o umbral no sustentado como toxicidad aguda humana.",,,Mixta / depende de contexto,NO,2026-09-02,MED-0203,NO,1,NO
DOCUSATO DE SODIO,mg,50,TABLETA,SDTE,"Cutáneos: dermatitis, rash; digestivos: nauseas, vómitos, cólicos, anorexia, ...",MEDIDAS GENERALES,SIN_DOSIS_TOXICA_ESPECIFICA,Otros / datos específicos limitados,SDTE — sin dosis tóxica humana específica suficientemente validada para automatizar en esta versión.,SDTE,"La sobredosis puede intensificar los efectos farmacológicos y reacciones adversas conocidas. La expresión clínica depende de dosis, formulación, comorbilidades y coingestas.","ABCDE y tratamiento de soporte dirigido a la clínica. ECG, glucemia, electrolitos, función renal/hepática u otras pruebas según mecanismo y síntomas. Ingesta intencional, dosis desconocida, formulación de liberación prolongada o paciente sintomático: evaluación en urgencias y consulta a toxicología/CIT.",Ninguno específico establecido,https://www.rch.org.au/clinicalguide/guideline_index/Poisoning_Initial_Management/,,DATOS_ESPECIFICOS_LIMITADOS,REVISADO_CONSERVADOR,"Se elimina cualquier cifra previa que represente dosis terapéutica máxima, DL50 animal o umbral no sustentado como toxicidad aguda humana.",,,Mixta / depende de contexto,NO,2026-09-02,MED-0204,NO,1,NO
DOLUTEGRAVIR,mg,10,TABLETA RECUBIERTA,SDTE,sintomas generales,MEDIDAS GENERALES,SIN_DOSIS_TOXICA_ESPECIFICA,Otros / datos específicos limitados,SDTE — sin dosis tóxica humana específica suficientemente validada para automatizar en esta versión.,SDTE,"La sobredosis puede intensificar los efectos farmacológicos y reacciones adversas conocidas. La expresión clínica depende de dosis, formulación, comorbilidades y coingestas.","ABCDE y tratamiento de soporte dirigido a la clínica. ECG, glucemia, electrolitos, función renal/hepática u otras pruebas según mecanismo y síntomas. Ingesta intencional, dosis desconocida, formulación de liberación prolongada o paciente sintomático: evaluación en urgencias y consulta a toxicología/CIT.",Ninguno específico establecido,https://www.rch.org.au/clinicalguide/guideline_index/Poisoning_Initial_Management/,,DATOS_ESPECIFICOS_LIMITADOS,REVISADO_CONSERVADOR,"Se elimina cualquier cifra previa que represente dosis terapéutica máxima, DL50 animal o umbral no sustentado como toxicidad aguda humana.",,,Mixta / depende de contexto,NO,2026-09-02,MED-0205,NO,1,NO
DOMPERIDONA,mg,10,TABLETA,SDTE/DMax 30 MG/DIA,XEROSTOMIA,MEDIDAS GENERALES,SIN_DOSIS_TOXICA_ESPECIFICA,Otros / datos específicos limitados,SDTE — sin dosis tóxica humana específica suficientemente validada para automatizar en esta versión.,SDTE,"La sobredosis puede intensificar los efectos farmacológicos y reacciones adversas conocidas. La expresión clínica depende de dosis, formulación, comorbilidades y coingestas.","ABCDE y tratamiento de soporte dirigido a la clínica. ECG, glucemia, electrolitos, función renal/hepática u otras pruebas según mecanismo y síntomas. Ingesta intencional, dosis desconocida, formulación de liberación prolongada o paciente sintomático: evaluación en urgencias y consulta a toxicología/CIT.",Ninguno específico establecido,https://www.rch.org.au/clinicalguide/guideline_index/Poisoning_Initial_Management/,,DATOS_ESPECIFICOS_LIMITADOS,REVISADO_CONSERVADOR,"Se elimina cualquier cifra previa que represente dosis terapéutica máxima, DL50 animal o umbral no sustentado como toxicidad aguda humana.",,,Mixta / depende de contexto,NO,2026-09-02,MED-0206,NO,1,NO
DONEPEZILO,mg,10,TABLETA CUBIERTA.,SDTE/DMax 10MG/DIA; DL50 32-45MG/KG,"Diarrea, calambres musculares, fatiga, dolor, náuseas, vómitos, insomnio, sín...",ATROPINA,SIN_DOSIS_TOXICA_ESPECIFICA,Inhibidor de acetilcolinesterasa,SDTE — no hay umbral común robusto; sobredosis puede producir síndrome colinérgico.,SDTE / TOXIDROME,"Náuseas/vómitos/diarrea, sialorrea, diaforesis, miosis, bradicardia, broncorrea/broncoespasmo, fasciculaciones y debilidad; convulsiones en gravedad.","ABCDE, control de secreciones y bradicardia. Atropina para manifestaciones muscarínicas clínicamente significativas; soporte respiratorio. ECG según agente.",Atropina para síndrome muscarínico,https://pubmed.ncbi.nlm.nih.gov/37721023/,,MECANISMO/CONSENSO,VALIDADO_POR_CLASE,"La atropina se conserva como tratamiento de toxíndrome colinérgico, no como una indicación automática basada solo en dosis.",,,Mixta / depende de contexto,NO,2026-09-02,MED-0207,NO,1,NO
DORAVIRINA,mg,100,TABLETA RECUBIERTA,SDTE,"Sueños anormales, insomnio; cefalea, mareo, somnolencia; náuseas, diarrea, fl...",MEDIDAS GENERALES,SIN_DOSIS_TOXICA_ESPECIFICA,Otros / datos específicos limitados,SDTE — sin dosis tóxica humana específica suficientemente validada para automatizar en esta versión.,SDTE,"La sobredosis puede intensificar los efectos farmacológicos y reacciones adversas conocidas. La expresión clínica depende de dosis, formulación, comorbilidades y coingestas.","ABCDE y tratamiento de soporte dirigido a la clínica. ECG, glucemia, electrolitos, función renal/hepática u otras pruebas según mecanismo y síntomas. Ingesta intencional, dosis desconocida, formulación de liberación prolongada o paciente sintomático: evaluación en urgencias y consulta a toxicología/CIT.",Ninguno específico establecido,https://www.rch.org.au/clinicalguide/guideline_index/Poisoning_Initial_Management/,,DATOS_ESPECIFICOS_LIMITADOS,REVISADO_CONSERVADOR,"Se elimina cualquier cifra previa que represente dosis terapéutica máxima, DL50 animal o umbral no sustentado como toxicidad aguda humana.",,,Mixta / depende de contexto,NO,2026-09-02,MED-0208,NO,1,NO
DOXASOZINA,mg,4,TABLETA,SDTE/DMax 8MG/DIA,"Infección del tracto respiratorio, infección del tracto urinario; mareo, cefa...",MEDIDAS GENERALES,SIN_DOSIS_TOXICA_ESPECIFICA,Alfa-1 bloqueador,SDTE — no hay umbral universal.,SDTE / CLASE,"Hipotensión ortostática, mareo, síncope, taquicardia refleja; shock en sobredosis grave.","Decúbito, cristaloides y vasopresores si precisa; vigilancia hemodinámica.",Ninguno específico,https://www.rch.org.au/clinicalguide/guideline_index/Poisoning_Initial_Management/,,MECANISMO/CONSENSO,VALIDADO_POR_CLASE,,,,Mixta / depende de contexto,NO,2026-09-02,MED-0209,NO,1,NO
DOXEPINA,mg,50,TABLETA RECUBIERTA,10-20 mg/Kg,"Sequedad de boca, visión borrosa, estreñimiento. Síntomas de supresión: náuse...",MEDIDAS GENERALES,PENDIENTE_VALIDACION,Antidepresivo tricíclico / bloqueador de canal de sodio,>5 mg/kg en niños: evaluación hospitalaria; >10–15 mg/kg se asocia a alto riesgo y requiere manejo intensivo según clínica.,UMBRAL_EVALUACION,"Anticolinérgico, depresión SNC, convulsiones, hipotensión, QRS ancho, arritmias ventriculares y prolongación QT.","ABCDE, ECG seriado. Si QRS ensanchado o arritmia ventricular: bicarbonato de sodio IV y alcalinización según protocolo; benzodiacepinas para convulsiones. No basar gravedad en nivel sérico.",No existe antídoto; bicarbonato de sodio es tratamiento específico de cardiotoxicidad por bloqueo de sodio.,https://www.rch.org.au/clinicalguide/guideline_index/Tricyclic_Antidepressant_%28TCA%29_Poisoning/,https://pubmed.ncbi.nlm.nih.gov/37721023/,GUIA CLINICA,VALIDADO_POR_CLASE,El valor original '10-20 mg/Kg' no se usa como umbral automatizable.,5,Umbral pediátrico de evaluación,Pediatría; adultos se evalúan clínicamente,SI,2026-09-02,MED-0210,NO,1,NO
DOXICICLINA,mg,100,TABLETAS,SDTE/DMax 400 MG/DIA,"Reacción anafiláctica (incluyendo angioedema, exacerbación del lupus eritemat...",MEDIDAS GENERALES,SIN_DOSIS_TOXICA_ESPECIFICA,Otros / datos específicos limitados,SDTE — sin dosis tóxica humana específica suficientemente validada para automatizar en esta versión.,SDTE,"La sobredosis puede intensificar los efectos farmacológicos y reacciones adversas conocidas. La expresión clínica depende de dosis, formulación, comorbilidades y coingestas.","ABCDE y tratamiento de soporte dirigido a la clínica. ECG, glucemia, electrolitos, función renal/hepática u otras pruebas según mecanismo y síntomas. Ingesta intencional, dosis desconocida, formulación de liberación prolongada o paciente sintomático: evaluación en urgencias y consulta a toxicología/CIT.",Ninguno específico establecido,https://www.rch.org.au/clinicalguide/guideline_index/Poisoning_Initial_Management/,,DATOS_ESPECIFICOS_LIMITADOS,REVISADO_CONSERVADOR,"Se elimina cualquier cifra previa que represente dosis terapéutica máxima, DL50 animal o umbral no sustentado como toxicidad aguda humana.",,,Mixta / depende de contexto,NO,2026-09-02,MED-0211,NO,1,NO
DOXILAMINA,mg,10,TABLETA DE LIBERACIÓN RETARDADA,3.6 MG/KG,"Somnolencia; boca seca, estreñimiento; visión borrosa; vértigo; retención uri...",MEDIDAS GENERALES,PENDIENTE_VALIDACION,Antihistamínico H1 sedante,"SDTE — no usar un único corte por clase. En pediatría, ingesta >3 veces la dosis diaria máxima o síntomas ameritan evaluación según guía.",UMBRAL_RELATIVO / CLASE,"Anticolinergia, agitación/delirium, somnolencia, convulsiones; algunos producen bloqueo de sodio y QT prolongado.","Soporte, ECG, benzodiacepinas para agitación/convulsiones; bicarbonato si hay evidencia de bloqueo de sodio. Evitar asumir seguridad por ausencia inicial de síntomas en grandes ingestas.",Ninguno específico,https://www.rch.org.au/clinicalguide/guideline_index/Antihistamine_poisoning/,https://pubmed.ncbi.nlm.nih.gov/37721023/,GUIA DE CLASE,VALIDADO_POR_CLASE,El valor original '3.6 MG/KG' no se usa como umbral automatizable.,,,Mixta / depende de contexto,NO,2026-09-02,MED-0212,NO,1,NO
DOXOFILINA,mg,400,TABLETA,SDTE/DMax >1600 MG/DIA,"Después de la administración de xantinas, pueden presentarse náuseas, vómitos...",MEDIDAS GENERALES,SIN_DOSIS_TOXICA_ESPECIFICA,Metilxantina relacionada,SDTE — no extrapolar directamente niveles/umbrales de teofilina.,SDTE / CLASE,"Náuseas/vómitos, agitación, temblor, taquicardia y arritmias; convulsiones en toxicidad importante.","Soporte, ECG/electrolitos y tratamiento de convulsiones. Consultar toxicología en exposición grande.",Ninguno específico,https://pubmed.ncbi.nlm.nih.gov/25715736/,,CLASE_LIMITADA,VALIDADO_POR_CLASE,,,,Mixta / depende de contexto,NO,2026-09-02,MED-0213,NO,1,NO
DRONABINOL,mg,10,CAPSULA BLANDA,SDTE,"Mareos, fatiga; anorexia (incluyendo apetito disminuido), aumento del apetito...",MEDIDAS GENERALES,SIN_DOSIS_TOXICA_ESPECIFICA,Otros / datos específicos limitados,SDTE — sin dosis tóxica humana específica suficientemente validada para automatizar en esta versión.,SDTE,"La sobredosis puede intensificar los efectos farmacológicos y reacciones adversas conocidas. La expresión clínica depende de dosis, formulación, comorbilidades y coingestas.","ABCDE y tratamiento de soporte dirigido a la clínica. ECG, glucemia, electrolitos, función renal/hepática u otras pruebas según mecanismo y síntomas. Ingesta intencional, dosis desconocida, formulación de liberación prolongada o paciente sintomático: evaluación en urgencias y consulta a toxicología/CIT.",Ninguno específico establecido,https://www.rch.org.au/clinicalguide/guideline_index/Poisoning_Initial_Management/,,DATOS_ESPECIFICOS_LIMITADOS,REVISADO_CONSERVADOR,"Se elimina cualquier cifra previa que represente dosis terapéutica máxima, DL50 animal o umbral no sustentado como toxicidad aguda humana.",,,Mixta / depende de contexto,NO,2026-09-02,MED-0214,NO,1,NO
DRONEDARONA,mg,400,CADA TABLETA RECUBIERTA,>60MG/KG/DIA,"ICC, bradicardia; diarrea, vómitos, nauseas, dolor abdominal, dispepsia; prue...",MEDIDAS GENERALES,PENDIENTE_VALIDACION,Otros / datos específicos limitados,SDTE — sin dosis tóxica humana específica suficientemente validada para automatizar en esta versión.,SDTE,"La sobredosis puede intensificar los efectos farmacológicos y reacciones adversas conocidas. La expresión clínica depende de dosis, formulación, comorbilidades y coingestas.","ABCDE y tratamiento de soporte dirigido a la clínica. ECG, glucemia, electrolitos, función renal/hepática u otras pruebas según mecanismo y síntomas. Ingesta intencional, dosis desconocida, formulación de liberación prolongada o paciente sintomático: evaluación en urgencias y consulta a toxicología/CIT.",Ninguno específico establecido,https://www.rch.org.au/clinicalguide/guideline_index/Poisoning_Initial_Management/,,DATOS_ESPECIFICOS_LIMITADOS,REVISADO_CONSERVADOR,"Se elimina cualquier cifra previa que represente dosis terapéutica máxima, DL50 animal o umbral no sustentado como toxicidad aguda humana.  El valor original '>60MG/KG/DIA' no se usa como umbral automatizable.",,,Mixta / depende de contexto,NO,2026-09-02,MED-0215,NO,1,NO
DROSPIRENONA,mg,3,TABLETA CUBIERTA,SDTE,Gastrointestinales: Náuseas y vómitos Dolor abdominal Distensión abdominal En...,MEDIDAS GENERALES,SIN_DOSIS_TOXICA_ESPECIFICA,Otros / datos específicos limitados,SDTE — sin dosis tóxica humana específica suficientemente validada para automatizar en esta versión.,SDTE,"La sobredosis puede intensificar los efectos farmacológicos y reacciones adversas conocidas. La expresión clínica depende de dosis, formulación, comorbilidades y coingestas.","ABCDE y tratamiento de soporte dirigido a la clínica. ECG, glucemia, electrolitos, función renal/hepática u otras pruebas según mecanismo y síntomas. Ingesta intencional, dosis desconocida, formulación de liberación prolongada o paciente sintomático: evaluación en urgencias y consulta a toxicología/CIT.",Ninguno específico establecido,https://www.rch.org.au/clinicalguide/guideline_index/Poisoning_Initial_Management/,,DATOS_ESPECIFICOS_LIMITADOS,REVISADO_CONSERVADOR,"Se elimina cualquier cifra previa que represente dosis terapéutica máxima, DL50 animal o umbral no sustentado como toxicidad aguda humana.",,,Mixta / depende de contexto,NO,2026-09-02,MED-0216,NO,1,NO
DROXIDOPA,mg,300,CÁPSULA DURA,SDTE,IGUAL A LEVODOPA+CARBIDOPA,MEDIDAS GENERALES,SIN_DOSIS_TOXICA_ESPECIFICA,Simpaticomimético / estimulante,SDTE — no hay umbral universal; toxicidad es clínica y depende del agente.,SDTE / CLASE,"Agitación, midriasis, diaforesis, taquicardia, hipertensión, hipertermia, dolor torácico, convulsiones y arritmias.","Benzodiacepinas como base para agitación/hiperactividad adrenérgica, enfriamiento si hipertermia y tratamiento dirigido de complicaciones cardiovasculares.",Ninguno específico,https://pubmed.ncbi.nlm.nih.gov/37721023/,,GUIA AHA,VALIDADO_POR_CLASE,,,,Mixta / depende de contexto,NO,2026-09-02,MED-0217,NO,1,NO
DULOXETINA,mg,33.66,CAPSULAS DE LIBERACION RETARDADA,>1 G/DU,"NAUSEAS, VOMITOS, SEDACION, TEMBLOR, TAQUICARDIA, HIPERTENSION, - HIPOTENSION...",CIPROHEPTADINA,PENDIENTE_VALIDACION,IRSN,SDTE — la dosis tóxica de estos IRSN no está bien definida; no extrapolar cortes de venlafaxina.,SDTE / CLASE,"Serotoninotoxicidad, taquicardia/hipertensión, náuseas, somnolencia; convulsiones y cardiotoxicidad son menos predecibles y dependen del agente.","Soporte, ECG según exposición, benzodiacepinas para convulsiones/agitación y manejo de serotoninotoxicidad. Considerar liberación prolongada.",Ninguno específico,https://www.rch.org.au/clinicalguide/guideline_index/Serotonin_and_Noradrenaline_Re-uptake_Inhibitors_SNRIs_Poisoning/,,GUIA DE CLASE,VALIDADO_POR_CLASE,El valor original '>1 G/DU' no se usa como umbral automatizable. Se corrigió o restringió una recomendación específica de la base original que podía inducir manejo inapropiado si se automatizaba.,,,Mixta / depende de contexto,NO,2026-09-02,MED-0218,NO,1,SI
DUTASTERIDA,mg,0.5,CAPSULA,SDTE/SE HAN USADO HASTA 40MG/DIA,"Impotencia, alteración (disminución) de la libido, trastornos en la eyaculaci...",MEDIDAS GENERALES,SIN_DOSIS_TOXICA_ESPECIFICA,Otros / datos específicos limitados,SDTE — sin dosis tóxica humana específica suficientemente validada para automatizar en esta versión.,SDTE,"La sobredosis puede intensificar los efectos farmacológicos y reacciones adversas conocidas. La expresión clínica depende de dosis, formulación, comorbilidades y coingestas.","ABCDE y tratamiento de soporte dirigido a la clínica. ECG, glucemia, electrolitos, función renal/hepática u otras pruebas según mecanismo y síntomas. Ingesta intencional, dosis desconocida, formulación de liberación prolongada o paciente sintomático: evaluación en urgencias y consulta a toxicología/CIT.",Ninguno específico establecido,https://www.rch.org.au/clinicalguide/guideline_index/Poisoning_Initial_Management/,,DATOS_ESPECIFICOS_LIMITADOS,REVISADO_CONSERVADOR,"Se elimina cualquier cifra previa que represente dosis terapéutica máxima, DL50 animal o umbral no sustentado como toxicidad aguda humana.",,,Mixta / depende de contexto,NO,2026-09-02,MED-0219,NO,1,NO
EFAVIRENZ,mg,600,TABLETAS RECUBIERTAS,SDTE,sintomas generales,MEDIDAS GENERALES,SIN_DOSIS_TOXICA_ESPECIFICA,Otros / datos específicos limitados,SDTE — sin dosis tóxica humana específica suficientemente validada para automatizar en esta versión.,SDTE,"La sobredosis puede intensificar los efectos farmacológicos y reacciones adversas conocidas. La expresión clínica depende de dosis, formulación, comorbilidades y coingestas.","ABCDE y tratamiento de soporte dirigido a la clínica. ECG, glucemia, electrolitos, función renal/hepática u otras pruebas según mecanismo y síntomas. Ingesta intencional, dosis desconocida, formulación de liberación prolongada o paciente sintomático: evaluación en urgencias y consulta a toxicología/CIT.",Ninguno específico establecido,https://www.rch.org.au/clinicalguide/guideline_index/Poisoning_Initial_Management/,,DATOS_ESPECIFICOS_LIMITADOS,REVISADO_CONSERVADOR,"Se elimina cualquier cifra previa que represente dosis terapéutica máxima, DL50 animal o umbral no sustentado como toxicidad aguda humana.",,,Mixta / depende de contexto,NO,2026-09-02,MED-0220,NO,1,NO
ELETRIPTAN,mg,40,TABLETA RECUBIERTA,SDTE/DMax 40 MG/DIA,"Faringitis y rinitis; somnolencia, dolor de cabeza, mareo, hormigueo o sensac...",MEDIDAS GENERALES,SIN_DOSIS_TOXICA_ESPECIFICA,Serotonérgico / antidepresivo relacionado,SDTE — no se automatiza un umbral común.,SDTE / CLASE,"Náuseas, somnolencia o agitación; riesgo de serotoninotoxicidad aumenta con coingestas serotonérgicas. Algunos agentes pueden alterar QT.","Soporte; benzodiacepinas, enfriamiento y medidas dirigidas si serotoninotoxicidad. ECG según agente y exposición.",Ninguno específico,https://www.rch.org.au/clinicalguide/guideline_index/Serotonin_and_Noradrenaline_Re-uptake_Inhibitors_SNRIs_Poisoning/,,CLASE/CONSENSO,VALIDADO_POR_CLASE,,,,Mixta / depende de contexto,NO,2026-09-02,MED-0221,NO,1,NO
ELIGLUSTAT,mg,84,CAPSULA DURA,SDTE/DMax 168MG/DIA,sintomas generales,MEDIDAS GENERALES,SIN_DOSIS_TOXICA_ESPECIFICA,Otros / datos específicos limitados,SDTE — sin dosis tóxica humana específica suficientemente validada para automatizar en esta versión.,SDTE,"La sobredosis puede intensificar los efectos farmacológicos y reacciones adversas conocidas. La expresión clínica depende de dosis, formulación, comorbilidades y coingestas.","ABCDE y tratamiento de soporte dirigido a la clínica. ECG, glucemia, electrolitos, función renal/hepática u otras pruebas según mecanismo y síntomas. Ingesta intencional, dosis desconocida, formulación de liberación prolongada o paciente sintomático: evaluación en urgencias y consulta a toxicología/CIT.",Ninguno específico establecido,https://www.rch.org.au/clinicalguide/guideline_index/Poisoning_Initial_Management/,,DATOS_ESPECIFICOS_LIMITADOS,REVISADO_CONSERVADOR,"Se elimina cualquier cifra previa que represente dosis terapéutica máxima, DL50 animal o umbral no sustentado como toxicidad aguda humana.",,,Mixta / depende de contexto,NO,2026-09-02,MED-0222,NO,1,NO
ELTROMBOPAG,mg,25,TABLETA RECUBIERTA,CASO UNICO CON DT DE 5 GD/DU,"Depresión; ojo seco; tos, dolor orofaríngeo; náuseas, diarrea, vómitos, dolor...",Considerar la administración oral de preparados que contengan cationes metáli...,PENDIENTE_VALIDACION,Otros / datos específicos limitados,SDTE — sin dosis tóxica humana específica suficientemente validada para automatizar en esta versión.,SDTE,"La sobredosis puede intensificar los efectos farmacológicos y reacciones adversas conocidas. La expresión clínica depende de dosis, formulación, comorbilidades y coingestas.","ABCDE y tratamiento de soporte dirigido a la clínica. ECG, glucemia, electrolitos, función renal/hepática u otras pruebas según mecanismo y síntomas. Ingesta intencional, dosis desconocida, formulación de liberación prolongada o paciente sintomático: evaluación en urgencias y consulta a toxicología/CIT.",Ninguno específico establecido,https://www.rch.org.au/clinicalguide/guideline_index/Poisoning_Initial_Management/,,DATOS_ESPECIFICOS_LIMITADOS,REVISADO_CONSERVADOR,"Se elimina cualquier cifra previa que represente dosis terapéutica máxima, DL50 animal o umbral no sustentado como toxicidad aguda humana.  El valor original 'CASO UNICO CON DT DE 5 GD/DU' no se usa como umbral automatizable.",,,Mixta / depende de contexto,NO,2026-09-02,MED-0223,NO,1,NO
ELVITEGRAVIR,mg,150,TABLETA RECUBIERTA,SDTE,sintomas generales,MEDIDAS GENERALES,SIN_DOSIS_TOXICA_ESPECIFICA,Otros / datos específicos limitados,SDTE — sin dosis tóxica humana específica suficientemente validada para automatizar en esta versión.,SDTE,"La sobredosis puede intensificar los efectos farmacológicos y reacciones adversas conocidas. La expresión clínica depende de dosis, formulación, comorbilidades y coingestas.","ABCDE y tratamiento de soporte dirigido a la clínica. ECG, glucemia, electrolitos, función renal/hepática u otras pruebas según mecanismo y síntomas. Ingesta intencional, dosis desconocida, formulación de liberación prolongada o paciente sintomático: evaluación en urgencias y consulta a toxicología/CIT.",Ninguno específico establecido,https://www.rch.org.au/clinicalguide/guideline_index/Poisoning_Initial_Management/,,DATOS_ESPECIFICOS_LIMITADOS,REVISADO_CONSERVADOR,"Se elimina cualquier cifra previa que represente dosis terapéutica máxima, DL50 animal o umbral no sustentado como toxicidad aguda humana.",,,Mixta / depende de contexto,NO,2026-09-02,MED-0224,NO,1,NO
EMPAGLIFOZINA,mg,10,TABLETA RECUBIERTA,SDTE,"Moniliasis vaginal, vulvovaginitis, balanitis y otras infecciones genitales, ...",MEDIDAS GENERALES,SIN_DOSIS_TOXICA_ESPECIFICA,Inhibidor SGLT2,"SDTE — la toxicidad aguda aislada suele ser limitada; vigilar complicaciones metabólicas, especialmente con enfermedad/interacciones.",SDTE / CLINICO,"Deshidratación, hipotensión; riesgo de cetoacidosis euglucémica en contextos predisponentes, aunque no es una relación simple dosis-respuesta de sobredosis.","Soporte, glucosa/cetonas/gas si síntomas o acidosis; tratar cetoacidosis según protocolo.",Ninguno específico,https://www.rch.org.au/clinicalguide/guideline_index/Poisoning_Initial_Management/,,MECANISMO/REVISION,VALIDADO_POR_CLASE,,,,Mixta / depende de contexto,NO,2026-09-02,MED-0225,NO,1,NO
EMTRICITABINA,mg,200,TABLETA RECUBIERTA,SDTE,sintomas generales,MEDIDAS GENERALES,SIN_DOSIS_TOXICA_ESPECIFICA,Otros / datos específicos limitados,SDTE — sin dosis tóxica humana específica suficientemente validada para automatizar en esta versión.,SDTE,"La sobredosis puede intensificar los efectos farmacológicos y reacciones adversas conocidas. La expresión clínica depende de dosis, formulación, comorbilidades y coingestas.","ABCDE y tratamiento de soporte dirigido a la clínica. ECG, glucemia, electrolitos, función renal/hepática u otras pruebas según mecanismo y síntomas. Ingesta intencional, dosis desconocida, formulación de liberación prolongada o paciente sintomático: evaluación en urgencias y consulta a toxicología/CIT.",Ninguno específico establecido,https://www.rch.org.au/clinicalguide/guideline_index/Poisoning_Initial_Management/,,DATOS_ESPECIFICOS_LIMITADOS,REVISADO_CONSERVADOR,"Se elimina cualquier cifra previa que represente dosis terapéutica máxima, DL50 animal o umbral no sustentado como toxicidad aguda humana.",,,Mixta / depende de contexto,NO,2026-09-02,MED-0226,NO,1,NO
ENALAPRIL MALEATO,mg,20,TABLETA,0.7MG/KG,"Cefalea, depresión; visión borrosa; mareos, hipotensión (incluyendo hipotensi...","INOTROPICOS, SI HAY ALT DEL SNC NALOXONA",PENDIENTE_VALIDACION,Inhibidor RAAS,SDTE — no hay umbral común; sobredosis aislada suele manifestarse por hipotensión.,SDTE / CLASE,"Hipotensión, mareo; hiperpotasemia y lesión renal en susceptibles, especialmente con coingestas.","Soporte, fluidos, vasopresor si precisa; monitorizar función renal y potasio.",Ninguno específico,https://www.rch.org.au/clinicalguide/guideline_index/Poisoning_Initial_Management/,,MECANISMO/CONSENSO,VALIDADO_POR_CLASE,El valor original '0.7MG/KG' no se usa como umbral automatizable. Se corrigió o restringió una recomendación específica de la base original que podía inducir manejo inapropiado si se automatizaba.,,,Mixta / depende de contexto,NO,2026-09-02,MED-0227,NO,1,SI
ENTACAPONA,mg,200,TABLETA RECUBIERTA,>2400 MG/DIA,"Insomnio, alucinaciones, confusión, paroniria, discinesia, parkinsonismo agra...",MEDIDAS GENERALES,PENDIENTE_VALIDACION,Otros / datos específicos limitados,SDTE — sin dosis tóxica humana específica suficientemente validada para automatizar en esta versión.,SDTE,"La sobredosis puede intensificar los efectos farmacológicos y reacciones adversas conocidas. La expresión clínica depende de dosis, formulación, comorbilidades y coingestas.","ABCDE y tratamiento de soporte dirigido a la clínica. ECG, glucemia, electrolitos, función renal/hepática u otras pruebas según mecanismo y síntomas. Ingesta intencional, dosis desconocida, formulación de liberación prolongada o paciente sintomático: evaluación en urgencias y consulta a toxicología/CIT.",Ninguno específico establecido,https://www.rch.org.au/clinicalguide/guideline_index/Poisoning_Initial_Management/,,DATOS_ESPECIFICOS_LIMITADOS,REVISADO_CONSERVADOR,"Se elimina cualquier cifra previa que represente dosis terapéutica máxima, DL50 animal o umbral no sustentado como toxicidad aguda humana.  El valor original '>2400 MG/DIA' no se usa como umbral automatizable.",,,Mixta / depende de contexto,NO,2026-09-02,MED-0228,NO,1,NO
ENTECAVIR,mg,0.5,TABLETA RECUBIERTA,SDTE,sintomas generales,MEDIDAS GENERALES,SIN_DOSIS_TOXICA_ESPECIFICA,Otros / datos específicos limitados,SDTE — sin dosis tóxica humana específica suficientemente validada para automatizar en esta versión.,SDTE,"La sobredosis puede intensificar los efectos farmacológicos y reacciones adversas conocidas. La expresión clínica depende de dosis, formulación, comorbilidades y coingestas.","ABCDE y tratamiento de soporte dirigido a la clínica. ECG, glucemia, electrolitos, función renal/hepática u otras pruebas según mecanismo y síntomas. Ingesta intencional, dosis desconocida, formulación de liberación prolongada o paciente sintomático: evaluación en urgencias y consulta a toxicología/CIT.",Ninguno específico establecido,https://www.rch.org.au/clinicalguide/guideline_index/Poisoning_Initial_Management/,,DATOS_ESPECIFICOS_LIMITADOS,REVISADO_CONSERVADOR,"Se elimina cualquier cifra previa que represente dosis terapéutica máxima, DL50 animal o umbral no sustentado como toxicidad aguda humana.",,,Mixta / depende de contexto,NO,2026-09-02,MED-0229,NO,1,NO
ENTRECTINIB,mg,100,CÁPSULA DURA,SDTE,"Reacciones alérgicas y anafilaxia: Urticaria, Prurito, angioedema, disnea, Sh...",MEDIDAS GENERALES,SIN_DOSIS_TOXICA_ESPECIFICA,Otros / datos específicos limitados,SDTE — sin dosis tóxica humana específica suficientemente validada para automatizar en esta versión.,SDTE,"La sobredosis puede intensificar los efectos farmacológicos y reacciones adversas conocidas. La expresión clínica depende de dosis, formulación, comorbilidades y coingestas.","ABCDE y tratamiento de soporte dirigido a la clínica. ECG, glucemia, electrolitos, función renal/hepática u otras pruebas según mecanismo y síntomas. Ingesta intencional, dosis desconocida, formulación de liberación prolongada o paciente sintomático: evaluación en urgencias y consulta a toxicología/CIT.",Ninguno específico establecido,https://www.rch.org.au/clinicalguide/guideline_index/Poisoning_Initial_Management/,,DATOS_ESPECIFICOS_LIMITADOS,REVISADO_CONSERVADOR,"Se elimina cualquier cifra previa que represente dosis terapéutica máxima, DL50 animal o umbral no sustentado como toxicidad aguda humana.",,,Mixta / depende de contexto,NO,2026-09-02,MED-0230,NO,1,NO
ENZALUTAMIDA,mg,80,TABLETAS RECUBIERTA CON PELICULA,SDTE/TOX. EMBRIONAL 10-30MG/KG/DIA,"Astenia, fatiga; ansiedad; cefalea, alteración de la memoria, amnesia, altera...",MEDIDAS GENERALES,SIN_DOSIS_TOXICA_ESPECIFICA,Otros / datos específicos limitados,SDTE — sin dosis tóxica humana específica suficientemente validada para automatizar en esta versión.,SDTE,"La sobredosis puede intensificar los efectos farmacológicos y reacciones adversas conocidas. La expresión clínica depende de dosis, formulación, comorbilidades y coingestas.","ABCDE y tratamiento de soporte dirigido a la clínica. ECG, glucemia, electrolitos, función renal/hepática u otras pruebas según mecanismo y síntomas. Ingesta intencional, dosis desconocida, formulación de liberación prolongada o paciente sintomático: evaluación en urgencias y consulta a toxicología/CIT.",Ninguno específico establecido,https://www.rch.org.au/clinicalguide/guideline_index/Poisoning_Initial_Management/,,DATOS_ESPECIFICOS_LIMITADOS,REVISADO_CONSERVADOR,"Se elimina cualquier cifra previa que represente dosis terapéutica máxima, DL50 animal o umbral no sustentado como toxicidad aguda humana.",,,Mixta / depende de contexto,NO,2026-09-02,MED-0231,NO,1,NO
EPLERENONA,mg,25,POR CADA TABLETA,SDTE/DMax 50MG/DIA,"Infección; hiperpotasemia, hipercolesterolemia; mareos, síncope, cefalea; IAM...",MEDIDAS GENERALES,SIN_DOSIS_TOXICA_ESPECIFICA,Otros / datos específicos limitados,SDTE — sin dosis tóxica humana específica suficientemente validada para automatizar en esta versión.,SDTE,"La sobredosis puede intensificar los efectos farmacológicos y reacciones adversas conocidas. La expresión clínica depende de dosis, formulación, comorbilidades y coingestas.","ABCDE y tratamiento de soporte dirigido a la clínica. ECG, glucemia, electrolitos, función renal/hepática u otras pruebas según mecanismo y síntomas. Ingesta intencional, dosis desconocida, formulación de liberación prolongada o paciente sintomático: evaluación en urgencias y consulta a toxicología/CIT.",Ninguno específico establecido,https://www.rch.org.au/clinicalguide/guideline_index/Poisoning_Initial_Management/,,DATOS_ESPECIFICOS_LIMITADOS,REVISADO_CONSERVADOR,"Se elimina cualquier cifra previa que represente dosis terapéutica máxima, DL50 animal o umbral no sustentado como toxicidad aguda humana.",,,Mixta / depende de contexto,NO,2026-09-02,MED-0232,NO,1,NO
ERGOTAMINA TARTRATO,mg,1,CADA TABLETA CONTIENE,> 10-26MG,"Mareos, dolor abdominal, náuseas y vómitos no relacionados con la migraña.",MEDIDAS GENERALES,PENDIENTE_VALIDACION,Otros / datos específicos limitados,SDTE — sin dosis tóxica humana específica suficientemente validada para automatizar en esta versión.,SDTE,"La sobredosis puede intensificar los efectos farmacológicos y reacciones adversas conocidas. La expresión clínica depende de dosis, formulación, comorbilidades y coingestas.","ABCDE y tratamiento de soporte dirigido a la clínica. ECG, glucemia, electrolitos, función renal/hepática u otras pruebas según mecanismo y síntomas. Ingesta intencional, dosis desconocida, formulación de liberación prolongada o paciente sintomático: evaluación en urgencias y consulta a toxicología/CIT.",Ninguno específico establecido,https://www.rch.org.au/clinicalguide/guideline_index/Poisoning_Initial_Management/,,DATOS_ESPECIFICOS_LIMITADOS,REVISADO_CONSERVADOR,"Se elimina cualquier cifra previa que represente dosis terapéutica máxima, DL50 animal o umbral no sustentado como toxicidad aguda humana.  El valor original '> 10-26MG' no se usa como umbral automatizable.",,,Mixta / depende de contexto,NO,2026-09-02,MED-0233,NO,1,NO
ERITROMICINA,mg,500,TABLETA RECUBIERTA,SDTE/RAM>4 G/DIA,"Anorexia; náuseas, vómitos, dolor abdominal en el cuadrante superior, diarrea...",MEDIDAS GENERALES,SIN_DOSIS_TOXICA_ESPECIFICA,Antimicrobiano con potencial de QT,SDTE — no usar dosis terapéutica máxima como umbral de toxicidad aguda.,SDTE / CLINICO,"GI, mareos; sobredosis significativa puede prolongar QT y favorecer arritmias, especialmente con factores predisponentes.","Soporte, ECG y corrección de K/Mg si exposición relevante; tratar torsades según protocolo.",Ninguno específico,https://pubmed.ncbi.nlm.nih.gov/37721023/,,MECANISMO/CONSENSO,VALIDADO_POR_CLASE,,,,Mixta / depende de contexto,NO,2026-09-02,MED-0234,NO,1,NO
ERLOTINIB,mg,150,TABLETA,SDTE,"Reacciones alérgicas y anafilaxia: Urticaria, Prurito, angioedema, disnea, Sh...",MEDIDAS GENERALES,SIN_DOSIS_TOXICA_ESPECIFICA,Otros / datos específicos limitados,SDTE — sin dosis tóxica humana específica suficientemente validada para automatizar en esta versión.,SDTE,"La sobredosis puede intensificar los efectos farmacológicos y reacciones adversas conocidas. La expresión clínica depende de dosis, formulación, comorbilidades y coingestas.","ABCDE y tratamiento de soporte dirigido a la clínica. ECG, glucemia, electrolitos, función renal/hepática u otras pruebas según mecanismo y síntomas. Ingesta intencional, dosis desconocida, formulación de liberación prolongada o paciente sintomático: evaluación en urgencias y consulta a toxicología/CIT.",Ninguno específico establecido,https://www.rch.org.au/clinicalguide/guideline_index/Poisoning_Initial_Management/,,DATOS_ESPECIFICOS_LIMITADOS,REVISADO_CONSERVADOR,"Se elimina cualquier cifra previa que represente dosis terapéutica máxima, DL50 animal o umbral no sustentado como toxicidad aguda humana.",,,Mixta / depende de contexto,NO,2026-09-02,MED-0235,NO,1,NO
ESCINA,mg,15,TABLETA RECUBIERTA,SDTE,"Pesadez de estómago y molestias abdominales leves. Prurito, eritema y erupció...",MEDIDAS GENERALES,SIN_DOSIS_TOXICA_ESPECIFICA,Otros / datos específicos limitados,SDTE — sin dosis tóxica humana específica suficientemente validada para automatizar en esta versión.,SDTE,"La sobredosis puede intensificar los efectos farmacológicos y reacciones adversas conocidas. La expresión clínica depende de dosis, formulación, comorbilidades y coingestas.","ABCDE y tratamiento de soporte dirigido a la clínica. ECG, glucemia, electrolitos, función renal/hepática u otras pruebas según mecanismo y síntomas. Ingesta intencional, dosis desconocida, formulación de liberación prolongada o paciente sintomático: evaluación en urgencias y consulta a toxicología/CIT.",Ninguno específico establecido,https://www.rch.org.au/clinicalguide/guideline_index/Poisoning_Initial_Management/,,DATOS_ESPECIFICOS_LIMITADOS,REVISADO_CONSERVADOR,"Se elimina cualquier cifra previa que represente dosis terapéutica máxima, DL50 animal o umbral no sustentado como toxicidad aguda humana.",,,Mixta / depende de contexto,NO,2026-09-02,MED-0236,NO,1,NO
ESCITALOPRAM,mg,10,TABLETA RECUBIERTA,1MG/KG->50MG,"NAUSEAS, VOMITOS, SEDACION, TEMBLOR, TAQUICARDIA, HIPERTENSION, - HIPOTENSION...",CIPROHEPTADINA,PENDIENTE_VALIDACION,ISRS,Umbral pediátrico de evaluación RCH: >1 mg/kg. Estos cortes NO aplican automáticamente a adolescentes/adultos.,UMBRAL_EVALUACION_PEDIATRICO,"La mayoría de sobredosis aisladas son benignas; náuseas, temblor, somnolencia y serotoninotoxicidad leve. Citalopram/escitalopram tienen mayor preocupación por QT/arritmia.",Soporte; valorar ECG especialmente con citalopram/escitalopram y coingestas. Tratar síndrome serotoninérgico y convulsiones con medidas estándar; consultar toxicología en exposiciones significativas.,Ninguno específico,https://www.rch.org.au/clinicalguide/guideline_index/Selective_serotonin_re-uptake_inhibitors_SSRIs_poisoning/,,GUIA CLINICA,VALIDADO_ESPECIFICO,Se corrigió o restringió una recomendación específica de la base original que podía inducir manejo inapropiado si se automatizaba.,1,Umbral pediátrico de evaluación,Pediatría; NO aplicar a adolescentes/adultos,SI,2026-09-02,MED-0237,NO,1,SI
ESOMEPRAZOL,mg,20,CÁPSULA DURA.,SDTE,"Cefalea; dolor abdominal, estreñimiento, diarrea, flatulencia, náuseas/vómito...",MEDIDAS GENERALES,SIN_DOSIS_TOXICA_ESPECIFICA,Otros / datos específicos limitados,SDTE — sin dosis tóxica humana específica suficientemente validada para automatizar en esta versión.,SDTE,"La sobredosis puede intensificar los efectos farmacológicos y reacciones adversas conocidas. La expresión clínica depende de dosis, formulación, comorbilidades y coingestas.","ABCDE y tratamiento de soporte dirigido a la clínica. ECG, glucemia, electrolitos, función renal/hepática u otras pruebas según mecanismo y síntomas. Ingesta intencional, dosis desconocida, formulación de liberación prolongada o paciente sintomático: evaluación en urgencias y consulta a toxicología/CIT.",Ninguno específico establecido,https://www.rch.org.au/clinicalguide/guideline_index/Poisoning_Initial_Management/,,DATOS_ESPECIFICOS_LIMITADOS,REVISADO_CONSERVADOR,"Se elimina cualquier cifra previa que represente dosis terapéutica máxima, DL50 animal o umbral no sustentado como toxicidad aguda humana.",,,Mixta / depende de contexto,NO,2026-09-02,MED-0238,NO,1,NO
ESPIRAMICINA BASE,million unit,3,TABLETA RECUBIERTA,SDTE/DMax 2 G/DIA,"Raramente: náuseas, vómitos, diarrea, colitis pseudomembranosa, parestesia tr...",MEDIDAS GENERALES,SIN_DOSIS_TOXICA_ESPECIFICA,Otros / datos específicos limitados,SDTE — sin dosis tóxica humana específica suficientemente validada para automatizar en esta versión.,SDTE,"La sobredosis puede intensificar los efectos farmacológicos y reacciones adversas conocidas. La expresión clínica depende de dosis, formulación, comorbilidades y coingestas.","ABCDE y tratamiento de soporte dirigido a la clínica. ECG, glucemia, electrolitos, función renal/hepática u otras pruebas según mecanismo y síntomas. Ingesta intencional, dosis desconocida, formulación de liberación prolongada o paciente sintomático: evaluación en urgencias y consulta a toxicología/CIT.",Ninguno específico establecido,https://www.rch.org.au/clinicalguide/guideline_index/Poisoning_Initial_Management/,,DATOS_ESPECIFICOS_LIMITADOS,REVISADO_CONSERVADOR,"Se elimina cualquier cifra previa que represente dosis terapéutica máxima, DL50 animal o umbral no sustentado como toxicidad aguda humana.",,,Mixta / depende de contexto,NO,2026-09-02,MED-0239,NO,1,NO
ESPIRONOLACTONA,mg,25,TABLETA RECUBIERTA,SDTE/DMax 400 MG/DIA,"Malestar, fatiga; ginecomastia, menstruación irregular, amenorrea, sangrado p...",MEDIDAS GENERALES,SIN_DOSIS_TOXICA_ESPECIFICA,Otros / datos específicos limitados,SDTE — sin dosis tóxica humana específica suficientemente validada para automatizar en esta versión.,SDTE,"La sobredosis puede intensificar los efectos farmacológicos y reacciones adversas conocidas. La expresión clínica depende de dosis, formulación, comorbilidades y coingestas.","ABCDE y tratamiento de soporte dirigido a la clínica. ECG, glucemia, electrolitos, función renal/hepática u otras pruebas según mecanismo y síntomas. Ingesta intencional, dosis desconocida, formulación de liberación prolongada o paciente sintomático: evaluación en urgencias y consulta a toxicología/CIT.",Ninguno específico establecido,https://www.rch.org.au/clinicalguide/guideline_index/Poisoning_Initial_Management/,,DATOS_ESPECIFICOS_LIMITADOS,REVISADO_CONSERVADOR,"Se elimina cualquier cifra previa que represente dosis terapéutica máxima, DL50 animal o umbral no sustentado como toxicidad aguda humana.",,,Mixta / depende de contexto,NO,2026-09-02,MED-0240,NO,1,NO
ESTRADIOL,mg,1,CADA TABLETA RECUBIERTA,SDTE,Gastrointestinales: Náuseas y vómitos Dolor abdominal Distensión abdominal En...,MEDIDAS GENERALES,SIN_DOSIS_TOXICA_ESPECIFICA,Otros / datos específicos limitados,SDTE — sin dosis tóxica humana específica suficientemente validada para automatizar en esta versión.,SDTE,"La sobredosis puede intensificar los efectos farmacológicos y reacciones adversas conocidas. La expresión clínica depende de dosis, formulación, comorbilidades y coingestas.","ABCDE y tratamiento de soporte dirigido a la clínica. ECG, glucemia, electrolitos, función renal/hepática u otras pruebas según mecanismo y síntomas. Ingesta intencional, dosis desconocida, formulación de liberación prolongada o paciente sintomático: evaluación en urgencias y consulta a toxicología/CIT.",Ninguno específico establecido,https://www.rch.org.au/clinicalguide/guideline_index/Poisoning_Initial_Management/,,DATOS_ESPECIFICOS_LIMITADOS,REVISADO_CONSERVADOR,"Se elimina cualquier cifra previa que represente dosis terapéutica máxima, DL50 animal o umbral no sustentado como toxicidad aguda humana.",,,Mixta / depende de contexto,NO,2026-09-02,MED-0241,NO,1,NO
ESZOPICLONA,mg,3,TABLETARECUBIERTA,SDTE/ CASOS DE RAM REPORTADA>3MG/DIA,"Disgeusia, dispepsia, náuseas, xerostomia; somnolencia durante el día, embota...",MEDIDAS GENERALES,SIN_DOSIS_TOXICA_ESPECIFICA,Benzodiacepina / hipnótico sedante,SDTE — no hay una dosis tóxica única útil para automatizar; la gravedad es clínica y depende mucho de coingestas.,SDTE / CLINICO,"Depresión SNC leve-moderada, ataxia, disartria; depresión respiratoria profunda es infrecuente en sobredosis aislada y obliga a buscar coingestas.",Soporte y vigilancia respiratoria. Carbón activado generalmente contraindicado por riesgo de aspiración. Flumazenil está contraindicado en sobredosis intencional o mixta y solo se considera en escenarios seleccionados accidental/iatrogénico tras consulta toxicológica.,Flumazenil solo en escenarios seleccionados; NO uso rutinario.,https://www.rch.org.au/clinicalguide/guideline_index/Benzodiazepine_poisoning/,,GUIA CLINICA,VALIDADO_POR_CLASE,Se retiraron cifras de dosis 'tóxica' no fiables de varias benzodiacepinas.,,,Mixta / depende de contexto,NO,2026-09-02,MED-0242,NO,1,NO
ETAMBUTOL CLORHIDRATO,mg,275,TABLETA RECUBIERTA,15-50MG/KG/DIA,Disminución de la agudeza visual debido a la neuritis óptica y relacionada co...,MEDIDAS GENERALES,PENDIENTE_VALIDACION,Otros / datos específicos limitados,SDTE — sin dosis tóxica humana específica suficientemente validada para automatizar en esta versión.,SDTE,"La sobredosis puede intensificar los efectos farmacológicos y reacciones adversas conocidas. La expresión clínica depende de dosis, formulación, comorbilidades y coingestas.","ABCDE y tratamiento de soporte dirigido a la clínica. ECG, glucemia, electrolitos, función renal/hepática u otras pruebas según mecanismo y síntomas. Ingesta intencional, dosis desconocida, formulación de liberación prolongada o paciente sintomático: evaluación en urgencias y consulta a toxicología/CIT.",Ninguno específico establecido,https://www.rch.org.au/clinicalguide/guideline_index/Poisoning_Initial_Management/,,DATOS_ESPECIFICOS_LIMITADOS,REVISADO_CONSERVADOR,"Se elimina cualquier cifra previa que represente dosis terapéutica máxima, DL50 animal o umbral no sustentado como toxicidad aguda humana.  El valor original '15-50MG/KG/DIA' no se usa como umbral automatizable.",,,Mixta / depende de contexto,NO,2026-09-02,MED-0243,NO,1,NO
ETINIL ESTRADIOL,mg,0.03,TABLETA RECUBIERTA,SDTE,Gastrointestinales: Náuseas y vómitos Dolor abdominal Distensión abdominal En...,MEDIDAS GENERALES,SIN_DOSIS_TOXICA_ESPECIFICA,Otros / datos específicos limitados,SDTE — sin dosis tóxica humana específica suficientemente validada para automatizar en esta versión.,SDTE,"La sobredosis puede intensificar los efectos farmacológicos y reacciones adversas conocidas. La expresión clínica depende de dosis, formulación, comorbilidades y coingestas.","ABCDE y tratamiento de soporte dirigido a la clínica. ECG, glucemia, electrolitos, función renal/hepática u otras pruebas según mecanismo y síntomas. Ingesta intencional, dosis desconocida, formulación de liberación prolongada o paciente sintomático: evaluación en urgencias y consulta a toxicología/CIT.",Ninguno específico establecido,https://www.rch.org.au/clinicalguide/guideline_index/Poisoning_Initial_Management/,,DATOS_ESPECIFICOS_LIMITADOS,REVISADO_CONSERVADOR,"Se elimina cualquier cifra previa que represente dosis terapéutica máxima, DL50 animal o umbral no sustentado como toxicidad aguda humana.",,,Mixta / depende de contexto,NO,2026-09-02,MED-0244,NO,1,NO
ETORICOXIB,mg,120,TABLETA RECUBIERTA,>90 MG/DIA,"Edema/retención de líquidos; mareos, cefalea; palpitaciones, arritmia; HTA; b...",MEDIDAS GENERALES,PENDIENTE_VALIDACION,AINE,SDTE para este AINE en la app: no extrapolar automáticamente los cortes de ibuprofeno a otros AINEs.,SDTE / CLASE,"Predominan síntomas gastrointestinales y neurológicos; sobredosis importante puede asociarse a lesión renal, alteraciones metabólicas y shock.",Tratamiento de soporte y mantener hidratación adecuada en sobredosis importante. La gravedad y decontaminación dependen del fármaco y exposición; consultar toxicología en casos significativos.,Ninguno específico,https://www.rch.org.au/clinicalguide/guideline_index/Nonsteroidal_Anti-inflammatory_Drug_NSAID_poisoning/,,GUIA DE CLASE,VALIDADO_POR_CLASE,Se eliminó el umbral previo si correspondía a una dosis máxima terapéutica.  El valor original '>90 MG/DIA' no se usa como umbral automatizable.,,,Mixta / depende de contexto,NO,2026-09-02,MED-0245,NO,1,NO
ETRAVIRINA (TMC 125),mg,200,TABLETA,SDTE,"Trombocitopenia, anemia, reducción de neutrófilos; hipersensibilidad; diabete...",MEDIDAS GENERALES,SIN_DOSIS_TOXICA_ESPECIFICA,Otros / datos específicos limitados,SDTE — sin dosis tóxica humana específica suficientemente validada para automatizar en esta versión.,SDTE,"La sobredosis puede intensificar los efectos farmacológicos y reacciones adversas conocidas. La expresión clínica depende de dosis, formulación, comorbilidades y coingestas.","ABCDE y tratamiento de soporte dirigido a la clínica. ECG, glucemia, electrolitos, función renal/hepática u otras pruebas según mecanismo y síntomas. Ingesta intencional, dosis desconocida, formulación de liberación prolongada o paciente sintomático: evaluación en urgencias y consulta a toxicología/CIT.",Ninguno específico establecido,https://www.rch.org.au/clinicalguide/guideline_index/Poisoning_Initial_Management/,,DATOS_ESPECIFICOS_LIMITADOS,REVISADO_CONSERVADOR,"Se elimina cualquier cifra previa que represente dosis terapéutica máxima, DL50 animal o umbral no sustentado como toxicidad aguda humana.",,,Mixta / depende de contexto,NO,2026-09-02,MED-0246,NO,1,NO
EVEROLIMUS,mg,5,TABLETA.,SDTE/DMax 10MG/DIA,"Infecciones (víricas, bacterianas y fúngicas), infección de las vías altas y ...",MEDIDAS GENERALES,SIN_DOSIS_TOXICA_ESPECIFICA,Otros / datos específicos limitados,SDTE — sin dosis tóxica humana específica suficientemente validada para automatizar en esta versión.,SDTE,"La sobredosis puede intensificar los efectos farmacológicos y reacciones adversas conocidas. La expresión clínica depende de dosis, formulación, comorbilidades y coingestas.","ABCDE y tratamiento de soporte dirigido a la clínica. ECG, glucemia, electrolitos, función renal/hepática u otras pruebas según mecanismo y síntomas. Ingesta intencional, dosis desconocida, formulación de liberación prolongada o paciente sintomático: evaluación en urgencias y consulta a toxicología/CIT.",Ninguno específico establecido,https://www.rch.org.au/clinicalguide/guideline_index/Poisoning_Initial_Management/,,DATOS_ESPECIFICOS_LIMITADOS,REVISADO_CONSERVADOR,"Se elimina cualquier cifra previa que represente dosis terapéutica máxima, DL50 animal o umbral no sustentado como toxicidad aguda humana.",,,Mixta / depende de contexto,NO,2026-09-02,MED-0247,NO,1,NO
EVOGLIPTINA,mg,5,TABLETA RECUBIERTA,SDTE,"Gastritis, dispepsia, diarrea; periodontitis; nasofaringitis; disfunción eréc...",MEDIDAS GENERALES,SIN_DOSIS_TOXICA_ESPECIFICA,Inhibidor DPP-4,SDTE — no hay umbral de toxicidad aguda específico útil para automatizar; sobredosis aislada suele ser de baja toxicidad.,SDTE / CLINICO,Síntomas GI o inespecíficos; hipoglucemia es poco probable en monoterapia pero aumenta con sulfonilurea/insulina.,"Soporte y glucemia, con atención a coingestas hipoglucemiantes.",Ninguno específico,https://www.rch.org.au/clinicalguide/guideline_index/Poisoning_Initial_Management/,,REVISION_CONSERVADORA,VALIDADO_POR_CLASE,,,,Mixta / depende de contexto,NO,2026-09-02,MED-0248,NO,1,NO
EXEMESTANO,mg,25,TABLETA RECUBIERTA,>1-2 G/KG,"Leucopenia, trombocitopenia; anorexia; insomnio, depresión; cefalea, mareos, ...",MEDIDAS GENERALES,PENDIENTE_VALIDACION,Otros / datos específicos limitados,SDTE — sin dosis tóxica humana específica suficientemente validada para automatizar en esta versión.,SDTE,"La sobredosis puede intensificar los efectos farmacológicos y reacciones adversas conocidas. La expresión clínica depende de dosis, formulación, comorbilidades y coingestas.","ABCDE y tratamiento de soporte dirigido a la clínica. ECG, glucemia, electrolitos, función renal/hepática u otras pruebas según mecanismo y síntomas. Ingesta intencional, dosis desconocida, formulación de liberación prolongada o paciente sintomático: evaluación en urgencias y consulta a toxicología/CIT.",Ninguno específico establecido,https://www.rch.org.au/clinicalguide/guideline_index/Poisoning_Initial_Management/,,DATOS_ESPECIFICOS_LIMITADOS,REVISADO_CONSERVADOR,"Se elimina cualquier cifra previa que represente dosis terapéutica máxima, DL50 animal o umbral no sustentado como toxicidad aguda humana.  El valor original '>1-2 G/KG' no se usa como umbral automatizable.",,,Mixta / depende de contexto,NO,2026-09-02,MED-0249,NO,1,NO
EZETIMIBE,mg,10,TABLETAS,SDTE,"Monoterapia: dolor abdominal, diarrea, flatulencia; fatiga. Coadministrado co...",MEDIDAS GENERALES,SIN_DOSIS_TOXICA_ESPECIFICA,Otros / datos específicos limitados,SDTE — sin dosis tóxica humana específica suficientemente validada para automatizar en esta versión.,SDTE,"La sobredosis puede intensificar los efectos farmacológicos y reacciones adversas conocidas. La expresión clínica depende de dosis, formulación, comorbilidades y coingestas.","ABCDE y tratamiento de soporte dirigido a la clínica. ECG, glucemia, electrolitos, función renal/hepática u otras pruebas según mecanismo y síntomas. Ingesta intencional, dosis desconocida, formulación de liberación prolongada o paciente sintomático: evaluación en urgencias y consulta a toxicología/CIT.",Ninguno específico establecido,https://www.rch.org.au/clinicalguide/guideline_index/Poisoning_Initial_Management/,,DATOS_ESPECIFICOS_LIMITADOS,REVISADO_CONSERVADOR,"Se elimina cualquier cifra previa que represente dosis terapéutica máxima, DL50 animal o umbral no sustentado como toxicidad aguda humana.",,,Mixta / depende de contexto,NO,2026-09-02,MED-0250,NO,1,NO
FAMOTIDINA,mg,10,TABLETA,SDTE/RAM >4G/KG/DIA,"Cefalea, mareo; diarrea, estreñimiento.",MEDIDAS GENERALES,SIN_DOSIS_TOXICA_ESPECIFICA,Otros / datos específicos limitados,SDTE — sin dosis tóxica humana específica suficientemente validada para automatizar en esta versión.,SDTE,"La sobredosis puede intensificar los efectos farmacológicos y reacciones adversas conocidas. La expresión clínica depende de dosis, formulación, comorbilidades y coingestas.","ABCDE y tratamiento de soporte dirigido a la clínica. ECG, glucemia, electrolitos, función renal/hepática u otras pruebas según mecanismo y síntomas. Ingesta intencional, dosis desconocida, formulación de liberación prolongada o paciente sintomático: evaluación en urgencias y consulta a toxicología/CIT.",Ninguno específico establecido,https://www.rch.org.au/clinicalguide/guideline_index/Poisoning_Initial_Management/,,DATOS_ESPECIFICOS_LIMITADOS,REVISADO_CONSERVADOR,"Se elimina cualquier cifra previa que represente dosis terapéutica máxima, DL50 animal o umbral no sustentado como toxicidad aguda humana.",,,Mixta / depende de contexto,NO,2026-09-02,MED-0251,NO,1,NO
FEBUXOSTAT,mg,120,TABLETA RECUBIERTA,SDTE/RAM> 240MG/DIA,"Crisis agudas de gota; cefalea; diarrea, náuseas; exantema; aumento de la cre...",MEDIDAS GENERALES,SIN_DOSIS_TOXICA_ESPECIFICA,Otros / datos específicos limitados,SDTE — sin dosis tóxica humana específica suficientemente validada para automatizar en esta versión.,SDTE,"La sobredosis puede intensificar los efectos farmacológicos y reacciones adversas conocidas. La expresión clínica depende de dosis, formulación, comorbilidades y coingestas.","ABCDE y tratamiento de soporte dirigido a la clínica. ECG, glucemia, electrolitos, función renal/hepática u otras pruebas según mecanismo y síntomas. Ingesta intencional, dosis desconocida, formulación de liberación prolongada o paciente sintomático: evaluación en urgencias y consulta a toxicología/CIT.",Ninguno específico establecido,https://www.rch.org.au/clinicalguide/guideline_index/Poisoning_Initial_Management/,,DATOS_ESPECIFICOS_LIMITADOS,REVISADO_CONSERVADOR,"Se elimina cualquier cifra previa que represente dosis terapéutica máxima, DL50 animal o umbral no sustentado como toxicidad aguda humana.",,,Mixta / depende de contexto,NO,2026-09-02,MED-0252,NO,1,NO
FENILEFRINA,mg,25,TABLETA,75-125 MG/DIA,"mucosas secas y calientes, piel seca, rubor y calor, xerodermia, retención ur...",FISOSTIGMINA (CUANDO HAY SIND. ANTICOLINERGICO),PENDIENTE_VALIDACION,Simpaticomimético / estimulante,SDTE — no hay umbral universal; toxicidad es clínica y depende del agente.,SDTE / CLASE,"Agitación, midriasis, diaforesis, taquicardia, hipertensión, hipertermia, dolor torácico, convulsiones y arritmias.","Benzodiacepinas como base para agitación/hiperactividad adrenérgica, enfriamiento si hipertermia y tratamiento dirigido de complicaciones cardiovasculares.",Ninguno específico,https://pubmed.ncbi.nlm.nih.gov/37721023/,,GUIA AHA,VALIDADO_POR_CLASE,El valor original '75-125 MG/DIA' no se usa como umbral automatizable. Se corrigió o restringió una recomendación específica de la base original que podía inducir manejo inapropiado si se automatizaba.,,,Mixta / depende de contexto,NO,2026-09-02,MED-0253,NO,1,SI
FENITOINA SODICA,mg,100,CADA TABLETA RECUBIERTA CONTIENE,> O = 20MG/KG,"Con niveles entre 20 y 40 μg/ml : mareos, visión borrosa, diplopía, y náusea...",MEDIDAS GENERALES,PENDIENTE_VALIDACION,Anticonvulsivante,>20 mg/kg (o >10 mg/kg por encima de la dosis diaria habitual en tratamiento) requiere evaluación pediátrica.,UMBRAL_EVALUACION,"Nistagmo, disartria, ataxia, temblor, somnolencia, confusión; a concentraciones altas coma y convulsiones paradójicas. IV rápida puede causar hipotensión/arritmias.","Soporte, ECG especialmente si exposición IV y niveles seriados; tratamiento sintomático.",Ninguno específico,https://www.rch.org.au/clinicalguide/guideline_index/Phenytoin_poisoning/,,GUIA CLINICA,VALIDADO_ESPECIFICO,,20,Umbral pediátrico de evaluación,Pediatría,SI,2026-09-02,MED-0254,NO,1,NO
FENOBARBITAL,mg,50,TABLETA,>4MG/KG,"Reacciones cutáneas: si son graves, suspender tto. Problemas de coordinación ...",MEDIDAS GENERALES,PENDIENTE_VALIDACION,Barbitúrico,>5 mg/kg (o >10 mg/kg por encima de la dosis terapéutica habitual en tratamiento) requiere evaluación pediátrica.,UMBRAL_EVALUACION,"Depresión SNC y respiratoria, ataxia, hipotensión, arritmias, hipotermia; toxicidad puede ser prolongada.",Soporte respiratorio/hemodinámico; carbón activado multidósis y eliminación extracorpórea pueden considerarse en toxicidad grave con toxicología.,Ninguno específico,https://www.rch.org.au/clinicalguide/guideline_index/Phenobarbitone_poisoning/,,GUIA CLINICA,VALIDADO_ESPECIFICO,,5,Umbral pediátrico de evaluación,Pediatría,SI,2026-09-02,MED-0255,NO,1,NO
FENOFIBRATO,mg,200,CÁPSULA DURA,SDTE/RAM >30MG/KG,"Trastornos digestivos, gástricos o intestinales (dolor abdominal, náuseas, vó...",MEDIDAS GENERALES,SIN_DOSIS_TOXICA_ESPECIFICA,Otros / datos específicos limitados,SDTE — sin dosis tóxica humana específica suficientemente validada para automatizar en esta versión.,SDTE,"La sobredosis puede intensificar los efectos farmacológicos y reacciones adversas conocidas. La expresión clínica depende de dosis, formulación, comorbilidades y coingestas.","ABCDE y tratamiento de soporte dirigido a la clínica. ECG, glucemia, electrolitos, función renal/hepática u otras pruebas según mecanismo y síntomas. Ingesta intencional, dosis desconocida, formulación de liberación prolongada o paciente sintomático: evaluación en urgencias y consulta a toxicología/CIT.",Ninguno específico establecido,https://www.rch.org.au/clinicalguide/guideline_index/Poisoning_Initial_Management/,,DATOS_ESPECIFICOS_LIMITADOS,REVISADO_CONSERVADOR,"Se elimina cualquier cifra previa que represente dosis terapéutica máxima, DL50 animal o umbral no sustentado como toxicidad aguda humana.",,,Mixta / depende de contexto,NO,2026-09-02,MED-0256,NO,1,NO
FENOTEROL,mg,0.05,CADA DOSIS,SDTE,"Hipersensibilidad;Hipopotasemia, incluida la hipopotasemia seria;Agitación, n...",MEDIDAS GENERALES,SIN_DOSIS_TOXICA_ESPECIFICA,Agonista beta-adrenérgico,SDTE — no usar una dosis máxima terapéutica como umbral de toxicidad.,SDTE / CLASE,"Taquicardia, palpitaciones, temblor, hipokalemia, hiperglucemia, lactato elevado; arritmias en casos graves.","Soporte, ECG, potasio/glucosa/lactato según gravedad; corregir electrolitos con prudencia y tratar arritmias/hemodinámica.",Ninguno específico,https://pubmed.ncbi.nlm.nih.gov/37721023/,,MECANISMO/CONSENSO,VALIDADO_POR_CLASE,,,,Mixta / depende de contexto,NO,2026-09-02,MED-0257,NO,1,NO
FENOVERINA,mg,200,CAPSULA,SDTE/DMax 400 MG /DIA,"Sequedad de boca, constipación, aumento de la flatulencia, aumento del dolor,...",MEDIDAS GENERALES,SIN_DOSIS_TOXICA_ESPECIFICA,Otros / datos específicos limitados,SDTE — sin dosis tóxica humana específica suficientemente validada para automatizar en esta versión.,SDTE,"La sobredosis puede intensificar los efectos farmacológicos y reacciones adversas conocidas. La expresión clínica depende de dosis, formulación, comorbilidades y coingestas.","ABCDE y tratamiento de soporte dirigido a la clínica. ECG, glucemia, electrolitos, función renal/hepática u otras pruebas según mecanismo y síntomas. Ingesta intencional, dosis desconocida, formulación de liberación prolongada o paciente sintomático: evaluación en urgencias y consulta a toxicología/CIT.",Ninguno específico establecido,https://www.rch.org.au/clinicalguide/guideline_index/Poisoning_Initial_Management/,,DATOS_ESPECIFICOS_LIMITADOS,REVISADO_CONSERVADOR,"Se elimina cualquier cifra previa que represente dosis terapéutica máxima, DL50 animal o umbral no sustentado como toxicidad aguda humana.",,,Mixta / depende de contexto,NO,2026-09-02,MED-0258,NO,1,NO
FEXOFENADINA,mg,120,TABLETA CUBIERTA,>15MG/KG,"mucosas secas y calientes, piel seca, rubor y calor, xerodermia, retención ur...",FISOSTIGMINA (CUANDO HAY SIND. ANTICOLINERGICO),PENDIENTE_VALIDACION,Antihistamínico H1 poco sedante,"SDTE — no hay un corte universal; generalmente toxicidad aguda leve, pero evaluar exposición importante/síntomas.",SDTE / CLASE,"Somnolencia o agitación, cefalea, taquicardia; cardiotoxicidad grave es infrecuente con agentes modernos aislados.","Soporte y ECG si síntomas, gran ingesta o coingestas.",Ninguno específico,https://www.rch.org.au/clinicalguide/guideline_index/Antihistamine_poisoning/,,GUIA DE CLASE,VALIDADO_POR_CLASE,El valor original '>15MG/KG' no se usa como umbral automatizable. Se corrigió o restringió una recomendación específica de la base original que podía inducir manejo inapropiado si se automatizaba.,,,Mixta / depende de contexto,NO,2026-09-02,MED-0259,NO,1,SI
FINASTERIDA,mg,1,TABLETAS RECUBIERTAS,SDTE,"Disminución del volumen de eyaculación, impotencia, disminución de la libido....",MEDIDAS GENERALES,SIN_DOSIS_TOXICA_ESPECIFICA,Otros / datos específicos limitados,SDTE — sin dosis tóxica humana específica suficientemente validada para automatizar en esta versión.,SDTE,"La sobredosis puede intensificar los efectos farmacológicos y reacciones adversas conocidas. La expresión clínica depende de dosis, formulación, comorbilidades y coingestas.","ABCDE y tratamiento de soporte dirigido a la clínica. ECG, glucemia, electrolitos, función renal/hepática u otras pruebas según mecanismo y síntomas. Ingesta intencional, dosis desconocida, formulación de liberación prolongada o paciente sintomático: evaluación en urgencias y consulta a toxicología/CIT.",Ninguno específico establecido,https://www.rch.org.au/clinicalguide/guideline_index/Poisoning_Initial_Management/,,DATOS_ESPECIFICOS_LIMITADOS,REVISADO_CONSERVADOR,"Se elimina cualquier cifra previa que represente dosis terapéutica máxima, DL50 animal o umbral no sustentado como toxicidad aguda humana.",,,Mixta / depende de contexto,NO,2026-09-02,MED-0260,NO,1,NO
FINGOLIMOD,mg,0.5,CAPSULA DURA,SDTE,"Gripe, sinusitis, infecciones por virus herpes, bronquitis, tiña versicolor; ...",MEDIDAS GENERALES,SIN_DOSIS_TOXICA_ESPECIFICA,Otros / datos específicos limitados,SDTE — sin dosis tóxica humana específica suficientemente validada para automatizar en esta versión.,SDTE,"La sobredosis puede intensificar los efectos farmacológicos y reacciones adversas conocidas. La expresión clínica depende de dosis, formulación, comorbilidades y coingestas.","ABCDE y tratamiento de soporte dirigido a la clínica. ECG, glucemia, electrolitos, función renal/hepática u otras pruebas según mecanismo y síntomas. Ingesta intencional, dosis desconocida, formulación de liberación prolongada o paciente sintomático: evaluación en urgencias y consulta a toxicología/CIT.",Ninguno específico establecido,https://www.rch.org.au/clinicalguide/guideline_index/Poisoning_Initial_Management/,,DATOS_ESPECIFICOS_LIMITADOS,REVISADO_CONSERVADOR,"Se elimina cualquier cifra previa que represente dosis terapéutica máxima, DL50 animal o umbral no sustentado como toxicidad aguda humana.",,,Mixta / depende de contexto,NO,2026-09-02,MED-0261,NO,1,NO
FLAVONOIDES EXPRESADOS COMO HESPERIDINA MICRONIZADA Y PURIFICADA,mg,50,TABLETA CUBIERTA,SDTE,SINTOMAS GENERALES,MEDIDAS GENERALES,SIN_DOSIS_TOXICA_ESPECIFICA,Otros / datos específicos limitados,SDTE — sin dosis tóxica humana específica suficientemente validada para automatizar en esta versión.,SDTE,"La sobredosis puede intensificar los efectos farmacológicos y reacciones adversas conocidas. La expresión clínica depende de dosis, formulación, comorbilidades y coingestas.","ABCDE y tratamiento de soporte dirigido a la clínica. ECG, glucemia, electrolitos, función renal/hepática u otras pruebas según mecanismo y síntomas. Ingesta intencional, dosis desconocida, formulación de liberación prolongada o paciente sintomático: evaluación en urgencias y consulta a toxicología/CIT.",Ninguno específico establecido,https://www.rch.org.au/clinicalguide/guideline_index/Poisoning_Initial_Management/,,DATOS_ESPECIFICOS_LIMITADOS,REVISADO_CONSERVADOR,"Se elimina cualquier cifra previa que represente dosis terapéutica máxima, DL50 animal o umbral no sustentado como toxicidad aguda humana.",,,Mixta / depende de contexto,NO,2026-09-02,MED-0262,NO,1,NO
FLAVOXATO CLOHIDRATO,mg,200,TABLETA RECUBIERTA,> O = 1G/KG,"Náuseas, vómitos; vértigo, cefalea, labilidad emotiva; PIO; urticaria; disuri...",MEDIDAS GENERALES,PENDIENTE_VALIDACION,Anticolinérgico,SDTE — toxicidad clínica; no usar dosis máxima terapéutica como corte.,SDTE / TOXIDROME,"Midriasis, piel/mucosas secas, taquicardia, retención urinaria, íleo, agitación/delirium, hipertermia; convulsiones en gravedad.","Soporte, enfriamiento si precisa, benzodiacepinas para agitación/convulsiones, ECG y manejo de complicaciones. Fisostigmina solo en casos seleccionados por toxicología.",Fisostigmina solo en indicaciones seleccionadas y bajo toxicología.,https://www.rch.org.au/clinicalguide/guideline_index/Poisoning_Initial_Management/,,TOXIDROME/CONSENSO,VALIDADO_POR_CLASE,El valor original '> O = 1G/KG' no se usa como umbral automatizable.,,,Mixta / depende de contexto,NO,2026-09-02,MED-0263,NO,1,NO
FLUBENDAZOL,mg,500,TABLETA,SDTE,SINTOMAS GENERALES,MEDIDAS GENERALES,SIN_DOSIS_TOXICA_ESPECIFICA,Otros / datos específicos limitados,SDTE — sin dosis tóxica humana específica suficientemente validada para automatizar en esta versión.,SDTE,"La sobredosis puede intensificar los efectos farmacológicos y reacciones adversas conocidas. La expresión clínica depende de dosis, formulación, comorbilidades y coingestas.","ABCDE y tratamiento de soporte dirigido a la clínica. ECG, glucemia, electrolitos, función renal/hepática u otras pruebas según mecanismo y síntomas. Ingesta intencional, dosis desconocida, formulación de liberación prolongada o paciente sintomático: evaluación en urgencias y consulta a toxicología/CIT.",Ninguno específico establecido,https://www.rch.org.au/clinicalguide/guideline_index/Poisoning_Initial_Management/,,DATOS_ESPECIFICOS_LIMITADOS,REVISADO_CONSERVADOR,"Se elimina cualquier cifra previa que represente dosis terapéutica máxima, DL50 animal o umbral no sustentado como toxicidad aguda humana.",,,Mixta / depende de contexto,NO,2026-09-02,MED-0264,NO,1,NO
FLUCITOSINA,mg,500,CAPSULADURA,SDTE/DMax >100-150 MG/KG/DIA,"depresión de la médula ósea, función hepática anormal y náusea",MEDIDAS GENERALES,SIN_DOSIS_TOXICA_ESPECIFICA,Otros / datos específicos limitados,SDTE — sin dosis tóxica humana específica suficientemente validada para automatizar en esta versión.,SDTE,"La sobredosis puede intensificar los efectos farmacológicos y reacciones adversas conocidas. La expresión clínica depende de dosis, formulación, comorbilidades y coingestas.","ABCDE y tratamiento de soporte dirigido a la clínica. ECG, glucemia, electrolitos, función renal/hepática u otras pruebas según mecanismo y síntomas. Ingesta intencional, dosis desconocida, formulación de liberación prolongada o paciente sintomático: evaluación en urgencias y consulta a toxicología/CIT.",Ninguno específico establecido,https://www.rch.org.au/clinicalguide/guideline_index/Poisoning_Initial_Management/,,DATOS_ESPECIFICOS_LIMITADOS,REVISADO_CONSERVADOR,"Se elimina cualquier cifra previa que represente dosis terapéutica máxima, DL50 animal o umbral no sustentado como toxicidad aguda humana.",,,Mixta / depende de contexto,NO,2026-09-02,MED-0265,NO,1,NO
FLUCONAZOL,mg,75,TABLETA CUBIERTA,SDTE,"Cefalea; dolor abdominal, vómitos, diarrea, náuseas; aumento de ALT, AST y fo...",MEDIDAS GENERALES,SIN_DOSIS_TOXICA_ESPECIFICA,Otros / datos específicos limitados,SDTE — sin dosis tóxica humana específica suficientemente validada para automatizar en esta versión.,SDTE,"La sobredosis puede intensificar los efectos farmacológicos y reacciones adversas conocidas. La expresión clínica depende de dosis, formulación, comorbilidades y coingestas.","ABCDE y tratamiento de soporte dirigido a la clínica. ECG, glucemia, electrolitos, función renal/hepática u otras pruebas según mecanismo y síntomas. Ingesta intencional, dosis desconocida, formulación de liberación prolongada o paciente sintomático: evaluación en urgencias y consulta a toxicología/CIT.",Ninguno específico establecido,https://www.rch.org.au/clinicalguide/guideline_index/Poisoning_Initial_Management/,,DATOS_ESPECIFICOS_LIMITADOS,REVISADO_CONSERVADOR,"Se elimina cualquier cifra previa que represente dosis terapéutica máxima, DL50 animal o umbral no sustentado como toxicidad aguda humana.",,,Mixta / depende de contexto,NO,2026-09-02,MED-0266,NO,1,NO
FLUDROCORTISONA,mg,0.1,TABLETA,SDTE,"Cefalea; incremento de peso, edemas, pérdida de potasio; hipertensión",MEDIDAS GENERALES,SIN_DOSIS_TOXICA_ESPECIFICA,Otros / datos específicos limitados,SDTE — sin dosis tóxica humana específica suficientemente validada para automatizar en esta versión.,SDTE,"La sobredosis puede intensificar los efectos farmacológicos y reacciones adversas conocidas. La expresión clínica depende de dosis, formulación, comorbilidades y coingestas.","ABCDE y tratamiento de soporte dirigido a la clínica. ECG, glucemia, electrolitos, función renal/hepática u otras pruebas según mecanismo y síntomas. Ingesta intencional, dosis desconocida, formulación de liberación prolongada o paciente sintomático: evaluación en urgencias y consulta a toxicología/CIT.",Ninguno específico establecido,https://www.rch.org.au/clinicalguide/guideline_index/Poisoning_Initial_Management/,,DATOS_ESPECIFICOS_LIMITADOS,REVISADO_CONSERVADOR,"Se elimina cualquier cifra previa que represente dosis terapéutica máxima, DL50 animal o umbral no sustentado como toxicidad aguda humana.",,,Mixta / depende de contexto,NO,2026-09-02,MED-0267,NO,1,NO
FLUNARIZINA,mg,5,CADA CÁPSULA CONTIENE FLUNARIZINA DICLORHIDRATO EQUIVALENTE AA,SDTE/DMax 10MG/DIA,"Rinitis, aumento de apetito, depresión, insomnio, somnolencia, fatiga, estreñ...",MEDIDAS GENERALES,SIN_DOSIS_TOXICA_ESPECIFICA,Antihistamínico H1 sedante,"SDTE — no usar un único corte por clase. En pediatría, ingesta >3 veces la dosis diaria máxima o síntomas ameritan evaluación según guía.",UMBRAL_RELATIVO / CLASE,"Anticolinergia, agitación/delirium, somnolencia, convulsiones; algunos producen bloqueo de sodio y QT prolongado.","Soporte, ECG, benzodiacepinas para agitación/convulsiones; bicarbonato si hay evidencia de bloqueo de sodio. Evitar asumir seguridad por ausencia inicial de síntomas en grandes ingestas.",Ninguno específico,https://www.rch.org.au/clinicalguide/guideline_index/Antihistamine_poisoning/,https://pubmed.ncbi.nlm.nih.gov/37721023/,GUIA DE CLASE,VALIDADO_POR_CLASE,,,,Mixta / depende de contexto,NO,2026-09-02,MED-0268,NO,1,NO
FLUOXETINA,mg,20,CAPSULA,>100 MG,"NAUSEAS, VOMITOS, SEDACION, TEMBLOR, TAQUICARDIA, HIPERTENSION, - HIPOTENSION...",CIPROHEPTADINA,PENDIENTE_VALIDACION,ISRS,Umbral pediátrico de evaluación RCH: >5 mg/kg o >60 mg. Estos cortes NO aplican automáticamente a adolescentes/adultos.,UMBRAL_EVALUACION_PEDIATRICO,"La mayoría de sobredosis aisladas son benignas; náuseas, temblor, somnolencia y serotoninotoxicidad leve. Citalopram/escitalopram tienen mayor preocupación por QT/arritmia.",Soporte; valorar ECG especialmente con citalopram/escitalopram y coingestas. Tratar síndrome serotoninérgico y convulsiones con medidas estándar; consultar toxicología en exposiciones significativas.,Ninguno específico,https://www.rch.org.au/clinicalguide/guideline_index/Selective_serotonin_re-uptake_inhibitors_SSRIs_poisoning/,,GUIA CLINICA,VALIDADO_ESPECIFICO,Se corrigió o restringió una recomendación específica de la base original que podía inducir manejo inapropiado si se automatizaba.,5,Umbral pediátrico de evaluación,Pediatría; NO aplicar a adolescentes/adultos,SI,2026-09-02,MED-0269,NO,1,SI
FLURBIPROFENO,mg,8.75,TABLETA,SDTE/DMax 900 MG/DIA,"Náuseas, vómitos, dispepsias, hemorragia gastrointestinal, ulceración péptica...",MEDIDAS GENERALES,SIN_DOSIS_TOXICA_ESPECIFICA,AINE,SDTE para este AINE en la app: no extrapolar automáticamente los cortes de ibuprofeno a otros AINEs.,SDTE / CLASE,"Predominan síntomas gastrointestinales y neurológicos; sobredosis importante puede asociarse a lesión renal, alteraciones metabólicas y shock.",Tratamiento de soporte y mantener hidratación adecuada en sobredosis importante. La gravedad y decontaminación dependen del fármaco y exposición; consultar toxicología en casos significativos.,Ninguno específico,https://www.rch.org.au/clinicalguide/guideline_index/Nonsteroidal_Anti-inflammatory_Drug_NSAID_poisoning/,,GUIA DE CLASE,VALIDADO_POR_CLASE,Se eliminó el umbral previo si correspondía a una dosis máxima terapéutica.,,,Mixta / depende de contexto,NO,2026-09-02,MED-0270,NO,1,NO
FLUTICASONA,mcg,250,CÁPSULA DURA DE HIPROMELOSA (HPMC) COLOR NATURAL,SDTE,"Candidiasis orofaríngea, cefalea, ronquera, irritación de garganta, contusion...",MEDIDAS GENERALES,SIN_DOSIS_TOXICA_ESPECIFICA,Otros / datos específicos limitados,SDTE — sin dosis tóxica humana específica suficientemente validada para automatizar en esta versión.,SDTE,"La sobredosis puede intensificar los efectos farmacológicos y reacciones adversas conocidas. La expresión clínica depende de dosis, formulación, comorbilidades y coingestas.","ABCDE y tratamiento de soporte dirigido a la clínica. ECG, glucemia, electrolitos, función renal/hepática u otras pruebas según mecanismo y síntomas. Ingesta intencional, dosis desconocida, formulación de liberación prolongada o paciente sintomático: evaluación en urgencias y consulta a toxicología/CIT.",Ninguno específico establecido,https://www.rch.org.au/clinicalguide/guideline_index/Poisoning_Initial_Management/,,DATOS_ESPECIFICOS_LIMITADOS,REVISADO_CONSERVADOR,"Se elimina cualquier cifra previa que represente dosis terapéutica máxima, DL50 animal o umbral no sustentado como toxicidad aguda humana.",,,Mixta / depende de contexto,NO,2026-09-02,MED-0271,NO,1,NO
FLUVOXAMINA,mg,100,TABLETA RECUBIERTA,>1000 MG,"NAUSEAS, VOMITOS, SEDACION, TEMBLOR, TAQUICARDIA, HIPERTENSION, - HIPOTENSION...",CIPROHEPTADINA,PENDIENTE_VALIDACION,ISRS,Umbral pediátrico de evaluación RCH: >10 mg/kg o >100 mg. Estos cortes NO aplican automáticamente a adolescentes/adultos.,UMBRAL_EVALUACION_PEDIATRICO,"La mayoría de sobredosis aisladas son benignas; náuseas, temblor, somnolencia y serotoninotoxicidad leve. Citalopram/escitalopram tienen mayor preocupación por QT/arritmia.",Soporte; valorar ECG especialmente con citalopram/escitalopram y coingestas. Tratar síndrome serotoninérgico y convulsiones con medidas estándar; consultar toxicología en exposiciones significativas.,Ninguno específico,https://www.rch.org.au/clinicalguide/guideline_index/Selective_serotonin_re-uptake_inhibitors_SSRIs_poisoning/,,GUIA CLINICA,VALIDADO_ESPECIFICO,Se corrigió o restringió una recomendación específica de la base original que podía inducir manejo inapropiado si se automatizaba.,10,Umbral pediátrico de evaluación,Pediatría; NO aplicar a adolescentes/adultos,SI,2026-09-02,MED-0272,NO,1,SI
FORMOTEROL,mcg,10,POR CADA CAPSULA,SDTE,"Palpitaciones, cefalea, temblor, tos.",B-BLOQUEADOR CARDIO SELECTIVO (METOPROLOL),SIN_DOSIS_TOXICA_ESPECIFICA,Agonista beta-adrenérgico,SDTE — no usar una dosis máxima terapéutica como umbral de toxicidad.,SDTE / CLASE,"Taquicardia, palpitaciones, temblor, hipokalemia, hiperglucemia, lactato elevado; arritmias en casos graves.","Soporte, ECG, potasio/glucosa/lactato según gravedad; corregir electrolitos con prudencia y tratar arritmias/hemodinámica.",Ninguno específico,https://pubmed.ncbi.nlm.nih.gov/37721023/,,MECANISMO/CONSENSO,VALIDADO_POR_CLASE,Se corrigió o restringió una recomendación específica de la base original que podía inducir manejo inapropiado si se automatizaba.,,,Mixta / depende de contexto,NO,2026-09-02,MED-0273,NO,1,SI
FURAZOLIDONA,mg,100,TABLETA RECUBIERTA,SDTE/>20MG/KG/DIA APROX 1.5G/DIA,"Dolor abdominal, diarrea, náuseas,vómitos; coloración oscura de la orina atri...",MEDIDAS GENERALES,SIN_DOSIS_TOXICA_ESPECIFICA,Otros / datos específicos limitados,SDTE — sin dosis tóxica humana específica suficientemente validada para automatizar en esta versión.,SDTE,"La sobredosis puede intensificar los efectos farmacológicos y reacciones adversas conocidas. La expresión clínica depende de dosis, formulación, comorbilidades y coingestas.","ABCDE y tratamiento de soporte dirigido a la clínica. ECG, glucemia, electrolitos, función renal/hepática u otras pruebas según mecanismo y síntomas. Ingesta intencional, dosis desconocida, formulación de liberación prolongada o paciente sintomático: evaluación en urgencias y consulta a toxicología/CIT.",Ninguno específico establecido,https://www.rch.org.au/clinicalguide/guideline_index/Poisoning_Initial_Management/,,DATOS_ESPECIFICOS_LIMITADOS,REVISADO_CONSERVADOR,"Se elimina cualquier cifra previa que represente dosis terapéutica máxima, DL50 animal o umbral no sustentado como toxicidad aguda humana.",,,Mixta / depende de contexto,NO,2026-09-02,MED-0274,NO,1,NO
FUROSEMIDA,mg,40,TABLETA RECUBIERTA,3MG/KG,"Alteraciones electrolíticas (incluyendo las sintomáticas), deshidratación e h...",MEDIDAS GENERALES,PENDIENTE_VALIDACION,Otros / datos específicos limitados,SDTE — sin dosis tóxica humana específica suficientemente validada para automatizar en esta versión.,SDTE,"La sobredosis puede intensificar los efectos farmacológicos y reacciones adversas conocidas. La expresión clínica depende de dosis, formulación, comorbilidades y coingestas.","ABCDE y tratamiento de soporte dirigido a la clínica. ECG, glucemia, electrolitos, función renal/hepática u otras pruebas según mecanismo y síntomas. Ingesta intencional, dosis desconocida, formulación de liberación prolongada o paciente sintomático: evaluación en urgencias y consulta a toxicología/CIT.",Ninguno específico establecido,https://www.rch.org.au/clinicalguide/guideline_index/Poisoning_Initial_Management/,,DATOS_ESPECIFICOS_LIMITADOS,REVISADO_CONSERVADOR,"Se elimina cualquier cifra previa que represente dosis terapéutica máxima, DL50 animal o umbral no sustentado como toxicidad aguda humana.  El valor original '3MG/KG' no se usa como umbral automatizable.",,,Mixta / depende de contexto,NO,2026-09-02,MED-0275,NO,1,NO
GABAPENTIN,mg,400,CAPSULA DURA,>150MG/KG,"Infección viral, neumonía, infección respiratoria, infección del tracto urina...",MEDIDAS GENERALES,PENDIENTE_VALIDACION,Anticonvulsivante,SDTE — no hay un umbral común válido para esta clase; varios agentes tienen toxicidades específicas.,SDTE / CLASE,"Depresión SNC, ataxia y mareos son frecuentes; lamotrigina/lacosamida pueden alterar conducción, y sobredosis grandes pueden causar convulsiones o arritmias.","Soporte, ECG en agentes con potencial cardiotóxico y tratamiento de convulsiones. Considerar niveles cuando sean clínicamente útiles y consulta toxicológica.",Ninguno específico,https://www.rch.org.au/clinicalguide/guideline_index/Poisoning_Initial_Management/,,CLASE/REVISION_CONSERVADORA,VALIDADO_POR_CLASE,El valor original '>150MG/KG' no se usa como umbral automatizable.,,,Mixta / depende de contexto,NO,2026-09-02,MED-0276,NO,1,NO
GALANTAMINA,mg,8,CAPSULA,>10-30MG/KG/DIA,"Disminución del apetito; alucinaciones, depresión; síncope, mareo, temblor, c...",ATROPINA,PENDIENTE_VALIDACION,Inhibidor de acetilcolinesterasa,SDTE — no hay umbral común robusto; sobredosis puede producir síndrome colinérgico.,SDTE / TOXIDROME,"Náuseas/vómitos/diarrea, sialorrea, diaforesis, miosis, bradicardia, broncorrea/broncoespasmo, fasciculaciones y debilidad; convulsiones en gravedad.","ABCDE, control de secreciones y bradicardia. Atropina para manifestaciones muscarínicas clínicamente significativas; soporte respiratorio. ECG según agente.",Atropina para síndrome muscarínico,https://pubmed.ncbi.nlm.nih.gov/37721023/,,MECANISMO/CONSENSO,VALIDADO_POR_CLASE,"La atropina se conserva como tratamiento de toxíndrome colinérgico, no como una indicación automática basada solo en dosis.",,,Mixta / depende de contexto,NO,2026-09-02,MED-0277,NO,1,NO
GEFITINIB,mg,250,TABLETA RECUBIERTA,SDTE,"Reacciones alérgicas y anafilaxia: Urticaria, Prurito, angioedema, disnea, Sh...",MEDIDAS GENERALES,SIN_DOSIS_TOXICA_ESPECIFICA,Otros / datos específicos limitados,SDTE — sin dosis tóxica humana específica suficientemente validada para automatizar en esta versión.,SDTE,"La sobredosis puede intensificar los efectos farmacológicos y reacciones adversas conocidas. La expresión clínica depende de dosis, formulación, comorbilidades y coingestas.","ABCDE y tratamiento de soporte dirigido a la clínica. ECG, glucemia, electrolitos, función renal/hepática u otras pruebas según mecanismo y síntomas. Ingesta intencional, dosis desconocida, formulación de liberación prolongada o paciente sintomático: evaluación en urgencias y consulta a toxicología/CIT.",Ninguno específico establecido,https://www.rch.org.au/clinicalguide/guideline_index/Poisoning_Initial_Management/,,DATOS_ESPECIFICOS_LIMITADOS,REVISADO_CONSERVADOR,"Se elimina cualquier cifra previa que represente dosis terapéutica máxima, DL50 animal o umbral no sustentado como toxicidad aguda humana.",,,Mixta / depende de contexto,NO,2026-09-02,MED-0278,NO,1,NO
GEMFIBROZILO,mg,900,TABLETA RECUBIERTA.,SDTE/DMax 1500 MG/DIA,"Vértigo, dolor de cabeza; dispepsia, dolor abdominal, diarrea, flatulencia, n...",MEDIDAS GENERALES,SIN_DOSIS_TOXICA_ESPECIFICA,Otros / datos específicos limitados,SDTE — sin dosis tóxica humana específica suficientemente validada para automatizar en esta versión.,SDTE,"La sobredosis puede intensificar los efectos farmacológicos y reacciones adversas conocidas. La expresión clínica depende de dosis, formulación, comorbilidades y coingestas.","ABCDE y tratamiento de soporte dirigido a la clínica. ECG, glucemia, electrolitos, función renal/hepática u otras pruebas según mecanismo y síntomas. Ingesta intencional, dosis desconocida, formulación de liberación prolongada o paciente sintomático: evaluación en urgencias y consulta a toxicología/CIT.",Ninguno específico establecido,https://www.rch.org.au/clinicalguide/guideline_index/Poisoning_Initial_Management/,,DATOS_ESPECIFICOS_LIMITADOS,REVISADO_CONSERVADOR,"Se elimina cualquier cifra previa que represente dosis terapéutica máxima, DL50 animal o umbral no sustentado como toxicidad aguda humana.",,,Mixta / depende de contexto,NO,2026-09-02,MED-0279,NO,1,NO
GESTODENO,mcg,75,GRAGEA,SDTE,Gastrointestinales: Náuseas y vómitos Dolor abdominal Distensión abdominal En...,MEDIDAS GENERALES,SIN_DOSIS_TOXICA_ESPECIFICA,Otros / datos específicos limitados,SDTE — sin dosis tóxica humana específica suficientemente validada para automatizar en esta versión.,SDTE,"La sobredosis puede intensificar los efectos farmacológicos y reacciones adversas conocidas. La expresión clínica depende de dosis, formulación, comorbilidades y coingestas.","ABCDE y tratamiento de soporte dirigido a la clínica. ECG, glucemia, electrolitos, función renal/hepática u otras pruebas según mecanismo y síntomas. Ingesta intencional, dosis desconocida, formulación de liberación prolongada o paciente sintomático: evaluación en urgencias y consulta a toxicología/CIT.",Ninguno específico establecido,https://www.rch.org.au/clinicalguide/guideline_index/Poisoning_Initial_Management/,,DATOS_ESPECIFICOS_LIMITADOS,REVISADO_CONSERVADOR,"Se elimina cualquier cifra previa que represente dosis terapéutica máxima, DL50 animal o umbral no sustentado como toxicidad aguda humana.",,,Mixta / depende de contexto,NO,2026-09-02,MED-0280,NO,1,NO
GILTERITINIB,mg,40,TABLETA RECUBIERTA CON PELICULA,SDTE,"Reacciones alérgicas y anafilaxia: Urticaria, Prurito, angioedema, disnea, Sh...",MEDIDAS GENERALES,SIN_DOSIS_TOXICA_ESPECIFICA,Otros / datos específicos limitados,SDTE — sin dosis tóxica humana específica suficientemente validada para automatizar en esta versión.,SDTE,"La sobredosis puede intensificar los efectos farmacológicos y reacciones adversas conocidas. La expresión clínica depende de dosis, formulación, comorbilidades y coingestas.","ABCDE y tratamiento de soporte dirigido a la clínica. ECG, glucemia, electrolitos, función renal/hepática u otras pruebas según mecanismo y síntomas. Ingesta intencional, dosis desconocida, formulación de liberación prolongada o paciente sintomático: evaluación en urgencias y consulta a toxicología/CIT.",Ninguno específico establecido,https://www.rch.org.au/clinicalguide/guideline_index/Poisoning_Initial_Management/,,DATOS_ESPECIFICOS_LIMITADOS,REVISADO_CONSERVADOR,"Se elimina cualquier cifra previa que represente dosis terapéutica máxima, DL50 animal o umbral no sustentado como toxicidad aguda humana.",,,Mixta / depende de contexto,NO,2026-09-02,MED-0281,NO,1,NO
GLIBENCLAMIDA,mg,5,TABLETA RECUBIERTA,">0,2MG/KG","Molestias visuales transitorias (al inicio); hipersensibilidad; náuseas, vómi...",MEDIDAS GENERALES,PENDIENTE_VALIDACION,Sulfonilurea,SDTE — incluso una sola tableta puede producir hipoglucemia grave en niños pequeños; no usar un umbral de mg/kg para descartar riesgo.,EXPOSICION_POTENCIALMENTE_SIGNIFICATIVA,"Hipoglucemia prolongada/recidivante, neuroglucopenia, convulsiones, coma.",Glucosa IV si hipoglucemia + octreótido para suprimir liberación de insulina; monitorización prolongada de glucemia. Exposición pediátrica requiere valoración aun con una tableta.,Octreótido (con glucosa para corregir hipoglucemia),https://www.rch.org.au/clinicalguide/guideline_index/Oral_Hypoglycaemic_Poisoning/,,GUIA CLINICA,VALIDADO_POR_CLASE,"El valor original '>0,2MG/KG' no se usa como umbral automatizable.",,,Mixta / depende de contexto,NO,2026-09-02,MED-0282,NO,1,NO
GLICLAZIDA,mg,60,TABLETA RANURADA DE LIBERACION PROLONGADA,SDTE/DMax 240MG/DIA,"Hipoglucemia, dolor abdominal, náuseas, vómitos, dispepsia, diarrea, estreñim...",MEDIDAS GENERALES,SIN_DOSIS_TOXICA_ESPECIFICA,Sulfonilurea,SDTE — incluso una sola tableta puede producir hipoglucemia grave en niños pequeños; no usar un umbral de mg/kg para descartar riesgo.,EXPOSICION_POTENCIALMENTE_SIGNIFICATIVA,"Hipoglucemia prolongada/recidivante, neuroglucopenia, convulsiones, coma.",Glucosa IV si hipoglucemia + octreótido para suprimir liberación de insulina; monitorización prolongada de glucemia. Exposición pediátrica requiere valoración aun con una tableta.,Octreótido (con glucosa para corregir hipoglucemia),https://www.rch.org.au/clinicalguide/guideline_index/Oral_Hypoglycaemic_Poisoning/,,GUIA CLINICA,VALIDADO_POR_CLASE,,,,Mixta / depende de contexto,NO,2026-09-02,MED-0283,NO,1,NO
GLIMEPIRIDA,mg,2,COMPRIMIDO,SDTE/>6 MG/DIA,"Frecuentes: cefalea, astenia, mareos, hipoglucemia. Poco frecuentes: náusea, ...",MEDIDAS GENERALES,SIN_DOSIS_TOXICA_ESPECIFICA,Sulfonilurea,SDTE — incluso una sola tableta puede producir hipoglucemia grave en niños pequeños; no usar un umbral de mg/kg para descartar riesgo.,EXPOSICION_POTENCIALMENTE_SIGNIFICATIVA,"Hipoglucemia prolongada/recidivante, neuroglucopenia, convulsiones, coma.",Glucosa IV si hipoglucemia + octreótido para suprimir liberación de insulina; monitorización prolongada de glucemia. Exposición pediátrica requiere valoración aun con una tableta.,Octreótido (con glucosa para corregir hipoglucemia),https://www.rch.org.au/clinicalguide/guideline_index/Oral_Hypoglycaemic_Poisoning/,,GUIA CLINICA,VALIDADO_POR_CLASE,,,,Mixta / depende de contexto,NO,2026-09-02,MED-0284,NO,1,NO
GLUCOSAMINA SULFATO,mg,500,CÁPSULA DURA DE GELATINA VEGETAL,SDTE,"Cefalea, somnolencia; dispepsia; diarrea, estreñimiento, náuseas, dolor abdom...",MEDIDAS GENERALES,SIN_DOSIS_TOXICA_ESPECIFICA,Otros / datos específicos limitados,SDTE — sin dosis tóxica humana específica suficientemente validada para automatizar en esta versión.,SDTE,"La sobredosis puede intensificar los efectos farmacológicos y reacciones adversas conocidas. La expresión clínica depende de dosis, formulación, comorbilidades y coingestas.","ABCDE y tratamiento de soporte dirigido a la clínica. ECG, glucemia, electrolitos, función renal/hepática u otras pruebas según mecanismo y síntomas. Ingesta intencional, dosis desconocida, formulación de liberación prolongada o paciente sintomático: evaluación en urgencias y consulta a toxicología/CIT.",Ninguno específico establecido,https://www.rch.org.au/clinicalguide/guideline_index/Poisoning_Initial_Management/,,DATOS_ESPECIFICOS_LIMITADOS,REVISADO_CONSERVADOR,"Se elimina cualquier cifra previa que represente dosis terapéutica máxima, DL50 animal o umbral no sustentado como toxicidad aguda humana.",,,Mixta / depende de contexto,NO,2026-09-02,MED-0285,NO,1,NO
HALOPERIDOL,mg,5,TABLETA RECUBIERTA,>0.5MG/KG,"RIGIDEZ MUSCULAR, FIEBRE, DIAFORESIS, DISFAGIA, TEMBLOR, INCONTINENCIA, CONFU...",DANTROLENO,PENDIENTE_VALIDACION,Antipsicótico,SDTE — no usar una dosis terapéutica máxima como umbral de toxicidad. La toxicidad varía por agente y formulación.,SDTE / CLASE,"Depresión SNC, taquicardia, hipotensión, anticolinergia o síntomas extrapiramidales; algunos agentes prolongan QT o producen arritmia.","Soporte, ECG y vigilancia neurológica/hemodinámica. Tratar hipotensión, convulsiones y distonía según clínica; consultar toxicología en exposición significativa.",Ninguno específico,https://pubmed.ncbi.nlm.nih.gov/37721023/,https://www.rch.org.au/clinicalguide/guideline_index/Risperidone_Poisoning/,CLASE/CONSENSO,VALIDADO_POR_CLASE,El valor original '>0.5MG/KG' no se usa como umbral automatizable. Se corrigió o restringió una recomendación específica de la base original que podía inducir manejo inapropiado si se automatizaba.,,,Mixta / depende de contexto,NO,2026-09-02,MED-0286,NO,1,SI
HESPERIDINA,mg,50,COMPRIMIDO RECUBIERTO,>2G/KG,SINTOMAS GENERALES,MEDIDAS GENERALES,PENDIENTE_VALIDACION,Otros / datos específicos limitados,SDTE — sin dosis tóxica humana específica suficientemente validada para automatizar en esta versión.,SDTE,"La sobredosis puede intensificar los efectos farmacológicos y reacciones adversas conocidas. La expresión clínica depende de dosis, formulación, comorbilidades y coingestas.","ABCDE y tratamiento de soporte dirigido a la clínica. ECG, glucemia, electrolitos, función renal/hepática u otras pruebas según mecanismo y síntomas. Ingesta intencional, dosis desconocida, formulación de liberación prolongada o paciente sintomático: evaluación en urgencias y consulta a toxicología/CIT.",Ninguno específico establecido,https://www.rch.org.au/clinicalguide/guideline_index/Poisoning_Initial_Management/,,DATOS_ESPECIFICOS_LIMITADOS,REVISADO_CONSERVADOR,"Se elimina cualquier cifra previa que represente dosis terapéutica máxima, DL50 animal o umbral no sustentado como toxicidad aguda humana.  El valor original '>2G/KG' no se usa como umbral automatizable.",,,Mixta / depende de contexto,NO,2026-09-02,MED-0287,NO,1,NO
HIDROCLOROTIAZIDA,mg,12.5,TABLETA RECUBIERTA,SDTE/DT APROX 250MG/KG/DIA,Los efectos adversos son poco frecuentes (<10%) y generalmente están relacion...,MEDIDAS GENERALES,SIN_DOSIS_TOXICA_ESPECIFICA,Otros / datos específicos limitados,SDTE — sin dosis tóxica humana específica suficientemente validada para automatizar en esta versión.,SDTE,"La sobredosis puede intensificar los efectos farmacológicos y reacciones adversas conocidas. La expresión clínica depende de dosis, formulación, comorbilidades y coingestas.","ABCDE y tratamiento de soporte dirigido a la clínica. ECG, glucemia, electrolitos, función renal/hepática u otras pruebas según mecanismo y síntomas. Ingesta intencional, dosis desconocida, formulación de liberación prolongada o paciente sintomático: evaluación en urgencias y consulta a toxicología/CIT.",Ninguno específico establecido,https://www.rch.org.au/clinicalguide/guideline_index/Poisoning_Initial_Management/,,DATOS_ESPECIFICOS_LIMITADOS,REVISADO_CONSERVADOR,"Se elimina cualquier cifra previa que represente dosis terapéutica máxima, DL50 animal o umbral no sustentado como toxicidad aguda humana.",,,Mixta / depende de contexto,NO,2026-09-02,MED-0288,NO,1,NO
HIDROCODONA,mg,5,TABLETA,DL 100 MG/DU,"Triada: Miosis (pupilas puntiformes), Depresión respiratoria, Coma hipoxia y ...",NALOXONA,PENDIENTE_VALIDACION,Opioide,"SDTE — no existe un umbral universal seguro; evaluar por clínica, formulación, tolerancia y coingestas.",SDTE / CLINICO,"Miosis, depresión SNC y respiratoria, bradicardia/hipotensión en gravedad.",Prioridad: ventilación/oxigenación. Naloxona titulada para revertir depresión respiratoria; repetir o infundir según duración del opioide. Observar recurrencia tras naloxona y considerar coingestas.,Naloxona,https://pubmed.ncbi.nlm.nih.gov/37721023/,,GUIA AHA,VALIDADO_POR_CLASE,El valor original 'DL 100 MG/DU' no se usa como umbral automatizable.,,,Mixta / depende de contexto,NO,2026-09-02,MED-0289,NO,1,NO
HIDROCORTISONA,mg,10,TABLETA,SDTE,"leucitosis; aumento presión intracraneal con papiledema en niños, agravamient...",MEDIDAS GENERALES,SIN_DOSIS_TOXICA_ESPECIFICA,Otros / datos específicos limitados,SDTE — sin dosis tóxica humana específica suficientemente validada para automatizar en esta versión.,SDTE,"La sobredosis puede intensificar los efectos farmacológicos y reacciones adversas conocidas. La expresión clínica depende de dosis, formulación, comorbilidades y coingestas.","ABCDE y tratamiento de soporte dirigido a la clínica. ECG, glucemia, electrolitos, función renal/hepática u otras pruebas según mecanismo y síntomas. Ingesta intencional, dosis desconocida, formulación de liberación prolongada o paciente sintomático: evaluación en urgencias y consulta a toxicología/CIT.",Ninguno específico establecido,https://www.rch.org.au/clinicalguide/guideline_index/Poisoning_Initial_Management/,,DATOS_ESPECIFICOS_LIMITADOS,REVISADO_CONSERVADOR,"Se elimina cualquier cifra previa que represente dosis terapéutica máxima, DL50 animal o umbral no sustentado como toxicidad aguda humana.",,,Mixta / depende de contexto,NO,2026-09-02,MED-0290,NO,1,NO
HIDROMORFONA CLORHIDRATO,mg,2.5,TABLETA,SDTE/RAM >16MG/KG/HRA,"Triada: Miosis (pupilas puntiformes), Depresión respiratoria, Coma hipoxia y ...",NALOXONA,SIN_DOSIS_TOXICA_ESPECIFICA,Opioide,"SDTE — no existe un umbral universal seguro; evaluar por clínica, formulación, tolerancia y coingestas.",SDTE / CLINICO,"Miosis, depresión SNC y respiratoria, bradicardia/hipotensión en gravedad.",Prioridad: ventilación/oxigenación. Naloxona titulada para revertir depresión respiratoria; repetir o infundir según duración del opioide. Observar recurrencia tras naloxona y considerar coingestas.,Naloxona,https://pubmed.ncbi.nlm.nih.gov/37721023/,,GUIA AHA,VALIDADO_POR_CLASE,,,,Mixta / depende de contexto,NO,2026-09-02,MED-0291,NO,1,NO
HIDROSMINA,MG,200,CAPSULA DURA,>5G/KG,SINTOMAS GENERALES,MEDIDAS GENERALES,PENDIENTE_VALIDACION,Otros / datos específicos limitados,SDTE — sin dosis tóxica humana específica suficientemente validada para automatizar en esta versión.,SDTE,"La sobredosis puede intensificar los efectos farmacológicos y reacciones adversas conocidas. La expresión clínica depende de dosis, formulación, comorbilidades y coingestas.","ABCDE y tratamiento de soporte dirigido a la clínica. ECG, glucemia, electrolitos, función renal/hepática u otras pruebas según mecanismo y síntomas. Ingesta intencional, dosis desconocida, formulación de liberación prolongada o paciente sintomático: evaluación en urgencias y consulta a toxicología/CIT.",Ninguno específico establecido,https://www.rch.org.au/clinicalguide/guideline_index/Poisoning_Initial_Management/,,DATOS_ESPECIFICOS_LIMITADOS,REVISADO_CONSERVADOR,"Se elimina cualquier cifra previa que represente dosis terapéutica máxima, DL50 animal o umbral no sustentado como toxicidad aguda humana.  El valor original '>5G/KG' no se usa como umbral automatizable.",,,Mixta / depende de contexto,NO,2026-09-02,MED-0292,NO,1,NO
HIDROTALCITA,mg,500,COMPRIMIDO MASTICABLE,SDTE/DMax 4G/DIA,SINTOMAS GENERALES,MEDIDAS GENERALES,SIN_DOSIS_TOXICA_ESPECIFICA,Otros / datos específicos limitados,SDTE — sin dosis tóxica humana específica suficientemente validada para automatizar en esta versión.,SDTE,"La sobredosis puede intensificar los efectos farmacológicos y reacciones adversas conocidas. La expresión clínica depende de dosis, formulación, comorbilidades y coingestas.","ABCDE y tratamiento de soporte dirigido a la clínica. ECG, glucemia, electrolitos, función renal/hepática u otras pruebas según mecanismo y síntomas. Ingesta intencional, dosis desconocida, formulación de liberación prolongada o paciente sintomático: evaluación en urgencias y consulta a toxicología/CIT.",Ninguno específico establecido,https://www.rch.org.au/clinicalguide/guideline_index/Poisoning_Initial_Management/,,DATOS_ESPECIFICOS_LIMITADOS,REVISADO_CONSERVADOR,"Se elimina cualquier cifra previa que represente dosis terapéutica máxima, DL50 animal o umbral no sustentado como toxicidad aguda humana.",,,Mixta / depende de contexto,NO,2026-09-02,MED-0293,NO,1,NO
HIDROXICINA CLORHIDRATO,mg,25,TABLETA RECUBIERTA,>75-125 MG/DIA,"mucosas secas y calientes, piel seca, rubor y calor, xerodermia, retención ur...",FISOSTIGMINA (CUANDO HAY SIND. ANTICOLINERGICO),PENDIENTE_VALIDACION,Antihistamínico H1 sedante,"SDTE — no usar un único corte por clase. En pediatría, ingesta >3 veces la dosis diaria máxima o síntomas ameritan evaluación según guía.",UMBRAL_RELATIVO / CLASE,"Anticolinergia, agitación/delirium, somnolencia, convulsiones; algunos producen bloqueo de sodio y QT prolongado.","Soporte, ECG, benzodiacepinas para agitación/convulsiones; bicarbonato si hay evidencia de bloqueo de sodio. Evitar asumir seguridad por ausencia inicial de síntomas en grandes ingestas.",Ninguno específico,https://www.rch.org.au/clinicalguide/guideline_index/Antihistamine_poisoning/,https://pubmed.ncbi.nlm.nih.gov/37721023/,GUIA DE CLASE,VALIDADO_POR_CLASE,El valor original '>75-125 MG/DIA' no se usa como umbral automatizable.,,,Mixta / depende de contexto,NO,2026-09-02,MED-0294,NO,1,NO
HIDROXICLOROQUINA,mg,400,TABLETA RECUBIERTA,>20MG/KG,"Apetito disminuido; cefalea; alteraciones en la córnea (edema, opacidad) con ...",MEDIDAS GENERALES,PENDIENTE_VALIDACION,4-aminoquinolina cardiotóxica,SDTE — no se automatiza un corte universal; una sobredosis puede deteriorarse rápidamente.,SDTE / ALTO_RIESGO,"Hipotensión, QRS/QT alterados, arritmias, hipokalemia, convulsiones y coma.","Manejo intensivo precoz: vía aérea, ECG continuo, epinefrina y diazepam en toxicidad grave según protocolos, corrección prudente de potasio y carbón activado precoz si es apropiado.",No hay antídoto único; epinefrina + diazepam son terapias específicas en toxicidad grave.,https://pubmed.ncbi.nlm.nih.gov/37721023/,,GUIA/REVISION,VALIDADO_POR_CLASE,El valor original '>20MG/KG' no se usa como umbral automatizable.,,,Mixta / depende de contexto,NO,2026-09-02,MED-0295,NO,1,NO
HIDROXIUREA,mg,500,CAPSULA,>5.7G/KG,"Azoospermia, oligospermia; cáncer de piel; fallo de la médula ósea, disminuci...",MEDIDAS GENERALES,PENDIENTE_VALIDACION,Otros / datos específicos limitados,SDTE — sin dosis tóxica humana específica suficientemente validada para automatizar en esta versión.,SDTE,"La sobredosis puede intensificar los efectos farmacológicos y reacciones adversas conocidas. La expresión clínica depende de dosis, formulación, comorbilidades y coingestas.","ABCDE y tratamiento de soporte dirigido a la clínica. ECG, glucemia, electrolitos, función renal/hepática u otras pruebas según mecanismo y síntomas. Ingesta intencional, dosis desconocida, formulación de liberación prolongada o paciente sintomático: evaluación en urgencias y consulta a toxicología/CIT.",Ninguno específico establecido,https://www.rch.org.au/clinicalguide/guideline_index/Poisoning_Initial_Management/,,DATOS_ESPECIFICOS_LIMITADOS,REVISADO_CONSERVADOR,"Se elimina cualquier cifra previa que represente dosis terapéutica máxima, DL50 animal o umbral no sustentado como toxicidad aguda humana.  El valor original '>5.7G/KG' no se usa como umbral automatizable.",,,Mixta / depende de contexto,NO,2026-09-02,MED-0296,NO,1,NO
HIOSCINA,mg,10,1 TABLETA CUBIERTA,SDTE/DMax 100MG/DIA,"Taquicardia, sequedad de boca, reacción cutánea, dishidrosis. Parenteral, ad...",MEDIDAS GENERALES,SIN_DOSIS_TOXICA_ESPECIFICA,Anticolinérgico,SDTE — toxicidad clínica; no usar dosis máxima terapéutica como corte.,SDTE / TOXIDROME,"Midriasis, piel/mucosas secas, taquicardia, retención urinaria, íleo, agitación/delirium, hipertermia; convulsiones en gravedad.","Soporte, enfriamiento si precisa, benzodiacepinas para agitación/convulsiones, ECG y manejo de complicaciones. Fisostigmina solo en casos seleccionados por toxicología.",Fisostigmina solo en indicaciones seleccionadas y bajo toxicología.,https://www.rch.org.au/clinicalguide/guideline_index/Poisoning_Initial_Management/,,TOXIDROME/CONSENSO,VALIDADO_POR_CLASE,,,,Mixta / depende de contexto,NO,2026-09-02,MED-0297,NO,1,NO
HISTIDINA,mg,38,TABLETA RECUBIERTA CON PELÍCULA,15G/KG (RATAS),SINTOMAS GENERALES,MEDIDAS GENERALES,PENDIENTE_VALIDACION,Otros / datos específicos limitados,SDTE — sin dosis tóxica humana específica suficientemente validada para automatizar en esta versión.,SDTE,"La sobredosis puede intensificar los efectos farmacológicos y reacciones adversas conocidas. La expresión clínica depende de dosis, formulación, comorbilidades y coingestas.","ABCDE y tratamiento de soporte dirigido a la clínica. ECG, glucemia, electrolitos, función renal/hepática u otras pruebas según mecanismo y síntomas. Ingesta intencional, dosis desconocida, formulación de liberación prolongada o paciente sintomático: evaluación en urgencias y consulta a toxicología/CIT.",Ninguno específico establecido,https://www.rch.org.au/clinicalguide/guideline_index/Poisoning_Initial_Management/,,DATOS_ESPECIFICOS_LIMITADOS,REVISADO_CONSERVADOR,"Se elimina cualquier cifra previa que represente dosis terapéutica máxima, DL50 animal o umbral no sustentado como toxicidad aguda humana.  El valor original '15G/KG (RATAS)' no se usa como umbral automatizable.",,,Mixta / depende de contexto,NO,2026-09-02,MED-0298,NO,1,NO
IBANDRONATO,mg,150,TABLETAS RECUBIERTAS,SDTE/ DMax 150 MG DIA,"Dolor de cabeza; hipocalcemia; diarrea, dispepsia, dolor abdominal; alteració...",MEDIDAS GENERALES,SIN_DOSIS_TOXICA_ESPECIFICA,Otros / datos específicos limitados,SDTE — sin dosis tóxica humana específica suficientemente validada para automatizar en esta versión.,SDTE,"La sobredosis puede intensificar los efectos farmacológicos y reacciones adversas conocidas. La expresión clínica depende de dosis, formulación, comorbilidades y coingestas.","ABCDE y tratamiento de soporte dirigido a la clínica. ECG, glucemia, electrolitos, función renal/hepática u otras pruebas según mecanismo y síntomas. Ingesta intencional, dosis desconocida, formulación de liberación prolongada o paciente sintomático: evaluación en urgencias y consulta a toxicología/CIT.",Ninguno específico establecido,https://www.rch.org.au/clinicalguide/guideline_index/Poisoning_Initial_Management/,,DATOS_ESPECIFICOS_LIMITADOS,REVISADO_CONSERVADOR,"Se elimina cualquier cifra previa que represente dosis terapéutica máxima, DL50 animal o umbral no sustentado como toxicidad aguda humana.",,,Mixta / depende de contexto,NO,2026-09-02,MED-0299,NO,1,NO
IBRUTINIB,mg,140,CAPSULA DURA,SDTE,"Reacciones alérgicas y anafilaxia: Urticaria, Prurito, angioedema, disnea, Sh...",MEDIDAS GENERALES,SIN_DOSIS_TOXICA_ESPECIFICA,Otros / datos específicos limitados,SDTE — sin dosis tóxica humana específica suficientemente validada para automatizar en esta versión.,SDTE,"La sobredosis puede intensificar los efectos farmacológicos y reacciones adversas conocidas. La expresión clínica depende de dosis, formulación, comorbilidades y coingestas.","ABCDE y tratamiento de soporte dirigido a la clínica. ECG, glucemia, electrolitos, función renal/hepática u otras pruebas según mecanismo y síntomas. Ingesta intencional, dosis desconocida, formulación de liberación prolongada o paciente sintomático: evaluación en urgencias y consulta a toxicología/CIT.",Ninguno específico establecido,https://www.rch.org.au/clinicalguide/guideline_index/Poisoning_Initial_Management/,,DATOS_ESPECIFICOS_LIMITADOS,REVISADO_CONSERVADOR,"Se elimina cualquier cifra previa que represente dosis terapéutica máxima, DL50 animal o umbral no sustentado como toxicidad aguda humana.",,,Mixta / depende de contexto,NO,2026-09-02,MED-0300,NO,1,NO
IBUPROFENO,mg,400,TABLETA RECUBIERTA,100MG/KG,"NAUSEAS, VOMITOS, HDA, IRA, CEFALEA, ACUFENO, SORDERA, COMA, APNEA TRANSITORIA",MEDIDAS GENERALES,PENDIENTE_VALIDACION,AINE,<200 mg/kg: usualmente asintomático; 200–400 mg/kg: efectos GI/SNC leves; >400 mg/kg: riesgo de disfunción multiorgánica.,DOSIS_RESPUESTA,"Dolor epigástrico, náuseas/vómitos, somnolencia; en sobredosis grande: convulsiones, coma, lesión renal aguda y shock.","Soporte, hidratación adecuada tras sobredosis grande; valorar función renal/electrolitos si sintomático. Carbón activado no se recomienda de rutina para AINEs según la guía RCH.",Ninguno específico,https://www.rch.org.au/clinicalguide/guideline_index/Nonsteroidal_Anti-inflammatory_Drug_NSAID_poisoning/,,GUIA CLINICA,VALIDADO_ESPECIFICO,,200,Inicio de rango de efectos / evaluación,Pediatría; extrapolación a adultos no automática,SI,2026-09-02,MED-0301,NO,1,NO
ICOSAPENTANOATO DE ETILO,mg,1000,CÁPSULAS DE LIBERACIÓN NO MODIFICADA,SDTE,"Gota; fibrilación o flutter auricular; hemorragia; estreñimiento, eructos; ex...",MEDIDAS GENERALES,SIN_DOSIS_TOXICA_ESPECIFICA,Otros / datos específicos limitados,SDTE — sin dosis tóxica humana específica suficientemente validada para automatizar en esta versión.,SDTE,"La sobredosis puede intensificar los efectos farmacológicos y reacciones adversas conocidas. La expresión clínica depende de dosis, formulación, comorbilidades y coingestas.","ABCDE y tratamiento de soporte dirigido a la clínica. ECG, glucemia, electrolitos, función renal/hepática u otras pruebas según mecanismo y síntomas. Ingesta intencional, dosis desconocida, formulación de liberación prolongada o paciente sintomático: evaluación en urgencias y consulta a toxicología/CIT.",Ninguno específico establecido,https://www.rch.org.au/clinicalguide/guideline_index/Poisoning_Initial_Management/,,DATOS_ESPECIFICOS_LIMITADOS,REVISADO_CONSERVADOR,"Se elimina cualquier cifra previa que represente dosis terapéutica máxima, DL50 animal o umbral no sustentado como toxicidad aguda humana.",,,Mixta / depende de contexto,NO,2026-09-02,MED-0302,NO,1,NO
IMATINIB,mg,100,TABLETA RECUBIERTA,SDTE,"Reacciones alérgicas y anafilaxia: Urticaria, Prurito, angioedema, disnea, Sh...",MEDIDAS GENERALES,SIN_DOSIS_TOXICA_ESPECIFICA,Otros / datos específicos limitados,SDTE — sin dosis tóxica humana específica suficientemente validada para automatizar en esta versión.,SDTE,"La sobredosis puede intensificar los efectos farmacológicos y reacciones adversas conocidas. La expresión clínica depende de dosis, formulación, comorbilidades y coingestas.","ABCDE y tratamiento de soporte dirigido a la clínica. ECG, glucemia, electrolitos, función renal/hepática u otras pruebas según mecanismo y síntomas. Ingesta intencional, dosis desconocida, formulación de liberación prolongada o paciente sintomático: evaluación en urgencias y consulta a toxicología/CIT.",Ninguno específico establecido,https://www.rch.org.au/clinicalguide/guideline_index/Poisoning_Initial_Management/,,DATOS_ESPECIFICOS_LIMITADOS,REVISADO_CONSERVADOR,"Se elimina cualquier cifra previa que represente dosis terapéutica máxima, DL50 animal o umbral no sustentado como toxicidad aguda humana.",,,Mixta / depende de contexto,NO,2026-09-02,MED-0303,NO,1,NO
IMIPRAMINA CLORHIDRATO,mg,25,TABLETA CUBIERTA,10-20 mg/Kg,"confusión, somnolencia, alucinaciones, convulsiones, taquicardia, hipotensión...",BICARBONATO DE SODIO,PENDIENTE_VALIDACION,Antidepresivo tricíclico / bloqueador de canal de sodio,>5 mg/kg en niños: evaluación hospitalaria; >10–15 mg/kg se asocia a alto riesgo y requiere manejo intensivo según clínica.,UMBRAL_EVALUACION,"Anticolinérgico, depresión SNC, convulsiones, hipotensión, QRS ancho, arritmias ventriculares y prolongación QT.","ABCDE, ECG seriado. Si QRS ensanchado o arritmia ventricular: bicarbonato de sodio IV y alcalinización según protocolo; benzodiacepinas para convulsiones. No basar gravedad en nivel sérico.",No existe antídoto; bicarbonato de sodio es tratamiento específico de cardiotoxicidad por bloqueo de sodio.,https://www.rch.org.au/clinicalguide/guideline_index/Tricyclic_Antidepressant_%28TCA%29_Poisoning/,https://pubmed.ncbi.nlm.nih.gov/37721023/,GUIA CLINICA,VALIDADO_POR_CLASE,El valor original '10-20 mg/Kg' no se usa como umbral automatizable.,5,Umbral pediátrico de evaluación,Pediatría; adultos se evalúan clínicamente,SI,2026-09-02,MED-0304,NO,1,NO
INDACATEROL,mg,0.15,CADA CÁPSULA DURA CON POLVO PARA INHALACIÓN.,SDTE,"palpitaciones, taquicardia, temblores, nerviosismo, dolor de cabeza, mareos, ...",MEDIDAS GENERALES,SIN_DOSIS_TOXICA_ESPECIFICA,Agonista beta-adrenérgico,SDTE — no usar una dosis máxima terapéutica como umbral de toxicidad.,SDTE / CLASE,"Taquicardia, palpitaciones, temblor, hipokalemia, hiperglucemia, lactato elevado; arritmias en casos graves.","Soporte, ECG, potasio/glucosa/lactato según gravedad; corregir electrolitos con prudencia y tratar arritmias/hemodinámica.",Ninguno específico,https://pubmed.ncbi.nlm.nih.gov/37721023/,,MECANISMO/CONSENSO,VALIDADO_POR_CLASE,,,,Mixta / depende de contexto,NO,2026-09-02,MED-0305,NO,1,NO
INDAPAMIDA,mg,1.5,CADA TABLETA DE LIBERACION PROLONGADA,>40MG/DIA,"Hipopotasemia; reacciones de hipersensibilidad, principalmente dermatológicas...",MEDIDAS GENERALES,PENDIENTE_VALIDACION,Otros / datos específicos limitados,SDTE — sin dosis tóxica humana específica suficientemente validada para automatizar en esta versión.,SDTE,"La sobredosis puede intensificar los efectos farmacológicos y reacciones adversas conocidas. La expresión clínica depende de dosis, formulación, comorbilidades y coingestas.","ABCDE y tratamiento de soporte dirigido a la clínica. ECG, glucemia, electrolitos, función renal/hepática u otras pruebas según mecanismo y síntomas. Ingesta intencional, dosis desconocida, formulación de liberación prolongada o paciente sintomático: evaluación en urgencias y consulta a toxicología/CIT.",Ninguno específico establecido,https://www.rch.org.au/clinicalguide/guideline_index/Poisoning_Initial_Management/,,DATOS_ESPECIFICOS_LIMITADOS,REVISADO_CONSERVADOR,"Se elimina cualquier cifra previa que represente dosis terapéutica máxima, DL50 animal o umbral no sustentado como toxicidad aguda humana.  El valor original '>40MG/DIA' no se usa como umbral automatizable.",,,Mixta / depende de contexto,NO,2026-09-02,MED-0306,NO,1,NO
INDOMETACINA,mg,25,CAPSULA BLANDA,11.5MG/KG,"Cefalea, mareo, aturdimiento, depresión, vértigo y fatiga, náuseas, anorexia,...",MEDIDAS GENERALES,PENDIENTE_VALIDACION,AINE,SDTE para este AINE en la app: no extrapolar automáticamente los cortes de ibuprofeno a otros AINEs.,SDTE / CLASE,"Predominan síntomas gastrointestinales y neurológicos; sobredosis importante puede asociarse a lesión renal, alteraciones metabólicas y shock.",Tratamiento de soporte y mantener hidratación adecuada en sobredosis importante. La gravedad y decontaminación dependen del fármaco y exposición; consultar toxicología en casos significativos.,Ninguno específico,https://www.rch.org.au/clinicalguide/guideline_index/Nonsteroidal_Anti-inflammatory_Drug_NSAID_poisoning/,,GUIA DE CLASE,VALIDADO_POR_CLASE,Se eliminó el umbral previo si correspondía a una dosis máxima terapéutica.  El valor original '11.5MG/KG' no se usa como umbral automatizable.,,,Mixta / depende de contexto,NO,2026-09-02,MED-0307,NO,1,NO
IPRATROPIO,mg,0.02,CADA DOSIS,SDTE,"Dolor de cabeza, mareo; irritación de garganta, tos; sequedad de boca, náusea...",MEDIDAS GENERALES,SIN_DOSIS_TOXICA_ESPECIFICA,Anticolinérgico,SDTE — toxicidad clínica; no usar dosis máxima terapéutica como corte.,SDTE / TOXIDROME,"Midriasis, piel/mucosas secas, taquicardia, retención urinaria, íleo, agitación/delirium, hipertermia; convulsiones en gravedad.","Soporte, enfriamiento si precisa, benzodiacepinas para agitación/convulsiones, ECG y manejo de complicaciones. Fisostigmina solo en casos seleccionados por toxicología.",Fisostigmina solo en indicaciones seleccionadas y bajo toxicología.,https://www.rch.org.au/clinicalguide/guideline_index/Poisoning_Initial_Management/,,TOXIDROME/CONSENSO,VALIDADO_POR_CLASE,,,,Mixta / depende de contexto,NO,2026-09-02,MED-0308,NO,1,NO
IRBERSARTAN,mg,150,TABLETA RECUBIERTA,SDTE/DMax 300MG/DIA,Mareo; náuseas/vómitos; fatiga; mareo ortostático; hipotensión ortostática; d...,"INOTROPICOS, SI HAY ALT DEL SNC NALOXONA",SIN_DOSIS_TOXICA_ESPECIFICA,Inhibidor RAAS,SDTE — no hay umbral común; sobredosis aislada suele manifestarse por hipotensión.,SDTE / CLASE,"Hipotensión, mareo; hiperpotasemia y lesión renal en susceptibles, especialmente con coingestas.","Soporte, fluidos, vasopresor si precisa; monitorizar función renal y potasio.",Ninguno específico,https://www.rch.org.au/clinicalguide/guideline_index/Poisoning_Initial_Management/,,MECANISMO/CONSENSO,VALIDADO_POR_CLASE,Se corrigió o restringió una recomendación específica de la base original que podía inducir manejo inapropiado si se automatizaba.,,,Mixta / depende de contexto,NO,2026-09-02,MED-0309,NO,1,SI
ISAVUCONAZOL,mg,186.3,POR CAPSULA,SDTE,"Hipocalemia, disminución del apetito; delirio; dolor de cabeza, somnolencia; ...",MEDIDAS GENERALES,SIN_DOSIS_TOXICA_ESPECIFICA,Otros / datos específicos limitados,SDTE — sin dosis tóxica humana específica suficientemente validada para automatizar en esta versión.,SDTE,"La sobredosis puede intensificar los efectos farmacológicos y reacciones adversas conocidas. La expresión clínica depende de dosis, formulación, comorbilidades y coingestas.","ABCDE y tratamiento de soporte dirigido a la clínica. ECG, glucemia, electrolitos, función renal/hepática u otras pruebas según mecanismo y síntomas. Ingesta intencional, dosis desconocida, formulación de liberación prolongada o paciente sintomático: evaluación en urgencias y consulta a toxicología/CIT.",Ninguno específico establecido,https://www.rch.org.au/clinicalguide/guideline_index/Poisoning_Initial_Management/,,DATOS_ESPECIFICOS_LIMITADOS,REVISADO_CONSERVADOR,"Se elimina cualquier cifra previa que represente dosis terapéutica máxima, DL50 animal o umbral no sustentado como toxicidad aguda humana.",,,Mixta / depende de contexto,NO,2026-09-02,MED-0310,NO,1,NO
ISOFLAVONA,mg,25,TABLETA RECUBIERTA,SDTE,sintomas generales,MEDIDAS GENERALES,SIN_DOSIS_TOXICA_ESPECIFICA,Otros / datos específicos limitados,SDTE — sin dosis tóxica humana específica suficientemente validada para automatizar en esta versión.,SDTE,"La sobredosis puede intensificar los efectos farmacológicos y reacciones adversas conocidas. La expresión clínica depende de dosis, formulación, comorbilidades y coingestas.","ABCDE y tratamiento de soporte dirigido a la clínica. ECG, glucemia, electrolitos, función renal/hepática u otras pruebas según mecanismo y síntomas. Ingesta intencional, dosis desconocida, formulación de liberación prolongada o paciente sintomático: evaluación en urgencias y consulta a toxicología/CIT.",Ninguno específico establecido,https://www.rch.org.au/clinicalguide/guideline_index/Poisoning_Initial_Management/,,DATOS_ESPECIFICOS_LIMITADOS,REVISADO_CONSERVADOR,"Se elimina cualquier cifra previa que represente dosis terapéutica máxima, DL50 animal o umbral no sustentado como toxicidad aguda humana.",,,Mixta / depende de contexto,NO,2026-09-02,MED-0311,NO,1,NO
ISOMETEPTENO MUCATO,mg,30,TABLETA RECUBIERTA,SDTE,toxidrome simpaticomimetico,MEDIDAS GENERALES,SIN_DOSIS_TOXICA_ESPECIFICA,Otros / datos específicos limitados,SDTE — sin dosis tóxica humana específica suficientemente validada para automatizar en esta versión.,SDTE,"La sobredosis puede intensificar los efectos farmacológicos y reacciones adversas conocidas. La expresión clínica depende de dosis, formulación, comorbilidades y coingestas.","ABCDE y tratamiento de soporte dirigido a la clínica. ECG, glucemia, electrolitos, función renal/hepática u otras pruebas según mecanismo y síntomas. Ingesta intencional, dosis desconocida, formulación de liberación prolongada o paciente sintomático: evaluación en urgencias y consulta a toxicología/CIT.",Ninguno específico establecido,https://www.rch.org.au/clinicalguide/guideline_index/Poisoning_Initial_Management/,,DATOS_ESPECIFICOS_LIMITADOS,REVISADO_CONSERVADOR,"Se elimina cualquier cifra previa que represente dosis terapéutica máxima, DL50 animal o umbral no sustentado como toxicidad aguda humana.",,,Mixta / depende de contexto,NO,2026-09-02,MED-0312,NO,1,NO
ISONIACIDA,mg,150,TABLETA RECUBIERTA,30-35 MG/KG,"Náuseas, vómitos, dolor epigástrico, fiebre, mialgia, artralgia, anorexia, el...",PIRIDOXINA,PENDIENTE_VALIDACION,Antituberculoso / antagonismo funcional de piridoxina,"SDTE — el tratamiento específico se guía por exposición y clínica, no por una frontera de mg/kg en la app.",SDTE / ALTO_RIESGO,"Tríada clásica: convulsiones refractarias, acidosis metabólica con anión gap elevado y coma.","ABCDE, control de convulsiones y piridoxina IV. Si cantidad ingerida es conocida, la dosis de piridoxina se iguala en gramos a la cantidad de isoniazida ingerida; si es desconocida, usar protocolo toxicológico.",Piridoxina (vitamina B6),https://pubmed.ncbi.nlm.nih.gov/10544512/,,REVISION/CONSENSO,VALIDADO_ESPECIFICO,,,,Mixta / depende de contexto,NO,2026-09-02,MED-0313,NO,1,NO
ISOSORBIDE DINITRATO,mg,10,TABLETA,SDTE/DMax 240MG/DIA,"Hipotensión ortostática, dolor de cabeza, ruborización, trastornos digestivos...",MEDIDAS GENERALES,SIN_DOSIS_TOXICA_ESPECIFICA,Nitrato vasodilatador,SDTE — no usar dosis máxima terapéutica como umbral.,SDTE / CLINICO,"Cefalea, rubor, hipotensión, síncope y taquicardia; sobredosis marcada puede causar metahemoglobinemia.","Soporte hemodinámico. Si metahemoglobinemia significativa/sintomática, azul de metileno cuando no esté contraindicado.",Azul de metileno solo si metahemoglobinemia significativa.,https://pubmed.ncbi.nlm.nih.gov/37721023/,,MECANISMO/GUIA,VALIDADO_POR_CLASE,,,,Mixta / depende de contexto,NO,2026-09-02,MED-0314,NO,1,NO
ISOTRETINOINA,mg,20,CAPSULA BLANDA,SDTE,"Anemia, aumento velocidad de sedimentación, trombocitopenia, trombocitosis, n...",MEDIDAS GENERALES,SIN_DOSIS_TOXICA_ESPECIFICA,Otros / datos específicos limitados,SDTE — sin dosis tóxica humana específica suficientemente validada para automatizar en esta versión.,SDTE,"La sobredosis puede intensificar los efectos farmacológicos y reacciones adversas conocidas. La expresión clínica depende de dosis, formulación, comorbilidades y coingestas.","ABCDE y tratamiento de soporte dirigido a la clínica. ECG, glucemia, electrolitos, función renal/hepática u otras pruebas según mecanismo y síntomas. Ingesta intencional, dosis desconocida, formulación de liberación prolongada o paciente sintomático: evaluación en urgencias y consulta a toxicología/CIT.",Ninguno específico establecido,https://www.rch.org.au/clinicalguide/guideline_index/Poisoning_Initial_Management/,,DATOS_ESPECIFICOS_LIMITADOS,REVISADO_CONSERVADOR,"Se elimina cualquier cifra previa que represente dosis terapéutica máxima, DL50 animal o umbral no sustentado como toxicidad aguda humana.",,,Mixta / depende de contexto,NO,2026-09-02,MED-0315,NO,1,NO
ITOPRIDE CLORHIDRATO,mg,50,TABLETA RECUBIERTA,>2G/KG,Efectos adversos graves poco frecuentes y que requieren la interrupción o sus...,MEDIDAS GENERALES,PENDIENTE_VALIDACION,Otros / datos específicos limitados,SDTE — sin dosis tóxica humana específica suficientemente validada para automatizar en esta versión.,SDTE,"La sobredosis puede intensificar los efectos farmacológicos y reacciones adversas conocidas. La expresión clínica depende de dosis, formulación, comorbilidades y coingestas.","ABCDE y tratamiento de soporte dirigido a la clínica. ECG, glucemia, electrolitos, función renal/hepática u otras pruebas según mecanismo y síntomas. Ingesta intencional, dosis desconocida, formulación de liberación prolongada o paciente sintomático: evaluación en urgencias y consulta a toxicología/CIT.",Ninguno específico establecido,https://www.rch.org.au/clinicalguide/guideline_index/Poisoning_Initial_Management/,,DATOS_ESPECIFICOS_LIMITADOS,REVISADO_CONSERVADOR,"Se elimina cualquier cifra previa que represente dosis terapéutica máxima, DL50 animal o umbral no sustentado como toxicidad aguda humana.  El valor original '>2G/KG' no se usa como umbral automatizable.",,,Mixta / depende de contexto,NO,2026-09-02,MED-0316,NO,1,NO
IVABRADINA,mg,5,CADA TABLETA,SDTE/DMax 10MG/DIA,"Cefaleas, mareos, posiblemente relacionados con la bradicardia; fenómenos lum...",MEDIDAS GENERALES,SIN_DOSIS_TOXICA_ESPECIFICA,Otros / datos específicos limitados,SDTE — sin dosis tóxica humana específica suficientemente validada para automatizar en esta versión.,SDTE,"La sobredosis puede intensificar los efectos farmacológicos y reacciones adversas conocidas. La expresión clínica depende de dosis, formulación, comorbilidades y coingestas.","ABCDE y tratamiento de soporte dirigido a la clínica. ECG, glucemia, electrolitos, función renal/hepática u otras pruebas según mecanismo y síntomas. Ingesta intencional, dosis desconocida, formulación de liberación prolongada o paciente sintomático: evaluación en urgencias y consulta a toxicología/CIT.",Ninguno específico establecido,https://www.rch.org.au/clinicalguide/guideline_index/Poisoning_Initial_Management/,,DATOS_ESPECIFICOS_LIMITADOS,REVISADO_CONSERVADOR,"Se elimina cualquier cifra previa que represente dosis terapéutica máxima, DL50 animal o umbral no sustentado como toxicidad aguda humana.",,,Mixta / depende de contexto,NO,2026-09-02,MED-0317,NO,1,NO
IXAZOMIB,mg,2.3,CAPSULA DURA COLOR ROSADO CLARO,SDTE,"Reacciones alérgicas y anafilaxia: Urticaria, Prurito, angioedema, disnea, Sh...",MEDIDAS GENERALES,SIN_DOSIS_TOXICA_ESPECIFICA,Otros / datos específicos limitados,SDTE — sin dosis tóxica humana específica suficientemente validada para automatizar en esta versión.,SDTE,"La sobredosis puede intensificar los efectos farmacológicos y reacciones adversas conocidas. La expresión clínica depende de dosis, formulación, comorbilidades y coingestas.","ABCDE y tratamiento de soporte dirigido a la clínica. ECG, glucemia, electrolitos, función renal/hepática u otras pruebas según mecanismo y síntomas. Ingesta intencional, dosis desconocida, formulación de liberación prolongada o paciente sintomático: evaluación en urgencias y consulta a toxicología/CIT.",Ninguno específico establecido,https://www.rch.org.au/clinicalguide/guideline_index/Poisoning_Initial_Management/,,DATOS_ESPECIFICOS_LIMITADOS,REVISADO_CONSERVADOR,"Se elimina cualquier cifra previa que represente dosis terapéutica máxima, DL50 animal o umbral no sustentado como toxicidad aguda humana.",,,Mixta / depende de contexto,NO,2026-09-02,MED-0318,NO,1,NO
KETOCONAZOL,mg,200,TABLETA,SDTE/DMax120 MG/DIA,"Náuseas, cefalea, diarrea, dolor abdominal, función hepática alterada.",MEDIDAS GENERALES,SIN_DOSIS_TOXICA_ESPECIFICA,Otros / datos específicos limitados,SDTE — sin dosis tóxica humana específica suficientemente validada para automatizar en esta versión.,SDTE,"La sobredosis puede intensificar los efectos farmacológicos y reacciones adversas conocidas. La expresión clínica depende de dosis, formulación, comorbilidades y coingestas.","ABCDE y tratamiento de soporte dirigido a la clínica. ECG, glucemia, electrolitos, función renal/hepática u otras pruebas según mecanismo y síntomas. Ingesta intencional, dosis desconocida, formulación de liberación prolongada o paciente sintomático: evaluación en urgencias y consulta a toxicología/CIT.",Ninguno específico establecido,https://www.rch.org.au/clinicalguide/guideline_index/Poisoning_Initial_Management/,,DATOS_ESPECIFICOS_LIMITADOS,REVISADO_CONSERVADOR,"Se elimina cualquier cifra previa que represente dosis terapéutica máxima, DL50 animal o umbral no sustentado como toxicidad aguda humana.",,,Mixta / depende de contexto,NO,2026-09-02,MED-0319,NO,1,NO
KETOPROFENO,mg,100,COMPRIMIDO (TABLETA) CON CUBIERTA ENTERICA,>486MG/KG,"NAUSEAS, VOMITOS, HDA, IRA, CEFALEA, ACUFENO, SORDERA, COMA, APNEA TRANSITORIA",MEDIDAS GENERALES,PENDIENTE_VALIDACION,AINE,SDTE para este AINE en la app: no extrapolar automáticamente los cortes de ibuprofeno a otros AINEs.,SDTE / CLASE,"Predominan síntomas gastrointestinales y neurológicos; sobredosis importante puede asociarse a lesión renal, alteraciones metabólicas y shock.",Tratamiento de soporte y mantener hidratación adecuada en sobredosis importante. La gravedad y decontaminación dependen del fármaco y exposición; consultar toxicología en casos significativos.,Ninguno específico,https://www.rch.org.au/clinicalguide/guideline_index/Nonsteroidal_Anti-inflammatory_Drug_NSAID_poisoning/,,GUIA DE CLASE,VALIDADO_POR_CLASE,Se eliminó el umbral previo si correspondía a una dosis máxima terapéutica.  El valor original '>486MG/KG' no se usa como umbral automatizable.,,,Mixta / depende de contexto,NO,2026-09-02,MED-0320,NO,1,NO
KETOROLACO,mg,10,TABLETA RECUBIERTA,>120MG/DIA,"NAUSEAS, VOMITOS, HDA, IRA, CEFALEA, ACUFENO, SORDERA, COMA, APNEA TRANSITORIA",MEDIDAS GENERALES,PENDIENTE_VALIDACION,AINE,SDTE para este AINE en la app: no extrapolar automáticamente los cortes de ibuprofeno a otros AINEs.,SDTE / CLASE,"Predominan síntomas gastrointestinales y neurológicos; sobredosis importante puede asociarse a lesión renal, alteraciones metabólicas y shock.",Tratamiento de soporte y mantener hidratación adecuada en sobredosis importante. La gravedad y decontaminación dependen del fármaco y exposición; consultar toxicología en casos significativos.,Ninguno específico,https://www.rch.org.au/clinicalguide/guideline_index/Nonsteroidal_Anti-inflammatory_Drug_NSAID_poisoning/,,GUIA DE CLASE,VALIDADO_POR_CLASE,Se eliminó el umbral previo si correspondía a una dosis máxima terapéutica.  El valor original '>120MG/DIA' no se usa como umbral automatizable.,,,Mixta / depende de contexto,NO,2026-09-02,MED-0321,NO,1,NO
L-HISTIDINA,mg,38,TABLETA RECUBIERTA,SDTE,sintomas generales,MEDIDAS GENERALES,SIN_DOSIS_TOXICA_ESPECIFICA,Otros / datos específicos limitados,SDTE — sin dosis tóxica humana específica suficientemente validada para automatizar en esta versión.,SDTE,"La sobredosis puede intensificar los efectos farmacológicos y reacciones adversas conocidas. La expresión clínica depende de dosis, formulación, comorbilidades y coingestas.","ABCDE y tratamiento de soporte dirigido a la clínica. ECG, glucemia, electrolitos, función renal/hepática u otras pruebas según mecanismo y síntomas. Ingesta intencional, dosis desconocida, formulación de liberación prolongada o paciente sintomático: evaluación en urgencias y consulta a toxicología/CIT.",Ninguno específico establecido,https://www.rch.org.au/clinicalguide/guideline_index/Poisoning_Initial_Management/,,DATOS_ESPECIFICOS_LIMITADOS,REVISADO_CONSERVADOR,"Se elimina cualquier cifra previa que represente dosis terapéutica máxima, DL50 animal o umbral no sustentado como toxicidad aguda humana.",,,Mixta / depende de contexto,NO,2026-09-02,MED-0322,NO,1,NO
L-TIROSINA,mg,30,TABLETA RECUBIERTA,SDTE,sintomas de hipertiroidismo,MEDIDAS GENERALES,SIN_DOSIS_TOXICA_ESPECIFICA,Otros / datos específicos limitados,SDTE — sin dosis tóxica humana específica suficientemente validada para automatizar en esta versión.,SDTE,"La sobredosis puede intensificar los efectos farmacológicos y reacciones adversas conocidas. La expresión clínica depende de dosis, formulación, comorbilidades y coingestas.","ABCDE y tratamiento de soporte dirigido a la clínica. ECG, glucemia, electrolitos, función renal/hepática u otras pruebas según mecanismo y síntomas. Ingesta intencional, dosis desconocida, formulación de liberación prolongada o paciente sintomático: evaluación en urgencias y consulta a toxicología/CIT.",Ninguno específico establecido,https://www.rch.org.au/clinicalguide/guideline_index/Poisoning_Initial_Management/,,DATOS_ESPECIFICOS_LIMITADOS,REVISADO_CONSERVADOR,"Se elimina cualquier cifra previa que represente dosis terapéutica máxima, DL50 animal o umbral no sustentado como toxicidad aguda humana.",,,Mixta / depende de contexto,NO,2026-09-02,MED-0323,NO,1,NO
L-TREONINA,mg,53,TABLETA RECUBIERTA,SDTE,sintomas generales,MEDIDAS GENERALES,SIN_DOSIS_TOXICA_ESPECIFICA,Otros / datos específicos limitados,SDTE — sin dosis tóxica humana específica suficientemente validada para automatizar en esta versión.,SDTE,"La sobredosis puede intensificar los efectos farmacológicos y reacciones adversas conocidas. La expresión clínica depende de dosis, formulación, comorbilidades y coingestas.","ABCDE y tratamiento de soporte dirigido a la clínica. ECG, glucemia, electrolitos, función renal/hepática u otras pruebas según mecanismo y síntomas. Ingesta intencional, dosis desconocida, formulación de liberación prolongada o paciente sintomático: evaluación en urgencias y consulta a toxicología/CIT.",Ninguno específico establecido,https://www.rch.org.au/clinicalguide/guideline_index/Poisoning_Initial_Management/,,DATOS_ESPECIFICOS_LIMITADOS,REVISADO_CONSERVADOR,"Se elimina cualquier cifra previa que represente dosis terapéutica máxima, DL50 animal o umbral no sustentado como toxicidad aguda humana.",,,Mixta / depende de contexto,NO,2026-09-02,MED-0324,NO,1,NO
L-TRIPTOFANO,mg,23,TABLETA RECUBIERTA,SDTE,sintomas generales,MEDIDAS GENERALES,SIN_DOSIS_TOXICA_ESPECIFICA,Otros / datos específicos limitados,SDTE — sin dosis tóxica humana específica suficientemente validada para automatizar en esta versión.,SDTE,"La sobredosis puede intensificar los efectos farmacológicos y reacciones adversas conocidas. La expresión clínica depende de dosis, formulación, comorbilidades y coingestas.","ABCDE y tratamiento de soporte dirigido a la clínica. ECG, glucemia, electrolitos, función renal/hepática u otras pruebas según mecanismo y síntomas. Ingesta intencional, dosis desconocida, formulación de liberación prolongada o paciente sintomático: evaluación en urgencias y consulta a toxicología/CIT.",Ninguno específico establecido,https://www.rch.org.au/clinicalguide/guideline_index/Poisoning_Initial_Management/,,DATOS_ESPECIFICOS_LIMITADOS,REVISADO_CONSERVADOR,"Se elimina cualquier cifra previa que represente dosis terapéutica máxima, DL50 animal o umbral no sustentado como toxicidad aguda humana.",,,Mixta / depende de contexto,NO,2026-09-02,MED-0325,NO,1,NO
LABETALOL,mg,200,VIAL,DOSIS MAX 800MG/DIA-DT >1600 MG/DIA,"Choque, Hipotensión, Bradicardia, Bloqueo AV, Broncoespasmo, Hipoglucemia, Co...",GLUCAGON,PENDIENTE_VALIDACION,Betabloqueador,"SDTE — no usar múltiplos de dosis terapéutica como umbral universal; toxicidad depende de agente (p. ej., propranolol/sotalol) y comorbilidades.",SDTE / CLASE,"Bradicardia, hipotensión, shock; hipoglucemia y depresión SNC. Propranolol: bloqueo de sodio/convulsiones; sotalol: QT/torsades.","ABCDE, ECG, glucemia. En shock grave: calcio según contexto, glucagón como adyuvante, insulina euglucémica de alta dosis y vasopresores conforme a protocolo/toxicología; bicarbonato si bloqueo de sodio.",No hay un único antídoto; terapias específicas incluyen glucagón/insulina/vasopresores según fenotipo.,https://pubmed.ncbi.nlm.nih.gov/37721023/,,GUIA AHA,VALIDADO_POR_CLASE,El valor original 'DOSIS MAX 800MG/DIA-DT >1600 MG/DIA' no se usa como umbral automatizable.,,,Mixta / depende de contexto,NO,2026-09-02,MED-0326,NO,1,NO
LACOSAMIDA,mg,100,TABLETAS RECUBIERTAS,SDTE,"Depresión, estado de confusión, insomnio; mareo, dolor de cabeza, trastornos ...",MEDIDAS GENERALES,SIN_DOSIS_TOXICA_ESPECIFICA,Anticonvulsivante,SDTE — no hay un umbral común válido para esta clase; varios agentes tienen toxicidades específicas.,SDTE / CLASE,"Depresión SNC, ataxia y mareos son frecuentes; lamotrigina/lacosamida pueden alterar conducción, y sobredosis grandes pueden causar convulsiones o arritmias.","Soporte, ECG en agentes con potencial cardiotóxico y tratamiento de convulsiones. Considerar niveles cuando sean clínicamente útiles y consulta toxicológica.",Ninguno específico,https://www.rch.org.au/clinicalguide/guideline_index/Poisoning_Initial_Management/,,CLASE/REVISION_CONSERVADORA,VALIDADO_POR_CLASE,,,,Mixta / depende de contexto,NO,2026-09-02,MED-0327,NO,1,NO
LAMIVUDINA,mg,150,TABLETA,SDTE,sintomas generales,MEDIDAS GENERALES,SIN_DOSIS_TOXICA_ESPECIFICA,Otros / datos específicos limitados,SDTE — sin dosis tóxica humana específica suficientemente validada para automatizar en esta versión.,SDTE,"La sobredosis puede intensificar los efectos farmacológicos y reacciones adversas conocidas. La expresión clínica depende de dosis, formulación, comorbilidades y coingestas.","ABCDE y tratamiento de soporte dirigido a la clínica. ECG, glucemia, electrolitos, función renal/hepática u otras pruebas según mecanismo y síntomas. Ingesta intencional, dosis desconocida, formulación de liberación prolongada o paciente sintomático: evaluación en urgencias y consulta a toxicología/CIT.",Ninguno específico establecido,https://www.rch.org.au/clinicalguide/guideline_index/Poisoning_Initial_Management/,,DATOS_ESPECIFICOS_LIMITADOS,REVISADO_CONSERVADOR,"Se elimina cualquier cifra previa que represente dosis terapéutica máxima, DL50 animal o umbral no sustentado como toxicidad aguda humana.",,,Mixta / depende de contexto,NO,2026-09-02,MED-0328,NO,1,NO
LAMOTRIGINA,mg,200,TABLETA DISPERSABLE,SDTE/DL 15G/DU,"Agresividad, irritabilidad, cefalea, somnolencia, mareo, temblor, insomnio, n...",MEDIDAS GENERALES,SIN_DOSIS_TOXICA_ESPECIFICA,Anticonvulsivante,SDTE — no hay un umbral común válido para esta clase; varios agentes tienen toxicidades específicas.,SDTE / CLASE,"Depresión SNC, ataxia y mareos son frecuentes; lamotrigina/lacosamida pueden alterar conducción, y sobredosis grandes pueden causar convulsiones o arritmias.","Soporte, ECG en agentes con potencial cardiotóxico y tratamiento de convulsiones. Considerar niveles cuando sean clínicamente útiles y consulta toxicológica.",Ninguno específico,https://www.rch.org.au/clinicalguide/guideline_index/Poisoning_Initial_Management/,,CLASE/REVISION_CONSERVADORA,VALIDADO_POR_CLASE,,,,Mixta / depende de contexto,NO,2026-09-02,MED-0329,NO,1,NO
LANATOSIDO C,mg,"0,4",VIAL,">1,6 MG/DIA","sintomas gastrointestinales y generales: ANOREXIA, NAUSEAS, VOMITOS, DOLOR AB...",ANTICUERPOS ANTIDIGITALICOS,PENDIENTE_VALIDACION,Glucósido cardíaco,SDTE — no extrapolar una cifra de digoxina; confirmar preparación y carga de glucósido.,CLINICO_LABORATORIO,"Toxicidad tipo glucósido cardíaco: GI, bradicardia/bloqueos, arritmias y alteraciones del potasio.","ECG, electrolitos y consulta toxicológica. Fab antidigoxina puede tener utilidad frente a algunos glucósidos, pero la respuesta/cruzamiento depende del compuesto.","Fab antidigoxina: considerar con toxicología, no automatizar.",https://pubmed.ncbi.nlm.nih.gov/37721023/,,CLASE/CONSENSO,VALIDADO_POR_CLASE,"El valor original '>1,6 MG/DIA' no se usa como umbral automatizable.",,,Mixta / depende de contexto,NO,2026-09-02,MED-0330,NO,1,NO
LANSOPRAZOL,mg,30,CÁPSULAS DE LIBERACIÓN RETARDADA,SDTE,"Dolor de cabeza, mareo; náuseas, diarrea, dolor de estómago, estreñimiento, v...",MEDIDAS GENERALES,SIN_DOSIS_TOXICA_ESPECIFICA,Otros / datos específicos limitados,SDTE — sin dosis tóxica humana específica suficientemente validada para automatizar en esta versión.,SDTE,"La sobredosis puede intensificar los efectos farmacológicos y reacciones adversas conocidas. La expresión clínica depende de dosis, formulación, comorbilidades y coingestas.","ABCDE y tratamiento de soporte dirigido a la clínica. ECG, glucemia, electrolitos, función renal/hepática u otras pruebas según mecanismo y síntomas. Ingesta intencional, dosis desconocida, formulación de liberación prolongada o paciente sintomático: evaluación en urgencias y consulta a toxicología/CIT.",Ninguno específico establecido,https://www.rch.org.au/clinicalguide/guideline_index/Poisoning_Initial_Management/,,DATOS_ESPECIFICOS_LIMITADOS,REVISADO_CONSERVADOR,"Se elimina cualquier cifra previa que represente dosis terapéutica máxima, DL50 animal o umbral no sustentado como toxicidad aguda humana.",,,Mixta / depende de contexto,NO,2026-09-02,MED-0331,NO,1,NO
LAPATINIB,mg,250,TABLETA RECUBIERTA,SDTE,"Reacciones alérgicas y anafilaxia: Urticaria, Prurito, angioedema, disnea, Sh...",MEDIDAS GENERALES,SIN_DOSIS_TOXICA_ESPECIFICA,Otros / datos específicos limitados,SDTE — sin dosis tóxica humana específica suficientemente validada para automatizar en esta versión.,SDTE,"La sobredosis puede intensificar los efectos farmacológicos y reacciones adversas conocidas. La expresión clínica depende de dosis, formulación, comorbilidades y coingestas.","ABCDE y tratamiento de soporte dirigido a la clínica. ECG, glucemia, electrolitos, función renal/hepática u otras pruebas según mecanismo y síntomas. Ingesta intencional, dosis desconocida, formulación de liberación prolongada o paciente sintomático: evaluación en urgencias y consulta a toxicología/CIT.",Ninguno específico establecido,https://www.rch.org.au/clinicalguide/guideline_index/Poisoning_Initial_Management/,,DATOS_ESPECIFICOS_LIMITADOS,REVISADO_CONSERVADOR,"Se elimina cualquier cifra previa que represente dosis terapéutica máxima, DL50 animal o umbral no sustentado como toxicidad aguda humana.",,,Mixta / depende de contexto,NO,2026-09-02,MED-0332,NO,1,NO
LAROTRECTINIB,mg,25,CAPSULA,SDTE,"Reacciones alérgicas y anafilaxia: Urticaria, Prurito, angioedema, disnea, Sh...",MEDIDAS GENERALES,SIN_DOSIS_TOXICA_ESPECIFICA,Otros / datos específicos limitados,SDTE — sin dosis tóxica humana específica suficientemente validada para automatizar en esta versión.,SDTE,"La sobredosis puede intensificar los efectos farmacológicos y reacciones adversas conocidas. La expresión clínica depende de dosis, formulación, comorbilidades y coingestas.","ABCDE y tratamiento de soporte dirigido a la clínica. ECG, glucemia, electrolitos, función renal/hepática u otras pruebas según mecanismo y síntomas. Ingesta intencional, dosis desconocida, formulación de liberación prolongada o paciente sintomático: evaluación en urgencias y consulta a toxicología/CIT.",Ninguno específico establecido,https://www.rch.org.au/clinicalguide/guideline_index/Poisoning_Initial_Management/,,DATOS_ESPECIFICOS_LIMITADOS,REVISADO_CONSERVADOR,"Se elimina cualquier cifra previa que represente dosis terapéutica máxima, DL50 animal o umbral no sustentado como toxicidad aguda humana.",,,Mixta / depende de contexto,NO,2026-09-02,MED-0333,NO,1,NO
LEFLUNOMIDA,mg,100,TABLETA RECUBIERTA,SDTE/DMax30-40MG/DIA,"Leucopenia; leves reacciones alérgicas; anorexia, pérdida de peso; cefalea, m...",MEDIDAS GENERALES,SIN_DOSIS_TOXICA_ESPECIFICA,Otros / datos específicos limitados,SDTE — sin dosis tóxica humana específica suficientemente validada para automatizar en esta versión.,SDTE,"La sobredosis puede intensificar los efectos farmacológicos y reacciones adversas conocidas. La expresión clínica depende de dosis, formulación, comorbilidades y coingestas.","ABCDE y tratamiento de soporte dirigido a la clínica. ECG, glucemia, electrolitos, función renal/hepática u otras pruebas según mecanismo y síntomas. Ingesta intencional, dosis desconocida, formulación de liberación prolongada o paciente sintomático: evaluación en urgencias y consulta a toxicología/CIT.",Ninguno específico establecido,https://www.rch.org.au/clinicalguide/guideline_index/Poisoning_Initial_Management/,,DATOS_ESPECIFICOS_LIMITADOS,REVISADO_CONSERVADOR,"Se elimina cualquier cifra previa que represente dosis terapéutica máxima, DL50 animal o umbral no sustentado como toxicidad aguda humana.",,,Mixta / depende de contexto,NO,2026-09-02,MED-0334,NO,1,NO
LENALIDOMIDA,mg,5,CAPSULA,SDTE,"Neumonía, infección de las vías respiratorias altas, infecciones bacterianas,...",MEDIDAS GENERALES,SIN_DOSIS_TOXICA_ESPECIFICA,Otros / datos específicos limitados,SDTE — sin dosis tóxica humana específica suficientemente validada para automatizar en esta versión.,SDTE,"La sobredosis puede intensificar los efectos farmacológicos y reacciones adversas conocidas. La expresión clínica depende de dosis, formulación, comorbilidades y coingestas.","ABCDE y tratamiento de soporte dirigido a la clínica. ECG, glucemia, electrolitos, función renal/hepática u otras pruebas según mecanismo y síntomas. Ingesta intencional, dosis desconocida, formulación de liberación prolongada o paciente sintomático: evaluación en urgencias y consulta a toxicología/CIT.",Ninguno específico establecido,https://www.rch.org.au/clinicalguide/guideline_index/Poisoning_Initial_Management/,,DATOS_ESPECIFICOS_LIMITADOS,REVISADO_CONSERVADOR,"Se elimina cualquier cifra previa que represente dosis terapéutica máxima, DL50 animal o umbral no sustentado como toxicidad aguda humana.",,,Mixta / depende de contexto,NO,2026-09-02,MED-0335,NO,1,NO
LENVATINIB,mg,12.25,CÁPSULA DURA,SDTE,"Reacciones alérgicas y anafilaxia: Urticaria, Prurito, angioedema, disnea, Sh...",MEDIDAS GENERALES,SIN_DOSIS_TOXICA_ESPECIFICA,Otros / datos específicos limitados,SDTE — sin dosis tóxica humana específica suficientemente validada para automatizar en esta versión.,SDTE,"La sobredosis puede intensificar los efectos farmacológicos y reacciones adversas conocidas. La expresión clínica depende de dosis, formulación, comorbilidades y coingestas.","ABCDE y tratamiento de soporte dirigido a la clínica. ECG, glucemia, electrolitos, función renal/hepática u otras pruebas según mecanismo y síntomas. Ingesta intencional, dosis desconocida, formulación de liberación prolongada o paciente sintomático: evaluación en urgencias y consulta a toxicología/CIT.",Ninguno específico establecido,https://www.rch.org.au/clinicalguide/guideline_index/Poisoning_Initial_Management/,,DATOS_ESPECIFICOS_LIMITADOS,REVISADO_CONSERVADOR,"Se elimina cualquier cifra previa que represente dosis terapéutica máxima, DL50 animal o umbral no sustentado como toxicidad aguda humana.",,,Mixta / depende de contexto,NO,2026-09-02,MED-0336,NO,1,NO
LETERMOVIR,mg,240,TABLETA,SDTE,sintomas generales,MEDIDAS GENERALES,SIN_DOSIS_TOXICA_ESPECIFICA,Otros / datos específicos limitados,SDTE — sin dosis tóxica humana específica suficientemente validada para automatizar en esta versión.,SDTE,"La sobredosis puede intensificar los efectos farmacológicos y reacciones adversas conocidas. La expresión clínica depende de dosis, formulación, comorbilidades y coingestas.","ABCDE y tratamiento de soporte dirigido a la clínica. ECG, glucemia, electrolitos, función renal/hepática u otras pruebas según mecanismo y síntomas. Ingesta intencional, dosis desconocida, formulación de liberación prolongada o paciente sintomático: evaluación en urgencias y consulta a toxicología/CIT.",Ninguno específico establecido,https://www.rch.org.au/clinicalguide/guideline_index/Poisoning_Initial_Management/,,DATOS_ESPECIFICOS_LIMITADOS,REVISADO_CONSERVADOR,"Se elimina cualquier cifra previa que represente dosis terapéutica máxima, DL50 animal o umbral no sustentado como toxicidad aguda humana.",,,Mixta / depende de contexto,NO,2026-09-02,MED-0337,NO,1,NO
LETROZOL,mg,2.5,TABLETA CUBIERTA CONPELÍCULA,>0.003MG/KG,"Aumento de peso; dolor de cabeza, mareos; náuseas, vómitos, dispepsia, estreñ...",MEDIDAS GENERALES,PENDIENTE_VALIDACION,Otros / datos específicos limitados,SDTE — sin dosis tóxica humana específica suficientemente validada para automatizar en esta versión.,SDTE,"La sobredosis puede intensificar los efectos farmacológicos y reacciones adversas conocidas. La expresión clínica depende de dosis, formulación, comorbilidades y coingestas.","ABCDE y tratamiento de soporte dirigido a la clínica. ECG, glucemia, electrolitos, función renal/hepática u otras pruebas según mecanismo y síntomas. Ingesta intencional, dosis desconocida, formulación de liberación prolongada o paciente sintomático: evaluación en urgencias y consulta a toxicología/CIT.",Ninguno específico establecido,https://www.rch.org.au/clinicalguide/guideline_index/Poisoning_Initial_Management/,,DATOS_ESPECIFICOS_LIMITADOS,REVISADO_CONSERVADOR,"Se elimina cualquier cifra previa que represente dosis terapéutica máxima, DL50 animal o umbral no sustentado como toxicidad aguda humana.  El valor original '>0.003MG/KG' no se usa como umbral automatizable.",,,Mixta / depende de contexto,NO,2026-09-02,MED-0338,NO,1,NO
LEVETIRACETAM,mg,500,TABLETA RECUBIERTA,>100MG/KG,"Nasofaringitis; anorexia; depresión, hostilidad/agresividad, ansiedad, nervio...",MEDIDAS GENERALES,PENDIENTE_VALIDACION,Anticonvulsivante,SDTE — no hay un umbral común válido para esta clase; varios agentes tienen toxicidades específicas.,SDTE / CLASE,"Depresión SNC, ataxia y mareos son frecuentes; lamotrigina/lacosamida pueden alterar conducción, y sobredosis grandes pueden causar convulsiones o arritmias.","Soporte, ECG en agentes con potencial cardiotóxico y tratamiento de convulsiones. Considerar niveles cuando sean clínicamente útiles y consulta toxicológica.",Ninguno específico,https://www.rch.org.au/clinicalguide/guideline_index/Poisoning_Initial_Management/,,CLASE/REVISION_CONSERVADORA,VALIDADO_POR_CLASE,El valor original '>100MG/KG' no se usa como umbral automatizable.,,,Mixta / depende de contexto,NO,2026-09-02,MED-0339,NO,1,NO
LEVOCETIRICINA,mg,2.5,CAPSULA DE GELATINA BLANDA,0.35MG/KG,"mucosas secas y calientes, piel seca, rubor y calor, xerodermia, retención ur...",FISOSTIGMINA (CUANDO HAY SIND. ANTICOLINERGICO),PENDIENTE_VALIDACION,Antihistamínico H1 poco sedante,"SDTE — no hay un corte universal; generalmente toxicidad aguda leve, pero evaluar exposición importante/síntomas.",SDTE / CLASE,"Somnolencia o agitación, cefalea, taquicardia; cardiotoxicidad grave es infrecuente con agentes modernos aislados.","Soporte y ECG si síntomas, gran ingesta o coingestas.",Ninguno específico,https://www.rch.org.au/clinicalguide/guideline_index/Antihistamine_poisoning/,,GUIA DE CLASE,VALIDADO_POR_CLASE,El valor original '0.35MG/KG' no se usa como umbral automatizable. Se corrigió o restringió una recomendación específica de la base original que podía inducir manejo inapropiado si se automatizaba.,,,Mixta / depende de contexto,NO,2026-09-02,MED-0340,NO,1,SI
LEVODOPA,mg,250,TABLETA,>2000 mg/DU DIA,"Anemia; pérdida de peso, aumento de peso, aumento del nivel de aa (aumento de...",MEDIDAS GENERALES,PENDIENTE_VALIDACION,Otros / datos específicos limitados,SDTE — sin dosis tóxica humana específica suficientemente validada para automatizar en esta versión.,SDTE,"La sobredosis puede intensificar los efectos farmacológicos y reacciones adversas conocidas. La expresión clínica depende de dosis, formulación, comorbilidades y coingestas.","ABCDE y tratamiento de soporte dirigido a la clínica. ECG, glucemia, electrolitos, función renal/hepática u otras pruebas según mecanismo y síntomas. Ingesta intencional, dosis desconocida, formulación de liberación prolongada o paciente sintomático: evaluación en urgencias y consulta a toxicología/CIT.",Ninguno específico establecido,https://www.rch.org.au/clinicalguide/guideline_index/Poisoning_Initial_Management/,,DATOS_ESPECIFICOS_LIMITADOS,REVISADO_CONSERVADOR,"Se elimina cualquier cifra previa que represente dosis terapéutica máxima, DL50 animal o umbral no sustentado como toxicidad aguda humana.  El valor original '>2000 mg/DU DIA' no se usa como umbral automatizable.",,,Mixta / depende de contexto,NO,2026-09-02,MED-0341,NO,1,NO
LEVOFLOXACINA,mg,750,TABLETA,SDTE/DMax 1500 MG/DIA,"Insomnio; cefalea, mareo; diarrea, vómitos, náuseas; aumento de enzimas hepát...",MEDIDAS GENERALES,SIN_DOSIS_TOXICA_ESPECIFICA,Antimicrobiano con potencial de QT,SDTE — no usar dosis terapéutica máxima como umbral de toxicidad aguda.,SDTE / CLINICO,"GI, mareos; sobredosis significativa puede prolongar QT y favorecer arritmias, especialmente con factores predisponentes.","Soporte, ECG y corrección de K/Mg si exposición relevante; tratar torsades según protocolo.",Ninguno específico,https://pubmed.ncbi.nlm.nih.gov/37721023/,,MECANISMO/CONSENSO,VALIDADO_POR_CLASE,,,,Mixta / depende de contexto,NO,2026-09-02,MED-0342,NO,1,NO
LEVOMEPROMAZINA,mg,100,TABLETA.,375MG/KG,"Hiperprolactinemia, desregularización térmica, aumento de peso, hiperglucemia...",MEDIDAS GENERALES,PENDIENTE_VALIDACION,Antipsicótico,SDTE — no usar una dosis terapéutica máxima como umbral de toxicidad. La toxicidad varía por agente y formulación.,SDTE / CLASE,"Depresión SNC, taquicardia, hipotensión, anticolinergia o síntomas extrapiramidales; algunos agentes prolongan QT o producen arritmia.","Soporte, ECG y vigilancia neurológica/hemodinámica. Tratar hipotensión, convulsiones y distonía según clínica; consultar toxicología en exposición significativa.",Ninguno específico,https://pubmed.ncbi.nlm.nih.gov/37721023/,https://www.rch.org.au/clinicalguide/guideline_index/Risperidone_Poisoning/,CLASE/CONSENSO,VALIDADO_POR_CLASE,El valor original '375MG/KG' no se usa como umbral automatizable.,,,Mixta / depende de contexto,NO,2026-09-02,MED-0343,NO,1,NO
LEVONORGESTREL,mg.,0.15,TABLETA,SDTE,Gastrointestinales: Náuseas y vómitos Dolor abdominal Distensión abdominal En...,MEDIDAS GENERALES,SIN_DOSIS_TOXICA_ESPECIFICA,Otros / datos específicos limitados,SDTE — sin dosis tóxica humana específica suficientemente validada para automatizar en esta versión.,SDTE,"La sobredosis puede intensificar los efectos farmacológicos y reacciones adversas conocidas. La expresión clínica depende de dosis, formulación, comorbilidades y coingestas.","ABCDE y tratamiento de soporte dirigido a la clínica. ECG, glucemia, electrolitos, función renal/hepática u otras pruebas según mecanismo y síntomas. Ingesta intencional, dosis desconocida, formulación de liberación prolongada o paciente sintomático: evaluación en urgencias y consulta a toxicología/CIT.",Ninguno específico establecido,https://www.rch.org.au/clinicalguide/guideline_index/Poisoning_Initial_Management/,,DATOS_ESPECIFICOS_LIMITADOS,REVISADO_CONSERVADOR,"Se elimina cualquier cifra previa que represente dosis terapéutica máxima, DL50 animal o umbral no sustentado como toxicidad aguda humana.",,,Mixta / depende de contexto,NO,2026-09-02,MED-0344,NO,1,NO
LEVOPANTOPRAZOL,mg,20,TABLETA CON CUBIERTA ENTERICA CON PELICULA,SDTE,"Dolor de cabeza, mareo; náuseas, diarrea, dolor de estómago, estreñimiento, v...",MEDIDAS GENERALES,SIN_DOSIS_TOXICA_ESPECIFICA,Otros / datos específicos limitados,SDTE — sin dosis tóxica humana específica suficientemente validada para automatizar en esta versión.,SDTE,"La sobredosis puede intensificar los efectos farmacológicos y reacciones adversas conocidas. La expresión clínica depende de dosis, formulación, comorbilidades y coingestas.","ABCDE y tratamiento de soporte dirigido a la clínica. ECG, glucemia, electrolitos, función renal/hepática u otras pruebas según mecanismo y síntomas. Ingesta intencional, dosis desconocida, formulación de liberación prolongada o paciente sintomático: evaluación en urgencias y consulta a toxicología/CIT.",Ninguno específico establecido,https://www.rch.org.au/clinicalguide/guideline_index/Poisoning_Initial_Management/,,DATOS_ESPECIFICOS_LIMITADOS,REVISADO_CONSERVADOR,"Se elimina cualquier cifra previa que represente dosis terapéutica máxima, DL50 animal o umbral no sustentado como toxicidad aguda humana.",,,Mixta / depende de contexto,NO,2026-09-02,MED-0345,NO,1,NO
LEVOSULPIRIDA,mg,25,CÁPSULA DURA,SDTE/DMax 100MG/DIA,"Somnolencia, sedación, tensión mamaria, alteraciones menstruales, galactorrea...",MEDIDAS GENERALES,SIN_DOSIS_TOXICA_ESPECIFICA,Antipsicótico,SDTE — no usar una dosis terapéutica máxima como umbral de toxicidad. La toxicidad varía por agente y formulación.,SDTE / CLASE,"Depresión SNC, taquicardia, hipotensión, anticolinergia o síntomas extrapiramidales; algunos agentes prolongan QT o producen arritmia.","Soporte, ECG y vigilancia neurológica/hemodinámica. Tratar hipotensión, convulsiones y distonía según clínica; consultar toxicología en exposición significativa.",Ninguno específico,https://pubmed.ncbi.nlm.nih.gov/37721023/,https://www.rch.org.au/clinicalguide/guideline_index/Risperidone_Poisoning/,CLASE/CONSENSO,VALIDADO_POR_CLASE,,,,Mixta / depende de contexto,NO,2026-09-02,MED-0346,NO,1,NO
LEVOTIROXINA,mcg,150,TABLETA,>5MG/DIA,"Taquicardia, palpitaciones, arritmia cardiaca (ej. fibrilación auricular y ex...",MEDIDAS GENERALES,PENDIENTE_VALIDACION,Hormona tiroidea,SDTE — síntomas pueden retrasarse varios días y no correlacionan bien con una cifra única ingerida.,SDTE / RETARDADO,"Taquicardia, fiebre, agitación, temblor, hipertensión, diarrea; en gravedad arritmias, insuficiencia cardíaca y delirium.",Soporte y observación según exposición; beta-bloqueo (frecuentemente propranolol) para síntomas adrenérgicos cuando sea apropiado; toxicología/endocrinología en casos grandes.,Ninguno específico,https://www.rch.org.au/clinicalguide/guideline_index/Poisoning_Initial_Management/,,REVISION_CONSERVADORA,REVISADO_CONSERVADOR,El valor original '>5MG/DIA' no se usa como umbral automatizable.,,,Mixta / depende de contexto,NO,2026-09-02,MED-0347,NO,1,NO
LINAGLIPTINA,mg,2.5,TABLETA RECUBIERTA ROSADA,SDTE/DT APROX >600MG (EST. CLINICOS),Hipoglucemia (al combinarlo con una sulfonilurea); alteraciones del gusto; di...,MEDIDAS GENERALES,SIN_DOSIS_TOXICA_ESPECIFICA,Inhibidor DPP-4,SDTE — no hay umbral de toxicidad aguda específico útil para automatizar; sobredosis aislada suele ser de baja toxicidad.,SDTE / CLINICO,Síntomas GI o inespecíficos; hipoglucemia es poco probable en monoterapia pero aumenta con sulfonilurea/insulina.,"Soporte y glucemia, con atención a coingestas hipoglucemiantes.",Ninguno específico,https://www.rch.org.au/clinicalguide/guideline_index/Poisoning_Initial_Management/,,REVISION_CONSERVADORA,VALIDADO_POR_CLASE,,,,Mixta / depende de contexto,NO,2026-09-02,MED-0348,NO,1,NO
LINEZOLID,mg,600,TABLETA RECUBIERTA,>2G/KG/DIA,"Candidiasis oral y vaginal, infecciones fúngicas; anemia; insomnio; cefalea, ...",MEDIDAS GENERALES,PENDIENTE_VALIDACION,Otros / datos específicos limitados,SDTE — sin dosis tóxica humana específica suficientemente validada para automatizar en esta versión.,SDTE,"La sobredosis puede intensificar los efectos farmacológicos y reacciones adversas conocidas. La expresión clínica depende de dosis, formulación, comorbilidades y coingestas.","ABCDE y tratamiento de soporte dirigido a la clínica. ECG, glucemia, electrolitos, función renal/hepática u otras pruebas según mecanismo y síntomas. Ingesta intencional, dosis desconocida, formulación de liberación prolongada o paciente sintomático: evaluación en urgencias y consulta a toxicología/CIT.",Ninguno específico establecido,https://www.rch.org.au/clinicalguide/guideline_index/Poisoning_Initial_Management/,,DATOS_ESPECIFICOS_LIMITADOS,REVISADO_CONSERVADOR,"Se elimina cualquier cifra previa que represente dosis terapéutica máxima, DL50 animal o umbral no sustentado como toxicidad aguda humana.  El valor original '>2G/KG/DIA' no se usa como umbral automatizable.",,,Mixta / depende de contexto,NO,2026-09-02,MED-0349,NO,1,NO
LISINOPRIL,mg,20,TABLETA,SDTE,"Mareo, cefalea; tos; diarrea, vómitos; disfunción renal; efectos ortostáticos...",MEDIDAS GENERALES,SIN_DOSIS_TOXICA_ESPECIFICA,Inhibidor RAAS,SDTE — no hay umbral común; sobredosis aislada suele manifestarse por hipotensión.,SDTE / CLASE,"Hipotensión, mareo; hiperpotasemia y lesión renal en susceptibles, especialmente con coingestas.","Soporte, fluidos, vasopresor si precisa; monitorizar función renal y potasio.",Ninguno específico,https://www.rch.org.au/clinicalguide/guideline_index/Poisoning_Initial_Management/,,MECANISMO/CONSENSO,VALIDADO_POR_CLASE,,,,Mixta / depende de contexto,NO,2026-09-02,MED-0350,NO,1,NO
LOFEPRAMINA,,,,10-20 mg/Kg,"confusión, somnolencia, alucinaciones, convulsiones, taquicardia, hipotensión...",MEDIDAS GENERALES,PENDIENTE_VALIDACION,Antidepresivo tricíclico / bloqueador de canal de sodio,>5 mg/kg en niños: evaluación hospitalaria; >10–15 mg/kg se asocia a alto riesgo y requiere manejo intensivo según clínica.,UMBRAL_EVALUACION,"Anticolinérgico, depresión SNC, convulsiones, hipotensión, QRS ancho, arritmias ventriculares y prolongación QT.","ABCDE, ECG seriado. Si QRS ensanchado o arritmia ventricular: bicarbonato de sodio IV y alcalinización según protocolo; benzodiacepinas para convulsiones. No basar gravedad en nivel sérico.",No existe antídoto; bicarbonato de sodio es tratamiento específico de cardiotoxicidad por bloqueo de sodio.,https://www.rch.org.au/clinicalguide/guideline_index/Tricyclic_Antidepressant_%28TCA%29_Poisoning/,https://pubmed.ncbi.nlm.nih.gov/37721023/,GUIA CLINICA,VALIDADO_POR_CLASE,El valor original '10-20 mg/Kg' no se usa como umbral automatizable.,5,Umbral pediátrico de evaluación,Pediatría; adultos se evalúan clínicamente,SI,2026-09-02,MED-0351,NO,1,NO
LOMITAPIDA,mg,10,CAPSULA DURA,SDTE,"Gastroenteritis; disminución del apetito; mareos, cefaleas, migrañas; diarrea...",MEDIDAS GENERALES,SIN_DOSIS_TOXICA_ESPECIFICA,Otros / datos específicos limitados,SDTE — sin dosis tóxica humana específica suficientemente validada para automatizar en esta versión.,SDTE,"La sobredosis puede intensificar los efectos farmacológicos y reacciones adversas conocidas. La expresión clínica depende de dosis, formulación, comorbilidades y coingestas.","ABCDE y tratamiento de soporte dirigido a la clínica. ECG, glucemia, electrolitos, función renal/hepática u otras pruebas según mecanismo y síntomas. Ingesta intencional, dosis desconocida, formulación de liberación prolongada o paciente sintomático: evaluación en urgencias y consulta a toxicología/CIT.",Ninguno específico establecido,https://www.rch.org.au/clinicalguide/guideline_index/Poisoning_Initial_Management/,,DATOS_ESPECIFICOS_LIMITADOS,REVISADO_CONSERVADOR,"Se elimina cualquier cifra previa que represente dosis terapéutica máxima, DL50 animal o umbral no sustentado como toxicidad aguda humana.",,,Mixta / depende de contexto,NO,2026-09-02,MED-0352,NO,1,NO
LOPERAMIDA CLORHIDRATO,mg,2,COMPRIMIDO,SDTE/DMax 16MG/DIA,"Triada: Miosis (pupilas puntiformes), Depresión respiratoria, Coma hipoxia y ...",NALOXONA,SIN_DOSIS_TOXICA_ESPECIFICA,Opioide periférico / cardiotóxico a dosis altas,SDTE — no automatizar por dosis; abuso/sobredosis puede ser cardiotóxico.,SDTE / ALTO_RIESGO,"Depresión SNC/respiratoria y, en dosis altas, QRS/QT prolongados, torsades y arritmias ventriculares.","Soporte, ECG continuo, corregir electrolitos y tratar disritmias según mecanismo; naloxona puede revertir depresión respiratoria pero no la cardiotoxicidad.",Naloxona para depresión respiratoria; no revierte cardiotoxicidad.,https://pubmed.ncbi.nlm.nih.gov/37721023/,,MECANISMO/CONSENSO,VALIDADO_ESPECIFICO,,,,Mixta / depende de contexto,NO,2026-09-02,MED-0353,NO,1,NO
LOPINAVIR,mg,200,TABLETA,SDTE,sintomas generales,MEDIDAS GENERALES,SIN_DOSIS_TOXICA_ESPECIFICA,Otros / datos específicos limitados,SDTE — sin dosis tóxica humana específica suficientemente validada para automatizar en esta versión.,SDTE,"La sobredosis puede intensificar los efectos farmacológicos y reacciones adversas conocidas. La expresión clínica depende de dosis, formulación, comorbilidades y coingestas.","ABCDE y tratamiento de soporte dirigido a la clínica. ECG, glucemia, electrolitos, función renal/hepática u otras pruebas según mecanismo y síntomas. Ingesta intencional, dosis desconocida, formulación de liberación prolongada o paciente sintomático: evaluación en urgencias y consulta a toxicología/CIT.",Ninguno específico establecido,https://www.rch.org.au/clinicalguide/guideline_index/Poisoning_Initial_Management/,,DATOS_ESPECIFICOS_LIMITADOS,REVISADO_CONSERVADOR,"Se elimina cualquier cifra previa que represente dosis terapéutica máxima, DL50 animal o umbral no sustentado como toxicidad aguda humana.",,,Mixta / depende de contexto,NO,2026-09-02,MED-0354,NO,1,NO
LORATADINA,mg,10,CADA TABLETA CONTIENE.,30-50MG/DIA,"mucosas secas y calientes, piel seca, rubor y calor, xerodermia, retención ur...",FISOSTIGMINA (CUANDO HAY SIND. ANTICOLINERGICO),PENDIENTE_VALIDACION,Antihistamínico H1 poco sedante,"SDTE — no hay un corte universal; generalmente toxicidad aguda leve, pero evaluar exposición importante/síntomas.",SDTE / CLASE,"Somnolencia o agitación, cefalea, taquicardia; cardiotoxicidad grave es infrecuente con agentes modernos aislados.","Soporte y ECG si síntomas, gran ingesta o coingestas.",Ninguno específico,https://www.rch.org.au/clinicalguide/guideline_index/Antihistamine_poisoning/,,GUIA DE CLASE,VALIDADO_POR_CLASE,El valor original '30-50MG/DIA' no se usa como umbral automatizable. Se corrigió o restringió una recomendación específica de la base original que podía inducir manejo inapropiado si se automatizaba.,,,Mixta / depende de contexto,NO,2026-09-02,MED-0355,NO,1,SI
LORAZEPAM,mg,2,TABLETA,>100 MG,"HIPOTENSION, BRADIPNEA, HIPOTERMIA, COMA, CONVULSIONES, HIPOREFLEXIA, EXITABI...",FLUMAZENIL,PENDIENTE_VALIDACION,Benzodiacepina / hipnótico sedante,SDTE — no hay una dosis tóxica única útil para automatizar; la gravedad es clínica y depende mucho de coingestas.,SDTE / CLINICO,"Depresión SNC leve-moderada, ataxia, disartria; depresión respiratoria profunda es infrecuente en sobredosis aislada y obliga a buscar coingestas.",Soporte y vigilancia respiratoria. Carbón activado generalmente contraindicado por riesgo de aspiración. Flumazenil está contraindicado en sobredosis intencional o mixta y solo se considera en escenarios seleccionados accidental/iatrogénico tras consulta toxicológica.,Flumazenil solo en escenarios seleccionados; NO uso rutinario.,https://www.rch.org.au/clinicalguide/guideline_index/Benzodiazepine_poisoning/,,GUIA CLINICA,VALIDADO_POR_CLASE,Se retiraron cifras de dosis 'tóxica' no fiables de varias benzodiacepinas.  El valor original '>100 MG' no se usa como umbral automatizable. Se corrigió o restringió una recomendación específica de la base original que podía inducir manejo inapropiado si se automatizaba.,,,Mixta / depende de contexto,NO,2026-09-02,MED-0356,NO,1,SI
LOSARTAN,mg,50,TABLETA RECUBIERTA,3.5MG/KG,"Anemia; mareos, vértigo; hipotensión; alteración renal, fallo renal; astenia,...","INOTROPICOS, SI HAY ALT DEL SNC NALOXONA",PENDIENTE_VALIDACION,Inhibidor RAAS,SDTE — no hay umbral común; sobredosis aislada suele manifestarse por hipotensión.,SDTE / CLASE,"Hipotensión, mareo; hiperpotasemia y lesión renal en susceptibles, especialmente con coingestas.","Soporte, fluidos, vasopresor si precisa; monitorizar función renal y potasio.",Ninguno específico,https://www.rch.org.au/clinicalguide/guideline_index/Poisoning_Initial_Management/,,MECANISMO/CONSENSO,VALIDADO_POR_CLASE,El valor original '3.5MG/KG' no se usa como umbral automatizable. Se corrigió o restringió una recomendación específica de la base original que podía inducir manejo inapropiado si se automatizaba.,,,Mixta / depende de contexto,NO,2026-09-02,MED-0357,NO,1,SI
LOVASTATINA,mg,20,TABLETA,SDTE,sintomas generales,MEDIDAS GENERALES,SIN_DOSIS_TOXICA_ESPECIFICA,Otros / datos específicos limitados,SDTE — sin dosis tóxica humana específica suficientemente validada para automatizar en esta versión.,SDTE,"La sobredosis puede intensificar los efectos farmacológicos y reacciones adversas conocidas. La expresión clínica depende de dosis, formulación, comorbilidades y coingestas.","ABCDE y tratamiento de soporte dirigido a la clínica. ECG, glucemia, electrolitos, función renal/hepática u otras pruebas según mecanismo y síntomas. Ingesta intencional, dosis desconocida, formulación de liberación prolongada o paciente sintomático: evaluación en urgencias y consulta a toxicología/CIT.",Ninguno específico establecido,https://www.rch.org.au/clinicalguide/guideline_index/Poisoning_Initial_Management/,,DATOS_ESPECIFICOS_LIMITADOS,REVISADO_CONSERVADOR,"Se elimina cualquier cifra previa que represente dosis terapéutica máxima, DL50 animal o umbral no sustentado como toxicidad aguda humana.",,,Mixta / depende de contexto,NO,2026-09-02,MED-0358,NO,1,NO
LOXOPROFEN,mg,60,TABLETAS,SDTE,"Sarpullido, urticaria; somnolencia, dolor abdominal, náusea y vómito, cefalea...",MEDIDAS GENERALES,SIN_DOSIS_TOXICA_ESPECIFICA,AINE,SDTE para este AINE en la app: no extrapolar automáticamente los cortes de ibuprofeno a otros AINEs.,SDTE / CLASE,"Predominan síntomas gastrointestinales y neurológicos; sobredosis importante puede asociarse a lesión renal, alteraciones metabólicas y shock.",Tratamiento de soporte y mantener hidratación adecuada en sobredosis importante. La gravedad y decontaminación dependen del fármaco y exposición; consultar toxicología en casos significativos.,Ninguno específico,https://www.rch.org.au/clinicalguide/guideline_index/Nonsteroidal_Anti-inflammatory_Drug_NSAID_poisoning/,,GUIA DE CLASE,VALIDADO_POR_CLASE,Se eliminó el umbral previo si correspondía a una dosis máxima terapéutica.,,,Mixta / depende de contexto,NO,2026-09-02,MED-0359,NO,1,NO
LUBIPROSTONE,mcg,24,CAPSULA,SDTE,sintomas generales,MEDIDAS GENERALES,SIN_DOSIS_TOXICA_ESPECIFICA,Otros / datos específicos limitados,SDTE — sin dosis tóxica humana específica suficientemente validada para automatizar en esta versión.,SDTE,"La sobredosis puede intensificar los efectos farmacológicos y reacciones adversas conocidas. La expresión clínica depende de dosis, formulación, comorbilidades y coingestas.","ABCDE y tratamiento de soporte dirigido a la clínica. ECG, glucemia, electrolitos, función renal/hepática u otras pruebas según mecanismo y síntomas. Ingesta intencional, dosis desconocida, formulación de liberación prolongada o paciente sintomático: evaluación en urgencias y consulta a toxicología/CIT.",Ninguno específico establecido,https://www.rch.org.au/clinicalguide/guideline_index/Poisoning_Initial_Management/,,DATOS_ESPECIFICOS_LIMITADOS,REVISADO_CONSERVADOR,"Se elimina cualquier cifra previa que represente dosis terapéutica máxima, DL50 animal o umbral no sustentado como toxicidad aguda humana.",,,Mixta / depende de contexto,NO,2026-09-02,MED-0360,NO,1,NO
LUMEFANTRINA,mg,120,TABLETA DISPERSABLE,>600 MG/KG/DIA,sintomas generales,MEDIDAS GENERALES,PENDIENTE_VALIDACION,Otros / datos específicos limitados,SDTE — sin dosis tóxica humana específica suficientemente validada para automatizar en esta versión.,SDTE,"La sobredosis puede intensificar los efectos farmacológicos y reacciones adversas conocidas. La expresión clínica depende de dosis, formulación, comorbilidades y coingestas.","ABCDE y tratamiento de soporte dirigido a la clínica. ECG, glucemia, electrolitos, función renal/hepática u otras pruebas según mecanismo y síntomas. Ingesta intencional, dosis desconocida, formulación de liberación prolongada o paciente sintomático: evaluación en urgencias y consulta a toxicología/CIT.",Ninguno específico establecido,https://www.rch.org.au/clinicalguide/guideline_index/Poisoning_Initial_Management/,,DATOS_ESPECIFICOS_LIMITADOS,REVISADO_CONSERVADOR,"Se elimina cualquier cifra previa que represente dosis terapéutica máxima, DL50 animal o umbral no sustentado como toxicidad aguda humana.  El valor original '>600 MG/KG/DIA' no se usa como umbral automatizable.",,,Mixta / depende de contexto,NO,2026-09-02,MED-0361,NO,1,NO
LURASIDONA CLORHIDRATO,mg,80,TABLETA RECUBIERTA,SDTE HASTA 148 MG(EST. CLIN.),"Somnolencia, acatisia, hipersensibilidad, aumento de peso, insomnio, agitació...",MEDIDAS GENERALES,SIN_DOSIS_TOXICA_ESPECIFICA,Antipsicótico,SDTE — no usar una dosis terapéutica máxima como umbral de toxicidad. La toxicidad varía por agente y formulación.,SDTE / CLASE,"Depresión SNC, taquicardia, hipotensión, anticolinergia o síntomas extrapiramidales; algunos agentes prolongan QT o producen arritmia.","Soporte, ECG y vigilancia neurológica/hemodinámica. Tratar hipotensión, convulsiones y distonía según clínica; consultar toxicología en exposición significativa.",Ninguno específico,https://pubmed.ncbi.nlm.nih.gov/37721023/,https://www.rch.org.au/clinicalguide/guideline_index/Risperidone_Poisoning/,CLASE/CONSENSO,VALIDADO_POR_CLASE,,,,Mixta / depende de contexto,NO,2026-09-02,MED-0362,NO,1,NO
MACITENTAN,mg,10,CADA TABLETA RECUBIERTA CONTIENE:,RAM >600 MG/DIA,"Nasofaringitis, bronquitis, faringitis, gripe, infección urinaria; cefalea; a...",MEDIDAS GENERALES,PENDIENTE_VALIDACION,Otros / datos específicos limitados,SDTE — sin dosis tóxica humana específica suficientemente validada para automatizar en esta versión.,SDTE,"La sobredosis puede intensificar los efectos farmacológicos y reacciones adversas conocidas. La expresión clínica depende de dosis, formulación, comorbilidades y coingestas.","ABCDE y tratamiento de soporte dirigido a la clínica. ECG, glucemia, electrolitos, función renal/hepática u otras pruebas según mecanismo y síntomas. Ingesta intencional, dosis desconocida, formulación de liberación prolongada o paciente sintomático: evaluación en urgencias y consulta a toxicología/CIT.",Ninguno específico establecido,https://www.rch.org.au/clinicalguide/guideline_index/Poisoning_Initial_Management/,,DATOS_ESPECIFICOS_LIMITADOS,REVISADO_CONSERVADOR,"Se elimina cualquier cifra previa que represente dosis terapéutica máxima, DL50 animal o umbral no sustentado como toxicidad aguda humana.  El valor original 'RAM >600 MG/DIA' no se usa como umbral automatizable.",,,Mixta / depende de contexto,NO,2026-09-02,MED-0363,NO,1,NO
MARAVIROC,mg,300,TABLETA RECUBIERTA,SDTE,"Anemia; anorexia; depresión, insomnio; dolor abdominal, flatulencia, náuseas;...",MEDIDAS GENERALES,SIN_DOSIS_TOXICA_ESPECIFICA,Otros / datos específicos limitados,SDTE — sin dosis tóxica humana específica suficientemente validada para automatizar en esta versión.,SDTE,"La sobredosis puede intensificar los efectos farmacológicos y reacciones adversas conocidas. La expresión clínica depende de dosis, formulación, comorbilidades y coingestas.","ABCDE y tratamiento de soporte dirigido a la clínica. ECG, glucemia, electrolitos, función renal/hepática u otras pruebas según mecanismo y síntomas. Ingesta intencional, dosis desconocida, formulación de liberación prolongada o paciente sintomático: evaluación en urgencias y consulta a toxicología/CIT.",Ninguno específico establecido,https://www.rch.org.au/clinicalguide/guideline_index/Poisoning_Initial_Management/,,DATOS_ESPECIFICOS_LIMITADOS,REVISADO_CONSERVADOR,"Se elimina cualquier cifra previa que represente dosis terapéutica máxima, DL50 animal o umbral no sustentado como toxicidad aguda humana.",,,Mixta / depende de contexto,NO,2026-09-02,MED-0364,NO,1,NO
MEBENDAZOL,mg,100,TABLETA,SDTE/DMax 600MG/DIA,sintomas generales,MEDIDAS GENERALES,SIN_DOSIS_TOXICA_ESPECIFICA,Otros / datos específicos limitados,SDTE — sin dosis tóxica humana específica suficientemente validada para automatizar en esta versión.,SDTE,"La sobredosis puede intensificar los efectos farmacológicos y reacciones adversas conocidas. La expresión clínica depende de dosis, formulación, comorbilidades y coingestas.","ABCDE y tratamiento de soporte dirigido a la clínica. ECG, glucemia, electrolitos, función renal/hepática u otras pruebas según mecanismo y síntomas. Ingesta intencional, dosis desconocida, formulación de liberación prolongada o paciente sintomático: evaluación en urgencias y consulta a toxicología/CIT.",Ninguno específico establecido,https://www.rch.org.au/clinicalguide/guideline_index/Poisoning_Initial_Management/,,DATOS_ESPECIFICOS_LIMITADOS,REVISADO_CONSERVADOR,"Se elimina cualquier cifra previa que represente dosis terapéutica máxima, DL50 animal o umbral no sustentado como toxicidad aguda humana.",,,Mixta / depende de contexto,NO,2026-09-02,MED-0365,NO,1,NO
MEBEVERINA,mg,200,CAPSULA,SDTE/DMax 405MG/DIA,Reacciones de hipersensibilidad,MEDIDAS GENERALES,SIN_DOSIS_TOXICA_ESPECIFICA,Otros / datos específicos limitados,SDTE — sin dosis tóxica humana específica suficientemente validada para automatizar en esta versión.,SDTE,"La sobredosis puede intensificar los efectos farmacológicos y reacciones adversas conocidas. La expresión clínica depende de dosis, formulación, comorbilidades y coingestas.","ABCDE y tratamiento de soporte dirigido a la clínica. ECG, glucemia, electrolitos, función renal/hepática u otras pruebas según mecanismo y síntomas. Ingesta intencional, dosis desconocida, formulación de liberación prolongada o paciente sintomático: evaluación en urgencias y consulta a toxicología/CIT.",Ninguno específico establecido,https://www.rch.org.au/clinicalguide/guideline_index/Poisoning_Initial_Management/,,DATOS_ESPECIFICOS_LIMITADOS,REVISADO_CONSERVADOR,"Se elimina cualquier cifra previa que represente dosis terapéutica máxima, DL50 animal o umbral no sustentado como toxicidad aguda humana.",,,Mixta / depende de contexto,NO,2026-09-02,MED-0366,NO,1,NO
MECLIZINA,mg,25,CAPSULA BLANDA,SDTE,"Frecuentes: somnolencia, espesamiento de las secreciones bronquiales, mareo y...",MEDIDAS GENERALES,SIN_DOSIS_TOXICA_ESPECIFICA,Antihistamínico H1 sedante,"SDTE — no usar un único corte por clase. En pediatría, ingesta >3 veces la dosis diaria máxima o síntomas ameritan evaluación según guía.",UMBRAL_RELATIVO / CLASE,"Anticolinergia, agitación/delirium, somnolencia, convulsiones; algunos producen bloqueo de sodio y QT prolongado.","Soporte, ECG, benzodiacepinas para agitación/convulsiones; bicarbonato si hay evidencia de bloqueo de sodio. Evitar asumir seguridad por ausencia inicial de síntomas en grandes ingestas.",Ninguno específico,https://www.rch.org.au/clinicalguide/guideline_index/Antihistamine_poisoning/,https://pubmed.ncbi.nlm.nih.gov/37721023/,GUIA DE CLASE,VALIDADO_POR_CLASE,,,,Mixta / depende de contexto,NO,2026-09-02,MED-0367,NO,1,NO
MEDROXIPROGESTERONA,mg,5,TABLETA,SDTE,Gastrointestinales: Náuseas y vómitos Dolor abdominal Distensión abdominal En...,MEDIDAS GENERALES,SIN_DOSIS_TOXICA_ESPECIFICA,Otros / datos específicos limitados,SDTE — sin dosis tóxica humana específica suficientemente validada para automatizar en esta versión.,SDTE,"La sobredosis puede intensificar los efectos farmacológicos y reacciones adversas conocidas. La expresión clínica depende de dosis, formulación, comorbilidades y coingestas.","ABCDE y tratamiento de soporte dirigido a la clínica. ECG, glucemia, electrolitos, función renal/hepática u otras pruebas según mecanismo y síntomas. Ingesta intencional, dosis desconocida, formulación de liberación prolongada o paciente sintomático: evaluación en urgencias y consulta a toxicología/CIT.",Ninguno específico establecido,https://www.rch.org.au/clinicalguide/guideline_index/Poisoning_Initial_Management/,,DATOS_ESPECIFICOS_LIMITADOS,REVISADO_CONSERVADOR,"Se elimina cualquier cifra previa que represente dosis terapéutica máxima, DL50 animal o umbral no sustentado como toxicidad aguda humana.",,,Mixta / depende de contexto,NO,2026-09-02,MED-0368,NO,1,NO
MELATONINA,mg,2,COMPRIMIDOS DE LIBERACION PROLONGADA,>10-30MG/DIA,"dolor de cabeza, somnolencia, mareos y náuseas",MEDIDAS GENERALES,PENDIENTE_VALIDACION,Otros / datos específicos limitados,SDTE — sin dosis tóxica humana específica suficientemente validada para automatizar en esta versión.,SDTE,"La sobredosis puede intensificar los efectos farmacológicos y reacciones adversas conocidas. La expresión clínica depende de dosis, formulación, comorbilidades y coingestas.","ABCDE y tratamiento de soporte dirigido a la clínica. ECG, glucemia, electrolitos, función renal/hepática u otras pruebas según mecanismo y síntomas. Ingesta intencional, dosis desconocida, formulación de liberación prolongada o paciente sintomático: evaluación en urgencias y consulta a toxicología/CIT.",Ninguno específico establecido,https://www.rch.org.au/clinicalguide/guideline_index/Poisoning_Initial_Management/,,DATOS_ESPECIFICOS_LIMITADOS,REVISADO_CONSERVADOR,"Se elimina cualquier cifra previa que represente dosis terapéutica máxima, DL50 animal o umbral no sustentado como toxicidad aguda humana.  El valor original '>10-30MG/DIA' no se usa como umbral automatizable.",,,Mixta / depende de contexto,NO,2026-09-02,MED-0369,NO,1,NO
MELFALAN,mg,2,TABLETA,RAM >150MCG/KG/DIA,"Leucemia aguda; depresión de la médula ósea derivando en leucopenia, tromboci...",MEDIDAS GENERALES,PENDIENTE_VALIDACION,Otros / datos específicos limitados,SDTE — sin dosis tóxica humana específica suficientemente validada para automatizar en esta versión.,SDTE,"La sobredosis puede intensificar los efectos farmacológicos y reacciones adversas conocidas. La expresión clínica depende de dosis, formulación, comorbilidades y coingestas.","ABCDE y tratamiento de soporte dirigido a la clínica. ECG, glucemia, electrolitos, función renal/hepática u otras pruebas según mecanismo y síntomas. Ingesta intencional, dosis desconocida, formulación de liberación prolongada o paciente sintomático: evaluación en urgencias y consulta a toxicología/CIT.",Ninguno específico establecido,https://www.rch.org.au/clinicalguide/guideline_index/Poisoning_Initial_Management/,,DATOS_ESPECIFICOS_LIMITADOS,REVISADO_CONSERVADOR,"Se elimina cualquier cifra previa que represente dosis terapéutica máxima, DL50 animal o umbral no sustentado como toxicidad aguda humana.  El valor original 'RAM >150MCG/KG/DIA' no se usa como umbral automatizable.",,,Mixta / depende de contexto,NO,2026-09-02,MED-0370,NO,1,NO
MELOXICAM,mg,15,TABLETA,SDTE/DMax 15MG/DIA,"NAUSEAS, VOMITOS, HDA, IRA, CEFALEA, ACUFENO, SORDERA, COMA, APNEA TRANSITORIA",MEDIDAS GENERALES,SIN_DOSIS_TOXICA_ESPECIFICA,AINE,SDTE para este AINE en la app: no extrapolar automáticamente los cortes de ibuprofeno a otros AINEs.,SDTE / CLASE,"Predominan síntomas gastrointestinales y neurológicos; sobredosis importante puede asociarse a lesión renal, alteraciones metabólicas y shock.",Tratamiento de soporte y mantener hidratación adecuada en sobredosis importante. La gravedad y decontaminación dependen del fármaco y exposición; consultar toxicología en casos significativos.,Ninguno específico,https://www.rch.org.au/clinicalguide/guideline_index/Nonsteroidal_Anti-inflammatory_Drug_NSAID_poisoning/,,GUIA DE CLASE,VALIDADO_POR_CLASE,Se eliminó el umbral previo si correspondía a una dosis máxima terapéutica.,,,Mixta / depende de contexto,NO,2026-09-02,MED-0371,NO,1,NO
MEMANTINA CLORHIDRATO,mg,10,TABLETA RECUBIERTA,SDTE,"Dolor de cabeza; somnolencia; estreñimiento; vértigo, alteración del equilibr...",MEDIDAS GENERALES,SIN_DOSIS_TOXICA_ESPECIFICA,Otros / datos específicos limitados,SDTE — sin dosis tóxica humana específica suficientemente validada para automatizar en esta versión.,SDTE,"La sobredosis puede intensificar los efectos farmacológicos y reacciones adversas conocidas. La expresión clínica depende de dosis, formulación, comorbilidades y coingestas.","ABCDE y tratamiento de soporte dirigido a la clínica. ECG, glucemia, electrolitos, función renal/hepática u otras pruebas según mecanismo y síntomas. Ingesta intencional, dosis desconocida, formulación de liberación prolongada o paciente sintomático: evaluación en urgencias y consulta a toxicología/CIT.",Ninguno específico establecido,https://www.rch.org.au/clinicalguide/guideline_index/Poisoning_Initial_Management/,,DATOS_ESPECIFICOS_LIMITADOS,REVISADO_CONSERVADOR,"Se elimina cualquier cifra previa que represente dosis terapéutica máxima, DL50 animal o umbral no sustentado como toxicidad aguda humana.",,,Mixta / depende de contexto,NO,2026-09-02,MED-0372,NO,1,NO
MERCAPTOPURINA,mg,50,TABLETA,SDTE,"Mielodepresión: leucopenia y trombocitopenia,anemia; anorexia; nauseas, vómit...",MEDIDAS GENERALES,SIN_DOSIS_TOXICA_ESPECIFICA,Otros / datos específicos limitados,SDTE — sin dosis tóxica humana específica suficientemente validada para automatizar en esta versión.,SDTE,"La sobredosis puede intensificar los efectos farmacológicos y reacciones adversas conocidas. La expresión clínica depende de dosis, formulación, comorbilidades y coingestas.","ABCDE y tratamiento de soporte dirigido a la clínica. ECG, glucemia, electrolitos, función renal/hepática u otras pruebas según mecanismo y síntomas. Ingesta intencional, dosis desconocida, formulación de liberación prolongada o paciente sintomático: evaluación en urgencias y consulta a toxicología/CIT.",Ninguno específico establecido,https://www.rch.org.au/clinicalguide/guideline_index/Poisoning_Initial_Management/,,DATOS_ESPECIFICOS_LIMITADOS,REVISADO_CONSERVADOR,"Se elimina cualquier cifra previa que represente dosis terapéutica máxima, DL50 animal o umbral no sustentado como toxicidad aguda humana.",,,Mixta / depende de contexto,NO,2026-09-02,MED-0373,NO,1,NO
MESALAZINA,mg,500,TABLETA DE LIBERACIÓN RETARDADA.,SDTE/RAM >4G/DIA,"NAUSEAS, VOMITOS, HDA, IRA, CEFALEA, ACUFENO, SORDERA, COMA, APNEA TRANSITORIA",MEDIDAS GENERALES,SIN_DOSIS_TOXICA_ESPECIFICA,Otros / datos específicos limitados,SDTE — sin dosis tóxica humana específica suficientemente validada para automatizar en esta versión.,SDTE,"La sobredosis puede intensificar los efectos farmacológicos y reacciones adversas conocidas. La expresión clínica depende de dosis, formulación, comorbilidades y coingestas.","ABCDE y tratamiento de soporte dirigido a la clínica. ECG, glucemia, electrolitos, función renal/hepática u otras pruebas según mecanismo y síntomas. Ingesta intencional, dosis desconocida, formulación de liberación prolongada o paciente sintomático: evaluación en urgencias y consulta a toxicología/CIT.",Ninguno específico establecido,https://www.rch.org.au/clinicalguide/guideline_index/Poisoning_Initial_Management/,,DATOS_ESPECIFICOS_LIMITADOS,REVISADO_CONSERVADOR,"Se elimina cualquier cifra previa que represente dosis terapéutica máxima, DL50 animal o umbral no sustentado como toxicidad aguda humana.",,,Mixta / depende de contexto,NO,2026-09-02,MED-0374,NO,1,NO
METADONA CLORHIDRATO,mg,10,TABLETA,100MCG/KG,"Triada: Miosis (pupilas puntiformes), Depresión respiratoria, Coma hipoxia y ...",NALOXONA,PENDIENTE_VALIDACION,Opioide,"SDTE — no existe un umbral universal seguro; evaluar por clínica, formulación, tolerancia y coingestas.",SDTE / CLINICO,"Miosis, depresión SNC y respiratoria, bradicardia/hipotensión en gravedad. Tramadol y tapentadol pueden además causar convulsiones/serotoninotoxicidad; metadona puede prolongar QT.",Prioridad: ventilación/oxigenación. Naloxona titulada para revertir depresión respiratoria; repetir o infundir según duración del opioide. Observar recurrencia tras naloxona y considerar coingestas.,Naloxona,https://pubmed.ncbi.nlm.nih.gov/37721023/,,GUIA AHA,VALIDADO_POR_CLASE,El valor original '100MCG/KG' no se usa como umbral automatizable.,,,Mixta / depende de contexto,NO,2026-09-02,MED-0375,NO,1,NO
METADOXINA,mg,500,TABLETA,SDTE/DMax 1.5 G/DIA,sintomas generales,MEDIDAS GENERALES,SIN_DOSIS_TOXICA_ESPECIFICA,Otros / datos específicos limitados,SDTE — sin dosis tóxica humana específica suficientemente validada para automatizar en esta versión.,SDTE,"La sobredosis puede intensificar los efectos farmacológicos y reacciones adversas conocidas. La expresión clínica depende de dosis, formulación, comorbilidades y coingestas.","ABCDE y tratamiento de soporte dirigido a la clínica. ECG, glucemia, electrolitos, función renal/hepática u otras pruebas según mecanismo y síntomas. Ingesta intencional, dosis desconocida, formulación de liberación prolongada o paciente sintomático: evaluación en urgencias y consulta a toxicología/CIT.",Ninguno específico establecido,https://www.rch.org.au/clinicalguide/guideline_index/Poisoning_Initial_Management/,,DATOS_ESPECIFICOS_LIMITADOS,REVISADO_CONSERVADOR,"Se elimina cualquier cifra previa que represente dosis terapéutica máxima, DL50 animal o umbral no sustentado como toxicidad aguda humana.",,,Mixta / depende de contexto,NO,2026-09-02,MED-0376,NO,1,NO
METFORMINA,mg,500-850-1000,TABLETA,85MG/KG,"Disgeusia; náuseas, vómitos, diarrea, dolor abdominal, pérdida de apetito.",MEDIDAS GENERALES,PENDIENTE_VALIDACION,Biguanida,SDTE — la gravedad no se define por mg/kg únicamente. La acidosis láctica y el estado hemodinámico guían manejo.,CLINICO_LABORATORIO,"Náuseas/vómitos, acidosis láctica, taquipnea, hipotensión/shock, deterioro de conciencia.","Soporte y corrección de causas; hemodiálisis en toxicidad grave. EXTRIP recomienda ECTR, entre otros, con lactato >20 mmol/L, pH ≤7.0, shock o falla de soporte estándar.",No hay antídoto; hemodiálisis es eliminación específica en casos graves.,https://pubmed.ncbi.nlm.nih.gov/25860205/,,EXTRIP,VALIDADO_ESPECIFICO,,,,Mixta / depende de contexto,NO,2026-09-02,MED-0377,NO,1,NO
METILDOPA,mg,283,POR TABLETA,SDTE/DMax 3G/DIA,"Sedación, mareos, aturdimiento y síntomas de insuficiencia cerebrovascular, h...",MEDIDAS GENERALES,SIN_DOSIS_TOXICA_ESPECIFICA,Otros / datos específicos limitados,SDTE — sin dosis tóxica humana específica suficientemente validada para automatizar en esta versión.,SDTE,"La sobredosis puede intensificar los efectos farmacológicos y reacciones adversas conocidas. La expresión clínica depende de dosis, formulación, comorbilidades y coingestas.","ABCDE y tratamiento de soporte dirigido a la clínica. ECG, glucemia, electrolitos, función renal/hepática u otras pruebas según mecanismo y síntomas. Ingesta intencional, dosis desconocida, formulación de liberación prolongada o paciente sintomático: evaluación en urgencias y consulta a toxicología/CIT.",Ninguno específico establecido,https://www.rch.org.au/clinicalguide/guideline_index/Poisoning_Initial_Management/,,DATOS_ESPECIFICOS_LIMITADOS,REVISADO_CONSERVADOR,"Se elimina cualquier cifra previa que represente dosis terapéutica máxima, DL50 animal o umbral no sustentado como toxicidad aguda humana.",,,Mixta / depende de contexto,NO,2026-09-02,MED-0378,NO,1,NO
METILFENIDATO CLORHIDRATO,mg,54,TABLETA DE LIBERACIÓN PROLONGADA,1MG/KG O >60MG,"Nasofaringitis, sinusitis ,infección de la parte alta del tracto respiratorio...",MEDIDAS GENERALES,PENDIENTE_VALIDACION,Simpaticomimético / estimulante,SDTE — no hay umbral universal; toxicidad es clínica y depende del agente.,SDTE / CLASE,"Agitación, midriasis, diaforesis, taquicardia, hipertensión, hipertermia, dolor torácico, convulsiones y arritmias.","Benzodiacepinas como base para agitación/hiperactividad adrenérgica, enfriamiento si hipertermia y tratamiento dirigido de complicaciones cardiovasculares.",Ninguno específico,https://pubmed.ncbi.nlm.nih.gov/37721023/,,GUIA AHA,VALIDADO_POR_CLASE,El valor original '1MG/KG O >60MG' no se usa como umbral automatizable.,,,Mixta / depende de contexto,NO,2026-09-02,MED-0379,NO,1,NO
METILPREDNISOLONA,mg,16,TABLETA RECUBIERTA,SDTE,"Obesidad troncal, cara de luna llena, aumento de glucemia, aumento de peso, d...",MEDIDAS GENERALES,SIN_DOSIS_TOXICA_ESPECIFICA,Otros / datos específicos limitados,SDTE — sin dosis tóxica humana específica suficientemente validada para automatizar en esta versión.,SDTE,"La sobredosis puede intensificar los efectos farmacológicos y reacciones adversas conocidas. La expresión clínica depende de dosis, formulación, comorbilidades y coingestas.","ABCDE y tratamiento de soporte dirigido a la clínica. ECG, glucemia, electrolitos, función renal/hepática u otras pruebas según mecanismo y síntomas. Ingesta intencional, dosis desconocida, formulación de liberación prolongada o paciente sintomático: evaluación en urgencias y consulta a toxicología/CIT.",Ninguno específico establecido,https://www.rch.org.au/clinicalguide/guideline_index/Poisoning_Initial_Management/,,DATOS_ESPECIFICOS_LIMITADOS,REVISADO_CONSERVADOR,"Se elimina cualquier cifra previa que represente dosis terapéutica máxima, DL50 animal o umbral no sustentado como toxicidad aguda humana.",,,Mixta / depende de contexto,NO,2026-09-02,MED-0380,NO,1,NO
METILSULFONILMETANO (MSM),mg,250,TABLETA CON CUBIERTA ENTÉRICA,DL 20G/KG,sintomass generales,MEDIDAS GENERALES,PENDIENTE_VALIDACION,Otros / datos específicos limitados,SDTE — sin dosis tóxica humana específica suficientemente validada para automatizar en esta versión.,SDTE,"La sobredosis puede intensificar los efectos farmacológicos y reacciones adversas conocidas. La expresión clínica depende de dosis, formulación, comorbilidades y coingestas.","ABCDE y tratamiento de soporte dirigido a la clínica. ECG, glucemia, electrolitos, función renal/hepática u otras pruebas según mecanismo y síntomas. Ingesta intencional, dosis desconocida, formulación de liberación prolongada o paciente sintomático: evaluación en urgencias y consulta a toxicología/CIT.",Ninguno específico establecido,https://www.rch.org.au/clinicalguide/guideline_index/Poisoning_Initial_Management/,,DATOS_ESPECIFICOS_LIMITADOS,REVISADO_CONSERVADOR,"Se elimina cualquier cifra previa que represente dosis terapéutica máxima, DL50 animal o umbral no sustentado como toxicidad aguda humana.  El valor original 'DL 20G/KG' no se usa como umbral automatizable.",,,Mixta / depende de contexto,NO,2026-09-02,MED-0381,NO,1,NO
METIMAZOL,mg,5,TABLETA,SDTE,"Náuseas, vómitos, dolor epigástrico; erupción cutánea; urticaria, prurito, hi...",MEDIDAS GENERALES,SIN_DOSIS_TOXICA_ESPECIFICA,Otros / datos específicos limitados,SDTE — sin dosis tóxica humana específica suficientemente validada para automatizar en esta versión.,SDTE,"La sobredosis puede intensificar los efectos farmacológicos y reacciones adversas conocidas. La expresión clínica depende de dosis, formulación, comorbilidades y coingestas.","ABCDE y tratamiento de soporte dirigido a la clínica. ECG, glucemia, electrolitos, función renal/hepática u otras pruebas según mecanismo y síntomas. Ingesta intencional, dosis desconocida, formulación de liberación prolongada o paciente sintomático: evaluación en urgencias y consulta a toxicología/CIT.",Ninguno específico establecido,https://www.rch.org.au/clinicalguide/guideline_index/Poisoning_Initial_Management/,,DATOS_ESPECIFICOS_LIMITADOS,REVISADO_CONSERVADOR,"Se elimina cualquier cifra previa que represente dosis terapéutica máxima, DL50 animal o umbral no sustentado como toxicidad aguda humana.",,,Mixta / depende de contexto,NO,2026-09-02,MED-0382,NO,1,NO
METISOPRINOL,mg,500,TABLETA,>4G/KG,Elevación del ácido úrico sérico y urinario. Las cifras se normalizan después...,MEDIDAS GENERALES,PENDIENTE_VALIDACION,Otros / datos específicos limitados,SDTE — sin dosis tóxica humana específica suficientemente validada para automatizar en esta versión.,SDTE,"La sobredosis puede intensificar los efectos farmacológicos y reacciones adversas conocidas. La expresión clínica depende de dosis, formulación, comorbilidades y coingestas.","ABCDE y tratamiento de soporte dirigido a la clínica. ECG, glucemia, electrolitos, función renal/hepática u otras pruebas según mecanismo y síntomas. Ingesta intencional, dosis desconocida, formulación de liberación prolongada o paciente sintomático: evaluación en urgencias y consulta a toxicología/CIT.",Ninguno específico establecido,https://www.rch.org.au/clinicalguide/guideline_index/Poisoning_Initial_Management/,,DATOS_ESPECIFICOS_LIMITADOS,REVISADO_CONSERVADOR,"Se elimina cualquier cifra previa que represente dosis terapéutica máxima, DL50 animal o umbral no sustentado como toxicidad aguda humana.  El valor original '>4G/KG' no se usa como umbral automatizable.",,,Mixta / depende de contexto,NO,2026-09-02,MED-0383,NO,1,NO
METOCARBAMOL,mg,400,TABLETA RECUBIERTA,SDTE/TOX MOD CON DT>20 G,"Leucopenia; bradicardia, rubor, hipotensión, síncope; diplopía, visión borros...",MEDIDAS GENERALES,SIN_DOSIS_TOXICA_ESPECIFICA,Otros / datos específicos limitados,SDTE — sin dosis tóxica humana específica suficientemente validada para automatizar en esta versión.,SDTE,"La sobredosis puede intensificar los efectos farmacológicos y reacciones adversas conocidas. La expresión clínica depende de dosis, formulación, comorbilidades y coingestas.","ABCDE y tratamiento de soporte dirigido a la clínica. ECG, glucemia, electrolitos, función renal/hepática u otras pruebas según mecanismo y síntomas. Ingesta intencional, dosis desconocida, formulación de liberación prolongada o paciente sintomático: evaluación en urgencias y consulta a toxicología/CIT.",Ninguno específico establecido,https://www.rch.org.au/clinicalguide/guideline_index/Poisoning_Initial_Management/,,DATOS_ESPECIFICOS_LIMITADOS,REVISADO_CONSERVADOR,"Se elimina cualquier cifra previa que represente dosis terapéutica máxima, DL50 animal o umbral no sustentado como toxicidad aguda humana.",,,Mixta / depende de contexto,NO,2026-09-02,MED-0384,NO,1,NO
METOCLOPRAMIDA,mg,10,TABLETA,SDTE/RAM >2MG/KG/DIA,"somnolencia, desorientación, irritabilidad, agitación, ataxia, reacciones ext...",MEDIDAS GENERALES,SIN_DOSIS_TOXICA_ESPECIFICA,Otros / datos específicos limitados,SDTE — sin dosis tóxica humana específica suficientemente validada para automatizar en esta versión.,SDTE,"La sobredosis puede intensificar los efectos farmacológicos y reacciones adversas conocidas. La expresión clínica depende de dosis, formulación, comorbilidades y coingestas.","ABCDE y tratamiento de soporte dirigido a la clínica. ECG, glucemia, electrolitos, función renal/hepática u otras pruebas según mecanismo y síntomas. Ingesta intencional, dosis desconocida, formulación de liberación prolongada o paciente sintomático: evaluación en urgencias y consulta a toxicología/CIT.",Ninguno específico establecido,https://www.rch.org.au/clinicalguide/guideline_index/Poisoning_Initial_Management/,,DATOS_ESPECIFICOS_LIMITADOS,REVISADO_CONSERVADOR,"Se elimina cualquier cifra previa que represente dosis terapéutica máxima, DL50 animal o umbral no sustentado como toxicidad aguda humana.",,,Mixta / depende de contexto,NO,2026-09-02,MED-0385,NO,1,NO
METOPROLOL,mg.,50,TABLETA,DOSIS MAX 450 MG/DIA-DT>900 MG,"Choque, Hipotensión, Bradicardia, Bloqueo AV, Broncoespasmo, Hipoglucemia, Co...",GLUCAGON,PENDIENTE_VALIDACION,Betabloqueador,"SDTE — no usar múltiplos de dosis terapéutica como umbral universal; toxicidad depende de agente (p. ej., propranolol/sotalol) y comorbilidades.",SDTE / CLASE,"Bradicardia, hipotensión, shock; hipoglucemia y depresión SNC. Propranolol: bloqueo de sodio/convulsiones; sotalol: QT/torsades.","ABCDE, ECG, glucemia. En shock grave: calcio según contexto, glucagón como adyuvante, insulina euglucémica de alta dosis y vasopresores conforme a protocolo/toxicología; bicarbonato si bloqueo de sodio.",No hay un único antídoto; terapias específicas incluyen glucagón/insulina/vasopresores según fenotipo.,https://pubmed.ncbi.nlm.nih.gov/37721023/,,GUIA AHA,VALIDADO_POR_CLASE,El valor original 'DOSIS MAX 450 MG/DIA-DT>900 MG' no se usa como umbral automatizable.,,,Mixta / depende de contexto,NO,2026-09-02,MED-0386,NO,1,NO
METOTREXATO,mg,2.5,TABLETA,>20MG/SEMANAL,"Leucocitopenia, trombocitopenia, anemia; dolor de cabeza, fatiga, somnolencia...",LEUCOVORINA,PENDIENTE_VALIDACION,Antimetabolito / antifolato,"SDTE — no usar >20 mg/semana como 'dosis tóxica'. El riesgo depende de vía, esquema, función renal y niveles/tiempo en altas dosis.",CLINICO_FARMACOCINETICO,"Mucositis, mielosupresión, hepatotoxicidad, lesión renal, neumonitis; en altas dosis, eliminación retrasada puede causar toxicidad grave.","Suspender, hidratación y alcalinización en alta dosis, rescate con leucovorina según nivel/tiempo; glucarpidasa cuando hay eliminación retrasada/IRA y criterios. Consultar toxicología/oncología.",Leucovorina; glucarpidasa en escenarios seleccionados.,https://pubmed.ncbi.nlm.nih.gov/39356310/,,CONSENSO 2024,VALIDADO_ESPECIFICO,,,,Mixta / depende de contexto,NO,2026-09-02,MED-0387,NO,1,NO
METOXALEM,mg,10,TABLETA RECUBIERTA,SDTE,"Reacciones fototóxicas, náuseas, vómitos, insuficiencia cardíaca congestiva e...",MEDIDAS GENERALES,SIN_DOSIS_TOXICA_ESPECIFICA,Otros / datos específicos limitados,SDTE — sin dosis tóxica humana específica suficientemente validada para automatizar en esta versión.,SDTE,"La sobredosis puede intensificar los efectos farmacológicos y reacciones adversas conocidas. La expresión clínica depende de dosis, formulación, comorbilidades y coingestas.","ABCDE y tratamiento de soporte dirigido a la clínica. ECG, glucemia, electrolitos, función renal/hepática u otras pruebas según mecanismo y síntomas. Ingesta intencional, dosis desconocida, formulación de liberación prolongada o paciente sintomático: evaluación en urgencias y consulta a toxicología/CIT.",Ninguno específico establecido,https://www.rch.org.au/clinicalguide/guideline_index/Poisoning_Initial_Management/,,DATOS_ESPECIFICOS_LIMITADOS,REVISADO_CONSERVADOR,"Se elimina cualquier cifra previa que represente dosis terapéutica máxima, DL50 animal o umbral no sustentado como toxicidad aguda humana.",,,Mixta / depende de contexto,NO,2026-09-02,MED-0388,NO,1,NO
METRONIDAZOL,mg,500,TABLETA,>6G/DIA,"Dolor epigástrico, náuseas, vómitos, diarrea, mucositis oral, trastorno del s...",MEDIDAS GENERALES,PENDIENTE_VALIDACION,Otros / datos específicos limitados,SDTE — sin dosis tóxica humana específica suficientemente validada para automatizar en esta versión.,SDTE,"La sobredosis puede intensificar los efectos farmacológicos y reacciones adversas conocidas. La expresión clínica depende de dosis, formulación, comorbilidades y coingestas.","ABCDE y tratamiento de soporte dirigido a la clínica. ECG, glucemia, electrolitos, función renal/hepática u otras pruebas según mecanismo y síntomas. Ingesta intencional, dosis desconocida, formulación de liberación prolongada o paciente sintomático: evaluación en urgencias y consulta a toxicología/CIT.",Ninguno específico establecido,https://www.rch.org.au/clinicalguide/guideline_index/Poisoning_Initial_Management/,,DATOS_ESPECIFICOS_LIMITADOS,REVISADO_CONSERVADOR,"Se elimina cualquier cifra previa que represente dosis terapéutica máxima, DL50 animal o umbral no sustentado como toxicidad aguda humana.  El valor original '>6G/DIA' no se usa como umbral automatizable.",,,Mixta / depende de contexto,NO,2026-09-02,MED-0389,NO,1,NO
MEXAZOLAM,mg,1,COMPRIMIDOS,SDTE/DMax 3MG/DIA,"HIPOTENSION, BRADIPNEA, HIPOTERMIA, COMA, CONVULSIONES, HIPOREFLEXIA, EXITABI...",FLUMAZENIL,SIN_DOSIS_TOXICA_ESPECIFICA,Benzodiacepina / hipnótico sedante,SDTE — no hay una dosis tóxica única útil para automatizar; la gravedad es clínica y depende mucho de coingestas.,SDTE / CLINICO,"Depresión SNC leve-moderada, ataxia, disartria; depresión respiratoria profunda es infrecuente en sobredosis aislada y obliga a buscar coingestas.",Soporte y vigilancia respiratoria. Carbón activado generalmente contraindicado por riesgo de aspiración. Flumazenil está contraindicado en sobredosis intencional o mixta y solo se considera en escenarios seleccionados accidental/iatrogénico tras consulta toxicológica.,Flumazenil solo en escenarios seleccionados; NO uso rutinario.,https://www.rch.org.au/clinicalguide/guideline_index/Benzodiazepine_poisoning/,,GUIA CLINICA,VALIDADO_POR_CLASE,Se retiraron cifras de dosis 'tóxica' no fiables de varias benzodiacepinas. Se corrigió o restringió una recomendación específica de la base original que podía inducir manejo inapropiado si se automatizaba.,,,Mixta / depende de contexto,NO,2026-09-02,MED-0390,NO,1,SI
MICOFENOLATO DE MOFETILO,mg,250,CAPSULA DURA,SDTE/DMax 3G/DIA,"Sepsis, candidiasis gastrointestinal, infección del tracto urinario o respira...",MEDIDAS GENERALES,SIN_DOSIS_TOXICA_ESPECIFICA,Otros / datos específicos limitados,SDTE — sin dosis tóxica humana específica suficientemente validada para automatizar en esta versión.,SDTE,"La sobredosis puede intensificar los efectos farmacológicos y reacciones adversas conocidas. La expresión clínica depende de dosis, formulación, comorbilidades y coingestas.","ABCDE y tratamiento de soporte dirigido a la clínica. ECG, glucemia, electrolitos, función renal/hepática u otras pruebas según mecanismo y síntomas. Ingesta intencional, dosis desconocida, formulación de liberación prolongada o paciente sintomático: evaluación en urgencias y consulta a toxicología/CIT.",Ninguno específico establecido,https://www.rch.org.au/clinicalguide/guideline_index/Poisoning_Initial_Management/,,DATOS_ESPECIFICOS_LIMITADOS,REVISADO_CONSERVADOR,"Se elimina cualquier cifra previa que represente dosis terapéutica máxima, DL50 animal o umbral no sustentado como toxicidad aguda humana.",,,Mixta / depende de contexto,NO,2026-09-02,MED-0391,NO,1,NO
MIDAZOLAM,mg,7.5,TABLETA RECUBIERTA,DT>35-50MG APROX,"HIPOTENSION, BRADIPNEA, HIPOTERMIA, COMA, CONVULSIONES, HIPOREFLEXIA, EXITABI...",FLUMAZENIL,PENDIENTE_VALIDACION,Benzodiacepina / hipnótico sedante,SDTE — no hay una dosis tóxica única útil para automatizar; la gravedad es clínica y depende mucho de coingestas.,SDTE / CLINICO,"Depresión SNC leve-moderada, ataxia, disartria; depresión respiratoria profunda es infrecuente en sobredosis aislada y obliga a buscar coingestas.",Soporte y vigilancia respiratoria. Carbón activado generalmente contraindicado por riesgo de aspiración. Flumazenil está contraindicado en sobredosis intencional o mixta y solo se considera en escenarios seleccionados accidental/iatrogénico tras consulta toxicológica.,Flumazenil solo en escenarios seleccionados; NO uso rutinario.,https://www.rch.org.au/clinicalguide/guideline_index/Benzodiazepine_poisoning/,,GUIA CLINICA,VALIDADO_POR_CLASE,Se retiraron cifras de dosis 'tóxica' no fiables de varias benzodiacepinas.  El valor original 'DT>35-50MG APROX' no se usa como umbral automatizable. Se corrigió o restringió una recomendación específica de la base original que podía inducir manejo inapropiado si se automatizaba.,,,Mixta / depende de contexto,NO,2026-09-02,MED-0392,NO,1,SI
MIDODRINA CLORHIDRATO,mg,5,TABLETA RECUBIERTA,SDTE/DMax 40MG/DIA,"Epiloerección (piel de gallina), prurito del cuero cabelludo, prurito, escalo...",MEDIDAS GENERALES,SIN_DOSIS_TOXICA_ESPECIFICA,Otros / datos específicos limitados,SDTE — sin dosis tóxica humana específica suficientemente validada para automatizar en esta versión.,SDTE,"La sobredosis puede intensificar los efectos farmacológicos y reacciones adversas conocidas. La expresión clínica depende de dosis, formulación, comorbilidades y coingestas.","ABCDE y tratamiento de soporte dirigido a la clínica. ECG, glucemia, electrolitos, función renal/hepática u otras pruebas según mecanismo y síntomas. Ingesta intencional, dosis desconocida, formulación de liberación prolongada o paciente sintomático: evaluación en urgencias y consulta a toxicología/CIT.",Ninguno específico establecido,https://www.rch.org.au/clinicalguide/guideline_index/Poisoning_Initial_Management/,,DATOS_ESPECIFICOS_LIMITADOS,REVISADO_CONSERVADOR,"Se elimina cualquier cifra previa que represente dosis terapéutica máxima, DL50 animal o umbral no sustentado como toxicidad aguda humana.",,,Mixta / depende de contexto,NO,2026-09-02,MED-0393,NO,1,NO
MIDOSTAURINA,mg,25,CAPSULA BLANDA,SDTE/DT PRESENTE EN >200MG/DIA,"Infección relacionada con un dispositivo, infección de vías respiratorias alt...",MEDIDAS GENERALES,SIN_DOSIS_TOXICA_ESPECIFICA,Otros / datos específicos limitados,SDTE — sin dosis tóxica humana específica suficientemente validada para automatizar en esta versión.,SDTE,"La sobredosis puede intensificar los efectos farmacológicos y reacciones adversas conocidas. La expresión clínica depende de dosis, formulación, comorbilidades y coingestas.","ABCDE y tratamiento de soporte dirigido a la clínica. ECG, glucemia, electrolitos, función renal/hepática u otras pruebas según mecanismo y síntomas. Ingesta intencional, dosis desconocida, formulación de liberación prolongada o paciente sintomático: evaluación en urgencias y consulta a toxicología/CIT.",Ninguno específico establecido,https://www.rch.org.au/clinicalguide/guideline_index/Poisoning_Initial_Management/,,DATOS_ESPECIFICOS_LIMITADOS,REVISADO_CONSERVADOR,"Se elimina cualquier cifra previa que represente dosis terapéutica máxima, DL50 animal o umbral no sustentado como toxicidad aguda humana.",,,Mixta / depende de contexto,NO,2026-09-02,MED-0394,NO,1,NO
MIFEPRISTONA,mg,200,TABLETA,SDTE,Gastrointestinales: Náuseas y vómitos Dolor abdominal Distensión abdominal En...,MEDIDAS GENERALES,SIN_DOSIS_TOXICA_ESPECIFICA,Otros / datos específicos limitados,SDTE — sin dosis tóxica humana específica suficientemente validada para automatizar en esta versión.,SDTE,"La sobredosis puede intensificar los efectos farmacológicos y reacciones adversas conocidas. La expresión clínica depende de dosis, formulación, comorbilidades y coingestas.","ABCDE y tratamiento de soporte dirigido a la clínica. ECG, glucemia, electrolitos, función renal/hepática u otras pruebas según mecanismo y síntomas. Ingesta intencional, dosis desconocida, formulación de liberación prolongada o paciente sintomático: evaluación en urgencias y consulta a toxicología/CIT.",Ninguno específico establecido,https://www.rch.org.au/clinicalguide/guideline_index/Poisoning_Initial_Management/,,DATOS_ESPECIFICOS_LIMITADOS,REVISADO_CONSERVADOR,"Se elimina cualquier cifra previa que represente dosis terapéutica máxima, DL50 animal o umbral no sustentado como toxicidad aguda humana.",,,Mixta / depende de contexto,NO,2026-09-02,MED-0395,NO,1,NO
MIGALASTAT CLORHIDRATO,mg,150,POR CADA CAPSULA DURA,SDTE,"cefalea, proteinuria, bronquitis, faringitis, náuseas, fatiga, fiebre, y pare...",MEDIDAS GENERALES,SIN_DOSIS_TOXICA_ESPECIFICA,Otros / datos específicos limitados,SDTE — sin dosis tóxica humana específica suficientemente validada para automatizar en esta versión.,SDTE,"La sobredosis puede intensificar los efectos farmacológicos y reacciones adversas conocidas. La expresión clínica depende de dosis, formulación, comorbilidades y coingestas.","ABCDE y tratamiento de soporte dirigido a la clínica. ECG, glucemia, electrolitos, función renal/hepática u otras pruebas según mecanismo y síntomas. Ingesta intencional, dosis desconocida, formulación de liberación prolongada o paciente sintomático: evaluación en urgencias y consulta a toxicología/CIT.",Ninguno específico establecido,https://www.rch.org.au/clinicalguide/guideline_index/Poisoning_Initial_Management/,,DATOS_ESPECIFICOS_LIMITADOS,REVISADO_CONSERVADOR,"Se elimina cualquier cifra previa que represente dosis terapéutica máxima, DL50 animal o umbral no sustentado como toxicidad aguda humana.",,,Mixta / depende de contexto,NO,2026-09-02,MED-0396,NO,1,NO
MILRINONA,mg,10,POR VIAL,SDTE,"Actividad ventricular ectópica, taquicardia ventricular (sostenida o no soste...",MEDIDAS GENERALES,SIN_DOSIS_TOXICA_ESPECIFICA,Otros / datos específicos limitados,SDTE — sin dosis tóxica humana específica suficientemente validada para automatizar en esta versión.,SDTE,"La sobredosis puede intensificar los efectos farmacológicos y reacciones adversas conocidas. La expresión clínica depende de dosis, formulación, comorbilidades y coingestas.","ABCDE y tratamiento de soporte dirigido a la clínica. ECG, glucemia, electrolitos, función renal/hepática u otras pruebas según mecanismo y síntomas. Ingesta intencional, dosis desconocida, formulación de liberación prolongada o paciente sintomático: evaluación en urgencias y consulta a toxicología/CIT.",Ninguno específico establecido,https://www.rch.org.au/clinicalguide/guideline_index/Poisoning_Initial_Management/,,DATOS_ESPECIFICOS_LIMITADOS,REVISADO_CONSERVADOR,"Se elimina cualquier cifra previa que represente dosis terapéutica máxima, DL50 animal o umbral no sustentado como toxicidad aguda humana.",,,Mixta / depende de contexto,NO,2026-09-02,MED-0397,NO,1,NO
MILTEFOSINA,mg,50,CAPSULAS,>150MG/DIA,"Ampollas, despelleje, o sarpullido rojo en la piel. Cambio en la cantidad y f...",MEDIDAS GENERALES,PENDIENTE_VALIDACION,Otros / datos específicos limitados,SDTE — sin dosis tóxica humana específica suficientemente validada para automatizar en esta versión.,SDTE,"La sobredosis puede intensificar los efectos farmacológicos y reacciones adversas conocidas. La expresión clínica depende de dosis, formulación, comorbilidades y coingestas.","ABCDE y tratamiento de soporte dirigido a la clínica. ECG, glucemia, electrolitos, función renal/hepática u otras pruebas según mecanismo y síntomas. Ingesta intencional, dosis desconocida, formulación de liberación prolongada o paciente sintomático: evaluación en urgencias y consulta a toxicología/CIT.",Ninguno específico establecido,https://www.rch.org.au/clinicalguide/guideline_index/Poisoning_Initial_Management/,,DATOS_ESPECIFICOS_LIMITADOS,REVISADO_CONSERVADOR,"Se elimina cualquier cifra previa que represente dosis terapéutica máxima, DL50 animal o umbral no sustentado como toxicidad aguda humana.  El valor original '>150MG/DIA' no se usa como umbral automatizable.",,,Mixta / depende de contexto,NO,2026-09-02,MED-0398,NO,1,NO
MINOCICLINA,mg,100,CÁPSULA DURA,SDTE/DMax 200MG/DIA,Coloración permanente en dientes e inhibición de desarrollo óseo en niños; an...,MEDIDAS GENERALES,SIN_DOSIS_TOXICA_ESPECIFICA,Otros / datos específicos limitados,SDTE — sin dosis tóxica humana específica suficientemente validada para automatizar en esta versión.,SDTE,"La sobredosis puede intensificar los efectos farmacológicos y reacciones adversas conocidas. La expresión clínica depende de dosis, formulación, comorbilidades y coingestas.","ABCDE y tratamiento de soporte dirigido a la clínica. ECG, glucemia, electrolitos, función renal/hepática u otras pruebas según mecanismo y síntomas. Ingesta intencional, dosis desconocida, formulación de liberación prolongada o paciente sintomático: evaluación en urgencias y consulta a toxicología/CIT.",Ninguno específico establecido,https://www.rch.org.au/clinicalguide/guideline_index/Poisoning_Initial_Management/,,DATOS_ESPECIFICOS_LIMITADOS,REVISADO_CONSERVADOR,"Se elimina cualquier cifra previa que represente dosis terapéutica máxima, DL50 animal o umbral no sustentado como toxicidad aguda humana.",,,Mixta / depende de contexto,NO,2026-09-02,MED-0399,NO,1,NO
MINOXIDIL,mg,10,TABLETA,SDTE/DMax 100MG/DIA,"Taquicardia, pericarditis, derrame pericárdico, taponamiento cardiaco; trasto...",MEDIDAS GENERALES,SIN_DOSIS_TOXICA_ESPECIFICA,Otros / datos específicos limitados,SDTE — sin dosis tóxica humana específica suficientemente validada para automatizar en esta versión.,SDTE,"La sobredosis puede intensificar los efectos farmacológicos y reacciones adversas conocidas. La expresión clínica depende de dosis, formulación, comorbilidades y coingestas.","ABCDE y tratamiento de soporte dirigido a la clínica. ECG, glucemia, electrolitos, función renal/hepática u otras pruebas según mecanismo y síntomas. Ingesta intencional, dosis desconocida, formulación de liberación prolongada o paciente sintomático: evaluación en urgencias y consulta a toxicología/CIT.",Ninguno específico establecido,https://www.rch.org.au/clinicalguide/guideline_index/Poisoning_Initial_Management/,,DATOS_ESPECIFICOS_LIMITADOS,REVISADO_CONSERVADOR,"Se elimina cualquier cifra previa que represente dosis terapéutica máxima, DL50 animal o umbral no sustentado como toxicidad aguda humana.",,,Mixta / depende de contexto,NO,2026-09-02,MED-0400,NO,1,NO
MIRABEGRON,mg,50,TABLETA DE LIBERACION PROLONGADA,SDTE,Infección tracto urinario; taquicardia; náuseas; crisis hipertensiva; estreñi...,MEDIDAS GENERALES,SIN_DOSIS_TOXICA_ESPECIFICA,Otros / datos específicos limitados,SDTE — sin dosis tóxica humana específica suficientemente validada para automatizar en esta versión.,SDTE,"La sobredosis puede intensificar los efectos farmacológicos y reacciones adversas conocidas. La expresión clínica depende de dosis, formulación, comorbilidades y coingestas.","ABCDE y tratamiento de soporte dirigido a la clínica. ECG, glucemia, electrolitos, función renal/hepática u otras pruebas según mecanismo y síntomas. Ingesta intencional, dosis desconocida, formulación de liberación prolongada o paciente sintomático: evaluación en urgencias y consulta a toxicología/CIT.",Ninguno específico establecido,https://www.rch.org.au/clinicalguide/guideline_index/Poisoning_Initial_Management/,,DATOS_ESPECIFICOS_LIMITADOS,REVISADO_CONSERVADOR,"Se elimina cualquier cifra previa que represente dosis terapéutica máxima, DL50 animal o umbral no sustentado como toxicidad aguda humana.",,,Mixta / depende de contexto,NO,2026-09-02,MED-0401,NO,1,NO
MIRTAZAPINA,mg,30,TABLETA RECUBIERTA,SDTE/DMax 45MG/DIA,"Aumento de peso; somnolencia, sedación, cefalea, letargia, mareo, temblor; bo...",MEDIDAS GENERALES,SIN_DOSIS_TOXICA_ESPECIFICA,Serotonérgico / antidepresivo relacionado,SDTE — no se automatiza un umbral común.,SDTE / CLASE,"Náuseas, somnolencia o agitación; riesgo de serotoninotoxicidad aumenta con coingestas serotonérgicas. Algunos agentes pueden alterar QT.","Soporte; benzodiacepinas, enfriamiento y medidas dirigidas si serotoninotoxicidad. ECG según agente y exposición.",Ninguno específico,https://www.rch.org.au/clinicalguide/guideline_index/Serotonin_and_Noradrenaline_Re-uptake_Inhibitors_SNRIs_Poisoning/,,CLASE/CONSENSO,VALIDADO_POR_CLASE,,,,Mixta / depende de contexto,NO,2026-09-02,MED-0402,NO,1,NO
MISOPROSTOL,mcg,200,TABLETA,SDTE,Gastrointestinales: Náuseas y vómitos Dolor abdominal Distensión abdominal En...,MEDIDAS GENERALES,SIN_DOSIS_TOXICA_ESPECIFICA,Otros / datos específicos limitados,SDTE — sin dosis tóxica humana específica suficientemente validada para automatizar en esta versión.,SDTE,"La sobredosis puede intensificar los efectos farmacológicos y reacciones adversas conocidas. La expresión clínica depende de dosis, formulación, comorbilidades y coingestas.","ABCDE y tratamiento de soporte dirigido a la clínica. ECG, glucemia, electrolitos, función renal/hepática u otras pruebas según mecanismo y síntomas. Ingesta intencional, dosis desconocida, formulación de liberación prolongada o paciente sintomático: evaluación en urgencias y consulta a toxicología/CIT.",Ninguno específico establecido,https://www.rch.org.au/clinicalguide/guideline_index/Poisoning_Initial_Management/,,DATOS_ESPECIFICOS_LIMITADOS,REVISADO_CONSERVADOR,"Se elimina cualquier cifra previa que represente dosis terapéutica máxima, DL50 animal o umbral no sustentado como toxicidad aguda humana.",,,Mixta / depende de contexto,NO,2026-09-02,MED-0403,NO,1,NO
MITOTANO,mg,500,TABLETA,SDTE/CONCEN TOX 20MG/L,"Leucopenia, aumento del tiempo de hemorragia, anemia, trombocitopenia; ataxia...",MEDIDAS GENERALES,SIN_DOSIS_TOXICA_ESPECIFICA,Otros / datos específicos limitados,SDTE — sin dosis tóxica humana específica suficientemente validada para automatizar en esta versión.,SDTE,"La sobredosis puede intensificar los efectos farmacológicos y reacciones adversas conocidas. La expresión clínica depende de dosis, formulación, comorbilidades y coingestas.","ABCDE y tratamiento de soporte dirigido a la clínica. ECG, glucemia, electrolitos, función renal/hepática u otras pruebas según mecanismo y síntomas. Ingesta intencional, dosis desconocida, formulación de liberación prolongada o paciente sintomático: evaluación en urgencias y consulta a toxicología/CIT.",Ninguno específico establecido,https://www.rch.org.au/clinicalguide/guideline_index/Poisoning_Initial_Management/,,DATOS_ESPECIFICOS_LIMITADOS,REVISADO_CONSERVADOR,"Se elimina cualquier cifra previa que represente dosis terapéutica máxima, DL50 animal o umbral no sustentado como toxicidad aguda humana.",,,Mixta / depende de contexto,NO,2026-09-02,MED-0404,NO,1,NO
MODAFINIL,mg,100,CÁPSULABLANDA,SDTE/DMax 400MG/DIA,"Disminución del apetito; nerviosismo, insomnio, ansiedad, depresión, pensamie...",MEDIDAS GENERALES,SIN_DOSIS_TOXICA_ESPECIFICA,Simpaticomimético / estimulante,SDTE — no hay umbral universal; toxicidad es clínica y depende del agente.,SDTE / CLASE,"Agitación, midriasis, diaforesis, taquicardia, hipertensión, hipertermia, dolor torácico, convulsiones y arritmias.","Benzodiacepinas como base para agitación/hiperactividad adrenérgica, enfriamiento si hipertermia y tratamiento dirigido de complicaciones cardiovasculares.",Ninguno específico,https://pubmed.ncbi.nlm.nih.gov/37721023/,,GUIA AHA,VALIDADO_POR_CLASE,,,,Mixta / depende de contexto,NO,2026-09-02,MED-0405,NO,1,NO
MOLIBDENO,mcg,51,CAPSULA,SDTE/ SOLO INTOX RESPIRATORIA,"dolor de cabeza, cansancio, pérdida del apetito, y dolores musculares y artic...",MEDIDAS GENERALES,SIN_DOSIS_TOXICA_ESPECIFICA,Otros / datos específicos limitados,SDTE — sin dosis tóxica humana específica suficientemente validada para automatizar en esta versión.,SDTE,"La sobredosis puede intensificar los efectos farmacológicos y reacciones adversas conocidas. La expresión clínica depende de dosis, formulación, comorbilidades y coingestas.","ABCDE y tratamiento de soporte dirigido a la clínica. ECG, glucemia, electrolitos, función renal/hepática u otras pruebas según mecanismo y síntomas. Ingesta intencional, dosis desconocida, formulación de liberación prolongada o paciente sintomático: evaluación en urgencias y consulta a toxicología/CIT.",Ninguno específico establecido,https://www.rch.org.au/clinicalguide/guideline_index/Poisoning_Initial_Management/,,DATOS_ESPECIFICOS_LIMITADOS,REVISADO_CONSERVADOR,"Se elimina cualquier cifra previa que represente dosis terapéutica máxima, DL50 animal o umbral no sustentado como toxicidad aguda humana.",,,Mixta / depende de contexto,NO,2026-09-02,MED-0406,NO,1,NO
MOLNUPIRAVIR,mg,200,CAPSULA DURA,SDTE,sintomas generales,MEDIDAS GENERALES,SIN_DOSIS_TOXICA_ESPECIFICA,Otros / datos específicos limitados,SDTE — sin dosis tóxica humana específica suficientemente validada para automatizar en esta versión.,SDTE,"La sobredosis puede intensificar los efectos farmacológicos y reacciones adversas conocidas. La expresión clínica depende de dosis, formulación, comorbilidades y coingestas.","ABCDE y tratamiento de soporte dirigido a la clínica. ECG, glucemia, electrolitos, función renal/hepática u otras pruebas según mecanismo y síntomas. Ingesta intencional, dosis desconocida, formulación de liberación prolongada o paciente sintomático: evaluación en urgencias y consulta a toxicología/CIT.",Ninguno específico establecido,https://www.rch.org.au/clinicalguide/guideline_index/Poisoning_Initial_Management/,,DATOS_ESPECIFICOS_LIMITADOS,REVISADO_CONSERVADOR,"Se elimina cualquier cifra previa que represente dosis terapéutica máxima, DL50 animal o umbral no sustentado como toxicidad aguda humana.",,,Mixta / depende de contexto,NO,2026-09-02,MED-0407,NO,1,NO
MOMETASONA,µg,160,CÁPSULA DURA,SDTE,"Faringitis, infección del tracto respiratorio superior; cefalea; epistaxis, a...",MEDIDAS GENERALES,SIN_DOSIS_TOXICA_ESPECIFICA,Otros / datos específicos limitados,SDTE — sin dosis tóxica humana específica suficientemente validada para automatizar en esta versión.,SDTE,"La sobredosis puede intensificar los efectos farmacológicos y reacciones adversas conocidas. La expresión clínica depende de dosis, formulación, comorbilidades y coingestas.","ABCDE y tratamiento de soporte dirigido a la clínica. ECG, glucemia, electrolitos, función renal/hepática u otras pruebas según mecanismo y síntomas. Ingesta intencional, dosis desconocida, formulación de liberación prolongada o paciente sintomático: evaluación en urgencias y consulta a toxicología/CIT.",Ninguno específico establecido,https://www.rch.org.au/clinicalguide/guideline_index/Poisoning_Initial_Management/,,DATOS_ESPECIFICOS_LIMITADOS,REVISADO_CONSERVADOR,"Se elimina cualquier cifra previa que represente dosis terapéutica máxima, DL50 animal o umbral no sustentado como toxicidad aguda humana.",,,Mixta / depende de contexto,NO,2026-09-02,MED-0408,NO,1,NO
MONOACETATO DE L-LISINA,mg,105,TABLETA RECUBIERTA,11.4G/KG,"trastornos gastrointestinales como náuseas, diarrea y dolor abdominal, disfun...",MEDIDAS GENERALES,PENDIENTE_VALIDACION,Otros / datos específicos limitados,SDTE — sin dosis tóxica humana específica suficientemente validada para automatizar en esta versión.,SDTE,"La sobredosis puede intensificar los efectos farmacológicos y reacciones adversas conocidas. La expresión clínica depende de dosis, formulación, comorbilidades y coingestas.","ABCDE y tratamiento de soporte dirigido a la clínica. ECG, glucemia, electrolitos, función renal/hepática u otras pruebas según mecanismo y síntomas. Ingesta intencional, dosis desconocida, formulación de liberación prolongada o paciente sintomático: evaluación en urgencias y consulta a toxicología/CIT.",Ninguno específico establecido,https://www.rch.org.au/clinicalguide/guideline_index/Poisoning_Initial_Management/,,DATOS_ESPECIFICOS_LIMITADOS,REVISADO_CONSERVADOR,"Se elimina cualquier cifra previa que represente dosis terapéutica máxima, DL50 animal o umbral no sustentado como toxicidad aguda humana.  El valor original '11.4G/KG' no se usa como umbral automatizable.",,,Mixta / depende de contexto,NO,2026-09-02,MED-0409,NO,1,NO
MONTELUKAST,mg,4,TABLETAS MASTICABLES,1 G-60MG/KG,"Infección respiratoria alta; cefalea; dolor abdominal, diarrea, náuseas, vómi...",MEDIDAS GENERALES,PENDIENTE_VALIDACION,Otros / datos específicos limitados,SDTE — sin dosis tóxica humana específica suficientemente validada para automatizar en esta versión.,SDTE,"La sobredosis puede intensificar los efectos farmacológicos y reacciones adversas conocidas. La expresión clínica depende de dosis, formulación, comorbilidades y coingestas.","ABCDE y tratamiento de soporte dirigido a la clínica. ECG, glucemia, electrolitos, función renal/hepática u otras pruebas según mecanismo y síntomas. Ingesta intencional, dosis desconocida, formulación de liberación prolongada o paciente sintomático: evaluación en urgencias y consulta a toxicología/CIT.",Ninguno específico establecido,https://www.rch.org.au/clinicalguide/guideline_index/Poisoning_Initial_Management/,,DATOS_ESPECIFICOS_LIMITADOS,REVISADO_CONSERVADOR,"Se elimina cualquier cifra previa que represente dosis terapéutica máxima, DL50 animal o umbral no sustentado como toxicidad aguda humana.  El valor original '1 G-60MG/KG' no se usa como umbral automatizable.",,,Mixta / depende de contexto,NO,2026-09-02,MED-0410,NO,1,NO
MOSAPRIDA CITRATO,mg.,10,TABLETA RECUBIERTA,SDTE,sintomas generales,MEDIDAS GENERALES,SIN_DOSIS_TOXICA_ESPECIFICA,Otros / datos específicos limitados,SDTE — sin dosis tóxica humana específica suficientemente validada para automatizar en esta versión.,SDTE,"La sobredosis puede intensificar los efectos farmacológicos y reacciones adversas conocidas. La expresión clínica depende de dosis, formulación, comorbilidades y coingestas.","ABCDE y tratamiento de soporte dirigido a la clínica. ECG, glucemia, electrolitos, función renal/hepática u otras pruebas según mecanismo y síntomas. Ingesta intencional, dosis desconocida, formulación de liberación prolongada o paciente sintomático: evaluación en urgencias y consulta a toxicología/CIT.",Ninguno específico establecido,https://www.rch.org.au/clinicalguide/guideline_index/Poisoning_Initial_Management/,,DATOS_ESPECIFICOS_LIMITADOS,REVISADO_CONSERVADOR,"Se elimina cualquier cifra previa que represente dosis terapéutica máxima, DL50 animal o umbral no sustentado como toxicidad aguda humana.",,,Mixta / depende de contexto,NO,2026-09-02,MED-0411,NO,1,NO
MOXIFLOXACINA,mg,400,TABLETA RECUBIERTA,SDTE/DMax 800MG/DIA,Sobreinfecciones debidas a bacterias resistentes u hongos (candidiasis oral y...,MEDIDAS GENERALES,SIN_DOSIS_TOXICA_ESPECIFICA,Antimicrobiano con potencial de QT,SDTE — no usar dosis terapéutica máxima como umbral de toxicidad aguda.,SDTE / CLINICO,"GI, mareos; sobredosis significativa puede prolongar QT y favorecer arritmias, especialmente con factores predisponentes.","Soporte, ECG y corrección de K/Mg si exposición relevante; tratar torsades según protocolo.",Ninguno específico,https://pubmed.ncbi.nlm.nih.gov/37721023/,,MECANISMO/CONSENSO,VALIDADO_POR_CLASE,,,,Mixta / depende de contexto,NO,2026-09-02,MED-0412,NO,1,NO
N-ACETILCISTEINA,mg,600,TABLETA EFERVESCENTE,SDTE,SINTOMAS GENERALES,MEDIDAS GENERALES,SIN_DOSIS_TOXICA_ESPECIFICA,Mucolítico / antídoto,SDTE — sobredosis oral suele ser GI; errores de dosis IV pueden producir reacciones no IgE y otras complicaciones.,SDTE / CLINICO,"Náuseas/vómitos por vía oral; IV: rubor, urticaria, angioedema, broncoespasmo e hipotensión tipo reacción anafilactoide.",Suspender o enlentecer infusión según gravedad y tratar reacción anafilactoide de acuerdo con protocolo; soporte. No existe un antídoto contra NAC.,Ninguno específico,https://www.rch.org.au/clinicalguide/guideline_index/paracetamol_poisoning/,,GUIA/REVISION,VALIDADO_ESPECIFICO,,,,Mixta / depende de contexto,NO,2026-09-02,MED-0413,NO,1,NO
NAPROXENO,mg,500,TABLETA RECUBIERTA,> O = 35MG/KG,"NAUSEAS, VOMITOS, HDA, IRA, CEFALEA, ACUFENO, SORDERA, COMA, APNEA TRANSITORIA",MEDIDAS GENERALES,PENDIENTE_VALIDACION,AINE,SDTE para este AINE en la app: no extrapolar automáticamente los cortes de ibuprofeno a otros AINEs.,SDTE / CLASE,"Predominan síntomas gastrointestinales y neurológicos; sobredosis importante puede asociarse a lesión renal, alteraciones metabólicas y shock.",Tratamiento de soporte y mantener hidratación adecuada en sobredosis importante. La gravedad y decontaminación dependen del fármaco y exposición; consultar toxicología en casos significativos.,Ninguno específico,https://www.rch.org.au/clinicalguide/guideline_index/Nonsteroidal_Anti-inflammatory_Drug_NSAID_poisoning/,,GUIA DE CLASE,VALIDADO_POR_CLASE,Se eliminó el umbral previo si correspondía a una dosis máxima terapéutica.  El valor original '> O = 35MG/KG' no se usa como umbral automatizable.,,,Mixta / depende de contexto,NO,2026-09-02,MED-0414,NO,1,NO
NEBIVOLOL,mg,5,TABLETAS,"> O = 0,3MG/KG","Choque, Hipotensión, Bradicardia, Bloqueo AV, Broncoespasmo, Hipoglucemia, Co...",GLUCAGON,PENDIENTE_VALIDACION,Betabloqueador,"SDTE — no usar múltiplos de dosis terapéutica como umbral universal; toxicidad depende de agente (p. ej., propranolol/sotalol) y comorbilidades.",SDTE / CLASE,"Bradicardia, hipotensión, shock; hipoglucemia y depresión SNC. Propranolol: bloqueo de sodio/convulsiones; sotalol: QT/torsades.","ABCDE, ECG, glucemia. En shock grave: calcio según contexto, glucagón como adyuvante, insulina euglucémica de alta dosis y vasopresores conforme a protocolo/toxicología; bicarbonato si bloqueo de sodio.",No hay un único antídoto; terapias específicas incluyen glucagón/insulina/vasopresores según fenotipo.,https://pubmed.ncbi.nlm.nih.gov/37721023/,,GUIA AHA,VALIDADO_POR_CLASE,"El valor original '> O = 0,3MG/KG' no se usa como umbral automatizable.",,,Mixta / depende de contexto,NO,2026-09-02,MED-0415,NO,1,NO
NEOMICINA,mg,3.5,SUSPENSION,>12G/DIA,"náuseas, vómitos, diarrea, colitis y malabsorción. Ototoxicidad y nefrotoxici...",MEDIDAS GENERALES,PENDIENTE_VALIDACION,Otros / datos específicos limitados,SDTE — sin dosis tóxica humana específica suficientemente validada para automatizar en esta versión.,SDTE,"La sobredosis puede intensificar los efectos farmacológicos y reacciones adversas conocidas. La expresión clínica depende de dosis, formulación, comorbilidades y coingestas.","ABCDE y tratamiento de soporte dirigido a la clínica. ECG, glucemia, electrolitos, función renal/hepática u otras pruebas según mecanismo y síntomas. Ingesta intencional, dosis desconocida, formulación de liberación prolongada o paciente sintomático: evaluación en urgencias y consulta a toxicología/CIT.",Ninguno específico establecido,https://www.rch.org.au/clinicalguide/guideline_index/Poisoning_Initial_Management/,,DATOS_ESPECIFICOS_LIMITADOS,REVISADO_CONSERVADOR,"Se elimina cualquier cifra previa que represente dosis terapéutica máxima, DL50 animal o umbral no sustentado como toxicidad aguda humana.  El valor original '>12G/DIA' no se usa como umbral automatizable.",,,Mixta / depende de contexto,NO,2026-09-02,MED-0416,NO,1,NO
NERATINIIB,mg,40,TABLETA RECUBIERTA,SDTE,"Reacciones alérgicas y anafilaxia: Urticaria, Prurito, angioedema, disnea, Sh...",MEDIDAS GENERALES,SIN_DOSIS_TOXICA_ESPECIFICA,Otros / datos específicos limitados,SDTE — sin dosis tóxica humana específica suficientemente validada para automatizar en esta versión.,SDTE,"La sobredosis puede intensificar los efectos farmacológicos y reacciones adversas conocidas. La expresión clínica depende de dosis, formulación, comorbilidades y coingestas.","ABCDE y tratamiento de soporte dirigido a la clínica. ECG, glucemia, electrolitos, función renal/hepática u otras pruebas según mecanismo y síntomas. Ingesta intencional, dosis desconocida, formulación de liberación prolongada o paciente sintomático: evaluación en urgencias y consulta a toxicología/CIT.",Ninguno específico establecido,https://www.rch.org.au/clinicalguide/guideline_index/Poisoning_Initial_Management/,,DATOS_ESPECIFICOS_LIMITADOS,REVISADO_CONSERVADOR,"Se elimina cualquier cifra previa que represente dosis terapéutica máxima, DL50 animal o umbral no sustentado como toxicidad aguda humana.",,,Mixta / depende de contexto,NO,2026-09-02,MED-0417,NO,1,NO
NEVIRAPINA,mg,200,TABLETA,SDTE,sintomas generales,MEDIDAS GENERALES,SIN_DOSIS_TOXICA_ESPECIFICA,Otros / datos específicos limitados,SDTE — sin dosis tóxica humana específica suficientemente validada para automatizar en esta versión.,SDTE,"La sobredosis puede intensificar los efectos farmacológicos y reacciones adversas conocidas. La expresión clínica depende de dosis, formulación, comorbilidades y coingestas.","ABCDE y tratamiento de soporte dirigido a la clínica. ECG, glucemia, electrolitos, función renal/hepática u otras pruebas según mecanismo y síntomas. Ingesta intencional, dosis desconocida, formulación de liberación prolongada o paciente sintomático: evaluación en urgencias y consulta a toxicología/CIT.",Ninguno específico establecido,https://www.rch.org.au/clinicalguide/guideline_index/Poisoning_Initial_Management/,,DATOS_ESPECIFICOS_LIMITADOS,REVISADO_CONSERVADOR,"Se elimina cualquier cifra previa que represente dosis terapéutica máxima, DL50 animal o umbral no sustentado como toxicidad aguda humana.",,,Mixta / depende de contexto,NO,2026-09-02,MED-0418,NO,1,NO
NICOTINAMIDA,mg,8189,CAPSULA DE GELATINA BLANDA,>500MG/DIA,NO DESCRITAS,MEDIDAS GENERALES,PENDIENTE_VALIDACION,Otros / datos específicos limitados,SDTE — sin dosis tóxica humana específica suficientemente validada para automatizar en esta versión.,SDTE,"La sobredosis puede intensificar los efectos farmacológicos y reacciones adversas conocidas. La expresión clínica depende de dosis, formulación, comorbilidades y coingestas.","ABCDE y tratamiento de soporte dirigido a la clínica. ECG, glucemia, electrolitos, función renal/hepática u otras pruebas según mecanismo y síntomas. Ingesta intencional, dosis desconocida, formulación de liberación prolongada o paciente sintomático: evaluación en urgencias y consulta a toxicología/CIT.",Ninguno específico establecido,https://www.rch.org.au/clinicalguide/guideline_index/Poisoning_Initial_Management/,,DATOS_ESPECIFICOS_LIMITADOS,REVISADO_CONSERVADOR,"Se elimina cualquier cifra previa que represente dosis terapéutica máxima, DL50 animal o umbral no sustentado como toxicidad aguda humana.  El valor original '>500MG/DIA' no se usa como umbral automatizable.",,,Mixta / depende de contexto,NO,2026-09-02,MED-0419,NO,1,NO
NIFEDIPINO,mg,30,CAPSULA DE LIBERACION CONTROLADA,>120 MG,"Cefalea, HIPOTENSION, somnolencia, mareo, (inicio del tto.); debilidad; palp...",GLUCONATO DE CALCIO,PENDIENTE_VALIDACION,Bloqueador de canales de calcio,SDTE — no hay un corte universal seguro; incluso exposiciones relativamente pequeñas pueden ser relevantes según formulación/agente.,SDTE / CLASE_ALTO_RIESGO,"Hipotensión/shock, bradicardia o trastornos de conducción (verapamilo/diltiazem), hiperglucemia y acidosis; dihidropiridinas pueden dar vasoplejía/taquicardia inicial.","ABCDE, ECG y glucemia. En toxicidad grave: calcio IV, insulina euglucémica de alta dosis y norepinefrina/epinefrina según fenotipo; considerar medidas avanzadas con toxicología.",No hay antídoto único; calcio + insulina de alta dosis son terapias específicas.,https://pubmed.ncbi.nlm.nih.gov/37721023/,,GUIA AHA,VALIDADO_POR_CLASE,El valor original '>120 MG' no se usa como umbral automatizable.,,,Mixta / depende de contexto,NO,2026-09-02,MED-0420,NO,1,NO
NIFUROXAZIDA,mg,200,CÁPSULA DURA,SDTE,Náuseas y eventualmente vómito; se presenta dosis-dependiente sobre todo cuan...,MEDIDAS GENERALES,SIN_DOSIS_TOXICA_ESPECIFICA,Otros / datos específicos limitados,SDTE — sin dosis tóxica humana específica suficientemente validada para automatizar en esta versión.,SDTE,"La sobredosis puede intensificar los efectos farmacológicos y reacciones adversas conocidas. La expresión clínica depende de dosis, formulación, comorbilidades y coingestas.","ABCDE y tratamiento de soporte dirigido a la clínica. ECG, glucemia, electrolitos, función renal/hepática u otras pruebas según mecanismo y síntomas. Ingesta intencional, dosis desconocida, formulación de liberación prolongada o paciente sintomático: evaluación en urgencias y consulta a toxicología/CIT.",Ninguno específico establecido,https://www.rch.org.au/clinicalguide/guideline_index/Poisoning_Initial_Management/,,DATOS_ESPECIFICOS_LIMITADOS,REVISADO_CONSERVADOR,"Se elimina cualquier cifra previa que represente dosis terapéutica máxima, DL50 animal o umbral no sustentado como toxicidad aguda humana.",,,Mixta / depende de contexto,NO,2026-09-02,MED-0421,NO,1,NO
NILOTINIB,mg,200,CAPSULA,SDTE,"Reacciones alérgicas y anafilaxia: Urticaria, Prurito, angioedema, disnea, Sh...",MEDIDAS GENERALES,SIN_DOSIS_TOXICA_ESPECIFICA,Otros / datos específicos limitados,SDTE — sin dosis tóxica humana específica suficientemente validada para automatizar en esta versión.,SDTE,"La sobredosis puede intensificar los efectos farmacológicos y reacciones adversas conocidas. La expresión clínica depende de dosis, formulación, comorbilidades y coingestas.","ABCDE y tratamiento de soporte dirigido a la clínica. ECG, glucemia, electrolitos, función renal/hepática u otras pruebas según mecanismo y síntomas. Ingesta intencional, dosis desconocida, formulación de liberación prolongada o paciente sintomático: evaluación en urgencias y consulta a toxicología/CIT.",Ninguno específico establecido,https://www.rch.org.au/clinicalguide/guideline_index/Poisoning_Initial_Management/,,DATOS_ESPECIFICOS_LIMITADOS,REVISADO_CONSERVADOR,"Se elimina cualquier cifra previa que represente dosis terapéutica máxima, DL50 animal o umbral no sustentado como toxicidad aguda humana.",,,Mixta / depende de contexto,NO,2026-09-02,MED-0422,NO,1,NO
NIMESULIDA,mg,100,TABLETAS,RAM >200 MG/DIA,"Pirosis, náuseas, vómitos, diarrea y gastralgias leves y transitorias, sin qu...",MEDIDAS GENERALES,PENDIENTE_VALIDACION,AINE,SDTE para este AINE en la app: no extrapolar automáticamente los cortes de ibuprofeno a otros AINEs.,SDTE / CLASE,"Predominan síntomas gastrointestinales y neurológicos; sobredosis importante puede asociarse a lesión renal, alteraciones metabólicas y shock.",Tratamiento de soporte y mantener hidratación adecuada en sobredosis importante. La gravedad y decontaminación dependen del fármaco y exposición; consultar toxicología en casos significativos.,Ninguno específico,https://www.rch.org.au/clinicalguide/guideline_index/Nonsteroidal_Anti-inflammatory_Drug_NSAID_poisoning/,,GUIA DE CLASE,VALIDADO_POR_CLASE,Se eliminó el umbral previo si correspondía a una dosis máxima terapéutica.  El valor original 'RAM >200 MG/DIA' no se usa como umbral automatizable.,,,Mixta / depende de contexto,NO,2026-09-02,MED-0423,NO,1,NO
NIMODIPINO,mg,30,TABLETA RECUBIERTA,>60 MG,"Cefalea, HIPOTENSION, somnolencia, mareo, (inicio del tto.); debilidad; palp...",GLUCONATO DE CALCIO,PENDIENTE_VALIDACION,Bloqueador de canales de calcio,SDTE — no hay un corte universal seguro; incluso exposiciones relativamente pequeñas pueden ser relevantes según formulación/agente.,SDTE / CLASE_ALTO_RIESGO,"Hipotensión/shock, bradicardia o trastornos de conducción (verapamilo/diltiazem), hiperglucemia y acidosis; dihidropiridinas pueden dar vasoplejía/taquicardia inicial.","ABCDE, ECG y glucemia. En toxicidad grave: calcio IV, insulina euglucémica de alta dosis y norepinefrina/epinefrina según fenotipo; considerar medidas avanzadas con toxicología.",No hay antídoto único; calcio + insulina de alta dosis son terapias específicas.,https://pubmed.ncbi.nlm.nih.gov/37721023/,,GUIA AHA,VALIDADO_POR_CLASE,El valor original '>60 MG' no se usa como umbral automatizable.,,,Mixta / depende de contexto,NO,2026-09-02,MED-0424,NO,1,NO
NINTEDANIB,mg,100,CAPSULA BLANDA,SDTE,"Reacciones alérgicas y anafilaxia: Urticaria, Prurito, angioedema, disnea, Sh...",MEDIDAS GENERALES,SIN_DOSIS_TOXICA_ESPECIFICA,Otros / datos específicos limitados,SDTE — sin dosis tóxica humana específica suficientemente validada para automatizar en esta versión.,SDTE,"La sobredosis puede intensificar los efectos farmacológicos y reacciones adversas conocidas. La expresión clínica depende de dosis, formulación, comorbilidades y coingestas.","ABCDE y tratamiento de soporte dirigido a la clínica. ECG, glucemia, electrolitos, función renal/hepática u otras pruebas según mecanismo y síntomas. Ingesta intencional, dosis desconocida, formulación de liberación prolongada o paciente sintomático: evaluación en urgencias y consulta a toxicología/CIT.",Ninguno específico establecido,https://www.rch.org.au/clinicalguide/guideline_index/Poisoning_Initial_Management/,,DATOS_ESPECIFICOS_LIMITADOS,REVISADO_CONSERVADOR,"Se elimina cualquier cifra previa que represente dosis terapéutica máxima, DL50 animal o umbral no sustentado como toxicidad aguda humana.",,,Mixta / depende de contexto,NO,2026-09-02,MED-0425,NO,1,NO
NIRAPARIB,mg,100,TABLETAS,SDTE,"Reacciones alérgicas y anafilaxia: Urticaria, Prurito, angioedema, disnea, Sh...",MEDIDAS GENERALES,SIN_DOSIS_TOXICA_ESPECIFICA,Otros / datos específicos limitados,SDTE — sin dosis tóxica humana específica suficientemente validada para automatizar en esta versión.,SDTE,"La sobredosis puede intensificar los efectos farmacológicos y reacciones adversas conocidas. La expresión clínica depende de dosis, formulación, comorbilidades y coingestas.","ABCDE y tratamiento de soporte dirigido a la clínica. ECG, glucemia, electrolitos, función renal/hepática u otras pruebas según mecanismo y síntomas. Ingesta intencional, dosis desconocida, formulación de liberación prolongada o paciente sintomático: evaluación en urgencias y consulta a toxicología/CIT.",Ninguno específico establecido,https://www.rch.org.au/clinicalguide/guideline_index/Poisoning_Initial_Management/,,DATOS_ESPECIFICOS_LIMITADOS,REVISADO_CONSERVADOR,"Se elimina cualquier cifra previa que represente dosis terapéutica máxima, DL50 animal o umbral no sustentado como toxicidad aguda humana.",,,Mixta / depende de contexto,NO,2026-09-02,MED-0426,NO,1,NO
NISTATINA,UI,100,TABLETA,SDTE,"POCO FRECUENTES, SINTOMAS GENERALES",MEDIDAS GENERALES,SIN_DOSIS_TOXICA_ESPECIFICA,Otros / datos específicos limitados,SDTE — sin dosis tóxica humana específica suficientemente validada para automatizar en esta versión.,SDTE,"La sobredosis puede intensificar los efectos farmacológicos y reacciones adversas conocidas. La expresión clínica depende de dosis, formulación, comorbilidades y coingestas.","ABCDE y tratamiento de soporte dirigido a la clínica. ECG, glucemia, electrolitos, función renal/hepática u otras pruebas según mecanismo y síntomas. Ingesta intencional, dosis desconocida, formulación de liberación prolongada o paciente sintomático: evaluación en urgencias y consulta a toxicología/CIT.",Ninguno específico establecido,https://www.rch.org.au/clinicalguide/guideline_index/Poisoning_Initial_Management/,,DATOS_ESPECIFICOS_LIMITADOS,REVISADO_CONSERVADOR,"Se elimina cualquier cifra previa que represente dosis terapéutica máxima, DL50 animal o umbral no sustentado como toxicidad aguda humana.",,,Mixta / depende de contexto,NO,2026-09-02,MED-0427,NO,1,NO
NITAZOXANIDA,mg,500,TABLETA RECUBIERTA,SDTE,"Náusea, algunas veces acompañadas de cefalea, anorexia y ocasionalmente vómit...",MEDIDAS GENERALES,SIN_DOSIS_TOXICA_ESPECIFICA,Otros / datos específicos limitados,SDTE — sin dosis tóxica humana específica suficientemente validada para automatizar en esta versión.,SDTE,"La sobredosis puede intensificar los efectos farmacológicos y reacciones adversas conocidas. La expresión clínica depende de dosis, formulación, comorbilidades y coingestas.","ABCDE y tratamiento de soporte dirigido a la clínica. ECG, glucemia, electrolitos, función renal/hepática u otras pruebas según mecanismo y síntomas. Ingesta intencional, dosis desconocida, formulación de liberación prolongada o paciente sintomático: evaluación en urgencias y consulta a toxicología/CIT.",Ninguno específico establecido,https://www.rch.org.au/clinicalguide/guideline_index/Poisoning_Initial_Management/,,DATOS_ESPECIFICOS_LIMITADOS,REVISADO_CONSERVADOR,"Se elimina cualquier cifra previa que represente dosis terapéutica máxima, DL50 animal o umbral no sustentado como toxicidad aguda humana.",,,Mixta / depende de contexto,NO,2026-09-02,MED-0428,NO,1,NO
NITISINONA,mg,5,CAPSULAS DURA,SDTE,Dolor ocular; concentraciones elevadas de tirosina. Además en TH-1: trombocit...,MEDIDAS GENERALES,SIN_DOSIS_TOXICA_ESPECIFICA,Otros / datos específicos limitados,SDTE — sin dosis tóxica humana específica suficientemente validada para automatizar en esta versión.,SDTE,"La sobredosis puede intensificar los efectos farmacológicos y reacciones adversas conocidas. La expresión clínica depende de dosis, formulación, comorbilidades y coingestas.","ABCDE y tratamiento de soporte dirigido a la clínica. ECG, glucemia, electrolitos, función renal/hepática u otras pruebas según mecanismo y síntomas. Ingesta intencional, dosis desconocida, formulación de liberación prolongada o paciente sintomático: evaluación en urgencias y consulta a toxicología/CIT.",Ninguno específico establecido,https://www.rch.org.au/clinicalguide/guideline_index/Poisoning_Initial_Management/,,DATOS_ESPECIFICOS_LIMITADOS,REVISADO_CONSERVADOR,"Se elimina cualquier cifra previa que represente dosis terapéutica máxima, DL50 animal o umbral no sustentado como toxicidad aguda humana.",,,Mixta / depende de contexto,NO,2026-09-02,MED-0429,NO,1,NO
NITROFURANTOINA,mg,100,TABLETA,SDTE/DMax 400 MG /DIA,"Reacciones cutáneas alérgicas (prurito, urticaria), manifestaciones pseudo-lu...",MEDIDAS GENERALES,SIN_DOSIS_TOXICA_ESPECIFICA,Otros / datos específicos limitados,SDTE — sin dosis tóxica humana específica suficientemente validada para automatizar en esta versión.,SDTE,"La sobredosis puede intensificar los efectos farmacológicos y reacciones adversas conocidas. La expresión clínica depende de dosis, formulación, comorbilidades y coingestas.","ABCDE y tratamiento de soporte dirigido a la clínica. ECG, glucemia, electrolitos, función renal/hepática u otras pruebas según mecanismo y síntomas. Ingesta intencional, dosis desconocida, formulación de liberación prolongada o paciente sintomático: evaluación en urgencias y consulta a toxicología/CIT.",Ninguno específico establecido,https://www.rch.org.au/clinicalguide/guideline_index/Poisoning_Initial_Management/,,DATOS_ESPECIFICOS_LIMITADOS,REVISADO_CONSERVADOR,"Se elimina cualquier cifra previa que represente dosis terapéutica máxima, DL50 animal o umbral no sustentado como toxicidad aguda humana.",,,Mixta / depende de contexto,NO,2026-09-02,MED-0430,NO,1,NO
NORETISTERONA ACETATO,mg,2,TABLETA,SDTE,Gastrointestinales: Náuseas y vómitos Dolor abdominal Distensión abdominal En...,MEDIDAS GENERALES,SIN_DOSIS_TOXICA_ESPECIFICA,Otros / datos específicos limitados,SDTE — sin dosis tóxica humana específica suficientemente validada para automatizar en esta versión.,SDTE,"La sobredosis puede intensificar los efectos farmacológicos y reacciones adversas conocidas. La expresión clínica depende de dosis, formulación, comorbilidades y coingestas.","ABCDE y tratamiento de soporte dirigido a la clínica. ECG, glucemia, electrolitos, función renal/hepática u otras pruebas según mecanismo y síntomas. Ingesta intencional, dosis desconocida, formulación de liberación prolongada o paciente sintomático: evaluación en urgencias y consulta a toxicología/CIT.",Ninguno específico establecido,https://www.rch.org.au/clinicalguide/guideline_index/Poisoning_Initial_Management/,,DATOS_ESPECIFICOS_LIMITADOS,REVISADO_CONSERVADOR,"Se elimina cualquier cifra previa que represente dosis terapéutica máxima, DL50 animal o umbral no sustentado como toxicidad aguda humana.",,,Mixta / depende de contexto,NO,2026-09-02,MED-0431,NO,1,NO
NORFLOXACINA,mg,400,TABLETA RECUBIERTA,SDTE/DMax 1200 MG/DIA,"Náuseas, anorexia, diarrea; cefalea; mareos; reacciones alérgicas (urticaria,...",MEDIDAS GENERALES,SIN_DOSIS_TOXICA_ESPECIFICA,Otros / datos específicos limitados,SDTE — sin dosis tóxica humana específica suficientemente validada para automatizar en esta versión.,SDTE,"La sobredosis puede intensificar los efectos farmacológicos y reacciones adversas conocidas. La expresión clínica depende de dosis, formulación, comorbilidades y coingestas.","ABCDE y tratamiento de soporte dirigido a la clínica. ECG, glucemia, electrolitos, función renal/hepática u otras pruebas según mecanismo y síntomas. Ingesta intencional, dosis desconocida, formulación de liberación prolongada o paciente sintomático: evaluación en urgencias y consulta a toxicología/CIT.",Ninguno específico establecido,https://www.rch.org.au/clinicalguide/guideline_index/Poisoning_Initial_Management/,,DATOS_ESPECIFICOS_LIMITADOS,REVISADO_CONSERVADOR,"Se elimina cualquier cifra previa que represente dosis terapéutica máxima, DL50 animal o umbral no sustentado como toxicidad aguda humana.",,,Mixta / depende de contexto,NO,2026-09-02,MED-0432,NO,1,NO
NORTRIPTILINA,,,,10-20 mg/Kg,"confusión, somnolencia, alucinaciones, convulsiones, taquicardia, hipotensión...",BICARBONATO DE SODIO,PENDIENTE_VALIDACION,Antidepresivo tricíclico / bloqueador de canal de sodio,>5 mg/kg en niños: evaluación hospitalaria; >10–15 mg/kg se asocia a alto riesgo y requiere manejo intensivo según clínica.,UMBRAL_EVALUACION,"Anticolinérgico, depresión SNC, convulsiones, hipotensión, QRS ancho, arritmias ventriculares y prolongación QT.","ABCDE, ECG seriado. Si QRS ensanchado o arritmia ventricular: bicarbonato de sodio IV y alcalinización según protocolo; benzodiacepinas para convulsiones. No basar gravedad en nivel sérico.",No existe antídoto; bicarbonato de sodio es tratamiento específico de cardiotoxicidad por bloqueo de sodio.,https://www.rch.org.au/clinicalguide/guideline_index/Tricyclic_Antidepressant_%28TCA%29_Poisoning/,https://pubmed.ncbi.nlm.nih.gov/37721023/,GUIA CLINICA,VALIDADO_POR_CLASE,El valor original '10-20 mg/Kg' no se usa como umbral automatizable.,5,Umbral pediátrico de evaluación,Pediatría; adultos se evalúan clínicamente,SI,2026-09-02,MED-0433,NO,1,NO
OLANZAPINA,mg,10,TABLETA RECUBIERTA.,SDTE,"RIGIDEZ MUSCULAR, FIEBRE, DIAFORESIS, DISFAGIA, TEMBLOR, INCONTINENCIA, CONFU...",DANTROLENO,SIN_DOSIS_TOXICA_ESPECIFICA,Antipsicótico,SDTE — no usar una dosis terapéutica máxima como umbral de toxicidad. La toxicidad varía por agente y formulación.,SDTE / CLASE,"Depresión SNC, taquicardia, hipotensión, anticolinergia o síntomas extrapiramidales; algunos agentes prolongan QT o producen arritmia.","Soporte, ECG y vigilancia neurológica/hemodinámica. Tratar hipotensión, convulsiones y distonía según clínica; consultar toxicología en exposición significativa.",Ninguno específico,https://pubmed.ncbi.nlm.nih.gov/37721023/,https://www.rch.org.au/clinicalguide/guideline_index/Risperidone_Poisoning/,CLASE/CONSENSO,VALIDADO_POR_CLASE,Se corrigió o restringió una recomendación específica de la base original que podía inducir manejo inapropiado si se automatizaba.,,,Mixta / depende de contexto,NO,2026-09-02,MED-0434,NO,1,SI
OLAPARIB,mg,150,TABLETA RECUBIERTA,SDTE,"Reacciones alérgicas y anafilaxia: Urticaria, Prurito, angioedema, disnea, Sh...",MEDIDAS GENERALES,SIN_DOSIS_TOXICA_ESPECIFICA,Otros / datos específicos limitados,SDTE — sin dosis tóxica humana específica suficientemente validada para automatizar en esta versión.,SDTE,"La sobredosis puede intensificar los efectos farmacológicos y reacciones adversas conocidas. La expresión clínica depende de dosis, formulación, comorbilidades y coingestas.","ABCDE y tratamiento de soporte dirigido a la clínica. ECG, glucemia, electrolitos, función renal/hepática u otras pruebas según mecanismo y síntomas. Ingesta intencional, dosis desconocida, formulación de liberación prolongada o paciente sintomático: evaluación en urgencias y consulta a toxicología/CIT.",Ninguno específico establecido,https://www.rch.org.au/clinicalguide/guideline_index/Poisoning_Initial_Management/,,DATOS_ESPECIFICOS_LIMITADOS,REVISADO_CONSERVADOR,"Se elimina cualquier cifra previa que represente dosis terapéutica máxima, DL50 animal o umbral no sustentado como toxicidad aguda humana.",,,Mixta / depende de contexto,NO,2026-09-02,MED-0435,NO,1,NO
OLMESARTAN,mg,20,TABLETA RECUBIERTA,>1.5G/KG,"Anemia; mareos, vértigo; hipotensión; alteración renal, fallo renal; astenia, fatiga; hiperpotasemia, aumento de la urea sanguínea, de la creatinina y del potasio séricos; hipoglucemia.",MEDIDAS GENERALES,PENDIENTE_VALIDACION,Inhibidor RAAS,SDTE — no hay umbral común; sobredosis aislada suele manifestarse por hipotensión.,SDTE / CLASE,"Hipotensión, mareo; hiperpotasemia y lesión renal en susceptibles, especialmente con coingestas.","Soporte, fluidos, vasopresor si precisa; monitorizar función renal y potasio.",Ninguno específico,https://www.rch.org.au/clinicalguide/guideline_index/Poisoning_Initial_Management/,,MECANISMO/CONSENSO,VALIDADO_POR_CLASE,El valor original '>1.5G/KG' no se usa como umbral automatizable.,,,Mixta / depende de contexto,NO,2026-09-02,MED-0436,NO,1,NO
OMEPRAZOL,mg,40,CÁPSULA DURA,SDTE,"Cefalea; dolor abdominal, estreñimiento, diarrea, flatulencia, nauseas/vómitos; pólipos gástricos benignos.",MEDIDAS GENERALES,SIN_DOSIS_TOXICA_ESPECIFICA,Otros / datos específicos limitados,SDTE — sin dosis tóxica humana específica suficientemente validada para automatizar en esta versión.,SDTE,"La sobredosis puede intensificar los efectos farmacológicos y reacciones adversas conocidas. La expresión clínica depende de dosis, formulación, comorbilidades y coingestas.","ABCDE y tratamiento de soporte dirigido a la clínica. ECG, glucemia, electrolitos, función renal/hepática u otras pruebas según mecanismo y síntomas. Ingesta intencional, dosis desconocida, formulación de liberación prolongada o paciente sintomático: evaluación en urgencias y consulta a toxicología/CIT.",Ninguno específico establecido,https://www.rch.org.au/clinicalguide/guideline_index/Poisoning_Initial_Management/,,DATOS_ESPECIFICOS_LIMITADOS,REVISADO_CONSERVADOR,"Se elimina cualquier cifra previa que represente dosis terapéutica máxima, DL50 animal o umbral no sustentado como toxicidad aguda humana.",,,Mixta / depende de contexto,NO,2026-09-02,MED-0437,NO,1,NO
ONDANSETRON,mg,4,TABLETA,RAM >16MG/DIA,SINTOMAS GENERALES,MEDIDAS GENERALES,PENDIENTE_VALIDACION,Otros / datos específicos limitados,SDTE — sin dosis tóxica humana específica suficientemente validada para automatizar en esta versión.,SDTE,"La sobredosis puede intensificar los efectos farmacológicos y reacciones adversas conocidas. La expresión clínica depende de dosis, formulación, comorbilidades y coingestas.","ABCDE y tratamiento de soporte dirigido a la clínica. ECG, glucemia, electrolitos, función renal/hepática u otras pruebas según mecanismo y síntomas. Ingesta intencional, dosis desconocida, formulación de liberación prolongada o paciente sintomático: evaluación en urgencias y consulta a toxicología/CIT.",Ninguno específico establecido,https://www.rch.org.au/clinicalguide/guideline_index/Poisoning_Initial_Management/,,DATOS_ESPECIFICOS_LIMITADOS,REVISADO_CONSERVADOR,"Se elimina cualquier cifra previa que represente dosis terapéutica máxima, DL50 animal o umbral no sustentado como toxicidad aguda humana.  El valor original 'RAM >16MG/DIA' no se usa como umbral automatizable.",,,Mixta / depende de contexto,NO,2026-09-02,MED-0438,NO,1,NO
ORLISTAT,mg,120,CAPSULA DURA,SDTE/ DMax >360 MG /DIA,"Cefalea, infección de vías respiratoria y de vías urinarias, dolor/molestia abdominal o rectal, distensión abdominal, manchas oleosas procedentes del recto, flatulencia, flatulencia con descarga fecal, incontinencia fecal, urgencia fecal, heces grasas/oleosas, heces blandas o líquidas, evacuación oleosa, aumento de defecación, hipoglucemia, gripe, fatiga, irregularidad menstrual, ansiedad, alteración en dientes o encías.",MEDIDAS GENERALES,SIN_DOSIS_TOXICA_ESPECIFICA,Otros / datos específicos limitados,SDTE — sin dosis tóxica humana específica suficientemente validada para automatizar en esta versión.,SDTE,"La sobredosis puede intensificar los efectos farmacológicos y reacciones adversas conocidas. La expresión clínica depende de dosis, formulación, comorbilidades y coingestas.","ABCDE y tratamiento de soporte dirigido a la clínica. ECG, glucemia, electrolitos, función renal/hepática u otras pruebas según mecanismo y síntomas. Ingesta intencional, dosis desconocida, formulación de liberación prolongada o paciente sintomático: evaluación en urgencias y consulta a toxicología/CIT.",Ninguno específico establecido,https://www.rch.org.au/clinicalguide/guideline_index/Poisoning_Initial_Management/,,DATOS_ESPECIFICOS_LIMITADOS,REVISADO_CONSERVADOR,"Se elimina cualquier cifra previa que represente dosis terapéutica máxima, DL50 animal o umbral no sustentado como toxicidad aguda humana.",,,Mixta / depende de contexto,NO,2026-09-02,MED-0439,NO,1,NO
OSELTAMIVIR,mg,75,CAPSULA,>657MG/KG,sintomas generales,MEDIDAS GENERALES,PENDIENTE_VALIDACION,Otros / datos específicos limitados,SDTE — sin dosis tóxica humana específica suficientemente validada para automatizar en esta versión.,SDTE,"La sobredosis puede intensificar los efectos farmacológicos y reacciones adversas conocidas. La expresión clínica depende de dosis, formulación, comorbilidades y coingestas.","ABCDE y tratamiento de soporte dirigido a la clínica. ECG, glucemia, electrolitos, función renal/hepática u otras pruebas según mecanismo y síntomas. Ingesta intencional, dosis desconocida, formulación de liberación prolongada o paciente sintomático: evaluación en urgencias y consulta a toxicología/CIT.",Ninguno específico establecido,https://www.rch.org.au/clinicalguide/guideline_index/Poisoning_Initial_Management/,,DATOS_ESPECIFICOS_LIMITADOS,REVISADO_CONSERVADOR,"Se elimina cualquier cifra previa que represente dosis terapéutica máxima, DL50 animal o umbral no sustentado como toxicidad aguda humana.  El valor original '>657MG/KG' no se usa como umbral automatizable.",,,Mixta / depende de contexto,NO,2026-09-02,MED-0440,NO,1,NO
OSIMERTINIB,mg,40,TABLETA RECUBIERTA,SDTE,"Reacciones alérgicas y anafilaxia: Urticaria, Prurito, angioedema, disnea, Shock anafiláctico Síntomas generales: ver apartado de sintomas generales Infecciones:Los medicamentos biológicos pueden aumentar el riesgo de infecciones debido a la supresión del sistema inmunológico. Síntomas gastrointestinales: Diarrea, Dolor abdominal, Colitis Síntomas neurológicos: Cefalea, Mareos, Convulsiones (en casos graves) Complicaciones hematológicas:Anemia, Trombocitopenia , Leucopenia",MEDIDAS GENERALES,SIN_DOSIS_TOXICA_ESPECIFICA,Otros / datos específicos limitados,SDTE — sin dosis tóxica humana específica suficientemente validada para automatizar en esta versión.,SDTE,"La sobredosis puede intensificar los efectos farmacológicos y reacciones adversas conocidas. La expresión clínica depende de dosis, formulación, comorbilidades y coingestas.","ABCDE y tratamiento de soporte dirigido a la clínica. ECG, glucemia, electrolitos, función renal/hepática u otras pruebas según mecanismo y síntomas. Ingesta intencional, dosis desconocida, formulación de liberación prolongada o paciente sintomático: evaluación en urgencias y consulta a toxicología/CIT.",Ninguno específico establecido,https://www.rch.org.au/clinicalguide/guideline_index/Poisoning_Initial_Management/,,DATOS_ESPECIFICOS_LIMITADOS,REVISADO_CONSERVADOR,"Se elimina cualquier cifra previa que represente dosis terapéutica máxima, DL50 animal o umbral no sustentado como toxicidad aguda humana.",,,Mixta / depende de contexto,NO,2026-09-02,MED-0441,NO,1,NO
OTILONIO,mg,40,TABLETARECUBIETA,SDTE,SINTOMAS GENERALES,MEDIDAS GENERALES,SIN_DOSIS_TOXICA_ESPECIFICA,Otros / datos específicos limitados,SDTE — sin dosis tóxica humana específica suficientemente validada para automatizar en esta versión.,SDTE,"La sobredosis puede intensificar los efectos farmacológicos y reacciones adversas conocidas. La expresión clínica depende de dosis, formulación, comorbilidades y coingestas.","ABCDE y tratamiento de soporte dirigido a la clínica. ECG, glucemia, electrolitos, función renal/hepática u otras pruebas según mecanismo y síntomas. Ingesta intencional, dosis desconocida, formulación de liberación prolongada o paciente sintomático: evaluación en urgencias y consulta a toxicología/CIT.",Ninguno específico establecido,https://www.rch.org.au/clinicalguide/guideline_index/Poisoning_Initial_Management/,,DATOS_ESPECIFICOS_LIMITADOS,REVISADO_CONSERVADOR,"Se elimina cualquier cifra previa que represente dosis terapéutica máxima, DL50 animal o umbral no sustentado como toxicidad aguda humana.",,,Mixta / depende de contexto,NO,2026-09-02,MED-0442,NO,1,NO
OXAPROZINA,mg,600,TABLETA RECUBIERTA,4.470 MG/KG,"Dispepsia, diarrea, náuseas, vómitos, dolor abdominal, erupción cutánea, fatiga o somnolencia, cefalea, mareo, vértigo, retención hídrica en hipertensos o con trastornos renales.",MEDIDAS GENERALES,PENDIENTE_VALIDACION,AINE,SDTE para este AINE en la app: no extrapolar automáticamente los cortes de ibuprofeno a otros AINEs.,SDTE / CLASE,"Predominan síntomas gastrointestinales y neurológicos; sobredosis importante puede asociarse a lesión renal, alteraciones metabólicas y shock.",Tratamiento de soporte y mantener hidratación adecuada en sobredosis importante. La gravedad y decontaminación dependen del fármaco y exposición; consultar toxicología en casos significativos.,Ninguno específico,https://www.rch.org.au/clinicalguide/guideline_index/Nonsteroidal_Anti-inflammatory_Drug_NSAID_poisoning/,,GUIA DE CLASE,VALIDADO_POR_CLASE,Se eliminó el umbral previo si correspondía a una dosis máxima terapéutica.  El valor original '4.470 MG/KG' no se usa como umbral automatizable.,,,Mixta / depende de contexto,NO,2026-09-02,MED-0443,NO,1,NO
OXCARBAZEPINA,mg,600,TABLETA RECUBIERTA,>40MG/KG,"Hiponatremia, confusión, depresión, apatía, agitación, labilidad afectiva, somnolencia, cefalea, mareo, ataxia, temblor, nistagmo, alteración de la atención, amnesia, diplopía, visión borrosa, alteraciones visuales, vértigo, náusea, vómito, diarrea, estreñimiento, dolor abdominal, exantema, alopecia, acné, fatiga, astenia.",MEDIDAS GENERALES,PENDIENTE_VALIDACION,Anticonvulsivante,SDTE — no hay un umbral común válido para esta clase; varios agentes tienen toxicidades específicas.,SDTE / CLASE,"Depresión SNC, ataxia y mareos son frecuentes; lamotrigina/lacosamida pueden alterar conducción, y sobredosis grandes pueden causar convulsiones o arritmias.","Soporte, ECG en agentes con potencial cardiotóxico y tratamiento de convulsiones. Considerar niveles cuando sean clínicamente útiles y consulta toxicológica.",Ninguno específico,https://www.rch.org.au/clinicalguide/guideline_index/Poisoning_Initial_Management/,,CLASE/REVISION_CONSERVADORA,VALIDADO_POR_CLASE,El valor original '>40MG/KG' no se usa como umbral automatizable.,,,Mixta / depende de contexto,NO,2026-09-02,MED-0444,NO,1,NO
OXIBUTINA,mg,5,TABLETA,>520MG/KG,SINTOMAS GENERALES,MEDIDAS GENERALES,PENDIENTE_VALIDACION,Anticolinérgico,SDTE — toxicidad clínica; no usar dosis máxima terapéutica como corte.,SDTE / TOXIDROME,"Midriasis, piel/mucosas secas, taquicardia, retención urinaria, íleo, agitación/delirium, hipertermia; convulsiones en gravedad.","Soporte, enfriamiento si precisa, benzodiacepinas para agitación/convulsiones, ECG y manejo de complicaciones. Fisostigmina solo en casos seleccionados por toxicología.",Fisostigmina solo en indicaciones seleccionadas y bajo toxicología.,https://www.rch.org.au/clinicalguide/guideline_index/Poisoning_Initial_Management/,,TOXIDROME/CONSENSO,VALIDADO_POR_CLASE,El valor original '>520MG/KG' no se usa como umbral automatizable.,,,Mixta / depende de contexto,NO,2026-09-02,MED-0445,NO,1,NO
OXICODONA CLORHIDRATO,mg,10,TABLETA DE LIBERACIÓN PROLONGADA,>100 MG,"Triada: Miosis (pupilas puntiformes), Depresión respiratoria, Coma hipoxia y acidosis respiratorias extremas; edema agudo de pulmón, hipotensión, bradicardia, bradipnea, nauseas, vomitos, ileo, hipotermina, hipoglicemia, retención urinaria, mioglobinuria Si es intox. por propoxifeno: Ensanchamiento del QRS, diferentes grados y tipos de bloqueos, fibrilación ventricular",NALOXONA,PENDIENTE_VALIDACION,Opioide,"SDTE — no existe un umbral universal seguro; evaluar por clínica, formulación, tolerancia y coingestas.",SDTE / CLINICO,"Miosis, depresión SNC y respiratoria, bradicardia/hipotensión en gravedad.",Prioridad: ventilación/oxigenación. Naloxona titulada para revertir depresión respiratoria; repetir o infundir según duración del opioide. Observar recurrencia tras naloxona y considerar coingestas.,Naloxona,https://pubmed.ncbi.nlm.nih.gov/37721023/,,GUIA AHA,VALIDADO_POR_CLASE,El valor original '>100 MG' no se usa como umbral automatizable.,,,Mixta / depende de contexto,NO,2026-09-02,MED-0446,NO,1,NO
OXIPURINA,mg,50,CAPSULA,SDTE,SINTOMAS GENERALES,MEDIDAS GENERALES,SIN_DOSIS_TOXICA_ESPECIFICA,Otros / datos específicos limitados,SDTE — sin dosis tóxica humana específica suficientemente validada para automatizar en esta versión.,SDTE,"La sobredosis puede intensificar los efectos farmacológicos y reacciones adversas conocidas. La expresión clínica depende de dosis, formulación, comorbilidades y coingestas.","ABCDE y tratamiento de soporte dirigido a la clínica. ECG, glucemia, electrolitos, función renal/hepática u otras pruebas según mecanismo y síntomas. Ingesta intencional, dosis desconocida, formulación de liberación prolongada o paciente sintomático: evaluación en urgencias y consulta a toxicología/CIT.",Ninguno específico establecido,https://www.rch.org.au/clinicalguide/guideline_index/Poisoning_Initial_Management/,,DATOS_ESPECIFICOS_LIMITADOS,REVISADO_CONSERVADOR,"Se elimina cualquier cifra previa que represente dosis terapéutica máxima, DL50 animal o umbral no sustentado como toxicidad aguda humana.",,,Mixta / depende de contexto,NO,2026-09-02,MED-0447,NO,1,NO
PALBOCICLIB,mg,100,TABLETA RECUBIERTA,SDTE,"Reacciones alérgicas y anafilaxia: Urticaria, Prurito, angioedema, disnea, Shock anafiláctico Síntomas generales: ver apartado de sintomas generales Infecciones:Los medicamentos biológicos pueden aumentar el riesgo de infecciones debido a la supresión del sistema inmunológico. Síntomas gastrointestinales: Diarrea, Dolor abdominal, Colitis Síntomas neurológicos: Cefalea, Mareos, Convulsiones (en casos graves) Complicaciones hematológicas:Anemia, Trombocitopenia , Leucopenia",MEDIDAS GENERALES,SIN_DOSIS_TOXICA_ESPECIFICA,Otros / datos específicos limitados,SDTE — sin dosis tóxica humana específica suficientemente validada para automatizar en esta versión.,SDTE,"La sobredosis puede intensificar los efectos farmacológicos y reacciones adversas conocidas. La expresión clínica depende de dosis, formulación, comorbilidades y coingestas.","ABCDE y tratamiento de soporte dirigido a la clínica. ECG, glucemia, electrolitos, función renal/hepática u otras pruebas según mecanismo y síntomas. Ingesta intencional, dosis desconocida, formulación de liberación prolongada o paciente sintomático: evaluación en urgencias y consulta a toxicología/CIT.",Ninguno específico establecido,https://www.rch.org.au/clinicalguide/guideline_index/Poisoning_Initial_Management/,,DATOS_ESPECIFICOS_LIMITADOS,REVISADO_CONSERVADOR,"Se elimina cualquier cifra previa que represente dosis terapéutica máxima, DL50 animal o umbral no sustentado como toxicidad aguda humana.",,,Mixta / depende de contexto,NO,2026-09-02,MED-0448,NO,1,NO
PALIPERIDONA,mg,1.8,TABLETA DE LIBERACION PROLONGADA,SDTE,"RIGIDEZ MUSCULAR, FIEBRE, DIAFORESIS, DISFAGIA, TEMBLOR, INCONTINENCIA, CONFUSION, COMA, TAQUICARDIA, HIPERTENSION, LEUCOCITOSIS, ELEVACION DE CPK",DANTROLENO,SIN_DOSIS_TOXICA_ESPECIFICA,Antipsicótico,SDTE — no usar una dosis terapéutica máxima como umbral de toxicidad. La toxicidad varía por agente y formulación.,SDTE / CLASE,"Depresión SNC, taquicardia, hipotensión, anticolinergia o síntomas extrapiramidales; algunos agentes prolongan QT o producen arritmia.","Soporte, ECG y vigilancia neurológica/hemodinámica. Tratar hipotensión, convulsiones y distonía según clínica; consultar toxicología en exposición significativa.",Ninguno específico,https://pubmed.ncbi.nlm.nih.gov/37721023/,https://www.rch.org.au/clinicalguide/guideline_index/Risperidone_Poisoning/,CLASE/CONSENSO,VALIDADO_POR_CLASE,Se corrigió o restringió una recomendación específica de la base original que podía inducir manejo inapropiado si se automatizaba.,,,Mixta / depende de contexto,NO,2026-09-02,MED-0449,NO,1,SI
PAMOATO DE OXANTEL,mg,280.74,TABLETA,>300MG/KG,"Anorexia, cólicos abdominales, náuseas, vómitos, diarrea, cefalea, mareos, somnolencia, insomnio, erupciones",MEDIDAS GENERALES,PENDIENTE_VALIDACION,Otros / datos específicos limitados,SDTE — sin dosis tóxica humana específica suficientemente validada para automatizar en esta versión.,SDTE,"La sobredosis puede intensificar los efectos farmacológicos y reacciones adversas conocidas. La expresión clínica depende de dosis, formulación, comorbilidades y coingestas.","ABCDE y tratamiento de soporte dirigido a la clínica. ECG, glucemia, electrolitos, función renal/hepática u otras pruebas según mecanismo y síntomas. Ingesta intencional, dosis desconocida, formulación de liberación prolongada o paciente sintomático: evaluación en urgencias y consulta a toxicología/CIT.",Ninguno específico establecido,https://www.rch.org.au/clinicalguide/guideline_index/Poisoning_Initial_Management/,,DATOS_ESPECIFICOS_LIMITADOS,REVISADO_CONSERVADOR,"Se elimina cualquier cifra previa que represente dosis terapéutica máxima, DL50 animal o umbral no sustentado como toxicidad aguda humana.  El valor original '>300MG/KG' no se usa como umbral automatizable.",,,Mixta / depende de contexto,NO,2026-09-02,MED-0450,NO,1,NO
PANCREATINA,mg,175,GRAGEA,SDTE,SINTOMAS GENERALES,MEDIDAS GENERALES,SIN_DOSIS_TOXICA_ESPECIFICA,Otros / datos específicos limitados,SDTE — sin dosis tóxica humana específica suficientemente validada para automatizar en esta versión.,SDTE,"La sobredosis puede intensificar los efectos farmacológicos y reacciones adversas conocidas. La expresión clínica depende de dosis, formulación, comorbilidades y coingestas.","ABCDE y tratamiento de soporte dirigido a la clínica. ECG, glucemia, electrolitos, función renal/hepática u otras pruebas según mecanismo y síntomas. Ingesta intencional, dosis desconocida, formulación de liberación prolongada o paciente sintomático: evaluación en urgencias y consulta a toxicología/CIT.",Ninguno específico establecido,https://www.rch.org.au/clinicalguide/guideline_index/Poisoning_Initial_Management/,,DATOS_ESPECIFICOS_LIMITADOS,REVISADO_CONSERVADOR,"Se elimina cualquier cifra previa que represente dosis terapéutica máxima, DL50 animal o umbral no sustentado como toxicidad aguda humana.",,,Mixta / depende de contexto,NO,2026-09-02,MED-0451,NO,1,NO
PANTOPRAZOL,mg,40,TABLETA DE LIBERACION RETARDADA,SDTE,"Pólipos de las glándulas fúndicas (benignos); tromboflebitis en el lugar de la iny. Además: parestesia, hipocalcemia.",MEDIDAS GENERALES,SIN_DOSIS_TOXICA_ESPECIFICA,Otros / datos específicos limitados,SDTE — sin dosis tóxica humana específica suficientemente validada para automatizar en esta versión.,SDTE,"La sobredosis puede intensificar los efectos farmacológicos y reacciones adversas conocidas. La expresión clínica depende de dosis, formulación, comorbilidades y coingestas.","ABCDE y tratamiento de soporte dirigido a la clínica. ECG, glucemia, electrolitos, función renal/hepática u otras pruebas según mecanismo y síntomas. Ingesta intencional, dosis desconocida, formulación de liberación prolongada o paciente sintomático: evaluación en urgencias y consulta a toxicología/CIT.",Ninguno específico establecido,https://www.rch.org.au/clinicalguide/guideline_index/Poisoning_Initial_Management/,,DATOS_ESPECIFICOS_LIMITADOS,REVISADO_CONSERVADOR,"Se elimina cualquier cifra previa que represente dosis terapéutica máxima, DL50 animal o umbral no sustentado como toxicidad aguda humana.",,,Mixta / depende de contexto,NO,2026-09-02,MED-0452,NO,1,NO
PANTOTENATO DE CALCIO,mg,17.5,CAPSULA DE GELATINA BLANDA,SDTE,"A dosis excesiva provoca una gran actividad en el intestino grueso causando irritación perianal, diarrea, dolor abdominal; la mucosa del intestino grueso puede ser decolorada con el uso prolongado a dosis alta del medicamento; erupción cutánea",MEDIDAS GENERALES,SIN_DOSIS_TOXICA_ESPECIFICA,Otros / datos específicos limitados,SDTE — sin dosis tóxica humana específica suficientemente validada para automatizar en esta versión.,SDTE,"La sobredosis puede intensificar los efectos farmacológicos y reacciones adversas conocidas. La expresión clínica depende de dosis, formulación, comorbilidades y coingestas.","ABCDE y tratamiento de soporte dirigido a la clínica. ECG, glucemia, electrolitos, función renal/hepática u otras pruebas según mecanismo y síntomas. Ingesta intencional, dosis desconocida, formulación de liberación prolongada o paciente sintomático: evaluación en urgencias y consulta a toxicología/CIT.",Ninguno específico establecido,https://www.rch.org.au/clinicalguide/guideline_index/Poisoning_Initial_Management/,,DATOS_ESPECIFICOS_LIMITADOS,REVISADO_CONSERVADOR,"Se elimina cualquier cifra previa que represente dosis terapéutica máxima, DL50 animal o umbral no sustentado como toxicidad aguda humana.",,,Mixta / depende de contexto,NO,2026-09-02,MED-0453,NO,1,NO
PARACETAMOL,mg,500,TABLETA RECUBIERTA,"6-7,5 g DIA DU","Fase 1 <24 horas : Anorexia, náusea, vómito, aumento de transaminasas Fase 2 24-72 horas: Dolor en hipocondrio derecho, hepatomegalia, deshidratación, oliguria; aumento pronunciado de transaminasas; aumento de bilirrubinas y tiempo de protrombina (PT) Fase 3 72-96 horas: Necrosis hepática, ictericia, coagulopatía, encefalopatía (confusión, somnolencia, coma), falla renal aguda y muerte Fase 4 96 horas – 14 días: Resolución de la disfunción hepática y daños hepáticos",N-ACETIL CISTEINA,PENDIENTE_VALIDACION,Analgésico / hepatotóxico,"No usar una sola cifra como diagnóstico. En ingesta aguda, la necesidad de tratamiento se define por tiempo, formulación y concentración plasmática/nomograma. Como umbral de evaluación, >200 mg/kg o >10 g (lo que sea menor) es relevante en varios escenarios; en <6 años con líquido se investiga >200 mg/kg.",UMBRAL_EVALUACION + NOMOGRAMA,"Inicialmente puede ser asintomático o dar náuseas/vómitos; posteriormente hepatotoxicidad, coagulopatía, acidosis y falla hepática en casos graves.","Determinar hora, formulación y dosis máxima posible; medir paracetamol según protocolo. Usar nomograma solo para ingesta aguda única de liberación inmediata en contexto aplicable. Acetilcisteína cuando esté indicada; no retrasarla si la presentación es tardía o el riesgo es alto.",Acetilcisteína (NAC),https://www.rch.org.au/clinicalguide/guideline_index/paracetamol_poisoning/,,GUIA CLINICA,VALIDADO_ESPECIFICO,"Se reemplaza el valor previo en gramos como 'dosis tóxica' por un enfoque basado en exposición, tiempo, formulación, concentración y nomograma.",200,Umbral de evaluación (no diagnóstico),Pediatría / criterio de evaluación; adultos requieren protocolo local,SI,2026-09-02,MED-0454,NO,1,NO
PARGEVERINA,mg,10,TABLETA RECUBIERTA,SDTE/DMax 40MG/DIA,Somnolencia; resequedad de boca y estreñimiento.,MEDIDAS GENERALES,SIN_DOSIS_TOXICA_ESPECIFICA,Otros / datos específicos limitados,SDTE — sin dosis tóxica humana específica suficientemente validada para automatizar en esta versión.,SDTE,"La sobredosis puede intensificar los efectos farmacológicos y reacciones adversas conocidas. La expresión clínica depende de dosis, formulación, comorbilidades y coingestas.","ABCDE y tratamiento de soporte dirigido a la clínica. ECG, glucemia, electrolitos, función renal/hepática u otras pruebas según mecanismo y síntomas. Ingesta intencional, dosis desconocida, formulación de liberación prolongada o paciente sintomático: evaluación en urgencias y consulta a toxicología/CIT.",Ninguno específico establecido,https://www.rch.org.au/clinicalguide/guideline_index/Poisoning_Initial_Management/,,DATOS_ESPECIFICOS_LIMITADOS,REVISADO_CONSERVADOR,"Se elimina cualquier cifra previa que represente dosis terapéutica máxima, DL50 animal o umbral no sustentado como toxicidad aguda humana.",,,Mixta / depende de contexto,NO,2026-09-02,MED-0455,NO,1,NO
PARICALCITOL,Ã¦g,1,CAPSULA,SDTE,"Por ambas vías: erupción cutánea; hipercalcemia. Por vía IV: trastornos paratiroideos; prurito; hiperfosfatemia; alteración del gusto; dolor de cabeza. Por vía oral: molestias estomacales, diarrea; reflujo gastroesofágico; disminución del apetito, hipocalcemia; mareo; dolor de mamas; acné.",MEDIDAS GENERALES,SIN_DOSIS_TOXICA_ESPECIFICA,Vitamina D / análogo,SDTE — la toxicidad depende de hipercalcemia y suele relacionarse con exposición repetida o dosis muy altas; no usar un corte genérico.,CLINICO_LABORATORIO,"Náuseas, poliuria/polidipsia, deshidratación, debilidad, confusión, lesión renal y arritmias por hipercalcemia.","Suspender vitamina D/calcio, medir calcio, fósforo, función renal y ECG si grave; tratar hipercalcemia según severidad y protocolo.",Ninguno específico,https://www.rch.org.au/clinicalguide/guideline_index/Poisoning_Initial_Management/,,MECANISMO/REVISION_CONSERVADORA,VALIDADO_POR_CLASE,,,,Mixta / depende de contexto,NO,2026-09-02,MED-0456,NO,1,NO
PAROXETINA,mg,20,TABLETA RECUBIERTA,>850 MG,"NAUSEAS, VOMITOS, SEDACION, TEMBLOR, TAQUICARDIA, HIPERTENSION, - HIPOTENSION, CONVULSIONES, HIPERTERMIA, DIAFORESIS NISTAGMUS - HIPERTONIA, HIPERRREFLEXIA, - CLONUS",CIPROHEPTADINA,PENDIENTE_VALIDACION,ISRS,Umbral pediátrico de evaluación RCH: >5 mg/kg o >60 mg. Estos cortes NO aplican automáticamente a adolescentes/adultos.,UMBRAL_EVALUACION_PEDIATRICO,"La mayoría de sobredosis aisladas son benignas; náuseas, temblor, somnolencia y serotoninotoxicidad leve. Citalopram/escitalopram tienen mayor preocupación por QT/arritmia.",Soporte; valorar ECG especialmente con citalopram/escitalopram y coingestas. Tratar síndrome serotoninérgico y convulsiones con medidas estándar; consultar toxicología en exposiciones significativas.,Ninguno específico,https://www.rch.org.au/clinicalguide/guideline_index/Selective_serotonin_re-uptake_inhibitors_SSRIs_poisoning/,,GUIA CLINICA,VALIDADO_ESPECIFICO,Se corrigió o restringió una recomendación específica de la base original que podía inducir manejo inapropiado si se automatizaba.,5,Umbral pediátrico de evaluación,Pediatría; NO aplicar a adolescentes/adultos,SI,2026-09-02,MED-0457,NO,1,SI
PENTOSAN POLISULFATO DE SODIO,mg,100,CÁPSULA DURA,SDTE,Muy raros: hipersensibilidad.,MEDIDAS GENERALES,SIN_DOSIS_TOXICA_ESPECIFICA,Otros / datos específicos limitados,SDTE — sin dosis tóxica humana específica suficientemente validada para automatizar en esta versión.,SDTE,"La sobredosis puede intensificar los efectos farmacológicos y reacciones adversas conocidas. La expresión clínica depende de dosis, formulación, comorbilidades y coingestas.","ABCDE y tratamiento de soporte dirigido a la clínica. ECG, glucemia, electrolitos, función renal/hepática u otras pruebas según mecanismo y síntomas. Ingesta intencional, dosis desconocida, formulación de liberación prolongada o paciente sintomático: evaluación en urgencias y consulta a toxicología/CIT.",Ninguno específico establecido,https://www.rch.org.au/clinicalguide/guideline_index/Poisoning_Initial_Management/,,DATOS_ESPECIFICOS_LIMITADOS,REVISADO_CONSERVADOR,"Se elimina cualquier cifra previa que represente dosis terapéutica máxima, DL50 animal o umbral no sustentado como toxicidad aguda humana.",,,Mixta / depende de contexto,NO,2026-09-02,MED-0458,NO,1,NO
PENTOXIFILINA,mg,400,TABLETA RECUBIERTA DE LIBERACIÓN PROLONGADA,SDTE /DMax 1200 MG/DIA,"Sofocos, alteraciones gastrointestinales como opresión gástrica, sensación de plenitud, náuseas, vómitos o diarreas y ocasionalmente arritmias cardíacas.",MEDIDAS GENERALES,SIN_DOSIS_TOXICA_ESPECIFICA,Otros / datos específicos limitados,SDTE — sin dosis tóxica humana específica suficientemente validada para automatizar en esta versión.,SDTE,"La sobredosis puede intensificar los efectos farmacológicos y reacciones adversas conocidas. La expresión clínica depende de dosis, formulación, comorbilidades y coingestas.","ABCDE y tratamiento de soporte dirigido a la clínica. ECG, glucemia, electrolitos, función renal/hepática u otras pruebas según mecanismo y síntomas. Ingesta intencional, dosis desconocida, formulación de liberación prolongada o paciente sintomático: evaluación en urgencias y consulta a toxicología/CIT.",Ninguno específico establecido,https://www.rch.org.au/clinicalguide/guideline_index/Poisoning_Initial_Management/,,DATOS_ESPECIFICOS_LIMITADOS,REVISADO_CONSERVADOR,"Se elimina cualquier cifra previa que represente dosis terapéutica máxima, DL50 animal o umbral no sustentado como toxicidad aguda humana.",,,Mixta / depende de contexto,NO,2026-09-02,MED-0459,NO,1,NO
PERINDOPRIL,mg,10,TABLETA,>10-12 MG/DIA,"Dolor de cabeza, mareo, vértigo, parestesia; alteraciones de la visión; tinnitus; hipotensión; tos, disnea; náuseas, vómitos, dolor abdominal, disgeusia, dispepsia, diarrea, estreñimiento; erupción, prurito; calambres musculares; astenia; empeoramiento de la psoriasis. Otras reacciones adversas identificadas después de la evaluación de los datos de farmacovigilancia: Secreción inadecuada de hormona antidiurética (SIADH), depresión, anuria/oliguria, sofocos.",MEDIDAS GENERALES,PENDIENTE_VALIDACION,Inhibidor RAAS,SDTE — no hay umbral común; sobredosis aislada suele manifestarse por hipotensión.,SDTE / CLASE,"Hipotensión, mareo; hiperpotasemia y lesión renal en susceptibles, especialmente con coingestas.","Soporte, fluidos, vasopresor si precisa; monitorizar función renal y potasio.",Ninguno específico,https://www.rch.org.au/clinicalguide/guideline_index/Poisoning_Initial_Management/,,MECANISMO/CONSENSO,VALIDADO_POR_CLASE,El valor original '>10-12 MG/DIA' no se usa como umbral automatizable.,,,Mixta / depende de contexto,NO,2026-09-02,MED-0460,NO,1,NO
PICOSULFATO SODICO,mg,5,TABLETAS,>17G/KG,SINTOMAS GENERALES,MEDIDAS GENERALES,PENDIENTE_VALIDACION,Otros / datos específicos limitados,SDTE — sin dosis tóxica humana específica suficientemente validada para automatizar en esta versión.,SDTE,"La sobredosis puede intensificar los efectos farmacológicos y reacciones adversas conocidas. La expresión clínica depende de dosis, formulación, comorbilidades y coingestas.","ABCDE y tratamiento de soporte dirigido a la clínica. ECG, glucemia, electrolitos, función renal/hepática u otras pruebas según mecanismo y síntomas. Ingesta intencional, dosis desconocida, formulación de liberación prolongada o paciente sintomático: evaluación en urgencias y consulta a toxicología/CIT.",Ninguno específico establecido,https://www.rch.org.au/clinicalguide/guideline_index/Poisoning_Initial_Management/,,DATOS_ESPECIFICOS_LIMITADOS,REVISADO_CONSERVADOR,"Se elimina cualquier cifra previa que represente dosis terapéutica máxima, DL50 animal o umbral no sustentado como toxicidad aguda humana.  El valor original '>17G/KG' no se usa como umbral automatizable.",,,Mixta / depende de contexto,NO,2026-09-02,MED-0461,NO,1,NO
PIDOTIMOD,mg,400,TABLETA,SDTE,"Diarrea, ataxia, disnea y cianosis",MEDIDAS GENERALES,SIN_DOSIS_TOXICA_ESPECIFICA,Otros / datos específicos limitados,SDTE — sin dosis tóxica humana específica suficientemente validada para automatizar en esta versión.,SDTE,"La sobredosis puede intensificar los efectos farmacológicos y reacciones adversas conocidas. La expresión clínica depende de dosis, formulación, comorbilidades y coingestas.","ABCDE y tratamiento de soporte dirigido a la clínica. ECG, glucemia, electrolitos, función renal/hepática u otras pruebas según mecanismo y síntomas. Ingesta intencional, dosis desconocida, formulación de liberación prolongada o paciente sintomático: evaluación en urgencias y consulta a toxicología/CIT.",Ninguno específico establecido,https://www.rch.org.au/clinicalguide/guideline_index/Poisoning_Initial_Management/,,DATOS_ESPECIFICOS_LIMITADOS,REVISADO_CONSERVADOR,"Se elimina cualquier cifra previa que represente dosis terapéutica máxima, DL50 animal o umbral no sustentado como toxicidad aguda humana.",,,Mixta / depende de contexto,NO,2026-09-02,MED-0462,NO,1,NO
PILOCARPINA CLORHIDRATO,mg,5,TABLETA RECUBIERTA,SDTE/DMax 20MG/DIA,"Cefalea, mareos; lagrimeo, visión borrosa, visión anormal, conjuntivitis, dolor ocular; rubor, HTA, palpitaciones; rinitis; dispepsia, diarrea, dolor abdominal, náuseas, vómitos, estreñimiento, aumento de la salivación; sudoración, reacciones alérgicas (incluido erupción, prurito); aumento de la frecuencia urinaria; síndrome gripal, astenia, escalofríos.",MEDIDAS GENERALES,SIN_DOSIS_TOXICA_ESPECIFICA,Agonista muscarínico,SDTE — toxicidad clínica por exceso colinérgico.,SDTE / TOXIDROME,"Sialorrea, diaforesis, miosis, broncorrea, broncoespasmo, bradicardia, vómitos/diarrea.",Soporte y atropina si síndrome muscarínico clínicamente significativo.,Atropina,https://pubmed.ncbi.nlm.nih.gov/37721023/,,MECANISMO/CONSENSO,VALIDADO_POR_CLASE,,,,Mixta / depende de contexto,NO,2026-09-02,MED-0463,NO,1,NO
PINAVERIO,mg,100,1 TABLETA RECUBIERTA,SDTE,"Alteraciones gastrointestinales (dolor abdominal, diarrea, náuseas, vómitos y disfagia); efectos cutáneos (rash, prurito, urticaria y eritema); hipersensibilidad",MEDIDAS GENERALES,SIN_DOSIS_TOXICA_ESPECIFICA,Otros / datos específicos limitados,SDTE — sin dosis tóxica humana específica suficientemente validada para automatizar en esta versión.,SDTE,"La sobredosis puede intensificar los efectos farmacológicos y reacciones adversas conocidas. La expresión clínica depende de dosis, formulación, comorbilidades y coingestas.","ABCDE y tratamiento de soporte dirigido a la clínica. ECG, glucemia, electrolitos, función renal/hepática u otras pruebas según mecanismo y síntomas. Ingesta intencional, dosis desconocida, formulación de liberación prolongada o paciente sintomático: evaluación en urgencias y consulta a toxicología/CIT.",Ninguno específico establecido,https://www.rch.org.au/clinicalguide/guideline_index/Poisoning_Initial_Management/,,DATOS_ESPECIFICOS_LIMITADOS,REVISADO_CONSERVADOR,"Se elimina cualquier cifra previa que represente dosis terapéutica máxima, DL50 animal o umbral no sustentado como toxicidad aguda humana.",,,Mixta / depende de contexto,NO,2026-09-02,MED-0464,NO,1,NO
PIRACETAM,mg,800,TABLETA RECUBIERTA,>10G/KG,"Hipercinesia, incremento de peso, nerviosismo.",MEDIDAS GENERALES,PENDIENTE_VALIDACION,Otros / datos específicos limitados,SDTE — sin dosis tóxica humana específica suficientemente validada para automatizar en esta versión.,SDTE,"La sobredosis puede intensificar los efectos farmacológicos y reacciones adversas conocidas. La expresión clínica depende de dosis, formulación, comorbilidades y coingestas.","ABCDE y tratamiento de soporte dirigido a la clínica. ECG, glucemia, electrolitos, función renal/hepática u otras pruebas según mecanismo y síntomas. Ingesta intencional, dosis desconocida, formulación de liberación prolongada o paciente sintomático: evaluación en urgencias y consulta a toxicología/CIT.",Ninguno específico establecido,https://www.rch.org.au/clinicalguide/guideline_index/Poisoning_Initial_Management/,,DATOS_ESPECIFICOS_LIMITADOS,REVISADO_CONSERVADOR,"Se elimina cualquier cifra previa que represente dosis terapéutica máxima, DL50 animal o umbral no sustentado como toxicidad aguda humana.  El valor original '>10G/KG' no se usa como umbral automatizable.",,,Mixta / depende de contexto,NO,2026-09-02,MED-0465,NO,1,NO
PIRANTEL,,,,SDTE,"Anorexia, cólicos abdominales, náuseas, vómitos, diarrea, cefalea, mareos, somnolencia, insomnio, erupciones.",MEDIDAS GENERALES,SIN_DOSIS_TOXICA_ESPECIFICA,Otros / datos específicos limitados,SDTE — sin dosis tóxica humana específica suficientemente validada para automatizar en esta versión.,SDTE,"La sobredosis puede intensificar los efectos farmacológicos y reacciones adversas conocidas. La expresión clínica depende de dosis, formulación, comorbilidades y coingestas.","ABCDE y tratamiento de soporte dirigido a la clínica. ECG, glucemia, electrolitos, función renal/hepática u otras pruebas según mecanismo y síntomas. Ingesta intencional, dosis desconocida, formulación de liberación prolongada o paciente sintomático: evaluación en urgencias y consulta a toxicología/CIT.",Ninguno específico establecido,https://www.rch.org.au/clinicalguide/guideline_index/Poisoning_Initial_Management/,,DATOS_ESPECIFICOS_LIMITADOS,REVISADO_CONSERVADOR,"Se elimina cualquier cifra previa que represente dosis terapéutica máxima, DL50 animal o umbral no sustentado como toxicidad aguda humana.",,,Mixta / depende de contexto,NO,2026-09-02,MED-0466,NO,1,NO
PIRAZINAMIDA,mg,500,TABLETA,40MG/KG,"Anorexia, aumento de transaminasas, hiperuricemia, artralgia. Ocasionalmente: náusea, vómito, diarrea, ictericia, hepatitis, fotodermatitis.",MEDIDAS GENERALES,PENDIENTE_VALIDACION,Otros / datos específicos limitados,SDTE — sin dosis tóxica humana específica suficientemente validada para automatizar en esta versión.,SDTE,"La sobredosis puede intensificar los efectos farmacológicos y reacciones adversas conocidas. La expresión clínica depende de dosis, formulación, comorbilidades y coingestas.","ABCDE y tratamiento de soporte dirigido a la clínica. ECG, glucemia, electrolitos, función renal/hepática u otras pruebas según mecanismo y síntomas. Ingesta intencional, dosis desconocida, formulación de liberación prolongada o paciente sintomático: evaluación en urgencias y consulta a toxicología/CIT.",Ninguno específico establecido,https://www.rch.org.au/clinicalguide/guideline_index/Poisoning_Initial_Management/,,DATOS_ESPECIFICOS_LIMITADOS,REVISADO_CONSERVADOR,"Se elimina cualquier cifra previa que represente dosis terapéutica máxima, DL50 animal o umbral no sustentado como toxicidad aguda humana.  El valor original '40MG/KG' no se usa como umbral automatizable.",,,Mixta / depende de contexto,NO,2026-09-02,MED-0467,NO,1,NO
PIRIDOSTIGMINA,mg,60,TABLETA,SDTE/DMax 360MG/DIA,"Trastornos de la acomodación, mareos, hipersecreción bronquial, espasmo bronquial, espasmo laríngeo, bradicardia hipersalivación, sudoración, incontinencia urinaria, diarrea, calambres abdominales, aumento del peristaltismo.",MEDIDAS GENERALES,SIN_DOSIS_TOXICA_ESPECIFICA,Inhibidor de acetilcolinesterasa,SDTE — no hay umbral común robusto; sobredosis puede producir síndrome colinérgico.,SDTE / TOXIDROME,"Náuseas/vómitos/diarrea, sialorrea, diaforesis, miosis, bradicardia, broncorrea/broncoespasmo, fasciculaciones y debilidad; convulsiones en gravedad.","ABCDE, control de secreciones y bradicardia. Atropina para manifestaciones muscarínicas clínicamente significativas; soporte respiratorio. ECG según agente.",Atropina para síndrome muscarínico,https://pubmed.ncbi.nlm.nih.gov/37721023/,,MECANISMO/CONSENSO,VALIDADO_POR_CLASE,"La atropina se conserva como tratamiento de toxíndrome colinérgico, no como una indicación automática basada solo en dosis.",,,Mixta / depende de contexto,NO,2026-09-02,MED-0468,NO,1,NO
PIRIDOXINA CLOHIDRATO,mg,150,TABLETA RECUBIERTA,>500MG/DIA,Se ha descrito dependencia.,MEDIDAS GENERALES,PENDIENTE_VALIDACION,Otros / datos específicos limitados,SDTE — sin dosis tóxica humana específica suficientemente validada para automatizar en esta versión.,SDTE,"La sobredosis puede intensificar los efectos farmacológicos y reacciones adversas conocidas. La expresión clínica depende de dosis, formulación, comorbilidades y coingestas.","ABCDE y tratamiento de soporte dirigido a la clínica. ECG, glucemia, electrolitos, función renal/hepática u otras pruebas según mecanismo y síntomas. Ingesta intencional, dosis desconocida, formulación de liberación prolongada o paciente sintomático: evaluación en urgencias y consulta a toxicología/CIT.",Ninguno específico establecido,https://www.rch.org.au/clinicalguide/guideline_index/Poisoning_Initial_Management/,,DATOS_ESPECIFICOS_LIMITADOS,REVISADO_CONSERVADOR,"Se elimina cualquier cifra previa que represente dosis terapéutica máxima, DL50 animal o umbral no sustentado como toxicidad aguda humana.  El valor original '>500MG/DIA' no se usa como umbral automatizable.",,,Mixta / depende de contexto,NO,2026-09-02,MED-0469,NO,1,NO
PIRIMETAMINA,mg,25,TABLETA,SDTE,"Anemia megaloblástica, leucopenia, trombocitopenia; cefaleas, vértigos; vómitos, náuseas, diarrea; erupción cutánea",MEDIDAS GENERALES,SIN_DOSIS_TOXICA_ESPECIFICA,Otros / datos específicos limitados,SDTE — sin dosis tóxica humana específica suficientemente validada para automatizar en esta versión.,SDTE,"La sobredosis puede intensificar los efectos farmacológicos y reacciones adversas conocidas. La expresión clínica depende de dosis, formulación, comorbilidades y coingestas.","ABCDE y tratamiento de soporte dirigido a la clínica. ECG, glucemia, electrolitos, función renal/hepática u otras pruebas según mecanismo y síntomas. Ingesta intencional, dosis desconocida, formulación de liberación prolongada o paciente sintomático: evaluación en urgencias y consulta a toxicología/CIT.",Ninguno específico establecido,https://www.rch.org.au/clinicalguide/guideline_index/Poisoning_Initial_Management/,,DATOS_ESPECIFICOS_LIMITADOS,REVISADO_CONSERVADOR,"Se elimina cualquier cifra previa que represente dosis terapéutica máxima, DL50 animal o umbral no sustentado como toxicidad aguda humana.",,,Mixta / depende de contexto,NO,2026-09-02,MED-0470,NO,1,NO
PIRITINOL,mg,600,TABLETA CUBIERTA (GRAGEA),SDTE,"Reacciones alérgicas (particularmente eflorescencia y fiebre), alteraciones del gusto; anormalidades hepáticas; irritabilidad, perturbaciones digestivas; hipertermia; erupciones cutáneas, inclusive con vesiculación.",MEDIDAS GENERALES,SIN_DOSIS_TOXICA_ESPECIFICA,Otros / datos específicos limitados,SDTE — sin dosis tóxica humana específica suficientemente validada para automatizar en esta versión.,SDTE,"La sobredosis puede intensificar los efectos farmacológicos y reacciones adversas conocidas. La expresión clínica depende de dosis, formulación, comorbilidades y coingestas.","ABCDE y tratamiento de soporte dirigido a la clínica. ECG, glucemia, electrolitos, función renal/hepática u otras pruebas según mecanismo y síntomas. Ingesta intencional, dosis desconocida, formulación de liberación prolongada o paciente sintomático: evaluación en urgencias y consulta a toxicología/CIT.",Ninguno específico establecido,https://www.rch.org.au/clinicalguide/guideline_index/Poisoning_Initial_Management/,,DATOS_ESPECIFICOS_LIMITADOS,REVISADO_CONSERVADOR,"Se elimina cualquier cifra previa que represente dosis terapéutica máxima, DL50 animal o umbral no sustentado como toxicidad aguda humana.",,,Mixta / depende de contexto,NO,2026-09-02,MED-0471,NO,1,NO
PIROXICAM,mg,20,CAPSULAS,> O = A 60 MG,"NAUSEAS, VOMITOS, HDA, IRA, CEFALEA, ACUFENO, SORDERA, COMA, APNEA TRANSITORIA",MEDIDAS GENERALES,PENDIENTE_VALIDACION,AINE,SDTE para este AINE en la app: no extrapolar automáticamente los cortes de ibuprofeno a otros AINEs.,SDTE / CLASE,"Predominan síntomas gastrointestinales y neurológicos; sobredosis importante puede asociarse a lesión renal, alteraciones metabólicas y shock.",Tratamiento de soporte y mantener hidratación adecuada en sobredosis importante. La gravedad y decontaminación dependen del fármaco y exposición; consultar toxicología en casos significativos.,Ninguno específico,https://www.rch.org.au/clinicalguide/guideline_index/Nonsteroidal_Anti-inflammatory_Drug_NSAID_poisoning/,,GUIA DE CLASE,VALIDADO_POR_CLASE,Se eliminó el umbral previo si correspondía a una dosis máxima terapéutica.  El valor original '> O = A 60 MG' no se usa como umbral automatizable.,,,Mixta / depende de contexto,NO,2026-09-02,MED-0472,NO,1,NO
POLIMIXINA B SULFATO,UI,6000,SUSPENSION,>500000 UI,"Reacciones nefrotóxicas (albuminuria, cilindruria, azotemia, aumento de niveles plasmáticos sin aumento de dosis); reacciones neurotóxicas (rubor facial, vértigo que progresa a ataxia, somnolencia, parestesia periférica, apnea, señales de irritación de meninges en uso intratecal: fiebre, dolor de cabeza, cuello rígido y aumento del recuento de células y proteínas en el fluido cerebro espinal).",MEDIDAS GENERALES,PENDIENTE_VALIDACION,Otros / datos específicos limitados,SDTE — sin dosis tóxica humana específica suficientemente validada para automatizar en esta versión.,SDTE,"La sobredosis puede intensificar los efectos farmacológicos y reacciones adversas conocidas. La expresión clínica depende de dosis, formulación, comorbilidades y coingestas.","ABCDE y tratamiento de soporte dirigido a la clínica. ECG, glucemia, electrolitos, función renal/hepática u otras pruebas según mecanismo y síntomas. Ingesta intencional, dosis desconocida, formulación de liberación prolongada o paciente sintomático: evaluación en urgencias y consulta a toxicología/CIT.",Ninguno específico establecido,https://www.rch.org.au/clinicalguide/guideline_index/Poisoning_Initial_Management/,,DATOS_ESPECIFICOS_LIMITADOS,REVISADO_CONSERVADOR,"Se elimina cualquier cifra previa que represente dosis terapéutica máxima, DL50 animal o umbral no sustentado como toxicidad aguda humana.  El valor original '>500000 UI' no se usa como umbral automatizable.",,,Mixta / depende de contexto,NO,2026-09-02,MED-0473,NO,1,NO
POMALIDOMIDA,mg,3,CAPSULA DURA,SDTE,"Neumonía (infecciones bacterianas, víricas y fúngicas), sepsis neutropénica, bronconeumonía, bronquitis, infección del tracto respiratorio, infección del tracto respiratorio superior, nasofaringitis, herpes zóster; neutropenia, trombocitopenia, leucopenia, anemia, neutropenia febril, pancitopenia; estado de confusión; Disminución del nivel de conciencia, neuropatía sensitiva periférica, mareo, temblor, hemorragia intracraneal; vértigo; trombosis venosa profunda; insuf. cardiaca, fibrilación auricular, infarto de miocardio; angioedema, urticaria; disnea, tos, embolia pulmonar, epixtaxis, enf. pulmonar intersticial; diarrea, náuseas, estreñimiento, náuseas, vómitos, hemorragia gastrointestinal; erupción, prurito; dolor óseo, espasmos musculares; I.R., retención urinaria; dolor pélvico; fatiga, pirexia, edema periférico; disminución del recuento de neutrófilos, disminución del recuento de leucocitos, disminución del recuento de plaquetas, aumento de la alanina aminotransferasa, aumento del ácido úrico en sangre. Otras reacciones adversas identificadas después de la evaluación de los datos de farmacovigilancia: rechazo del trasplante de órganos sólidos",MEDIDAS GENERALES,SIN_DOSIS_TOXICA_ESPECIFICA,Otros / datos específicos limitados,SDTE — sin dosis tóxica humana específica suficientemente validada para automatizar en esta versión.,SDTE,"La sobredosis puede intensificar los efectos farmacológicos y reacciones adversas conocidas. La expresión clínica depende de dosis, formulación, comorbilidades y coingestas.","ABCDE y tratamiento de soporte dirigido a la clínica. ECG, glucemia, electrolitos, función renal/hepática u otras pruebas según mecanismo y síntomas. Ingesta intencional, dosis desconocida, formulación de liberación prolongada o paciente sintomático: evaluación en urgencias y consulta a toxicología/CIT.",Ninguno específico establecido,https://www.rch.org.au/clinicalguide/guideline_index/Poisoning_Initial_Management/,,DATOS_ESPECIFICOS_LIMITADOS,REVISADO_CONSERVADOR,"Se elimina cualquier cifra previa que represente dosis terapéutica máxima, DL50 animal o umbral no sustentado como toxicidad aguda humana.",,,Mixta / depende de contexto,NO,2026-09-02,MED-0474,NO,1,NO
POSACONAZOL,mg,100,CADA TABLETA GASTRORRESISTENTE,SDTE/DMax 800MG/DIA,"Neutropenia; desequilibrio electrolítico, anorexia, apetito disminuido, hipocalemia, hipomagnesemia; parestesia, mareo, somnolencia, cefalea, disgeusia; hipertensión; náuseas, vómitos, dolor abdominal, diarrea, dispepsia, sequedad de boca, flatulencia, estreñimiento, molestia anorrectal; PFH elevadas; erupción, prurito; pirexia (fiebre), astenia, fatiga.",MEDIDAS GENERALES,SIN_DOSIS_TOXICA_ESPECIFICA,Otros / datos específicos limitados,SDTE — sin dosis tóxica humana específica suficientemente validada para automatizar en esta versión.,SDTE,"La sobredosis puede intensificar los efectos farmacológicos y reacciones adversas conocidas. La expresión clínica depende de dosis, formulación, comorbilidades y coingestas.","ABCDE y tratamiento de soporte dirigido a la clínica. ECG, glucemia, electrolitos, función renal/hepática u otras pruebas según mecanismo y síntomas. Ingesta intencional, dosis desconocida, formulación de liberación prolongada o paciente sintomático: evaluación en urgencias y consulta a toxicología/CIT.",Ninguno específico establecido,https://www.rch.org.au/clinicalguide/guideline_index/Poisoning_Initial_Management/,,DATOS_ESPECIFICOS_LIMITADOS,REVISADO_CONSERVADOR,"Se elimina cualquier cifra previa que represente dosis terapéutica máxima, DL50 animal o umbral no sustentado como toxicidad aguda humana.",,,Mixta / depende de contexto,NO,2026-09-02,MED-0475,NO,1,NO
PRAMIPEXOL,mg,3,TABLETA DE LIBERACIÓN PROLONGADA,SDTE,"Sueños anormales, síntomas conductuales de trastornos de control de los impul...",MEDIDAS GENERALES,SIN_DOSIS_TOXICA_ESPECIFICA,Otros / datos específicos limitados,SDTE — sin dosis tóxica humana específica suficientemente validada para automatizar en esta versión.,SDTE,"La sobredosis puede intensificar los efectos farmacológicos y reacciones adversas conocidas. La expresión clínica depende de dosis, formulación, comorbilidades y coingestas.","ABCDE y tratamiento de soporte dirigido a la clínica. ECG, glucemia, electrolitos, función renal/hepática u otras pruebas según mecanismo y síntomas. Ingesta intencional, dosis desconocida, formulación de liberación prolongada o paciente sintomático: evaluación en urgencias y consulta a toxicología/CIT.",Ninguno específico establecido,https://www.rch.org.au/clinicalguide/guideline_index/Poisoning_Initial_Management/,,DATOS_ESPECIFICOS_LIMITADOS,REVISADO_CONSERVADOR,"Se elimina cualquier cifra previa que represente dosis terapéutica máxima, DL50 animal o umbral no sustentado como toxicidad aguda humana.",,,Mixta / depende de contexto,NO,2026-09-02,MED-0476,NO,1,NO
PRAVASTATINA SODICA,mg,40,CAPSULA DURA,SDTE/DMax 40MG/DIA,"Acontecimientos de interés clínico: dolor músculo esquelético (artralgia, cal...",MEDIDAS GENERALES,SIN_DOSIS_TOXICA_ESPECIFICA,Otros / datos específicos limitados,SDTE — sin dosis tóxica humana específica suficientemente validada para automatizar en esta versión.,SDTE,"La sobredosis puede intensificar los efectos farmacológicos y reacciones adversas conocidas. La expresión clínica depende de dosis, formulación, comorbilidades y coingestas.","ABCDE y tratamiento de soporte dirigido a la clínica. ECG, glucemia, electrolitos, función renal/hepática u otras pruebas según mecanismo y síntomas. Ingesta intencional, dosis desconocida, formulación de liberación prolongada o paciente sintomático: evaluación en urgencias y consulta a toxicología/CIT.",Ninguno específico establecido,https://www.rch.org.au/clinicalguide/guideline_index/Poisoning_Initial_Management/,,DATOS_ESPECIFICOS_LIMITADOS,REVISADO_CONSERVADOR,"Se elimina cualquier cifra previa que represente dosis terapéutica máxima, DL50 animal o umbral no sustentado como toxicidad aguda humana.",,,Mixta / depende de contexto,NO,2026-09-02,MED-0477,NO,1,NO
PRAZOSINA,mg,1,TABLETA,SDTE/DMax 40MG/DIA,"Depresión, nerviosismo; mareos, somnolencia, dolor de cabeza, síncopes, pérdi...",MEDIDAS GENERALES,SIN_DOSIS_TOXICA_ESPECIFICA,Alfa-1 bloqueador,SDTE — no hay umbral universal.,SDTE / CLASE,"Hipotensión ortostática, mareo, síncope, taquicardia refleja; shock en sobredosis grave.","Decúbito, cristaloides y vasopresores si precisa; vigilancia hemodinámica.",Ninguno específico,https://www.rch.org.au/clinicalguide/guideline_index/Poisoning_Initial_Management/,,MECANISMO/CONSENSO,VALIDADO_POR_CLASE,,,,Mixta / depende de contexto,NO,2026-09-02,MED-0478,NO,1,NO
PREDNISOLONA,mg,5,TABLETA,SDTE,"Distribución anormal de grasas (obesidad troncal, cara de luna llena, acumula...",MEDIDAS GENERALES,SIN_DOSIS_TOXICA_ESPECIFICA,Otros / datos específicos limitados,SDTE — sin dosis tóxica humana específica suficientemente validada para automatizar en esta versión.,SDTE,"La sobredosis puede intensificar los efectos farmacológicos y reacciones adversas conocidas. La expresión clínica depende de dosis, formulación, comorbilidades y coingestas.","ABCDE y tratamiento de soporte dirigido a la clínica. ECG, glucemia, electrolitos, función renal/hepática u otras pruebas según mecanismo y síntomas. Ingesta intencional, dosis desconocida, formulación de liberación prolongada o paciente sintomático: evaluación en urgencias y consulta a toxicología/CIT.",Ninguno específico establecido,https://www.rch.org.au/clinicalguide/guideline_index/Poisoning_Initial_Management/,,DATOS_ESPECIFICOS_LIMITADOS,REVISADO_CONSERVADOR,"Se elimina cualquier cifra previa que represente dosis terapéutica máxima, DL50 animal o umbral no sustentado como toxicidad aguda humana.",,,Mixta / depende de contexto,NO,2026-09-02,MED-0479,NO,1,NO
PREDNISONA,mg,50,TABLETA,SDTE,"Signos de hiperactividad adrenal (Síndrome de Cushing) a dosis altas, insuf. ...",MEDIDAS GENERALES,SIN_DOSIS_TOXICA_ESPECIFICA,Otros / datos específicos limitados,SDTE — sin dosis tóxica humana específica suficientemente validada para automatizar en esta versión.,SDTE,"La sobredosis puede intensificar los efectos farmacológicos y reacciones adversas conocidas. La expresión clínica depende de dosis, formulación, comorbilidades y coingestas.","ABCDE y tratamiento de soporte dirigido a la clínica. ECG, glucemia, electrolitos, función renal/hepática u otras pruebas según mecanismo y síntomas. Ingesta intencional, dosis desconocida, formulación de liberación prolongada o paciente sintomático: evaluación en urgencias y consulta a toxicología/CIT.",Ninguno específico establecido,https://www.rch.org.au/clinicalguide/guideline_index/Poisoning_Initial_Management/,,DATOS_ESPECIFICOS_LIMITADOS,REVISADO_CONSERVADOR,"Se elimina cualquier cifra previa que represente dosis terapéutica máxima, DL50 animal o umbral no sustentado como toxicidad aguda humana.",,,Mixta / depende de contexto,NO,2026-09-02,MED-0480,NO,1,NO
PRIMAQUINA,mg,15,TABLETA,SDTE,"Gastrointestinales: dolor abdominal, anorexia, náuseas y vómitos. Mejoran si ...",MEDIDAS GENERALES,SIN_DOSIS_TOXICA_ESPECIFICA,Otros / datos específicos limitados,SDTE — sin dosis tóxica humana específica suficientemente validada para automatizar en esta versión.,SDTE,"La sobredosis puede intensificar los efectos farmacológicos y reacciones adversas conocidas. La expresión clínica depende de dosis, formulación, comorbilidades y coingestas.","ABCDE y tratamiento de soporte dirigido a la clínica. ECG, glucemia, electrolitos, función renal/hepática u otras pruebas según mecanismo y síntomas. Ingesta intencional, dosis desconocida, formulación de liberación prolongada o paciente sintomático: evaluación en urgencias y consulta a toxicología/CIT.",Ninguno específico establecido,https://www.rch.org.au/clinicalguide/guideline_index/Poisoning_Initial_Management/,,DATOS_ESPECIFICOS_LIMITADOS,REVISADO_CONSERVADOR,"Se elimina cualquier cifra previa que represente dosis terapéutica máxima, DL50 animal o umbral no sustentado como toxicidad aguda humana.",,,Mixta / depende de contexto,NO,2026-09-02,MED-0481,NO,1,NO
PRIMIDONA,mg,250,TABLETA,>CONCENT >15MCG/ML,"Somnolencia, apatía, alteraciones visuales, náuseas, cefalea, mareo, vómitos,...",MEDIDAS GENERALES,PENDIENTE_VALIDACION,Anticonvulsivante,SDTE — no hay un umbral común válido para esta clase; varios agentes tienen toxicidades específicas.,SDTE / CLASE,"Depresión SNC, ataxia y mareos son frecuentes; lamotrigina/lacosamida pueden alterar conducción, y sobredosis grandes pueden causar convulsiones o arritmias.","Soporte, ECG en agentes con potencial cardiotóxico y tratamiento de convulsiones. Considerar niveles cuando sean clínicamente útiles y consulta toxicológica.",Ninguno específico,https://www.rch.org.au/clinicalguide/guideline_index/Poisoning_Initial_Management/,,CLASE/REVISION_CONSERVADORA,VALIDADO_POR_CLASE,El valor original '>CONCENT >15MCG/ML' no se usa como umbral automatizable.,,,Mixta / depende de contexto,NO,2026-09-02,MED-0482,NO,1,NO
PROGESTERONA,mg,200,CAPSULA DE GELATINA BLANDA,SDTE,Gastrointestinales: Náuseas y vómitos Dolor abdominal Distensión abdominal En...,MEDIDAS GENERALES,SIN_DOSIS_TOXICA_ESPECIFICA,Otros / datos específicos limitados,SDTE — sin dosis tóxica humana específica suficientemente validada para automatizar en esta versión.,SDTE,"La sobredosis puede intensificar los efectos farmacológicos y reacciones adversas conocidas. La expresión clínica depende de dosis, formulación, comorbilidades y coingestas.","ABCDE y tratamiento de soporte dirigido a la clínica. ECG, glucemia, electrolitos, función renal/hepática u otras pruebas según mecanismo y síntomas. Ingesta intencional, dosis desconocida, formulación de liberación prolongada o paciente sintomático: evaluación en urgencias y consulta a toxicología/CIT.",Ninguno específico establecido,https://www.rch.org.au/clinicalguide/guideline_index/Poisoning_Initial_Management/,,DATOS_ESPECIFICOS_LIMITADOS,REVISADO_CONSERVADOR,"Se elimina cualquier cifra previa que represente dosis terapéutica máxima, DL50 animal o umbral no sustentado como toxicidad aguda humana.",,,Mixta / depende de contexto,NO,2026-09-02,MED-0483,NO,1,NO
PROPAFENONA CLORHIDRATO,mg,300,TABLETA RECUBIERTA,>450MG/DIA,"Ansiedad, trastornos del sueño; mareo, cefalea, disgeusia; visión borrosa; tr...",MEDIDAS GENERALES,PENDIENTE_VALIDACION,Antiarrítmico clase Ic / bloqueador de sodio,SDTE — potencialmente grave; no usar un corte universal.,SDTE / ALTO_RIESGO,"QRS ancho, hipotensión, bradicardia/bloqueos, arritmias ventriculares, convulsiones.","ABCDE, ECG continuo; bicarbonato de sodio para cardiotoxicidad por bloqueo de sodio, vasopresores y soporte avanzado según respuesta/toxicología.",No hay antídoto; bicarbonato de sodio es terapia de mecanismo.,https://pubmed.ncbi.nlm.nih.gov/37721023/,,GUIA AHA/MECANISMO,VALIDADO_ESPECIFICO,,,,Mixta / depende de contexto,NO,2026-09-02,MED-0484,NO,1,NO
PROPANOLOL,mg,40,TABLETA,DOSIS MAX 480 MG/DIA-DT >960 MG/DIA,"Choque, Hipotensión, Bradicardia, Bloqueo AV, Broncoespasmo, Hipoglucemia, Co...",GLUCAGON,PENDIENTE_VALIDACION,Betabloqueador,"SDTE — no usar múltiplos de dosis terapéutica como umbral universal; toxicidad depende de agente (p. ej., propranolol/sotalol) y comorbilidades.",SDTE / CLASE,"Bradicardia, hipotensión, shock; hipoglucemia y depresión SNC. Propranolol: bloqueo de sodio/convulsiones; sotalol: QT/torsades.","ABCDE, ECG, glucemia. En shock grave: calcio según contexto, glucagón como adyuvante, insulina euglucémica de alta dosis y vasopresores conforme a protocolo/toxicología; bicarbonato si bloqueo de sodio.",No hay un único antídoto; terapias específicas incluyen glucagón/insulina/vasopresores según fenotipo.,https://pubmed.ncbi.nlm.nih.gov/37721023/,,GUIA AHA,VALIDADO_POR_CLASE,El valor original 'DOSIS MAX 480 MG/DIA-DT >960 MG/DIA' no se usa como umbral automatizable.,,,Mixta / depende de contexto,NO,2026-09-02,MED-0485,NO,1,NO
PROPILTIOURACILO,mg,50,TABLETA,SDTE/DMax 1200MG/DIA,Cardiovasculares: vasculitis como reacción multiorgánica asociada a halla...,MEDIDAS GENERALES,SIN_DOSIS_TOXICA_ESPECIFICA,Otros / datos específicos limitados,SDTE — sin dosis tóxica humana específica suficientemente validada para automatizar en esta versión.,SDTE,"La sobredosis puede intensificar los efectos farmacológicos y reacciones adversas conocidas. La expresión clínica depende de dosis, formulación, comorbilidades y coingestas.","ABCDE y tratamiento de soporte dirigido a la clínica. ECG, glucemia, electrolitos, función renal/hepática u otras pruebas según mecanismo y síntomas. Ingesta intencional, dosis desconocida, formulación de liberación prolongada o paciente sintomático: evaluación en urgencias y consulta a toxicología/CIT.",Ninguno específico establecido,https://www.rch.org.au/clinicalguide/guideline_index/Poisoning_Initial_Management/,,DATOS_ESPECIFICOS_LIMITADOS,REVISADO_CONSERVADOR,"Se elimina cualquier cifra previa que represente dosis terapéutica máxima, DL50 animal o umbral no sustentado como toxicidad aguda humana.",,,Mixta / depende de contexto,NO,2026-09-02,MED-0486,NO,1,NO
PROPINOX CLORHIDRATO,mg,15,AMPOLLA 1,SDTE,"retención urinaria, visión borrosa, taquicardia, dolores de cabeza, mareos, i...",MEDIDAS GENERALES,SIN_DOSIS_TOXICA_ESPECIFICA,Otros / datos específicos limitados,SDTE — sin dosis tóxica humana específica suficientemente validada para automatizar en esta versión.,SDTE,"La sobredosis puede intensificar los efectos farmacológicos y reacciones adversas conocidas. La expresión clínica depende de dosis, formulación, comorbilidades y coingestas.","ABCDE y tratamiento de soporte dirigido a la clínica. ECG, glucemia, electrolitos, función renal/hepática u otras pruebas según mecanismo y síntomas. Ingesta intencional, dosis desconocida, formulación de liberación prolongada o paciente sintomático: evaluación en urgencias y consulta a toxicología/CIT.",Ninguno específico establecido,https://www.rch.org.au/clinicalguide/guideline_index/Poisoning_Initial_Management/,,DATOS_ESPECIFICOS_LIMITADOS,REVISADO_CONSERVADOR,"Se elimina cualquier cifra previa que represente dosis terapéutica máxima, DL50 animal o umbral no sustentado como toxicidad aguda humana.",,,Mixta / depende de contexto,NO,2026-09-02,MED-0487,NO,1,NO
PROPIONATO DE FLUTICASONA,Ã¦g,50,CADA DOSIS (ACTUACIÓN / ACCIONAMIENTO) SUMINISTRA,SDTE,"Candidiasis orofaríngea, cefalea, ronquera, irritación de garganta, contusion...",MEDIDAS GENERALES,SIN_DOSIS_TOXICA_ESPECIFICA,Otros / datos específicos limitados,SDTE — sin dosis tóxica humana específica suficientemente validada para automatizar en esta versión.,SDTE,"La sobredosis puede intensificar los efectos farmacológicos y reacciones adversas conocidas. La expresión clínica depende de dosis, formulación, comorbilidades y coingestas.","ABCDE y tratamiento de soporte dirigido a la clínica. ECG, glucemia, electrolitos, función renal/hepática u otras pruebas según mecanismo y síntomas. Ingesta intencional, dosis desconocida, formulación de liberación prolongada o paciente sintomático: evaluación en urgencias y consulta a toxicología/CIT.",Ninguno específico establecido,https://www.rch.org.au/clinicalguide/guideline_index/Poisoning_Initial_Management/,,DATOS_ESPECIFICOS_LIMITADOS,REVISADO_CONSERVADOR,"Se elimina cualquier cifra previa que represente dosis terapéutica máxima, DL50 animal o umbral no sustentado como toxicidad aguda humana.",,,Mixta / depende de contexto,NO,2026-09-02,MED-0488,NO,1,NO
PRUCALOPRIDA,mg,1,TABLETA RECUBIERTA,SDTE,"Apetito disminuido; cefalea, mareo; náuseas, diarrea, dolor abdominal, vómito...",MEDIDAS GENERALES,SIN_DOSIS_TOXICA_ESPECIFICA,Otros / datos específicos limitados,SDTE — sin dosis tóxica humana específica suficientemente validada para automatizar en esta versión.,SDTE,"La sobredosis puede intensificar los efectos farmacológicos y reacciones adversas conocidas. La expresión clínica depende de dosis, formulación, comorbilidades y coingestas.","ABCDE y tratamiento de soporte dirigido a la clínica. ECG, glucemia, electrolitos, función renal/hepática u otras pruebas según mecanismo y síntomas. Ingesta intencional, dosis desconocida, formulación de liberación prolongada o paciente sintomático: evaluación en urgencias y consulta a toxicología/CIT.",Ninguno específico establecido,https://www.rch.org.au/clinicalguide/guideline_index/Poisoning_Initial_Management/,,DATOS_ESPECIFICOS_LIMITADOS,REVISADO_CONSERVADOR,"Se elimina cualquier cifra previa que represente dosis terapéutica máxima, DL50 animal o umbral no sustentado como toxicidad aguda humana.",,,Mixta / depende de contexto,NO,2026-09-02,MED-0489,NO,1,NO
PSEUDOEFEDRINA CLORHIDRATO,mg,30,CAPSULA BLANDA,>15MG/KG,"Síntomas de excitación del SNC incluidos: nerviosismo, inquietud, trastornos ...",Propranolol IV si hay toxicidad cardiaca; diazepam IV si hay delirio y convul...,PENDIENTE_VALIDACION,Simpaticomimético / estimulante,SDTE — no hay umbral universal; toxicidad es clínica y depende del agente.,SDTE / CLASE,"Agitación, midriasis, diaforesis, taquicardia, hipertensión, hipertermia, dolor torácico, convulsiones y arritmias.","Benzodiacepinas como base para agitación/hiperactividad adrenérgica, enfriamiento si hipertermia y tratamiento dirigido de complicaciones cardiovasculares.",Ninguno específico,https://pubmed.ncbi.nlm.nih.gov/37721023/,,GUIA AHA,VALIDADO_POR_CLASE,El valor original '>15MG/KG' no se usa como umbral automatizable.,,,Mixta / depende de contexto,NO,2026-09-02,MED-0490,NO,1,NO
QUETIAPINA,mg,25,TABLETAS RECUBIERTAS,>15MG/KG,"RIGIDEZ MUSCULAR, FIEBRE, DIAFORESIS, DISFAGIA, TEMBLOR, INCONTINENCIA, CONFU...",DANTROLENO,PENDIENTE_VALIDACION,Antipsicótico atípico,"10 mg/kg es significativo en adulto; >3 g se asocia con toxicidad grave. En <12 años, >100 mg puede ser grave según la guía.",UMBRAL_EVALUACION / DOSIS_RESPUESTA,"Depresión SNC, taquicardia, hipotensión, delirium; raramente convulsiones. Formulación MR puede retrasar y prolongar toxicidad.","Soporte, ECG. Hipotensión: cristaloides; si persiste, noradrenalina (adrenalina puede empeorar paradójicamente la hipotensión).",Ninguno específico,https://www.rch.org.au/clinicalguide/guideline_index/Quetiapine_poisoning/,,GUIA CLINICA,VALIDADO_ESPECIFICO,Se corrigió o restringió una recomendación específica de la base original que podía inducir manejo inapropiado si se automatizaba.,10,Significativo en adulto (no frontera de toxicidad),Adultos; pediatría tiene umbrales absolutos específicos,SI,2026-09-02,MED-0491,NO,1,SI
RALTEGRAVIR,mg,25,TABLETA MASTICABLE,SDTE,SINTOMAS GENERALES,MEDIDAS GENERALES,SIN_DOSIS_TOXICA_ESPECIFICA,Otros / datos específicos limitados,SDTE — sin dosis tóxica humana específica suficientemente validada para automatizar en esta versión.,SDTE,"La sobredosis puede intensificar los efectos farmacológicos y reacciones adversas conocidas. La expresión clínica depende de dosis, formulación, comorbilidades y coingestas.","ABCDE y tratamiento de soporte dirigido a la clínica. ECG, glucemia, electrolitos, función renal/hepática u otras pruebas según mecanismo y síntomas. Ingesta intencional, dosis desconocida, formulación de liberación prolongada o paciente sintomático: evaluación en urgencias y consulta a toxicología/CIT.",Ninguno específico establecido,https://www.rch.org.au/clinicalguide/guideline_index/Poisoning_Initial_Management/,,DATOS_ESPECIFICOS_LIMITADOS,REVISADO_CONSERVADOR,"Se elimina cualquier cifra previa que represente dosis terapéutica máxima, DL50 animal o umbral no sustentado como toxicidad aguda humana.",,,Mixta / depende de contexto,NO,2026-09-02,MED-0492,NO,1,NO
RANITIDINA,mg,150,TABLETA RECUBIERTA,42MG/KG,"Poco frecuentes: dolor abdominal, estreñimiento, náuseas (estos síntomas mejo...",MEDIDAS GENERALES,PENDIENTE_VALIDACION,Otros / datos específicos limitados,SDTE — sin dosis tóxica humana específica suficientemente validada para automatizar en esta versión.,SDTE,"La sobredosis puede intensificar los efectos farmacológicos y reacciones adversas conocidas. La expresión clínica depende de dosis, formulación, comorbilidades y coingestas.","ABCDE y tratamiento de soporte dirigido a la clínica. ECG, glucemia, electrolitos, función renal/hepática u otras pruebas según mecanismo y síntomas. Ingesta intencional, dosis desconocida, formulación de liberación prolongada o paciente sintomático: evaluación en urgencias y consulta a toxicología/CIT.",Ninguno específico establecido,https://www.rch.org.au/clinicalguide/guideline_index/Poisoning_Initial_Management/,,DATOS_ESPECIFICOS_LIMITADOS,REVISADO_CONSERVADOR,"Se elimina cualquier cifra previa que represente dosis terapéutica máxima, DL50 animal o umbral no sustentado como toxicidad aguda humana.  El valor original '42MG/KG' no se usa como umbral automatizable.",,,Mixta / depende de contexto,NO,2026-09-02,MED-0493,NO,1,NO
RANOLAZINA,mg,500,TABLETA,SDTE,"Mareos, cefalea; estreñimiento, vómitos, náuseas; astenia.",MEDIDAS GENERALES,SIN_DOSIS_TOXICA_ESPECIFICA,Otros / datos específicos limitados,SDTE — sin dosis tóxica humana específica suficientemente validada para automatizar en esta versión.,SDTE,"La sobredosis puede intensificar los efectos farmacológicos y reacciones adversas conocidas. La expresión clínica depende de dosis, formulación, comorbilidades y coingestas.","ABCDE y tratamiento de soporte dirigido a la clínica. ECG, glucemia, electrolitos, función renal/hepática u otras pruebas según mecanismo y síntomas. Ingesta intencional, dosis desconocida, formulación de liberación prolongada o paciente sintomático: evaluación en urgencias y consulta a toxicología/CIT.",Ninguno específico establecido,https://www.rch.org.au/clinicalguide/guideline_index/Poisoning_Initial_Management/,,DATOS_ESPECIFICOS_LIMITADOS,REVISADO_CONSERVADOR,"Se elimina cualquier cifra previa que represente dosis terapéutica máxima, DL50 animal o umbral no sustentado como toxicidad aguda humana.",,,Mixta / depende de contexto,NO,2026-09-02,MED-0494,NO,1,NO
RASAGILINA,mg,1,COMPRIMIDO,SDTE,"Influenza; carcinoma de piel; leucopenia; alergia; depresión, alucinaciones; ...",MEDIDAS GENERALES,SIN_DOSIS_TOXICA_ESPECIFICA,Otros / datos específicos limitados,SDTE — sin dosis tóxica humana específica suficientemente validada para automatizar en esta versión.,SDTE,"La sobredosis puede intensificar los efectos farmacológicos y reacciones adversas conocidas. La expresión clínica depende de dosis, formulación, comorbilidades y coingestas.","ABCDE y tratamiento de soporte dirigido a la clínica. ECG, glucemia, electrolitos, función renal/hepática u otras pruebas según mecanismo y síntomas. Ingesta intencional, dosis desconocida, formulación de liberación prolongada o paciente sintomático: evaluación en urgencias y consulta a toxicología/CIT.",Ninguno específico establecido,https://www.rch.org.au/clinicalguide/guideline_index/Poisoning_Initial_Management/,,DATOS_ESPECIFICOS_LIMITADOS,REVISADO_CONSERVADOR,"Se elimina cualquier cifra previa que represente dosis terapéutica máxima, DL50 animal o umbral no sustentado como toxicidad aguda humana.",,,Mixta / depende de contexto,NO,2026-09-02,MED-0495,NO,1,NO
RETINOL (PALMITATO DE VITAMINA A),UI,50000,CAPSULA DE GELATINA BLANDA,RAM >100000 UI,"A dosis altas y/o periodos prolongados: anemia, hipoprotrombinemia y neutrope...",MEDIDAS GENERALES,PENDIENTE_VALIDACION,Vitamina A,SDTE — no automatizar una frontera única; distinguir intoxicación aguda de toxicidad crónica.,SDTE / CLINICO,"Aguda: náuseas, vómitos, cefalea, irritabilidad y signos de hipertensión intracraneal. Crónica: piel/cabello, dolor óseo y hepatotoxicidad.",Suspender exposición y soporte; evaluar función hepática y síntomas neurológicos. No hay antídoto específico.,Ninguno específico,https://www.rch.org.au/clinicalguide/guideline_index/Poisoning_Initial_Management/,,REVISION_CONSERVADORA,REVISADO_CONSERVADOR,El valor original 'RAM >100000 UI' no se usa como umbral automatizable.,,,Mixta / depende de contexto,NO,2026-09-02,MED-0496,NO,1,NO
RIBOCICLIB,mg,200,TABLETA RECUBIERTA,SDTE,"Reacciones alérgicas y anafilaxia: Urticaria, Prurito, angioedema, disnea, Sh...",MEDIDAS GENERALES,SIN_DOSIS_TOXICA_ESPECIFICA,Otros / datos específicos limitados,SDTE — sin dosis tóxica humana específica suficientemente validada para automatizar en esta versión.,SDTE,"La sobredosis puede intensificar los efectos farmacológicos y reacciones adversas conocidas. La expresión clínica depende de dosis, formulación, comorbilidades y coingestas.","ABCDE y tratamiento de soporte dirigido a la clínica. ECG, glucemia, electrolitos, función renal/hepática u otras pruebas según mecanismo y síntomas. Ingesta intencional, dosis desconocida, formulación de liberación prolongada o paciente sintomático: evaluación en urgencias y consulta a toxicología/CIT.",Ninguno específico establecido,https://www.rch.org.au/clinicalguide/guideline_index/Poisoning_Initial_Management/,,DATOS_ESPECIFICOS_LIMITADOS,REVISADO_CONSERVADOR,"Se elimina cualquier cifra previa que represente dosis terapéutica máxima, DL50 animal o umbral no sustentado como toxicidad aguda humana.",,,Mixta / depende de contexto,NO,2026-09-02,MED-0497,NO,1,NO
RIBOFLAVINA,mg,10,TABLETA RECUBIERTA,SDTE,Colorea la orina de amarillo-naranja.,MEDIDAS GENERALES,SIN_DOSIS_TOXICA_ESPECIFICA,Otros / datos específicos limitados,SDTE — sin dosis tóxica humana específica suficientemente validada para automatizar en esta versión.,SDTE,"La sobredosis puede intensificar los efectos farmacológicos y reacciones adversas conocidas. La expresión clínica depende de dosis, formulación, comorbilidades y coingestas.","ABCDE y tratamiento de soporte dirigido a la clínica. ECG, glucemia, electrolitos, función renal/hepática u otras pruebas según mecanismo y síntomas. Ingesta intencional, dosis desconocida, formulación de liberación prolongada o paciente sintomático: evaluación en urgencias y consulta a toxicología/CIT.",Ninguno específico establecido,https://www.rch.org.au/clinicalguide/guideline_index/Poisoning_Initial_Management/,,DATOS_ESPECIFICOS_LIMITADOS,REVISADO_CONSERVADOR,"Se elimina cualquier cifra previa que represente dosis terapéutica máxima, DL50 animal o umbral no sustentado como toxicidad aguda humana.",,,Mixta / depende de contexto,NO,2026-09-02,MED-0498,NO,1,NO
RIFAMPICINA,mg,300,TABLETA RECUBIERTA,SDTE,"Poco frecuentes: anorexia, náuseas, vómitos, molestias abdominales, diarrea.",MEDIDAS GENERALES,SIN_DOSIS_TOXICA_ESPECIFICA,Otros / datos específicos limitados,SDTE — sin dosis tóxica humana específica suficientemente validada para automatizar en esta versión.,SDTE,"La sobredosis puede intensificar los efectos farmacológicos y reacciones adversas conocidas. La expresión clínica depende de dosis, formulación, comorbilidades y coingestas.","ABCDE y tratamiento de soporte dirigido a la clínica. ECG, glucemia, electrolitos, función renal/hepática u otras pruebas según mecanismo y síntomas. Ingesta intencional, dosis desconocida, formulación de liberación prolongada o paciente sintomático: evaluación en urgencias y consulta a toxicología/CIT.",Ninguno específico establecido,https://www.rch.org.au/clinicalguide/guideline_index/Poisoning_Initial_Management/,,DATOS_ESPECIFICOS_LIMITADOS,REVISADO_CONSERVADOR,"Se elimina cualquier cifra previa que represente dosis terapéutica máxima, DL50 animal o umbral no sustentado como toxicidad aguda humana.",,,Mixta / depende de contexto,NO,2026-09-02,MED-0499,NO,1,NO
RIFAXIMINA,mg,200,TABLETA RECUBIERTA,SDTE,"Mareo, cefalea, estreñimiento, dolor y distensión abdominal, diarrea, flatule...",MEDIDAS GENERALES,SIN_DOSIS_TOXICA_ESPECIFICA,Otros / datos específicos limitados,SDTE — sin dosis tóxica humana específica suficientemente validada para automatizar en esta versión.,SDTE,"La sobredosis puede intensificar los efectos farmacológicos y reacciones adversas conocidas. La expresión clínica depende de dosis, formulación, comorbilidades y coingestas.","ABCDE y tratamiento de soporte dirigido a la clínica. ECG, glucemia, electrolitos, función renal/hepática u otras pruebas según mecanismo y síntomas. Ingesta intencional, dosis desconocida, formulación de liberación prolongada o paciente sintomático: evaluación en urgencias y consulta a toxicología/CIT.",Ninguno específico establecido,https://www.rch.org.au/clinicalguide/guideline_index/Poisoning_Initial_Management/,,DATOS_ESPECIFICOS_LIMITADOS,REVISADO_CONSERVADOR,"Se elimina cualquier cifra previa que represente dosis terapéutica máxima, DL50 animal o umbral no sustentado como toxicidad aguda humana.",,,Mixta / depende de contexto,NO,2026-09-02,MED-0500,NO,1,NO
RILPIRIVINA,mg,25,TABLETA RECUBIERTA,SDTE,SINTOMAS GENERALES,MEDIDAS GENERALES,SIN_DOSIS_TOXICA_ESPECIFICA,Otros / datos específicos limitados,SDTE — sin dosis tóxica humana específica suficientemente validada para automatizar en esta versión.,SDTE,"La sobredosis puede intensificar los efectos farmacológicos y reacciones adversas conocidas. La expresión clínica depende de dosis, formulación, comorbilidades y coingestas.","ABCDE y tratamiento de soporte dirigido a la clínica. ECG, glucemia, electrolitos, función renal/hepática u otras pruebas según mecanismo y síntomas. Ingesta intencional, dosis desconocida, formulación de liberación prolongada o paciente sintomático: evaluación en urgencias y consulta a toxicología/CIT.",Ninguno específico establecido,https://www.rch.org.au/clinicalguide/guideline_index/Poisoning_Initial_Management/,,DATOS_ESPECIFICOS_LIMITADOS,REVISADO_CONSERVADOR,"Se elimina cualquier cifra previa que represente dosis terapéutica máxima, DL50 animal o umbral no sustentado como toxicidad aguda humana.",,,Mixta / depende de contexto,NO,2026-09-02,MED-0501,NO,1,NO
RILUZOL,mg,50,TABLETA RECUBIERTA,SDTE,"Cefalea, mareos, parestesia oral, somnolencia; taquicardia; náuseas, diarrea,...",MEDIDAS GENERALES,SIN_DOSIS_TOXICA_ESPECIFICA,Otros / datos específicos limitados,SDTE — sin dosis tóxica humana específica suficientemente validada para automatizar en esta versión.,SDTE,"La sobredosis puede intensificar los efectos farmacológicos y reacciones adversas conocidas. La expresión clínica depende de dosis, formulación, comorbilidades y coingestas.","ABCDE y tratamiento de soporte dirigido a la clínica. ECG, glucemia, electrolitos, función renal/hepática u otras pruebas según mecanismo y síntomas. Ingesta intencional, dosis desconocida, formulación de liberación prolongada o paciente sintomático: evaluación en urgencias y consulta a toxicología/CIT.",Ninguno específico establecido,https://www.rch.org.au/clinicalguide/guideline_index/Poisoning_Initial_Management/,,DATOS_ESPECIFICOS_LIMITADOS,REVISADO_CONSERVADOR,"Se elimina cualquier cifra previa que represente dosis terapéutica máxima, DL50 animal o umbral no sustentado como toxicidad aguda humana.",,,Mixta / depende de contexto,NO,2026-09-02,MED-0502,NO,1,NO
RIOCIGUAT,mg,1.5,TABLETA RECUBIERTA,SDTE,SINTOMAS GENERALES,MEDIDAS GENERALES,SIN_DOSIS_TOXICA_ESPECIFICA,Otros / datos específicos limitados,SDTE — sin dosis tóxica humana específica suficientemente validada para automatizar en esta versión.,SDTE,"La sobredosis puede intensificar los efectos farmacológicos y reacciones adversas conocidas. La expresión clínica depende de dosis, formulación, comorbilidades y coingestas.","ABCDE y tratamiento de soporte dirigido a la clínica. ECG, glucemia, electrolitos, función renal/hepática u otras pruebas según mecanismo y síntomas. Ingesta intencional, dosis desconocida, formulación de liberación prolongada o paciente sintomático: evaluación en urgencias y consulta a toxicología/CIT.",Ninguno específico establecido,https://www.rch.org.au/clinicalguide/guideline_index/Poisoning_Initial_Management/,,DATOS_ESPECIFICOS_LIMITADOS,REVISADO_CONSERVADOR,"Se elimina cualquier cifra previa que represente dosis terapéutica máxima, DL50 animal o umbral no sustentado como toxicidad aguda humana.",,,Mixta / depende de contexto,NO,2026-09-02,MED-0503,NO,1,NO
RISPERIDONA,mg,1,TABLETA RECUBIERTA,0.2MG/KG-2 VECES LA DOSIS TERAPEUTICA MAX,"RIGIDEZ MUSCULAR, FIEBRE, DIAFORESIS, DISFAGIA, TEMBLOR, INCONTINENCIA, CONFU...",DANTROLENO,PENDIENTE_VALIDACION,Antipsicótico atípico,"Pediatría: <12 años, 1 mg puede ser potencialmente tóxico; ≥12 años, >5 mg; en tratamiento crónico, >5 veces la dosis única habitual.",UMBRAL_EVALUACION_PEDIATRICO,"Somnolencia, taquicardia, hipotensión, síntomas extrapiramidales; pueden presentarse alteraciones de conducción/QT.",Soporte y ECG; tratar hipotensión y distonía/extrapiramidal según protocolo. Toxicología en síntomas o ingesta significativa.,Ninguno específico,https://www.rch.org.au/clinicalguide/guideline_index/Risperidone_Poisoning/,,GUIA CLINICA,VALIDADO_ESPECIFICO,Se corrigió o restringió una recomendación específica de la base original que podía inducir manejo inapropiado si se automatizaba.,,,Mixta / depende de contexto,NO,2026-09-02,MED-0504,NO,1,SI
RITONAVIR,mg,100,TABLETA RECUBIERTA,SDTE,SINTOMAS GENERALES,MEDIDAS GENERALES,SIN_DOSIS_TOXICA_ESPECIFICA,Otros / datos específicos limitados,SDTE — sin dosis tóxica humana específica suficientemente validada para automatizar en esta versión.,SDTE,"La sobredosis puede intensificar los efectos farmacológicos y reacciones adversas conocidas. La expresión clínica depende de dosis, formulación, comorbilidades y coingestas.","ABCDE y tratamiento de soporte dirigido a la clínica. ECG, glucemia, electrolitos, función renal/hepática u otras pruebas según mecanismo y síntomas. Ingesta intencional, dosis desconocida, formulación de liberación prolongada o paciente sintomático: evaluación en urgencias y consulta a toxicología/CIT.",Ninguno específico establecido,https://www.rch.org.au/clinicalguide/guideline_index/Poisoning_Initial_Management/,,DATOS_ESPECIFICOS_LIMITADOS,REVISADO_CONSERVADOR,"Se elimina cualquier cifra previa que represente dosis terapéutica máxima, DL50 animal o umbral no sustentado como toxicidad aguda humana.",,,Mixta / depende de contexto,NO,2026-09-02,MED-0505,NO,1,NO
RIVAROXABAN,mg,10,TABLETA RECUBIERTA,SDTE,"Anemia; mareos, cefalea; hemorragia ocular; hipotensión, hematoma; epistaxis,...",MEDIDAS GENERALES,SIN_DOSIS_TOXICA_ESPECIFICA,Anticoagulante oral directo — inhibidor factor Xa,"SDTE — la dosis ingerida sola no define necesidad de reversión; valorar sangrado, tiempo y función renal/hepática.",CLINICO_HEMORRAGIA,"Sangrado, anemia, hipotensión/shock si hemorragia grave.",Suspender y soporte hemostático. Hemorragia potencialmente mortal/no controlada asociada a apixabán o rivaroxabán: andexanet alfa cuando esté disponible/indicado; 4F-PCC es alternativa usada según protocolo.,Andexanet alfa; 4F-PCC como alternativa según protocolo.,https://www.ahajournals.org/doi/10.1161/CIR.0000000000001193,,GUIA ACC/AHA,VALIDADO_ESPECIFICO,,,,Mixta / depende de contexto,NO,2026-09-02,MED-0506,NO,1,NO
RIVASTIGMINA,mg,4.5,CADA CAPSULA DE GELATINA DURA,>0.35MG/KG,"Anorexia; agitación, confusión, ansiedad, mareos, somnolencia, temblor, dolor...",ATROPINA,PENDIENTE_VALIDACION,Inhibidor de acetilcolinesterasa,SDTE — no hay umbral común robusto; sobredosis puede producir síndrome colinérgico.,SDTE / TOXIDROME,"Náuseas/vómitos/diarrea, sialorrea, diaforesis, miosis, bradicardia, broncorrea/broncoespasmo, fasciculaciones y debilidad; convulsiones en gravedad.","ABCDE, control de secreciones y bradicardia. Atropina para manifestaciones muscarínicas clínicamente significativas; soporte respiratorio. ECG según agente.",Atropina para síndrome muscarínico,https://pubmed.ncbi.nlm.nih.gov/37721023/,,MECANISMO/CONSENSO,VALIDADO_POR_CLASE,"La atropina se conserva como tratamiento de toxíndrome colinérgico, no como una indicación automática basada solo en dosis.",,,Mixta / depende de contexto,NO,2026-09-02,MED-0507,NO,1,NO
ROCIVERINA,mg,10,TABLETA CUBIERTA (GRAGEA),SDTE,"Manifestaciones de tipo atropínico (sequedad en la boca, midriasis, taquicard...",MEDIDAS GENERALES,SIN_DOSIS_TOXICA_ESPECIFICA,Otros / datos específicos limitados,SDTE — sin dosis tóxica humana específica suficientemente validada para automatizar en esta versión.,SDTE,"La sobredosis puede intensificar los efectos farmacológicos y reacciones adversas conocidas. La expresión clínica depende de dosis, formulación, comorbilidades y coingestas.","ABCDE y tratamiento de soporte dirigido a la clínica. ECG, glucemia, electrolitos, función renal/hepática u otras pruebas según mecanismo y síntomas. Ingesta intencional, dosis desconocida, formulación de liberación prolongada o paciente sintomático: evaluación en urgencias y consulta a toxicología/CIT.",Ninguno específico establecido,https://www.rch.org.au/clinicalguide/guideline_index/Poisoning_Initial_Management/,,DATOS_ESPECIFICOS_LIMITADOS,REVISADO_CONSERVADOR,"Se elimina cualquier cifra previa que represente dosis terapéutica máxima, DL50 animal o umbral no sustentado como toxicidad aguda humana.",,,Mixta / depende de contexto,NO,2026-09-02,MED-0508,NO,1,NO
ROFLUMILAST,mcg,500,TABLETA RECUBIERTA,SDTE,"Pérdida de peso y de apetito; insomnio; cefalea; diarrea, náuseas, dolor abdo...",MEDIDAS GENERALES,SIN_DOSIS_TOXICA_ESPECIFICA,Otros / datos específicos limitados,SDTE — sin dosis tóxica humana específica suficientemente validada para automatizar en esta versión.,SDTE,"La sobredosis puede intensificar los efectos farmacológicos y reacciones adversas conocidas. La expresión clínica depende de dosis, formulación, comorbilidades y coingestas.","ABCDE y tratamiento de soporte dirigido a la clínica. ECG, glucemia, electrolitos, función renal/hepática u otras pruebas según mecanismo y síntomas. Ingesta intencional, dosis desconocida, formulación de liberación prolongada o paciente sintomático: evaluación en urgencias y consulta a toxicología/CIT.",Ninguno específico establecido,https://www.rch.org.au/clinicalguide/guideline_index/Poisoning_Initial_Management/,,DATOS_ESPECIFICOS_LIMITADOS,REVISADO_CONSERVADOR,"Se elimina cualquier cifra previa que represente dosis terapéutica máxima, DL50 animal o umbral no sustentado como toxicidad aguda humana.",,,Mixta / depende de contexto,NO,2026-09-02,MED-0509,NO,1,NO
ROSUVASTATINA,mg,20,TABLETA,SDTE/DMax40 MG/DIA,"Diabetes mellitus; cefalea, mareos; estreñimiento, náuseas, dolor abdominal; ...",MEDIDAS GENERALES,SIN_DOSIS_TOXICA_ESPECIFICA,Otros / datos específicos limitados,SDTE — sin dosis tóxica humana específica suficientemente validada para automatizar en esta versión.,SDTE,"La sobredosis puede intensificar los efectos farmacológicos y reacciones adversas conocidas. La expresión clínica depende de dosis, formulación, comorbilidades y coingestas.","ABCDE y tratamiento de soporte dirigido a la clínica. ECG, glucemia, electrolitos, función renal/hepática u otras pruebas según mecanismo y síntomas. Ingesta intencional, dosis desconocida, formulación de liberación prolongada o paciente sintomático: evaluación en urgencias y consulta a toxicología/CIT.",Ninguno específico establecido,https://www.rch.org.au/clinicalguide/guideline_index/Poisoning_Initial_Management/,,DATOS_ESPECIFICOS_LIMITADOS,REVISADO_CONSERVADOR,"Se elimina cualquier cifra previa que represente dosis terapéutica máxima, DL50 animal o umbral no sustentado como toxicidad aguda humana.",,,Mixta / depende de contexto,NO,2026-09-02,MED-0510,NO,1,NO
RUFINAMIDA,mg,200,TABLETA RECUBIERTA,>45MG/KG/DIA,"Neumonía, gripe, nasofaringitis, infección de oído, sinusitis, rinitis; anore...",MEDIDAS GENERALES,PENDIENTE_VALIDACION,Anticonvulsivante,SDTE — no hay un umbral común válido para esta clase; varios agentes tienen toxicidades específicas.,SDTE / CLASE,"Depresión SNC, ataxia y mareos son frecuentes; lamotrigina/lacosamida pueden alterar conducción, y sobredosis grandes pueden causar convulsiones o arritmias.","Soporte, ECG en agentes con potencial cardiotóxico y tratamiento de convulsiones. Considerar niveles cuando sean clínicamente útiles y consulta toxicológica.",Ninguno específico,https://www.rch.org.au/clinicalguide/guideline_index/Poisoning_Initial_Management/,,CLASE/REVISION_CONSERVADORA,VALIDADO_POR_CLASE,El valor original '>45MG/KG/DIA' no se usa como umbral automatizable.,,,Mixta / depende de contexto,NO,2026-09-02,MED-0511,NO,1,NO
RUPATADINA,mg,10,TABLETA,120MG/KG/DIA,SINTOMAS GENERALES,MEDIDAS GENERALES,PENDIENTE_VALIDACION,Antihistamínico H1 poco sedante,"SDTE — no hay un corte universal; generalmente toxicidad aguda leve, pero evaluar exposición importante/síntomas.",SDTE / CLASE,"Somnolencia o agitación, cefalea, taquicardia; cardiotoxicidad grave es infrecuente con agentes modernos aislados.","Soporte y ECG si síntomas, gran ingesta o coingestas.",Ninguno específico,https://www.rch.org.au/clinicalguide/guideline_index/Antihistamine_poisoning/,,GUIA DE CLASE,VALIDADO_POR_CLASE,El valor original '120MG/KG/DIA' no se usa como umbral automatizable.,,,Mixta / depende de contexto,NO,2026-09-02,MED-0512,NO,1,NO
RUTINA,mg,10,CAPSULA BLANDA,FLAVONOIDE-SDTE-PERO TOXICA EN DOSIS SUPRATERAPUTICAS,"Puede presentarse diarrea leve y transitoria, náusea y reacciones de hipersen...",MEDIDAS GENERALES,SIN_DOSIS_TOXICA_ESPECIFICA,Otros / datos específicos limitados,SDTE — sin dosis tóxica humana específica suficientemente validada para automatizar en esta versión.,SDTE,"La sobredosis puede intensificar los efectos farmacológicos y reacciones adversas conocidas. La expresión clínica depende de dosis, formulación, comorbilidades y coingestas.","ABCDE y tratamiento de soporte dirigido a la clínica. ECG, glucemia, electrolitos, función renal/hepática u otras pruebas según mecanismo y síntomas. Ingesta intencional, dosis desconocida, formulación de liberación prolongada o paciente sintomático: evaluación en urgencias y consulta a toxicología/CIT.",Ninguno específico establecido,https://www.rch.org.au/clinicalguide/guideline_index/Poisoning_Initial_Management/,,DATOS_ESPECIFICOS_LIMITADOS,REVISADO_CONSERVADOR,"Se elimina cualquier cifra previa que represente dosis terapéutica máxima, DL50 animal o umbral no sustentado como toxicidad aguda humana.",,,Mixta / depende de contexto,NO,2026-09-02,MED-0513,NO,1,NO
RUXOLITINIB,mg,15,TABLETA,SDTE,"Reacciones alérgicas y anafilaxia: Urticaria, Prurito, angioedema, disnea, Sh...",MEDIDAS GENERALES,SIN_DOSIS_TOXICA_ESPECIFICA,Otros / datos específicos limitados,SDTE — sin dosis tóxica humana específica suficientemente validada para automatizar en esta versión.,SDTE,"La sobredosis puede intensificar los efectos farmacológicos y reacciones adversas conocidas. La expresión clínica depende de dosis, formulación, comorbilidades y coingestas.","ABCDE y tratamiento de soporte dirigido a la clínica. ECG, glucemia, electrolitos, función renal/hepática u otras pruebas según mecanismo y síntomas. Ingesta intencional, dosis desconocida, formulación de liberación prolongada o paciente sintomático: evaluación en urgencias y consulta a toxicología/CIT.",Ninguno específico establecido,https://www.rch.org.au/clinicalguide/guideline_index/Poisoning_Initial_Management/,,DATOS_ESPECIFICOS_LIMITADOS,REVISADO_CONSERVADOR,"Se elimina cualquier cifra previa que represente dosis terapéutica máxima, DL50 animal o umbral no sustentado como toxicidad aguda humana.",,,Mixta / depende de contexto,NO,2026-09-02,MED-0514,NO,1,NO
SACUBITRIL VALSARTAN,mg,100,TABLETA,>15MG/KG/DIA,"Anemia; hiperpotasemia, hipopotasemia, hipoglucemia, hipoglucemia; mareo, cef...",MEDIDAS GENERALES,PENDIENTE_VALIDACION,Inhibidor RAAS,SDTE — no hay umbral común; sobredosis aislada suele manifestarse por hipotensión.,SDTE / CLASE,"Hipotensión, mareo; hiperpotasemia y lesión renal en susceptibles, especialmente con coingestas.","Soporte, fluidos, vasopresor si precisa; monitorizar función renal y potasio.",Ninguno específico,https://www.rch.org.au/clinicalguide/guideline_index/Poisoning_Initial_Management/,,MECANISMO/CONSENSO,VALIDADO_POR_CLASE,El valor original '>15MG/KG/DIA' no se usa como umbral automatizable.,,,Mixta / depende de contexto,NO,2026-09-02,MED-0515,NO,1,NO
SAFINAMIDA,mg,100,TABLETAS RECUBIERTAS,SDTE,"Insomnio; discinesia, somnolencia, mareos, cefaleas, parkinson; catarata; hip...",MEDIDAS GENERALES,SIN_DOSIS_TOXICA_ESPECIFICA,Otros / datos específicos limitados,SDTE — sin dosis tóxica humana específica suficientemente validada para automatizar en esta versión.,SDTE,"La sobredosis puede intensificar los efectos farmacológicos y reacciones adversas conocidas. La expresión clínica depende de dosis, formulación, comorbilidades y coingestas.","ABCDE y tratamiento de soporte dirigido a la clínica. ECG, glucemia, electrolitos, función renal/hepática u otras pruebas según mecanismo y síntomas. Ingesta intencional, dosis desconocida, formulación de liberación prolongada o paciente sintomático: evaluación en urgencias y consulta a toxicología/CIT.",Ninguno específico establecido,https://www.rch.org.au/clinicalguide/guideline_index/Poisoning_Initial_Management/,,DATOS_ESPECIFICOS_LIMITADOS,REVISADO_CONSERVADOR,"Se elimina cualquier cifra previa que represente dosis terapéutica máxima, DL50 animal o umbral no sustentado como toxicidad aguda humana.",,,Mixta / depende de contexto,NO,2026-09-02,MED-0516,NO,1,NO
SALMETEROL,mcg,50,CADA CÁPSULA DE GELATINA DURA CON POLVO PARA INHALACIÓN,SDTE,"palpitaciones, taquicardia, temblores, nerviosismo, dolor de cabeza, mareos, ...",MEDIDAS GENERALES,SIN_DOSIS_TOXICA_ESPECIFICA,Agonista beta-adrenérgico,SDTE — no usar una dosis máxima terapéutica como umbral de toxicidad.,SDTE / CLASE,"Taquicardia, palpitaciones, temblor, hipokalemia, hiperglucemia, lactato elevado; arritmias en casos graves.","Soporte, ECG, potasio/glucosa/lactato según gravedad; corregir electrolitos con prudencia y tratar arritmias/hemodinámica.",Ninguno específico,https://pubmed.ncbi.nlm.nih.gov/37721023/,,MECANISMO/CONSENSO,VALIDADO_POR_CLASE,,,,Mixta / depende de contexto,NO,2026-09-02,MED-0517,NO,1,NO
SECNIDAZOL,g,1,TABLETA CUBIERTA,SDTE/DMax 2 G/DIA,"Trastornos digestivos como náuseas, gastralgias, modificación del gusto (metá...",MEDIDAS GENERALES,SIN_DOSIS_TOXICA_ESPECIFICA,Otros / datos específicos limitados,SDTE — sin dosis tóxica humana específica suficientemente validada para automatizar en esta versión.,SDTE,"La sobredosis puede intensificar los efectos farmacológicos y reacciones adversas conocidas. La expresión clínica depende de dosis, formulación, comorbilidades y coingestas.","ABCDE y tratamiento de soporte dirigido a la clínica. ECG, glucemia, electrolitos, función renal/hepática u otras pruebas según mecanismo y síntomas. Ingesta intencional, dosis desconocida, formulación de liberación prolongada o paciente sintomático: evaluación en urgencias y consulta a toxicología/CIT.",Ninguno específico establecido,https://www.rch.org.au/clinicalguide/guideline_index/Poisoning_Initial_Management/,,DATOS_ESPECIFICOS_LIMITADOS,REVISADO_CONSERVADOR,"Se elimina cualquier cifra previa que represente dosis terapéutica máxima, DL50 animal o umbral no sustentado como toxicidad aguda humana.",,,Mixta / depende de contexto,NO,2026-09-02,MED-0518,NO,1,NO
SELEXIPAG,mcg,1200,CADA TABLETA RECUBIERTA,SDTE,"Anemia, disminución de Hb; hipertiroidismo, disminución de la tirotropina; di...",MEDIDAS GENERALES,SIN_DOSIS_TOXICA_ESPECIFICA,Otros / datos específicos limitados,SDTE — sin dosis tóxica humana específica suficientemente validada para automatizar en esta versión.,SDTE,"La sobredosis puede intensificar los efectos farmacológicos y reacciones adversas conocidas. La expresión clínica depende de dosis, formulación, comorbilidades y coingestas.","ABCDE y tratamiento de soporte dirigido a la clínica. ECG, glucemia, electrolitos, función renal/hepática u otras pruebas según mecanismo y síntomas. Ingesta intencional, dosis desconocida, formulación de liberación prolongada o paciente sintomático: evaluación en urgencias y consulta a toxicología/CIT.",Ninguno específico establecido,https://www.rch.org.au/clinicalguide/guideline_index/Poisoning_Initial_Management/,,DATOS_ESPECIFICOS_LIMITADOS,REVISADO_CONSERVADOR,"Se elimina cualquier cifra previa que represente dosis terapéutica máxima, DL50 animal o umbral no sustentado como toxicidad aguda humana.",,,Mixta / depende de contexto,NO,2026-09-02,MED-0519,NO,1,NO
SEMAGLUTIDA,mg,3,TABLETA,SDTE,"Hipoglucemia cuando se utiliza con insulina, sulfonilurea u otros antidiabéti...",MEDIDAS GENERALES,SIN_DOSIS_TOXICA_ESPECIFICA,Otros / datos específicos limitados,SDTE — sin dosis tóxica humana específica suficientemente validada para automatizar en esta versión.,SDTE,"La sobredosis puede intensificar los efectos farmacológicos y reacciones adversas conocidas. La expresión clínica depende de dosis, formulación, comorbilidades y coingestas.","ABCDE y tratamiento de soporte dirigido a la clínica. ECG, glucemia, electrolitos, función renal/hepática u otras pruebas según mecanismo y síntomas. Ingesta intencional, dosis desconocida, formulación de liberación prolongada o paciente sintomático: evaluación en urgencias y consulta a toxicología/CIT.",Ninguno específico establecido,https://www.rch.org.au/clinicalguide/guideline_index/Poisoning_Initial_Management/,,DATOS_ESPECIFICOS_LIMITADOS,REVISADO_CONSERVADOR,"Se elimina cualquier cifra previa que represente dosis terapéutica máxima, DL50 animal o umbral no sustentado como toxicidad aguda humana.",,,Mixta / depende de contexto,NO,2026-09-02,MED-0520,NO,1,NO
SERTRALINA,mg,100,TABLETA RECUBIERTA,>1000 MG,"NAUSEAS, VOMITOS, SEDACION, TEMBLOR, TAQUICARDIA, HIPERTENSION, - HIPOTENSION...",CIPROHEPTADINA,PENDIENTE_VALIDACION,ISRS,Umbral pediátrico de evaluación RCH: >10 mg/kg. Estos cortes NO aplican automáticamente a adolescentes/adultos.,UMBRAL_EVALUACION_PEDIATRICO,"La mayoría de sobredosis aisladas son benignas; náuseas, temblor, somnolencia y serotoninotoxicidad leve. Citalopram/escitalopram tienen mayor preocupación por QT/arritmia.",Soporte; valorar ECG especialmente con citalopram/escitalopram y coingestas. Tratar síndrome serotoninérgico y convulsiones con medidas estándar; consultar toxicología en exposiciones significativas.,Ninguno específico,https://www.rch.org.au/clinicalguide/guideline_index/Selective_serotonin_re-uptake_inhibitors_SSRIs_poisoning/,,GUIA CLINICA,VALIDADO_ESPECIFICO,Se corrigió o restringió una recomendación específica de la base original que podía inducir manejo inapropiado si se automatizaba.,10,Umbral pediátrico de evaluación,Pediatría; NO aplicar a adolescentes/adultos,SI,2026-09-02,MED-0521,NO,1,SI
SEVELAMER CLORHIDRATO,mg,800,TABLETA CUBIERTA,EST. CLIN. CON 14 G SIN TOXICIDAD,"Náuseas, vómitos, dolor en la parte superior del abdomen, estreñimiento, diar...",MEDIDAS GENERALES,PENDIENTE_VALIDACION,Otros / datos específicos limitados,SDTE — sin dosis tóxica humana específica suficientemente validada para automatizar en esta versión.,SDTE,"La sobredosis puede intensificar los efectos farmacológicos y reacciones adversas conocidas. La expresión clínica depende de dosis, formulación, comorbilidades y coingestas.","ABCDE y tratamiento de soporte dirigido a la clínica. ECG, glucemia, electrolitos, función renal/hepática u otras pruebas según mecanismo y síntomas. Ingesta intencional, dosis desconocida, formulación de liberación prolongada o paciente sintomático: evaluación en urgencias y consulta a toxicología/CIT.",Ninguno específico establecido,https://www.rch.org.au/clinicalguide/guideline_index/Poisoning_Initial_Management/,,DATOS_ESPECIFICOS_LIMITADOS,REVISADO_CONSERVADOR,"Se elimina cualquier cifra previa que represente dosis terapéutica máxima, DL50 animal o umbral no sustentado como toxicidad aguda humana.  El valor original 'EST. CLIN. CON 14 G SIN TOXICIDAD' no se usa como umbral automatizable.",,,Mixta / depende de contexto,NO,2026-09-02,MED-0522,NO,1,NO
SILDENAFILO,mg,50,TABLETAS RECUBIERTAS,3MG/KG,"Celulitis, gripe, bronquitis, rinitis, gastroenteritis, sinusitis; anemia; re...",MEDIDAS GENERALES,PENDIENTE_VALIDACION,Inhibidor PDE5,SDTE — no usar dosis terapéutica máxima como umbral toxicológico.,SDTE / CLASE,"Cefalea, rubor, hipotensión, taquicardia, alteraciones visuales; priapismo puede ocurrir.","Soporte, fluidos/vasopresores si hipotensión; evitar nitratos; tratar priapismo según protocolo.",Ninguno específico,https://www.rch.org.au/clinicalguide/guideline_index/Poisoning_Initial_Management/,,MECANISMO/CONSENSO,VALIDADO_POR_CLASE,El valor original '3MG/KG' no se usa como umbral automatizable.,,,Mixta / depende de contexto,NO,2026-09-02,MED-0523,NO,1,NO
SILIMARINA,mg,150,CAPSULA DURA,873 MG/KG,"Poco frecuentes: gastralgias, diarreas.",MEDIDAS GENERALES,PENDIENTE_VALIDACION,Otros / datos específicos limitados,SDTE — sin dosis tóxica humana específica suficientemente validada para automatizar en esta versión.,SDTE,"La sobredosis puede intensificar los efectos farmacológicos y reacciones adversas conocidas. La expresión clínica depende de dosis, formulación, comorbilidades y coingestas.","ABCDE y tratamiento de soporte dirigido a la clínica. ECG, glucemia, electrolitos, función renal/hepática u otras pruebas según mecanismo y síntomas. Ingesta intencional, dosis desconocida, formulación de liberación prolongada o paciente sintomático: evaluación en urgencias y consulta a toxicología/CIT.",Ninguno específico establecido,https://www.rch.org.au/clinicalguide/guideline_index/Poisoning_Initial_Management/,,DATOS_ESPECIFICOS_LIMITADOS,REVISADO_CONSERVADOR,"Se elimina cualquier cifra previa que represente dosis terapéutica máxima, DL50 animal o umbral no sustentado como toxicidad aguda humana.  El valor original '873 MG/KG' no se usa como umbral automatizable.",,,Mixta / depende de contexto,NO,2026-09-02,MED-0524,NO,1,NO
SILODOSINA,mg,4,CÁPSULA DURA,SDTE,"Eyaculación retrógrada, aneyaculación; mareo; hipotensión ortostática; conges...",MEDIDAS GENERALES,SIN_DOSIS_TOXICA_ESPECIFICA,Alfa-1 bloqueador,SDTE — no hay umbral universal.,SDTE / CLASE,"Hipotensión ortostática, mareo, síncope, taquicardia refleja; shock en sobredosis grave.","Decúbito, cristaloides y vasopresores si precisa; vigilancia hemodinámica.",Ninguno específico,https://www.rch.org.au/clinicalguide/guideline_index/Poisoning_Initial_Management/,,MECANISMO/CONSENSO,VALIDADO_POR_CLASE,,,,Mixta / depende de contexto,NO,2026-09-02,MED-0525,NO,1,NO
SIMETICONA,mg,120,TABLETA RECUBIERTA,SDTE/DMax 500MG/DIA,"Frecuencia desconocida: náuseas, estreñimiento, dolor abdominal, erupción cut...",MEDIDAS GENERALES,SIN_DOSIS_TOXICA_ESPECIFICA,Otros / datos específicos limitados,SDTE — sin dosis tóxica humana específica suficientemente validada para automatizar en esta versión.,SDTE,"La sobredosis puede intensificar los efectos farmacológicos y reacciones adversas conocidas. La expresión clínica depende de dosis, formulación, comorbilidades y coingestas.","ABCDE y tratamiento de soporte dirigido a la clínica. ECG, glucemia, electrolitos, función renal/hepática u otras pruebas según mecanismo y síntomas. Ingesta intencional, dosis desconocida, formulación de liberación prolongada o paciente sintomático: evaluación en urgencias y consulta a toxicología/CIT.",Ninguno específico establecido,https://www.rch.org.au/clinicalguide/guideline_index/Poisoning_Initial_Management/,,DATOS_ESPECIFICOS_LIMITADOS,REVISADO_CONSERVADOR,"Se elimina cualquier cifra previa que represente dosis terapéutica máxima, DL50 animal o umbral no sustentado como toxicidad aguda humana.",,,Mixta / depende de contexto,NO,2026-09-02,MED-0526,NO,1,NO
SIMVASTATINA,mg,40,TABLETARECUBIERTA,SDTE,"Mialgia, aumentos en las transaminasas séricas y CK; reacción anafiláctica",MEDIDAS GENERALES,SIN_DOSIS_TOXICA_ESPECIFICA,Otros / datos específicos limitados,SDTE — sin dosis tóxica humana específica suficientemente validada para automatizar en esta versión.,SDTE,"La sobredosis puede intensificar los efectos farmacológicos y reacciones adversas conocidas. La expresión clínica depende de dosis, formulación, comorbilidades y coingestas.","ABCDE y tratamiento de soporte dirigido a la clínica. ECG, glucemia, electrolitos, función renal/hepática u otras pruebas según mecanismo y síntomas. Ingesta intencional, dosis desconocida, formulación de liberación prolongada o paciente sintomático: evaluación en urgencias y consulta a toxicología/CIT.",Ninguno específico establecido,https://www.rch.org.au/clinicalguide/guideline_index/Poisoning_Initial_Management/,,DATOS_ESPECIFICOS_LIMITADOS,REVISADO_CONSERVADOR,"Se elimina cualquier cifra previa que represente dosis terapéutica máxima, DL50 animal o umbral no sustentado como toxicidad aguda humana.",,,Mixta / depende de contexto,NO,2026-09-02,MED-0527,NO,1,NO
SITAGLIPTINA,mg,25,COMPRIMIDO RECUBIERTO,SDTE/NO TOX CON 800 MG/DU,"Hipoglucemia, dolor de cabeza. Además, con frecuencia rara: trombocitopenia.",MEDIDAS GENERALES,SIN_DOSIS_TOXICA_ESPECIFICA,Inhibidor DPP-4,SDTE — no hay umbral de toxicidad aguda específico útil para automatizar; sobredosis aislada suele ser de baja toxicidad.,SDTE / CLINICO,Síntomas GI o inespecíficos; hipoglucemia es poco probable en monoterapia pero aumenta con sulfonilurea/insulina.,"Soporte y glucemia, con atención a coingestas hipoglucemiantes.",Ninguno específico,https://www.rch.org.au/clinicalguide/guideline_index/Poisoning_Initial_Management/,,REVISION_CONSERVADORA,VALIDADO_POR_CLASE,,,,Mixta / depende de contexto,NO,2026-09-02,MED-0528,NO,1,NO
SOFOSBUVIR,mg,400,TABLETA,SDTE,"Anemia; disminución del apetito; insomnio, depresión; cefalea, alteraciones d...",MEDIDAS GENERALES,SIN_DOSIS_TOXICA_ESPECIFICA,Otros / datos específicos limitados,SDTE — sin dosis tóxica humana específica suficientemente validada para automatizar en esta versión.,SDTE,"La sobredosis puede intensificar los efectos farmacológicos y reacciones adversas conocidas. La expresión clínica depende de dosis, formulación, comorbilidades y coingestas.","ABCDE y tratamiento de soporte dirigido a la clínica. ECG, glucemia, electrolitos, función renal/hepática u otras pruebas según mecanismo y síntomas. Ingesta intencional, dosis desconocida, formulación de liberación prolongada o paciente sintomático: evaluación en urgencias y consulta a toxicología/CIT.",Ninguno específico establecido,https://www.rch.org.au/clinicalguide/guideline_index/Poisoning_Initial_Management/,,DATOS_ESPECIFICOS_LIMITADOS,REVISADO_CONSERVADOR,"Se elimina cualquier cifra previa que represente dosis terapéutica máxima, DL50 animal o umbral no sustentado como toxicidad aguda humana.",,,Mixta / depende de contexto,NO,2026-09-02,MED-0529,NO,1,NO
SOLIFENACINA,mg,5,TABLETAS RECUBIERTAS,SDTE,"Visión borrosa; sequedad de boca, estreñimiento, náuseas, dispepsia, dolor ab...",MEDIDAS GENERALES,SIN_DOSIS_TOXICA_ESPECIFICA,Anticolinérgico,SDTE — toxicidad clínica; no usar dosis máxima terapéutica como corte.,SDTE / TOXIDROME,"Midriasis, piel/mucosas secas, taquicardia, retención urinaria, íleo, agitación/delirium, hipertermia; convulsiones en gravedad.","Soporte, enfriamiento si precisa, benzodiacepinas para agitación/convulsiones, ECG y manejo de complicaciones. Fisostigmina solo en casos seleccionados por toxicología.",Fisostigmina solo en indicaciones seleccionadas y bajo toxicología.,https://www.rch.org.au/clinicalguide/guideline_index/Poisoning_Initial_Management/,,TOXIDROME/CONSENSO,VALIDADO_POR_CLASE,,,,Mixta / depende de contexto,NO,2026-09-02,MED-0530,NO,1,NO
SOMATOTROPINA,mg,12,CÁRPULA,SDTE,"Formación de anticuerpos; edema, edema periférico; rigidez musculoesquelética...",MEDIDAS GENERALES,SIN_DOSIS_TOXICA_ESPECIFICA,Otros / datos específicos limitados,SDTE — sin dosis tóxica humana específica suficientemente validada para automatizar en esta versión.,SDTE,"La sobredosis puede intensificar los efectos farmacológicos y reacciones adversas conocidas. La expresión clínica depende de dosis, formulación, comorbilidades y coingestas.","ABCDE y tratamiento de soporte dirigido a la clínica. ECG, glucemia, electrolitos, función renal/hepática u otras pruebas según mecanismo y síntomas. Ingesta intencional, dosis desconocida, formulación de liberación prolongada o paciente sintomático: evaluación en urgencias y consulta a toxicología/CIT.",Ninguno específico establecido,https://www.rch.org.au/clinicalguide/guideline_index/Poisoning_Initial_Management/,,DATOS_ESPECIFICOS_LIMITADOS,REVISADO_CONSERVADOR,"Se elimina cualquier cifra previa que represente dosis terapéutica máxima, DL50 animal o umbral no sustentado como toxicidad aguda humana.",,,Mixta / depende de contexto,NO,2026-09-02,MED-0531,NO,1,NO
SORAFENIB,mg,200,TABLETA RECUBIERTA,SDTE-DMax 800MG/DIA,"Reacciones alérgicas y anafilaxia: Urticaria, Prurito, angioedema, disnea, Sh...",MEDIDAS GENERALES,SIN_DOSIS_TOXICA_ESPECIFICA,Otros / datos específicos limitados,SDTE — sin dosis tóxica humana específica suficientemente validada para automatizar en esta versión.,SDTE,"La sobredosis puede intensificar los efectos farmacológicos y reacciones adversas conocidas. La expresión clínica depende de dosis, formulación, comorbilidades y coingestas.","ABCDE y tratamiento de soporte dirigido a la clínica. ECG, glucemia, electrolitos, función renal/hepática u otras pruebas según mecanismo y síntomas. Ingesta intencional, dosis desconocida, formulación de liberación prolongada o paciente sintomático: evaluación en urgencias y consulta a toxicología/CIT.",Ninguno específico establecido,https://www.rch.org.au/clinicalguide/guideline_index/Poisoning_Initial_Management/,,DATOS_ESPECIFICOS_LIMITADOS,REVISADO_CONSERVADOR,"Se elimina cualquier cifra previa que represente dosis terapéutica máxima, DL50 animal o umbral no sustentado como toxicidad aguda humana.",,,Mixta / depende de contexto,NO,2026-09-02,MED-0532,NO,1,NO
SOTALOL,mg,80,TABLETAS,DOSIS MAX 480 MG/DIA-DT >960 MG/DIA,"Choque, Hipotensión, Bradicardia, Bloqueo AV, Broncoespasmo, Hipoglucemia, Co...",GLUCAGON,PENDIENTE_VALIDACION,Betabloqueador,"SDTE — no usar múltiplos de dosis terapéutica como umbral universal; toxicidad depende de agente (p. ej., propranolol/sotalol) y comorbilidades.",SDTE / CLASE,"Bradicardia, hipotensión, shock; hipoglucemia y depresión SNC. Propranolol: bloqueo de sodio/convulsiones; sotalol: QT/torsades.","ABCDE, ECG, glucemia. En shock grave: calcio según contexto, glucagón como adyuvante, insulina euglucémica de alta dosis y vasopresores conforme a protocolo/toxicología; bicarbonato si bloqueo de sodio.",No hay un único antídoto; terapias específicas incluyen glucagón/insulina/vasopresores según fenotipo.,https://pubmed.ncbi.nlm.nih.gov/37721023/,,GUIA AHA,VALIDADO_POR_CLASE,El valor original 'DOSIS MAX 480 MG/DIA-DT >960 MG/DIA' no se usa como umbral automatizable.,,,Mixta / depende de contexto,NO,2026-09-02,MED-0533,NO,1,NO
SUBSALICILATO DE BISMUTO,mg,262,TABLETA MASTICABLE,>150MG/KG,"Constipación intestinal, causa oscurecimiento temporal de la lengua y las eva...",MEDIDAS GENERALES,PENDIENTE_VALIDACION,Salicilato,"Para aspirina equivalente: >150 mg/kg o 6.5 g (lo que sea menor) es umbral de derivación/evaluación tras ingesta aguda no intencional; el diagnóstico y gravedad dependen de clínica, gasometría, electrolitos y salicilatemia.",UMBRAL_EVALUACION,"Náuseas/vómitos, tinnitus, taquipnea/hiperpnea, alcalosis respiratoria y acidosis metabólica; en gravedad: alteración neurológica, edema pulmonar, hipoglucemia cerebral, hipertermia.",Medir salicilato seriado y equilibrio ácido-base; alcalinización con bicarbonato cuando esté indicada; hemodiálisis en toxicidad grave según criterios clínicos/toxicológicos. No inducir emesis.,Bicarbonato de sodio es tratamiento específico de alcalinización; hemodiálisis en casos graves (no 'antídoto').,https://pubmed.ncbi.nlm.nih.gov/17364628/,https://pubmed.ncbi.nlm.nih.gov/37721023/,CONSENSO/GUIA,VALIDADO_ESPECIFICO,"El valor previo >200 mg/kg se corrigió: 150 mg/kg/6.5 g es un umbral de derivación reconocido, no una frontera entre seguro/tóxico.",150,Umbral de evaluación para aspirina equivalente,Mixta; contexto agudo,SI,2026-09-02,MED-0534,NO,1,NO
SUCRALFATO,g,1,TABLETA,SDTE,ESTREÑIMIENTO,MEDIDAS GENERALES,SIN_DOSIS_TOXICA_ESPECIFICA,Otros / datos específicos limitados,SDTE — sin dosis tóxica humana específica suficientemente validada para automatizar en esta versión.,SDTE,"La sobredosis puede intensificar los efectos farmacológicos y reacciones adversas conocidas. La expresión clínica depende de dosis, formulación, comorbilidades y coingestas.","ABCDE y tratamiento de soporte dirigido a la clínica. ECG, glucemia, electrolitos, función renal/hepática u otras pruebas según mecanismo y síntomas. Ingesta intencional, dosis desconocida, formulación de liberación prolongada o paciente sintomático: evaluación en urgencias y consulta a toxicología/CIT.",Ninguno específico establecido,https://www.rch.org.au/clinicalguide/guideline_index/Poisoning_Initial_Management/,,DATOS_ESPECIFICOS_LIMITADOS,REVISADO_CONSERVADOR,"Se elimina cualquier cifra previa que represente dosis terapéutica máxima, DL50 animal o umbral no sustentado como toxicidad aguda humana.",,,Mixta / depende de contexto,NO,2026-09-02,MED-0535,NO,1,NO
SULBUTIAMINA,mg,200,TABLETA RECUBIERTA,SDTE,"Excitación, trastornos gástricos y del sueño, cefaleas, reacciones cutáneas d...",MEDIDAS GENERALES,SIN_DOSIS_TOXICA_ESPECIFICA,Otros / datos específicos limitados,SDTE — sin dosis tóxica humana específica suficientemente validada para automatizar en esta versión.,SDTE,"La sobredosis puede intensificar los efectos farmacológicos y reacciones adversas conocidas. La expresión clínica depende de dosis, formulación, comorbilidades y coingestas.","ABCDE y tratamiento de soporte dirigido a la clínica. ECG, glucemia, electrolitos, función renal/hepática u otras pruebas según mecanismo y síntomas. Ingesta intencional, dosis desconocida, formulación de liberación prolongada o paciente sintomático: evaluación en urgencias y consulta a toxicología/CIT.",Ninguno específico establecido,https://www.rch.org.au/clinicalguide/guideline_index/Poisoning_Initial_Management/,,DATOS_ESPECIFICOS_LIMITADOS,REVISADO_CONSERVADOR,"Se elimina cualquier cifra previa que represente dosis terapéutica máxima, DL50 animal o umbral no sustentado como toxicidad aguda humana.",,,Mixta / depende de contexto,NO,2026-09-02,MED-0536,NO,1,NO
SULFADIAZINA,mg,500,TABLETA,1.7 G/KG,"Náuseas, vómitos. Ocasionalmente: depresión, alucinación, confusión, psicosis...",MEDIDAS GENERALES,PENDIENTE_VALIDACION,Otros / datos específicos limitados,SDTE — sin dosis tóxica humana específica suficientemente validada para automatizar en esta versión.,SDTE,"La sobredosis puede intensificar los efectos farmacológicos y reacciones adversas conocidas. La expresión clínica depende de dosis, formulación, comorbilidades y coingestas.","ABCDE y tratamiento de soporte dirigido a la clínica. ECG, glucemia, electrolitos, función renal/hepática u otras pruebas según mecanismo y síntomas. Ingesta intencional, dosis desconocida, formulación de liberación prolongada o paciente sintomático: evaluación en urgencias y consulta a toxicología/CIT.",Ninguno específico establecido,https://www.rch.org.au/clinicalguide/guideline_index/Poisoning_Initial_Management/,,DATOS_ESPECIFICOS_LIMITADOS,REVISADO_CONSERVADOR,"Se elimina cualquier cifra previa que represente dosis terapéutica máxima, DL50 animal o umbral no sustentado como toxicidad aguda humana.  El valor original '1.7 G/KG' no se usa como umbral automatizable.",,,Mixta / depende de contexto,NO,2026-09-02,MED-0537,NO,1,NO
SULFADOXINA,mg,500,TABLETA,SDTE,"prurito, urticaria, dermatitis exfoliativa, necrólisis epidérmica tóxica, eri...",MEDIDAS GENERALES,SIN_DOSIS_TOXICA_ESPECIFICA,Otros / datos específicos limitados,SDTE — sin dosis tóxica humana específica suficientemente validada para automatizar en esta versión.,SDTE,"La sobredosis puede intensificar los efectos farmacológicos y reacciones adversas conocidas. La expresión clínica depende de dosis, formulación, comorbilidades y coingestas.","ABCDE y tratamiento de soporte dirigido a la clínica. ECG, glucemia, electrolitos, función renal/hepática u otras pruebas según mecanismo y síntomas. Ingesta intencional, dosis desconocida, formulación de liberación prolongada o paciente sintomático: evaluación en urgencias y consulta a toxicología/CIT.",Ninguno específico establecido,https://www.rch.org.au/clinicalguide/guideline_index/Poisoning_Initial_Management/,,DATOS_ESPECIFICOS_LIMITADOS,REVISADO_CONSERVADOR,"Se elimina cualquier cifra previa que represente dosis terapéutica máxima, DL50 animal o umbral no sustentado como toxicidad aguda humana.",,,Mixta / depende de contexto,NO,2026-09-02,MED-0538,NO,1,NO
SULFAMETIZOL,mg,500,CAPSULA DURA,SDTE,SINTOMAS GENERALES,MEDIDAS GENERALES,SIN_DOSIS_TOXICA_ESPECIFICA,Otros / datos específicos limitados,SDTE — sin dosis tóxica humana específica suficientemente validada para automatizar en esta versión.,SDTE,"La sobredosis puede intensificar los efectos farmacológicos y reacciones adversas conocidas. La expresión clínica depende de dosis, formulación, comorbilidades y coingestas.","ABCDE y tratamiento de soporte dirigido a la clínica. ECG, glucemia, electrolitos, función renal/hepática u otras pruebas según mecanismo y síntomas. Ingesta intencional, dosis desconocida, formulación de liberación prolongada o paciente sintomático: evaluación en urgencias y consulta a toxicología/CIT.",Ninguno específico establecido,https://www.rch.org.au/clinicalguide/guideline_index/Poisoning_Initial_Management/,,DATOS_ESPECIFICOS_LIMITADOS,REVISADO_CONSERVADOR,"Se elimina cualquier cifra previa que represente dosis terapéutica máxima, DL50 animal o umbral no sustentado como toxicidad aguda humana.",,,Mixta / depende de contexto,NO,2026-09-02,MED-0539,NO,1,NO
SULFAMETOXAZOL,mg,800,TABLETA,SDTE,"Candidiasis; hiperpotasemia; dolor de cabeza; náuseas, diarrea; erupciones cu...",MEDIDAS GENERALES,SIN_DOSIS_TOXICA_ESPECIFICA,Otros / datos específicos limitados,SDTE — sin dosis tóxica humana específica suficientemente validada para automatizar en esta versión.,SDTE,"La sobredosis puede intensificar los efectos farmacológicos y reacciones adversas conocidas. La expresión clínica depende de dosis, formulación, comorbilidades y coingestas.","ABCDE y tratamiento de soporte dirigido a la clínica. ECG, glucemia, electrolitos, función renal/hepática u otras pruebas según mecanismo y síntomas. Ingesta intencional, dosis desconocida, formulación de liberación prolongada o paciente sintomático: evaluación en urgencias y consulta a toxicología/CIT.",Ninguno específico establecido,https://www.rch.org.au/clinicalguide/guideline_index/Poisoning_Initial_Management/,,DATOS_ESPECIFICOS_LIMITADOS,REVISADO_CONSERVADOR,"Se elimina cualquier cifra previa que represente dosis terapéutica máxima, DL50 animal o umbral no sustentado como toxicidad aguda humana.",,,Mixta / depende de contexto,NO,2026-09-02,MED-0540,NO,1,NO
SULFASALAZINA,mg,500,TABLETA CONCUBIERTA ENTERICA (GRAGEA),SDTE,"Náuseas, pérdida de apetito, alteraciones gástricas, dolor abdominal, alterac...",MEDIDAS GENERALES,SIN_DOSIS_TOXICA_ESPECIFICA,Otros / datos específicos limitados,SDTE — sin dosis tóxica humana específica suficientemente validada para automatizar en esta versión.,SDTE,"La sobredosis puede intensificar los efectos farmacológicos y reacciones adversas conocidas. La expresión clínica depende de dosis, formulación, comorbilidades y coingestas.","ABCDE y tratamiento de soporte dirigido a la clínica. ECG, glucemia, electrolitos, función renal/hepática u otras pruebas según mecanismo y síntomas. Ingesta intencional, dosis desconocida, formulación de liberación prolongada o paciente sintomático: evaluación en urgencias y consulta a toxicología/CIT.",Ninguno específico establecido,https://www.rch.org.au/clinicalguide/guideline_index/Poisoning_Initial_Management/,,DATOS_ESPECIFICOS_LIMITADOS,REVISADO_CONSERVADOR,"Se elimina cualquier cifra previa que represente dosis terapéutica máxima, DL50 animal o umbral no sustentado como toxicidad aguda humana.",,,Mixta / depende de contexto,NO,2026-09-02,MED-0541,NO,1,NO
SULFATO DE MAGNESIO,mg,71,CAPSULA BLANDA,4 MEQ/L,"hipotensión, rubor; sensación de calor, hipotermia y dolor en el punto de iny...",Gluconato de calcio,PENDIENTE_VALIDACION,Sal de magnesio,"SDTE — evaluar por magnesemia, función renal y clínica.",ELECTROLITO + CLINICO,"Hiporreflexia, debilidad, hipotensión, bradicardia, depresión respiratoria y bloqueo cardíaco en hipermagnesemia grave.","Suspender magnesio, soporte, calcio IV para antagonizar efectos cardíacos/neuromusculares y considerar diálisis si grave con insuficiencia renal.",Calcio IV como antagonista fisiológico.,https://www.rch.org.au/clinicalguide/guideline_index/Poisoning_Initial_Management/,,MECANISMO/CONSENSO,VALIDADO_POR_CLASE,El valor original '4 MEQ/L' no se usa como umbral automatizable.,,,Mixta / depende de contexto,NO,2026-09-02,MED-0542,NO,1,NO
SULFATO DE MANGANESO,mg,1.8,TABLETA RECUBIERTA,SDTE,SINTOMAS GENERALES,Gluconato de calcio,SIN_DOSIS_TOXICA_ESPECIFICA,Sal de manganeso,SDTE — no hay umbral agudo clínico validado para automatizar.,SDTE / CLINICO,"Los datos de sobredosis oral aguda son limitados; la toxicidad relevante por manganeso es principalmente por exposición acumulativa, con manifestaciones neurológicas.",Soporte y consulta toxicológica. Gluconato de calcio NO es un antídoto específico para intoxicación por manganeso.,Ninguno específico,https://www.rch.org.au/clinicalguide/guideline_index/Poisoning_Initial_Management/,,DATOS_ESPECIFICOS_LIMITADOS,CORREGIDO_ERROR_IMPORTANTE,Se eliminó gluconato de calcio como antídoto específico.,,,Mixta / depende de contexto,NO,2026-09-02,MED-0543,NO,1,SI
SULFATO DE POTASIO,mg,18,CAPSULA DE GELATINA BLANDA,6.6 G/KG,"Sistema digestivo: nauseas, vómitos, diarrea, malestar abdominal; hiperkalemia.",Solución despolarizante/HEMODIALISIS,PENDIENTE_VALIDACION,Sal de potasio,"SDTE — no se automatiza mg/kg; la gravedad depende del potasio sérico, velocidad de absorción y función renal.",ELECTROLITO + ECG,"Hiperkalemia, debilidad, parestesias, bradicardia, QRS ancho, arritmias y paro.",ECG y potasio urgente; estabilización de membrana con calcio IV y medidas para desplazar/eliminar K según protocolo de hiperkalemia.,No hay antídoto; calcio IV estabiliza miocardio.,https://pubmed.ncbi.nlm.nih.gov/37721023/,,MECANISMO/GUIA,VALIDADO_POR_CLASE,El valor original '6.6 G/KG' no se usa como umbral automatizable. Se corrigió o restringió una recomendación específica de la base original que podía inducir manejo inapropiado si se automatizaba.,,,Mixta / depende de contexto,NO,2026-09-02,MED-0544,NO,1,SI
SULFATO DE ZINC,mg,684393,CAPSULA BLANDA,>800 MG /DIA,"Después de una administración prolongada, el sulfato de zinc puede provocar d...",Pentetato de trisodio cálcico O D-penicilamina,PENDIENTE_VALIDACION,Sal de zinc,SDTE — no hay umbral agudo universal para automatizar.,SDTE / CLINICO,"Náuseas, vómitos, dolor abdominal; exposiciones importantes pueden alterar cobre y producir toxicidad sistémica.","Soporte, hidratación y evaluación de electrolitos/metales según exposición. No usar D-penicilamina o Ca-DTPA de rutina sin indicación toxicológica específica.",Ninguno específico de rutina,https://www.rch.org.au/clinicalguide/guideline_index/Poisoning_Initial_Management/,,REVISION_CONSERVADORA,CORREGIDO_ERROR_IMPORTANTE,Se retiró la quelación rutinaria con pentetato/D-penicilamina de la fila original.,,,Mixta / depende de contexto,NO,2026-09-02,MED-0545,NO,1,SI
SULFATO FERROSO,mg,200,TABLETA RECUBIERTA,20-30 MG/KG,"Estreñimiento, diarrea, distensión abdominal, dolor abdominal, cambios en el ...",DEFEROXAMINA,PENDIENTE_VALIDACION,Hierro,Interpretar como hierro elemental: <20 mg/kg asintomático; 20–40 GI; 40–60 GI sin toxicidad sistémica esperada; 60–120 riesgo sistémico; >120 mg/kg potencialmente letal.,DOSIS_RESPUESTA_HIERRO_ELEMENTAL,"Dolor abdominal, vómitos/diarrea; tras fase latente puede aparecer acidosis, shock, hepatotoxicidad y falla multiorgánica.","Calcular hierro elemental, radiografía/labs según exposición; deferoxamina en toxicidad sistémica significativa. No usar la masa del sulfato ferroso como si fuera hierro elemental.",Deferoxamina,https://www.rch.org.au/clinicalguide/guideline_index/iron_poisoning/,,GUIA CLINICA,VALIDADO_ESPECIFICO,,40,Umbral pediátrico de evaluación sistémica basado en hierro elemental,Pediatría; hierro elemental,SI,2026-09-02,MED-0546,NO,1,NO
SULPIRIDA,mg,200,TABLETA,>25MG/KG,"Hiperprolactinemia; insomnio; sedación o somnolencia, trastorno extrapiramida...",MEDIDAS GENERALES,PENDIENTE_VALIDACION,Antipsicótico,SDTE — no usar una dosis terapéutica máxima como umbral de toxicidad. La toxicidad varía por agente y formulación.,SDTE / CLASE,"Depresión SNC, taquicardia, hipotensión, anticolinergia o síntomas extrapiramidales; algunos agentes prolongan QT o producen arritmia.","Soporte, ECG y vigilancia neurológica/hemodinámica. Tratar hipotensión, convulsiones y distonía según clínica; consultar toxicología en exposición significativa.",Ninguno específico,https://pubmed.ncbi.nlm.nih.gov/37721023/,https://www.rch.org.au/clinicalguide/guideline_index/Risperidone_Poisoning/,CLASE/CONSENSO,VALIDADO_POR_CLASE,El valor original '>25MG/KG' no se usa como umbral automatizable.,,,Mixta / depende de contexto,NO,2026-09-02,MED-0547,NO,1,NO
SULTAMICILINA,mg,375,TABLETA,SDTE,"Diarrea, mareo, disnea, náuseas, vómitos, dolor epigástrico, melenas, dolor y...",MEDIDAS GENERALES,SIN_DOSIS_TOXICA_ESPECIFICA,Otros / datos específicos limitados,SDTE — sin dosis tóxica humana específica suficientemente validada para automatizar en esta versión.,SDTE,"La sobredosis puede intensificar los efectos farmacológicos y reacciones adversas conocidas. La expresión clínica depende de dosis, formulación, comorbilidades y coingestas.","ABCDE y tratamiento de soporte dirigido a la clínica. ECG, glucemia, electrolitos, función renal/hepática u otras pruebas según mecanismo y síntomas. Ingesta intencional, dosis desconocida, formulación de liberación prolongada o paciente sintomático: evaluación en urgencias y consulta a toxicología/CIT.",Ninguno específico establecido,https://www.rch.org.au/clinicalguide/guideline_index/Poisoning_Initial_Management/,,DATOS_ESPECIFICOS_LIMITADOS,REVISADO_CONSERVADOR,"Se elimina cualquier cifra previa que represente dosis terapéutica máxima, DL50 animal o umbral no sustentado como toxicidad aguda humana.",,,Mixta / depende de contexto,NO,2026-09-02,MED-0548,NO,1,NO
SUMATRIPTAN,mg,100,TABLETA RECUBIERTA,SDTE/DMax 100MG/DIA,"Mareo, somnolencia, perturbaciones sensoriales incluyendo parestesia e hipoes...",MEDIDAS GENERALES,SIN_DOSIS_TOXICA_ESPECIFICA,Serotonérgico / antidepresivo relacionado,SDTE — no se automatiza un umbral común.,SDTE / CLASE,"Náuseas, somnolencia o agitación; riesgo de serotoninotoxicidad aumenta con coingestas serotonérgicas. Algunos agentes pueden alterar QT.","Soporte; benzodiacepinas, enfriamiento y medidas dirigidas si serotoninotoxicidad. ECG según agente y exposición.",Ninguno específico,https://www.rch.org.au/clinicalguide/guideline_index/Serotonin_and_Noradrenaline_Re-uptake_Inhibitors_SNRIs_Poisoning/,,CLASE/CONSENSO,VALIDADO_POR_CLASE,,,,Mixta / depende de contexto,NO,2026-09-02,MED-0549,NO,1,NO
SUNITINIB,mg,37.5,CAPSULA DURA,SDTE,"Reacciones alérgicas y anafilaxia: Urticaria, Prurito, angioedema, disnea, Sh...",MEDIDAS GENERALES,SIN_DOSIS_TOXICA_ESPECIFICA,Otros / datos específicos limitados,SDTE — sin dosis tóxica humana específica suficientemente validada para automatizar en esta versión.,SDTE,"La sobredosis puede intensificar los efectos farmacológicos y reacciones adversas conocidas. La expresión clínica depende de dosis, formulación, comorbilidades y coingestas.","ABCDE y tratamiento de soporte dirigido a la clínica. ECG, glucemia, electrolitos, función renal/hepática u otras pruebas según mecanismo y síntomas. Ingesta intencional, dosis desconocida, formulación de liberación prolongada o paciente sintomático: evaluación en urgencias y consulta a toxicología/CIT.",Ninguno específico establecido,https://www.rch.org.au/clinicalguide/guideline_index/Poisoning_Initial_Management/,,DATOS_ESPECIFICOS_LIMITADOS,REVISADO_CONSERVADOR,"Se elimina cualquier cifra previa que represente dosis terapéutica máxima, DL50 animal o umbral no sustentado como toxicidad aguda humana.",,,Mixta / depende de contexto,NO,2026-09-02,MED-0550,NO,1,NO
SUVOREXANT,mg,20,TABLETA RECUBIERTA,>325 MG/KG,"somnolencia, disminución de la agudeza mental y problemas de coordinación",MEDIDAS GENERALES,PENDIENTE_VALIDACION,Otros / datos específicos limitados,SDTE — sin dosis tóxica humana específica suficientemente validada para automatizar en esta versión.,SDTE,"La sobredosis puede intensificar los efectos farmacológicos y reacciones adversas conocidas. La expresión clínica depende de dosis, formulación, comorbilidades y coingestas.","ABCDE y tratamiento de soporte dirigido a la clínica. ECG, glucemia, electrolitos, función renal/hepática u otras pruebas según mecanismo y síntomas. Ingesta intencional, dosis desconocida, formulación de liberación prolongada o paciente sintomático: evaluación en urgencias y consulta a toxicología/CIT.",Ninguno específico establecido,https://www.rch.org.au/clinicalguide/guideline_index/Poisoning_Initial_Management/,,DATOS_ESPECIFICOS_LIMITADOS,REVISADO_CONSERVADOR,"Se elimina cualquier cifra previa que represente dosis terapéutica máxima, DL50 animal o umbral no sustentado como toxicidad aguda humana.  El valor original '>325 MG/KG' no se usa como umbral automatizable.",,,Mixta / depende de contexto,NO,2026-09-02,MED-0551,NO,1,NO
TACROLIMUS,mg,1,CÁPSULA DE LIBERACIÓNPROLONGADA,CONCENT. >15 ng/mL,"Alteración isquémica de arterias coronarias, taquicardia; anemia, leucopenia,...",MEDIDAS GENERALES,PENDIENTE_VALIDACION,Otros / datos específicos limitados,SDTE — sin dosis tóxica humana específica suficientemente validada para automatizar en esta versión.,SDTE,"La sobredosis puede intensificar los efectos farmacológicos y reacciones adversas conocidas. La expresión clínica depende de dosis, formulación, comorbilidades y coingestas.","ABCDE y tratamiento de soporte dirigido a la clínica. ECG, glucemia, electrolitos, función renal/hepática u otras pruebas según mecanismo y síntomas. Ingesta intencional, dosis desconocida, formulación de liberación prolongada o paciente sintomático: evaluación en urgencias y consulta a toxicología/CIT.",Ninguno específico establecido,https://www.rch.org.au/clinicalguide/guideline_index/Poisoning_Initial_Management/,,DATOS_ESPECIFICOS_LIMITADOS,REVISADO_CONSERVADOR,"Se elimina cualquier cifra previa que represente dosis terapéutica máxima, DL50 animal o umbral no sustentado como toxicidad aguda humana.  El valor original 'CONCENT. >15 ng/mL' no se usa como umbral automatizable.",,,Mixta / depende de contexto,NO,2026-09-02,MED-0552,NO,1,NO
TADALAFILO,mg,5,TABLETAS RECUBIERTAS,SDTE,"Reacciones de hipersensibilidad; cefalea,síncope, migraña; visión borrosa; do...",MEDIDAS GENERALES,SIN_DOSIS_TOXICA_ESPECIFICA,Inhibidor PDE5,SDTE — no usar dosis terapéutica máxima como umbral toxicológico.,SDTE / CLASE,"Cefalea, rubor, hipotensión, taquicardia, alteraciones visuales; priapismo puede ocurrir.","Soporte, fluidos/vasopresores si hipotensión; evitar nitratos; tratar priapismo según protocolo.",Ninguno específico,https://www.rch.org.au/clinicalguide/guideline_index/Poisoning_Initial_Management/,,MECANISMO/CONSENSO,VALIDADO_POR_CLASE,,,,Mixta / depende de contexto,NO,2026-09-02,MED-0553,NO,1,NO
TALAZOPARIB,mg,0.25,CÁPSULA DURA,SDTE,"Reacciones alérgicas y anafilaxia: Urticaria, Prurito, angioedema, disnea, Sh...",MEDIDAS GENERALES,SIN_DOSIS_TOXICA_ESPECIFICA,Otros / datos específicos limitados,SDTE — sin dosis tóxica humana específica suficientemente validada para automatizar en esta versión.,SDTE,"La sobredosis puede intensificar los efectos farmacológicos y reacciones adversas conocidas. La expresión clínica depende de dosis, formulación, comorbilidades y coingestas.","ABCDE y tratamiento de soporte dirigido a la clínica. ECG, glucemia, electrolitos, función renal/hepática u otras pruebas según mecanismo y síntomas. Ingesta intencional, dosis desconocida, formulación de liberación prolongada o paciente sintomático: evaluación en urgencias y consulta a toxicología/CIT.",Ninguno específico establecido,https://www.rch.org.au/clinicalguide/guideline_index/Poisoning_Initial_Management/,,DATOS_ESPECIFICOS_LIMITADOS,REVISADO_CONSERVADOR,"Se elimina cualquier cifra previa que represente dosis terapéutica máxima, DL50 animal o umbral no sustentado como toxicidad aguda humana.",,,Mixta / depende de contexto,NO,2026-09-02,MED-0554,NO,1,NO
TAMOXIFENO,mg,20,TABLETA RECUBIERTA,> O = 180 MG/DIA,"Sofocos; ACV isquémicos, tromboembolismo venoso, trombosis venosa profunda, e...",MEDIDAS GENERALES,PENDIENTE_VALIDACION,Otros / datos específicos limitados,SDTE — sin dosis tóxica humana específica suficientemente validada para automatizar en esta versión.,SDTE,"La sobredosis puede intensificar los efectos farmacológicos y reacciones adversas conocidas. La expresión clínica depende de dosis, formulación, comorbilidades y coingestas.","ABCDE y tratamiento de soporte dirigido a la clínica. ECG, glucemia, electrolitos, función renal/hepática u otras pruebas según mecanismo y síntomas. Ingesta intencional, dosis desconocida, formulación de liberación prolongada o paciente sintomático: evaluación en urgencias y consulta a toxicología/CIT.",Ninguno específico establecido,https://www.rch.org.au/clinicalguide/guideline_index/Poisoning_Initial_Management/,,DATOS_ESPECIFICOS_LIMITADOS,REVISADO_CONSERVADOR,"Se elimina cualquier cifra previa que represente dosis terapéutica máxima, DL50 animal o umbral no sustentado como toxicidad aguda humana.  El valor original '> O = 180 MG/DIA' no se usa como umbral automatizable.",,,Mixta / depende de contexto,NO,2026-09-02,MED-0555,NO,1,NO
TAMSULOSINA CLORHIDRATO,mg,0.4,CÁPSULA DE LIBERACIÓN MODIFICADA,>43 MG/KG/DIA,"Mareo; alteraciones de la eyaculación, incluyendo eyaculación retrógrada e in...",MEDIDAS GENERALES,PENDIENTE_VALIDACION,Alfa-1 bloqueador,SDTE — no hay umbral universal.,SDTE / CLASE,"Hipotensión ortostática, mareo, síncope, taquicardia refleja; shock en sobredosis grave.","Decúbito, cristaloides y vasopresores si precisa; vigilancia hemodinámica.",Ninguno específico,https://www.rch.org.au/clinicalguide/guideline_index/Poisoning_Initial_Management/,,MECANISMO/CONSENSO,VALIDADO_POR_CLASE,El valor original '>43 MG/KG/DIA' no se usa como umbral automatizable.,,,Mixta / depende de contexto,NO,2026-09-02,MED-0556,NO,1,NO
TAPENTADOL,mg,150,TABLETA DE LIBERACION PROLONGADA,DT >150MG/DIA,"Mareos, somnolencia, cefalea, alteraciones en la atención, temblores, contrac...",NALOXONA SOLO SI DIF RESP,PENDIENTE_VALIDACION,Opioide,"SDTE — no existe un umbral universal seguro; evaluar por clínica, formulación, tolerancia y coingestas.",SDTE / CLINICO,"Miosis, depresión SNC y respiratoria, bradicardia/hipotensión en gravedad. Tramadol y tapentadol pueden además causar convulsiones/serotoninotoxicidad; metadona puede prolongar QT.",Prioridad: ventilación/oxigenación. Naloxona titulada para revertir depresión respiratoria; repetir o infundir según duración del opioide. Observar recurrencia tras naloxona y considerar coingestas.,Naloxona,https://pubmed.ncbi.nlm.nih.gov/37721023/,,GUIA AHA,VALIDADO_POR_CLASE,El valor original 'DT >150MG/DIA' no se usa como umbral automatizable.,,,Mixta / depende de contexto,NO,2026-09-02,MED-0557,NO,1,NO
TELMISARTAN,mg,40,TABLETA,SDTE/DMax 80-120 MG/DIA,"Anemia; mareos, vértigo; hipotensión; alteración renal, fallo renal; astenia,...",MEDIDAS GENERALES,SIN_DOSIS_TOXICA_ESPECIFICA,Inhibidor RAAS,SDTE — no hay umbral común; sobredosis aislada suele manifestarse por hipotensión.,SDTE / CLASE,"Hipotensión, mareo; hiperpotasemia y lesión renal en susceptibles, especialmente con coingestas.","Soporte, fluidos, vasopresor si precisa; monitorizar función renal y potasio.",Ninguno específico,https://www.rch.org.au/clinicalguide/guideline_index/Poisoning_Initial_Management/,,MECANISMO/CONSENSO,VALIDADO_POR_CLASE,,,,Mixta / depende de contexto,NO,2026-09-02,MED-0558,NO,1,NO
TEMOZOLAMIDA,mg,100,CAPSULA,100MG/M2,"Infección, candidiasis oral; neutropenia febril, trombocitopenia, anemia; leu...",MEDIDAS GENERALES,PENDIENTE_VALIDACION,Otros / datos específicos limitados,SDTE — sin dosis tóxica humana específica suficientemente validada para automatizar en esta versión.,SDTE,"La sobredosis puede intensificar los efectos farmacológicos y reacciones adversas conocidas. La expresión clínica depende de dosis, formulación, comorbilidades y coingestas.","ABCDE y tratamiento de soporte dirigido a la clínica. ECG, glucemia, electrolitos, función renal/hepática u otras pruebas según mecanismo y síntomas. Ingesta intencional, dosis desconocida, formulación de liberación prolongada o paciente sintomático: evaluación en urgencias y consulta a toxicología/CIT.",Ninguno específico establecido,https://www.rch.org.au/clinicalguide/guideline_index/Poisoning_Initial_Management/,,DATOS_ESPECIFICOS_LIMITADOS,REVISADO_CONSERVADOR,"Se elimina cualquier cifra previa que represente dosis terapéutica máxima, DL50 animal o umbral no sustentado como toxicidad aguda humana.  El valor original '100MG/M2' no se usa como umbral automatizable.",,,Mixta / depende de contexto,NO,2026-09-02,MED-0559,NO,1,NO
TENOFOVIR,mg,25,POR CADA TABLETA RECUBIERTA,SDTE,SINTOMAS GENERALES,MEDIDAS GENERALES,SIN_DOSIS_TOXICA_ESPECIFICA,Otros / datos específicos limitados,SDTE — sin dosis tóxica humana específica suficientemente validada para automatizar en esta versión.,SDTE,"La sobredosis puede intensificar los efectos farmacológicos y reacciones adversas conocidas. La expresión clínica depende de dosis, formulación, comorbilidades y coingestas.","ABCDE y tratamiento de soporte dirigido a la clínica. ECG, glucemia, electrolitos, función renal/hepática u otras pruebas según mecanismo y síntomas. Ingesta intencional, dosis desconocida, formulación de liberación prolongada o paciente sintomático: evaluación en urgencias y consulta a toxicología/CIT.",Ninguno específico establecido,https://www.rch.org.au/clinicalguide/guideline_index/Poisoning_Initial_Management/,,DATOS_ESPECIFICOS_LIMITADOS,REVISADO_CONSERVADOR,"Se elimina cualquier cifra previa que represente dosis terapéutica máxima, DL50 animal o umbral no sustentado como toxicidad aguda humana.",,,Mixta / depende de contexto,NO,2026-09-02,MED-0560,NO,1,NO
TEOFILINA ANHIDRA,mg,300,CAPSULA DURA,DT CONCENT. >20MCG/mL,"Taquicardia y arritmia, palpitaciones, hipotensión; náuseas, vómitos, diarrea...",MEDIDAS GENERALES,PENDIENTE_VALIDACION,Metilxantina,"La gravedad se guía por clínica y teofilinemia. EXTRIP recomienda ECTR en exposición aguda con concentración >100 mg/L o con convulsiones, arritmia grave o shock; en crónica, umbrales son menores.",CONCENTRACION_SERICA + CLINICO,"Vómitos persistentes, taquicardia, hipokalemia, hiperglucemia, acidosis, agitación, convulsiones y arritmias.","Soporte, benzodiacepinas, corrección electrolítica y carbón activado multidósis cuando sea apropiado. Hemodiálisis en criterios EXTRIP.",Ninguno específico,https://pubmed.ncbi.nlm.nih.gov/25715736/,,EXTRIP,VALIDADO_ESPECIFICO,,,,Mixta / depende de contexto,NO,2026-09-02,MED-0561,NO,1,NO
TERAZOSINA,mg,5,TABLETA,SDTE,"Astenia, cefalea; palpitaciones, hipotensión postural, síncope, taquicardia; ...",MEDIDAS GENERALES,SIN_DOSIS_TOXICA_ESPECIFICA,Alfa-1 bloqueador,SDTE — no hay umbral universal.,SDTE / CLASE,"Hipotensión ortostática, mareo, síncope, taquicardia refleja; shock en sobredosis grave.","Decúbito, cristaloides y vasopresores si precisa; vigilancia hemodinámica.",Ninguno específico,https://www.rch.org.au/clinicalguide/guideline_index/Poisoning_Initial_Management/,,MECANISMO/CONSENSO,VALIDADO_POR_CLASE,,,,Mixta / depende de contexto,NO,2026-09-02,MED-0562,NO,1,NO
TERBINAFINA,mg,250,TABLETAS,SDTE,"Cefalea, hipogeusia, ageusia, mareo; alteración visual; distensión abdominal,...",MEDIDAS GENERALES,SIN_DOSIS_TOXICA_ESPECIFICA,Otros / datos específicos limitados,SDTE — sin dosis tóxica humana específica suficientemente validada para automatizar en esta versión.,SDTE,"La sobredosis puede intensificar los efectos farmacológicos y reacciones adversas conocidas. La expresión clínica depende de dosis, formulación, comorbilidades y coingestas.","ABCDE y tratamiento de soporte dirigido a la clínica. ECG, glucemia, electrolitos, función renal/hepática u otras pruebas según mecanismo y síntomas. Ingesta intencional, dosis desconocida, formulación de liberación prolongada o paciente sintomático: evaluación en urgencias y consulta a toxicología/CIT.",Ninguno específico establecido,https://www.rch.org.au/clinicalguide/guideline_index/Poisoning_Initial_Management/,,DATOS_ESPECIFICOS_LIMITADOS,REVISADO_CONSERVADOR,"Se elimina cualquier cifra previa que represente dosis terapéutica máxima, DL50 animal o umbral no sustentado como toxicidad aguda humana.",,,Mixta / depende de contexto,NO,2026-09-02,MED-0563,NO,1,NO
TERBUTALINA SULFATO,mg,2.5,TABLETA,>1MG/KG,"Taquicardia, palpitaciones, calambres musculares, cefalea, temblor.","B-BLOQUEADOR CARDIOSELECTIVO (ATENOLOL, METOPROLOL)",PENDIENTE_VALIDACION,Agonista beta-adrenérgico,SDTE — no usar una dosis máxima terapéutica como umbral de toxicidad.,SDTE / CLASE,"Taquicardia, palpitaciones, temblor, hipokalemia, hiperglucemia, lactato elevado; arritmias en casos graves.","Soporte, ECG, potasio/glucosa/lactato según gravedad; corregir electrolitos con prudencia y tratar arritmias/hemodinámica.",Ninguno específico,https://pubmed.ncbi.nlm.nih.gov/37721023/,,MECANISMO/CONSENSO,VALIDADO_POR_CLASE,El valor original '>1MG/KG' no se usa como umbral automatizable. Se corrigió o restringió una recomendación específica de la base original que podía inducir manejo inapropiado si se automatizaba.,,,Mixta / depende de contexto,NO,2026-09-02,MED-0564,NO,1,SI
TERIFLUNOMIDA,mg,14,TABLETA RECUBIERTA,SDTE,"Gripe, infección del tracto respiratorio superior, infección del tracto urina...",colestiramina,SIN_DOSIS_TOXICA_ESPECIFICA,Inmunomodulador con recirculación enterohepática,SDTE — no existe un umbral agudo robusto para automatizar.,SDTE / FARMACOCINETICO,"GI, hepatotoxicidad, citopenias y otras reacciones farmacológicas; eliminación natural es muy prolongada.","Soporte y función hepática/hematológica. En necesidad de eliminación acelerada, puede usarse colestiramina (o carbón activado según protocolo/ficha técnica) para interrumpir recirculación enterohepática.",Colestiramina para procedimiento de eliminación acelerada (no antídoto clásico).,https://www.rch.org.au/clinicalguide/guideline_index/Poisoning_Initial_Management/,,FARMACOCINETICA/FICHA_TECNICA,VALIDADO_ESPECIFICO,,,,Mixta / depende de contexto,NO,2026-09-02,MED-0565,NO,1,NO
TESTOSTERONA UNDECANOATO,mg,40,CÁPSULA DE GELATINA BLANDA,SDTE,"Sol. iny.: policitemia, aumento del hematocrito, aumento del recuento de erit...",MEDIDAS GENERALES,SIN_DOSIS_TOXICA_ESPECIFICA,Otros / datos específicos limitados,SDTE — sin dosis tóxica humana específica suficientemente validada para automatizar en esta versión.,SDTE,"La sobredosis puede intensificar los efectos farmacológicos y reacciones adversas conocidas. La expresión clínica depende de dosis, formulación, comorbilidades y coingestas.","ABCDE y tratamiento de soporte dirigido a la clínica. ECG, glucemia, electrolitos, función renal/hepática u otras pruebas según mecanismo y síntomas. Ingesta intencional, dosis desconocida, formulación de liberación prolongada o paciente sintomático: evaluación en urgencias y consulta a toxicología/CIT.",Ninguno específico establecido,https://www.rch.org.au/clinicalguide/guideline_index/Poisoning_Initial_Management/,,DATOS_ESPECIFICOS_LIMITADOS,REVISADO_CONSERVADOR,"Se elimina cualquier cifra previa que represente dosis terapéutica máxima, DL50 animal o umbral no sustentado como toxicidad aguda humana.",,,Mixta / depende de contexto,NO,2026-09-02,MED-0566,NO,1,NO
TETRABENAZINA,mg,25,TABLETA RECUBIERTA,SDTE,"Depresión, ansiedad, insomnio, confusiín; somnolencia (con dosis más altas), ...",MEDIDAS GENERALES,SIN_DOSIS_TOXICA_ESPECIFICA,Otros / datos específicos limitados,SDTE — sin dosis tóxica humana específica suficientemente validada para automatizar en esta versión.,SDTE,"La sobredosis puede intensificar los efectos farmacológicos y reacciones adversas conocidas. La expresión clínica depende de dosis, formulación, comorbilidades y coingestas.","ABCDE y tratamiento de soporte dirigido a la clínica. ECG, glucemia, electrolitos, función renal/hepática u otras pruebas según mecanismo y síntomas. Ingesta intencional, dosis desconocida, formulación de liberación prolongada o paciente sintomático: evaluación en urgencias y consulta a toxicología/CIT.",Ninguno específico establecido,https://www.rch.org.au/clinicalguide/guideline_index/Poisoning_Initial_Management/,,DATOS_ESPECIFICOS_LIMITADOS,REVISADO_CONSERVADOR,"Se elimina cualquier cifra previa que represente dosis terapéutica máxima, DL50 animal o umbral no sustentado como toxicidad aguda humana.",,,Mixta / depende de contexto,NO,2026-09-02,MED-0567,NO,1,NO
TETRACICLINA,mg,150,CAPSULA,SDTE/RAM >2G/DIA,"Lagrimación, ardor transitorio, sensación de cuerpo extraño, crecimiento exag...",MEDIDAS GENERALES,SIN_DOSIS_TOXICA_ESPECIFICA,Otros / datos específicos limitados,SDTE — sin dosis tóxica humana específica suficientemente validada para automatizar en esta versión.,SDTE,"La sobredosis puede intensificar los efectos farmacológicos y reacciones adversas conocidas. La expresión clínica depende de dosis, formulación, comorbilidades y coingestas.","ABCDE y tratamiento de soporte dirigido a la clínica. ECG, glucemia, electrolitos, función renal/hepática u otras pruebas según mecanismo y síntomas. Ingesta intencional, dosis desconocida, formulación de liberación prolongada o paciente sintomático: evaluación en urgencias y consulta a toxicología/CIT.",Ninguno específico establecido,https://www.rch.org.au/clinicalguide/guideline_index/Poisoning_Initial_Management/,,DATOS_ESPECIFICOS_LIMITADOS,REVISADO_CONSERVADOR,"Se elimina cualquier cifra previa que represente dosis terapéutica máxima, DL50 animal o umbral no sustentado como toxicidad aguda humana.",,,Mixta / depende de contexto,NO,2026-09-02,MED-0568,NO,1,NO
TIAMINA CLORHIDRATO,mg,300,TABLETA RECUBIERTA,13G/KG,"Reacciones alérgicas y anafilácticas, reacciones de hipersensibilidad con sus...",MEDIDAS GENERALES,PENDIENTE_VALIDACION,Otros / datos específicos limitados,SDTE — sin dosis tóxica humana específica suficientemente validada para automatizar en esta versión.,SDTE,"La sobredosis puede intensificar los efectos farmacológicos y reacciones adversas conocidas. La expresión clínica depende de dosis, formulación, comorbilidades y coingestas.","ABCDE y tratamiento de soporte dirigido a la clínica. ECG, glucemia, electrolitos, función renal/hepática u otras pruebas según mecanismo y síntomas. Ingesta intencional, dosis desconocida, formulación de liberación prolongada o paciente sintomático: evaluación en urgencias y consulta a toxicología/CIT.",Ninguno específico establecido,https://www.rch.org.au/clinicalguide/guideline_index/Poisoning_Initial_Management/,,DATOS_ESPECIFICOS_LIMITADOS,REVISADO_CONSERVADOR,"Se elimina cualquier cifra previa que represente dosis terapéutica máxima, DL50 animal o umbral no sustentado como toxicidad aguda humana.  El valor original '13G/KG' no se usa como umbral automatizable.",,,Mixta / depende de contexto,NO,2026-09-02,MED-0569,NO,1,NO
TIBOLONA,mg,2.5,TABLETA,SDTE,"Dolor abdominal bajo; crecimiento anormal del pelo; flujo vaginal, engrosamie...",MEDIDAS GENERALES,SIN_DOSIS_TOXICA_ESPECIFICA,Otros / datos específicos limitados,SDTE — sin dosis tóxica humana específica suficientemente validada para automatizar en esta versión.,SDTE,"La sobredosis puede intensificar los efectos farmacológicos y reacciones adversas conocidas. La expresión clínica depende de dosis, formulación, comorbilidades y coingestas.","ABCDE y tratamiento de soporte dirigido a la clínica. ECG, glucemia, electrolitos, función renal/hepática u otras pruebas según mecanismo y síntomas. Ingesta intencional, dosis desconocida, formulación de liberación prolongada o paciente sintomático: evaluación en urgencias y consulta a toxicología/CIT.",Ninguno específico establecido,https://www.rch.org.au/clinicalguide/guideline_index/Poisoning_Initial_Management/,,DATOS_ESPECIFICOS_LIMITADOS,REVISADO_CONSERVADOR,"Se elimina cualquier cifra previa que represente dosis terapéutica máxima, DL50 animal o umbral no sustentado como toxicidad aguda humana.",,,Mixta / depende de contexto,NO,2026-09-02,MED-0570,NO,1,NO
TICAGRELOR,mg,60,TABLETA RECUBIERTA,RAM >900 MG/DIA,"Hemorragias por trastornos sanguíneos; hiperuricemia, gota/artritis gotosa; m...",MEDIDAS GENERALES,PENDIENTE_VALIDACION,Antiagregante plaquetario,SDTE — no existe un umbral de dosis útil para automatizar; el riesgo principal es hemorrágico.,CLINICO_HEMORRAGIA,Sangrado mucoso/GI/intracraneal; disnea puede ocurrir con ticagrelor.,"Soporte, control de hemorragia y valoración hematológica/toxicológica en sangrado grave. No existe un antídoto universal de uso rutinario en esta base.",Ninguno específico de uso rutinario,https://www.ahajournals.org/doi/10.1161/CIR.0000000000001193,,GUIA/CONSENSO,VALIDADO_POR_CLASE,El valor original 'RAM >900 MG/DIA' no se usa como umbral automatizable.,,,Mixta / depende de contexto,NO,2026-09-02,MED-0571,NO,1,NO
TINIDAZOL,g,1,TABLETA,RAM >3 G/DIA,"Náuseas, vómitos, diarrea, anorexia, sabor metálico, erupción cutánea, prurit...",MEDIDAS GENERALES,PENDIENTE_VALIDACION,Otros / datos específicos limitados,SDTE — sin dosis tóxica humana específica suficientemente validada para automatizar en esta versión.,SDTE,"La sobredosis puede intensificar los efectos farmacológicos y reacciones adversas conocidas. La expresión clínica depende de dosis, formulación, comorbilidades y coingestas.","ABCDE y tratamiento de soporte dirigido a la clínica. ECG, glucemia, electrolitos, función renal/hepática u otras pruebas según mecanismo y síntomas. Ingesta intencional, dosis desconocida, formulación de liberación prolongada o paciente sintomático: evaluación en urgencias y consulta a toxicología/CIT.",Ninguno específico establecido,https://www.rch.org.au/clinicalguide/guideline_index/Poisoning_Initial_Management/,,DATOS_ESPECIFICOS_LIMITADOS,REVISADO_CONSERVADOR,"Se elimina cualquier cifra previa que represente dosis terapéutica máxima, DL50 animal o umbral no sustentado como toxicidad aguda humana.  El valor original 'RAM >3 G/DIA' no se usa como umbral automatizable.",,,Mixta / depende de contexto,NO,2026-09-02,MED-0572,NO,1,NO
TIOCOLCHICOSIDO,mg,8,TABLETA,>3MG/KG/DIA,SINTOMAS GENERALES,MEDIDAS GENERALES,PENDIENTE_VALIDACION,Otros / datos específicos limitados,SDTE — sin dosis tóxica humana específica suficientemente validada para automatizar en esta versión.,SDTE,"La sobredosis puede intensificar los efectos farmacológicos y reacciones adversas conocidas. La expresión clínica depende de dosis, formulación, comorbilidades y coingestas.","ABCDE y tratamiento de soporte dirigido a la clínica. ECG, glucemia, electrolitos, función renal/hepática u otras pruebas según mecanismo y síntomas. Ingesta intencional, dosis desconocida, formulación de liberación prolongada o paciente sintomático: evaluación en urgencias y consulta a toxicología/CIT.",Ninguno específico establecido,https://www.rch.org.au/clinicalguide/guideline_index/Poisoning_Initial_Management/,,DATOS_ESPECIFICOS_LIMITADOS,REVISADO_CONSERVADOR,"Se elimina cualquier cifra previa que represente dosis terapéutica máxima, DL50 animal o umbral no sustentado como toxicidad aguda humana.  El valor original '>3MG/KG/DIA' no se usa como umbral automatizable.",,,Mixta / depende de contexto,NO,2026-09-02,MED-0573,NO,1,NO
TIOGUANINA,mg,40,COMPRIMIDO,SDTE,SINTOMAS GENERALES,MEDIDAS GENERALES,SIN_DOSIS_TOXICA_ESPECIFICA,Otros / datos específicos limitados,SDTE — sin dosis tóxica humana específica suficientemente validada para automatizar en esta versión.,SDTE,"La sobredosis puede intensificar los efectos farmacológicos y reacciones adversas conocidas. La expresión clínica depende de dosis, formulación, comorbilidades y coingestas.","ABCDE y tratamiento de soporte dirigido a la clínica. ECG, glucemia, electrolitos, función renal/hepática u otras pruebas según mecanismo y síntomas. Ingesta intencional, dosis desconocida, formulación de liberación prolongada o paciente sintomático: evaluación en urgencias y consulta a toxicología/CIT.",Ninguno específico establecido,https://www.rch.org.au/clinicalguide/guideline_index/Poisoning_Initial_Management/,,DATOS_ESPECIFICOS_LIMITADOS,REVISADO_CONSERVADOR,"Se elimina cualquier cifra previa que represente dosis terapéutica máxima, DL50 animal o umbral no sustentado como toxicidad aguda humana.",,,Mixta / depende de contexto,NO,2026-09-02,MED-0574,NO,1,NO
TIOTROPIO,mcg,18,CÁPSULA DURA SIN IMPRESIÓN. CON TAPA COLOR VERDE CLARO Y CUERPO TRANS...,SDTE,SINTOMAS GENERALES,MEDIDAS GENERALES,SIN_DOSIS_TOXICA_ESPECIFICA,Anticolinérgico,SDTE — toxicidad clínica; no usar dosis máxima terapéutica como corte.,SDTE / TOXIDROME,"Midriasis, piel/mucosas secas, taquicardia, retención urinaria, íleo, agitación/delirium, hipertermia; convulsiones en gravedad.","Soporte, enfriamiento si precisa, benzodiacepinas para agitación/convulsiones, ECG y manejo de complicaciones. Fisostigmina solo en casos seleccionados por toxicología.",Fisostigmina solo en indicaciones seleccionadas y bajo toxicología.,https://www.rch.org.au/clinicalguide/guideline_index/Poisoning_Initial_Management/,,TOXIDROME/CONSENSO,VALIDADO_POR_CLASE,,,,Mixta / depende de contexto,NO,2026-09-02,MED-0575,NO,1,NO
TIROSINA,mg,30,TABLETA RECUBIERTA CON PELÍCULA,SDTE,SINTOMAS HIPERTIROIDISMO,MEDIDAS GENERALES,SIN_DOSIS_TOXICA_ESPECIFICA,Otros / datos específicos limitados,SDTE — sin dosis tóxica humana específica suficientemente validada para automatizar en esta versión.,SDTE,"La sobredosis puede intensificar los efectos farmacológicos y reacciones adversas conocidas. La expresión clínica depende de dosis, formulación, comorbilidades y coingestas.","ABCDE y tratamiento de soporte dirigido a la clínica. ECG, glucemia, electrolitos, función renal/hepática u otras pruebas según mecanismo y síntomas. Ingesta intencional, dosis desconocida, formulación de liberación prolongada o paciente sintomático: evaluación en urgencias y consulta a toxicología/CIT.",Ninguno específico establecido,https://www.rch.org.au/clinicalguide/guideline_index/Poisoning_Initial_Management/,,DATOS_ESPECIFICOS_LIMITADOS,REVISADO_CONSERVADOR,"Se elimina cualquier cifra previa que represente dosis terapéutica máxima, DL50 animal o umbral no sustentado como toxicidad aguda humana.",,,Mixta / depende de contexto,NO,2026-09-02,MED-0576,NO,1,NO
TIZANIDINA,mg,2,CAPSULA,>16MG/KG/DIA,"Somnolencia, mareos; bradicardia; hipotensión; sequedad de boca; fatiga; dism...",MEDIDAS GENERALES,PENDIENTE_VALIDACION,Agonista alfa-2,"SDTE — pequeñas exposiciones pueden ser clínicamente relevantes, especialmente en niños.",SDTE / ALTO_RIESGO,"Somnolencia/coma, miosis, bradicardia, hipotensión, depresión respiratoria; puede simular opioide.","Soporte respiratorio/hemodinámico. Naloxona puede intentarse en algunos casos de clonidina, pero respuesta es variable y no reemplaza soporte.",Ninguno específico; naloxona puede tener respuesta variable en clonidina.,https://www.rch.org.au/clinicalguide/guideline_index/Poisoning_Initial_Management/,,CLASE/CONSENSO,VALIDADO_POR_CLASE,El valor original '>16MG/KG/DIA' no se usa como umbral automatizable.,,,Mixta / depende de contexto,NO,2026-09-02,MED-0577,NO,1,NO
TOFACITINIB,mg,10,TABLETA RECUBIERTA REDONDA DE COLOR AZUL GRABADA CON EL TEXTO PFIZER EN UNA C...,SDTE,"Reacciones alérgicas y anafilaxia: Urticaria, Prurito, angioedema, disnea, Sh...",MEDIDAS GENERALES,SIN_DOSIS_TOXICA_ESPECIFICA,Otros / datos específicos limitados,SDTE — sin dosis tóxica humana específica suficientemente validada para automatizar en esta versión.,SDTE,"La sobredosis puede intensificar los efectos farmacológicos y reacciones adversas conocidas. La expresión clínica depende de dosis, formulación, comorbilidades y coingestas.","ABCDE y tratamiento de soporte dirigido a la clínica. ECG, glucemia, electrolitos, función renal/hepática u otras pruebas según mecanismo y síntomas. Ingesta intencional, dosis desconocida, formulación de liberación prolongada o paciente sintomático: evaluación en urgencias y consulta a toxicología/CIT.",Ninguno específico establecido,https://www.rch.org.au/clinicalguide/guideline_index/Poisoning_Initial_Management/,,DATOS_ESPECIFICOS_LIMITADOS,REVISADO_CONSERVADOR,"Se elimina cualquier cifra previa que represente dosis terapéutica máxima, DL50 animal o umbral no sustentado como toxicidad aguda humana.",,,Mixta / depende de contexto,NO,2026-09-02,MED-0578,NO,1,NO
TOLTERODINA L-TARTRATO,mg,4,CAPSULA DURA DE LIBERACION PROLONGADA,>12.8 MG/DU,"Bronquitis, sinusitis; mareos, somnolencia, parestesias, dolor de cabeza; seq...",MEDIDAS GENERALES,PENDIENTE_VALIDACION,Anticolinérgico,SDTE — toxicidad clínica; no usar dosis máxima terapéutica como corte.,SDTE / TOXIDROME,"Midriasis, piel/mucosas secas, taquicardia, retención urinaria, íleo, agitación/delirium, hipertermia; convulsiones en gravedad.","Soporte, enfriamiento si precisa, benzodiacepinas para agitación/convulsiones, ECG y manejo de complicaciones. Fisostigmina solo en casos seleccionados por toxicología.",Fisostigmina solo en indicaciones seleccionadas y bajo toxicología.,https://www.rch.org.au/clinicalguide/guideline_index/Poisoning_Initial_Management/,,TOXIDROME/CONSENSO,VALIDADO_POR_CLASE,El valor original '>12.8 MG/DU' no se usa como umbral automatizable.,,,Mixta / depende de contexto,NO,2026-09-02,MED-0579,NO,1,NO
TOPIRAMATO,mg,25,TABLETA RECUBIERTA,>10MG/KG,"Disminución o aumento de peso; anemia; parestesia, somnolencia, mareo, altera...",MEDIDAS GENERALES,PENDIENTE_VALIDACION,Anticonvulsivante,SDTE — no hay un umbral común válido para esta clase; varios agentes tienen toxicidades específicas.,SDTE / CLASE,"Depresión SNC, ataxia y mareos son frecuentes; lamotrigina/lacosamida pueden alterar conducción, y sobredosis grandes pueden causar convulsiones o arritmias.","Soporte, ECG en agentes con potencial cardiotóxico y tratamiento de convulsiones. Considerar niveles cuando sean clínicamente útiles y consulta toxicológica.",Ninguno específico,https://www.rch.org.au/clinicalguide/guideline_index/Poisoning_Initial_Management/,,CLASE/REVISION_CONSERVADORA,VALIDADO_POR_CLASE,El valor original '>10MG/KG' no se usa como umbral automatizable.,,,Mixta / depende de contexto,NO,2026-09-02,MED-0580,NO,1,NO
TRAMADOL,mg,50,TABLETA DE LIBERACION PROLONGADA,>500 MG,"Triada: Miosis (pupilas puntiformes), Depresión respiratoria, Coma hipoxia y ...",NALOXONA,PENDIENTE_VALIDACION,Opioide,"SDTE — no existe un umbral universal seguro; evaluar por clínica, formulación, tolerancia y coingestas.",SDTE / CLINICO,"Miosis, depresión SNC y respiratoria, bradicardia/hipotensión en gravedad. Tramadol y tapentadol pueden además causar convulsiones/serotoninotoxicidad; metadona puede prolongar QT.",Prioridad: ventilación/oxigenación. Naloxona titulada para revertir depresión respiratoria; repetir o infundir según duración del opioide. Observar recurrencia tras naloxona y considerar coingestas.,Naloxona,https://pubmed.ncbi.nlm.nih.gov/37721023/,,GUIA AHA,VALIDADO_POR_CLASE,El valor original '>500 MG' no se usa como umbral automatizable. Se corrigió o restringió una recomendación específica de la base original que podía inducir manejo inapropiado si se automatizaba.,,,Mixta / depende de contexto,NO,2026-09-02,MED-0581,NO,1,SI
TRAMETINIB DIMETILSULFOXIDO,mg,2,TABLETA RECUBIERTA,SDTE,"Reacciones alérgicas y anafilaxia: Urticaria, Prurito, angioedema, disnea, Sh...",MEDIDAS GENERALES,SIN_DOSIS_TOXICA_ESPECIFICA,Otros / datos específicos limitados,SDTE — sin dosis tóxica humana específica suficientemente validada para automatizar en esta versión.,SDTE,"La sobredosis puede intensificar los efectos farmacológicos y reacciones adversas conocidas. La expresión clínica depende de dosis, formulación, comorbilidades y coingestas.","ABCDE y tratamiento de soporte dirigido a la clínica. ECG, glucemia, electrolitos, función renal/hepática u otras pruebas según mecanismo y síntomas. Ingesta intencional, dosis desconocida, formulación de liberación prolongada o paciente sintomático: evaluación en urgencias y consulta a toxicología/CIT.",Ninguno específico establecido,https://www.rch.org.au/clinicalguide/guideline_index/Poisoning_Initial_Management/,,DATOS_ESPECIFICOS_LIMITADOS,REVISADO_CONSERVADOR,"Se elimina cualquier cifra previa que represente dosis terapéutica máxima, DL50 animal o umbral no sustentado como toxicidad aguda humana.",,,Mixta / depende de contexto,NO,2026-09-02,MED-0582,NO,1,NO
TRANDOLAPRIL,mg,2,TABLETADE LIBERACIÓN SOSTENIDA,SDTE/DMax 16 MG DIA (EST. CLIN.),"Mareo, cefalea; tos; astenia; hipotensión.",MEDIDAS GENERALES,SIN_DOSIS_TOXICA_ESPECIFICA,Inhibidor RAAS,SDTE — no hay umbral común; sobredosis aislada suele manifestarse por hipotensión.,SDTE / CLASE,"Hipotensión, mareo; hiperpotasemia y lesión renal en susceptibles, especialmente con coingestas.","Soporte, fluidos, vasopresor si precisa; monitorizar función renal y potasio.",Ninguno específico,https://www.rch.org.au/clinicalguide/guideline_index/Poisoning_Initial_Management/,,MECANISMO/CONSENSO,VALIDADO_POR_CLASE,,,,Mixta / depende de contexto,NO,2026-09-02,MED-0583,NO,1,NO
TRAZODONA,mg,50,TABLETA,>10-20 mg/Kg,"ATAXIA, VERTIGO, COMA, CONVULSIONES, HIPOTENSION, SX SEROTONINERGICO",CIPROHEPTADINA,PENDIENTE_VALIDACION,Serotonérgico / antidepresivo relacionado,SDTE — no se automatiza un umbral común.,SDTE / CLASE,"Náuseas, somnolencia o agitación; riesgo de serotoninotoxicidad aumenta con coingestas serotonérgicas. Algunos agentes pueden alterar QT.","Soporte; benzodiacepinas, enfriamiento y medidas dirigidas si serotoninotoxicidad. ECG según agente y exposición.",Ninguno específico,https://www.rch.org.au/clinicalguide/guideline_index/Serotonin_and_Noradrenaline_Re-uptake_Inhibitors_SNRIs_Poisoning/,,CLASE/CONSENSO,VALIDADO_POR_CLASE,El valor original '>10-20 mg/Kg' no se usa como umbral automatizable. Se corrigió o restringió una recomendación específica de la base original que podía inducir manejo inapropiado si se automatizaba.,,,Mixta / depende de contexto,NO,2026-09-02,MED-0584,NO,1,SI
TREONINA,mg,53,TABLETA RECUBIERTA CON PELÍCULA,SDTE,SINTOMAS GENERALES,MEDIDAS GENERALES,SIN_DOSIS_TOXICA_ESPECIFICA,Otros / datos específicos limitados,SDTE — sin dosis tóxica humana específica suficientemente validada para automatizar en esta versión.,SDTE,"La sobredosis puede intensificar los efectos farmacológicos y reacciones adversas conocidas. La expresión clínica depende de dosis, formulación, comorbilidades y coingestas.","ABCDE y tratamiento de soporte dirigido a la clínica. ECG, glucemia, electrolitos, función renal/hepática u otras pruebas según mecanismo y síntomas. Ingesta intencional, dosis desconocida, formulación de liberación prolongada o paciente sintomático: evaluación en urgencias y consulta a toxicología/CIT.",Ninguno específico establecido,https://www.rch.org.au/clinicalguide/guideline_index/Poisoning_Initial_Management/,,DATOS_ESPECIFICOS_LIMITADOS,REVISADO_CONSERVADOR,"Se elimina cualquier cifra previa que represente dosis terapéutica máxima, DL50 animal o umbral no sustentado como toxicidad aguda humana.",,,Mixta / depende de contexto,NO,2026-09-02,MED-0585,NO,1,NO
TRETINOINA,mg,10,CAPSULA BLANDA,SDTE,"Trastornos visuales, trastorno conjuntival; hipoacusia; arritmia; sofocos; in...",MEDIDAS GENERALES,SIN_DOSIS_TOXICA_ESPECIFICA,Otros / datos específicos limitados,SDTE — sin dosis tóxica humana específica suficientemente validada para automatizar en esta versión.,SDTE,"La sobredosis puede intensificar los efectos farmacológicos y reacciones adversas conocidas. La expresión clínica depende de dosis, formulación, comorbilidades y coingestas.","ABCDE y tratamiento de soporte dirigido a la clínica. ECG, glucemia, electrolitos, función renal/hepática u otras pruebas según mecanismo y síntomas. Ingesta intencional, dosis desconocida, formulación de liberación prolongada o paciente sintomático: evaluación en urgencias y consulta a toxicología/CIT.",Ninguno específico establecido,https://www.rch.org.au/clinicalguide/guideline_index/Poisoning_Initial_Management/,,DATOS_ESPECIFICOS_LIMITADOS,REVISADO_CONSERVADOR,"Se elimina cualquier cifra previa que represente dosis terapéutica máxima, DL50 animal o umbral no sustentado como toxicidad aguda humana.",,,Mixta / depende de contexto,NO,2026-09-02,MED-0586,NO,1,NO
TRIAZOLAM,mg,0.25,TABLETA,SDTE/DMax 0.25MG/DIA,"HIPOTENSION, BRADIPNEA, HIPOTERMIA, COMA, CONVULSIONES, HIPOREFLEXIA, EXITABI...",FLUMAZENIL,SIN_DOSIS_TOXICA_ESPECIFICA,Benzodiacepina / hipnótico sedante,SDTE — no hay una dosis tóxica única útil para automatizar; la gravedad es clínica y depende mucho de coingestas.,SDTE / CLINICO,"Depresión SNC leve-moderada, ataxia, disartria; depresión respiratoria profunda es infrecuente en sobredosis aislada y obliga a buscar coingestas.",Soporte y vigilancia respiratoria. Carbón activado generalmente contraindicado por riesgo de aspiración. Flumazenil está contraindicado en sobredosis intencional o mixta y solo se considera en escenarios seleccionados accidental/iatrogénico tras consulta toxicológica.,Flumazenil solo en escenarios seleccionados; NO uso rutinario.,https://www.rch.org.au/clinicalguide/guideline_index/Benzodiazepine_poisoning/,,GUIA CLINICA,VALIDADO_POR_CLASE,Se retiraron cifras de dosis 'tóxica' no fiables de varias benzodiacepinas. Se corrigió o restringió una recomendación específica de la base original que podía inducir manejo inapropiado si se automatizaba.,,,Mixta / depende de contexto,NO,2026-09-02,MED-0587,NO,1,SI
TRIENTINA CLORHIDARTO,mg,250,CAPSULA DURA,SDTE,SINTOMAS GENERALES,MEDIDAS GENERALES,SIN_DOSIS_TOXICA_ESPECIFICA,Otros / datos específicos limitados,SDTE — sin dosis tóxica humana específica suficientemente validada para automatizar en esta versión.,SDTE,"La sobredosis puede intensificar los efectos farmacológicos y reacciones adversas conocidas. La expresión clínica depende de dosis, formulación, comorbilidades y coingestas.","ABCDE y tratamiento de soporte dirigido a la clínica. ECG, glucemia, electrolitos, función renal/hepática u otras pruebas según mecanismo y síntomas. Ingesta intencional, dosis desconocida, formulación de liberación prolongada o paciente sintomático: evaluación en urgencias y consulta a toxicología/CIT.",Ninguno específico establecido,https://www.rch.org.au/clinicalguide/guideline_index/Poisoning_Initial_Management/,,DATOS_ESPECIFICOS_LIMITADOS,REVISADO_CONSERVADOR,"Se elimina cualquier cifra previa que represente dosis terapéutica máxima, DL50 animal o umbral no sustentado como toxicidad aguda humana.",,,Mixta / depende de contexto,NO,2026-09-02,MED-0588,NO,1,NO
TRIFLUOPERAZINA,mg,1.2,COMPRIMIDO,SDTE/DMax15MG/DIA,"Agitación motora, distonía, pseudoparkinsonismo, discinesia tardía, somnolenc...",Difenhidramina,SIN_DOSIS_TOXICA_ESPECIFICA,Antipsicótico,SDTE — no usar una dosis terapéutica máxima como umbral de toxicidad. La toxicidad varía por agente y formulación.,SDTE / CLASE,"Depresión SNC, taquicardia, hipotensión, anticolinergia o síntomas extrapiramidales; algunos agentes prolongan QT o producen arritmia.","Soporte, ECG y vigilancia neurológica/hemodinámica. Tratar hipotensión, convulsiones y distonía según clínica; consultar toxicología en exposición significativa.",Ninguno específico,https://pubmed.ncbi.nlm.nih.gov/37721023/,https://www.rch.org.au/clinicalguide/guideline_index/Risperidone_Poisoning/,CLASE/CONSENSO,VALIDADO_POR_CLASE,,,,Mixta / depende de contexto,NO,2026-09-02,MED-0589,NO,1,NO
TRIMEBUTINA,mg,200,TABLETA MASTICABLE,SDTE,"No se han descrito, aun empleando dosis altas",MEDIDAS GENERALES,SIN_DOSIS_TOXICA_ESPECIFICA,Otros / datos específicos limitados,SDTE — sin dosis tóxica humana específica suficientemente validada para automatizar en esta versión.,SDTE,"La sobredosis puede intensificar los efectos farmacológicos y reacciones adversas conocidas. La expresión clínica depende de dosis, formulación, comorbilidades y coingestas.","ABCDE y tratamiento de soporte dirigido a la clínica. ECG, glucemia, electrolitos, función renal/hepática u otras pruebas según mecanismo y síntomas. Ingesta intencional, dosis desconocida, formulación de liberación prolongada o paciente sintomático: evaluación en urgencias y consulta a toxicología/CIT.",Ninguno específico establecido,https://www.rch.org.au/clinicalguide/guideline_index/Poisoning_Initial_Management/,,DATOS_ESPECIFICOS_LIMITADOS,REVISADO_CONSERVADOR,"Se elimina cualquier cifra previa que represente dosis terapéutica máxima, DL50 animal o umbral no sustentado como toxicidad aguda humana.",,,Mixta / depende de contexto,NO,2026-09-02,MED-0590,NO,1,NO
TRIMETAZIDINA,mg,35,TABLETA DE LIBERACIÓN MODIFICADA,SDTE,"Mareos, cefaleas; dolor abdominal, diarrea, dispepsia, náuseas, vómitos; erup...",MEDIDAS GENERALES,SIN_DOSIS_TOXICA_ESPECIFICA,Otros / datos específicos limitados,SDTE — sin dosis tóxica humana específica suficientemente validada para automatizar en esta versión.,SDTE,"La sobredosis puede intensificar los efectos farmacológicos y reacciones adversas conocidas. La expresión clínica depende de dosis, formulación, comorbilidades y coingestas.","ABCDE y tratamiento de soporte dirigido a la clínica. ECG, glucemia, electrolitos, función renal/hepática u otras pruebas según mecanismo y síntomas. Ingesta intencional, dosis desconocida, formulación de liberación prolongada o paciente sintomático: evaluación en urgencias y consulta a toxicología/CIT.",Ninguno específico establecido,https://www.rch.org.au/clinicalguide/guideline_index/Poisoning_Initial_Management/,,DATOS_ESPECIFICOS_LIMITADOS,REVISADO_CONSERVADOR,"Se elimina cualquier cifra previa que represente dosis terapéutica máxima, DL50 animal o umbral no sustentado como toxicidad aguda humana.",,,Mixta / depende de contexto,NO,2026-09-02,MED-0591,NO,1,NO
TRIMETOPRIM,mg,160,TABLETA,> O = 8 g,"Náuseas, vómitos, dispepsia, trastornos del gusto, glositis, dolor epigástric...",MEDIDAS GENERALES,PENDIENTE_VALIDACION,Otros / datos específicos limitados,SDTE — sin dosis tóxica humana específica suficientemente validada para automatizar en esta versión.,SDTE,"La sobredosis puede intensificar los efectos farmacológicos y reacciones adversas conocidas. La expresión clínica depende de dosis, formulación, comorbilidades y coingestas.","ABCDE y tratamiento de soporte dirigido a la clínica. ECG, glucemia, electrolitos, función renal/hepática u otras pruebas según mecanismo y síntomas. Ingesta intencional, dosis desconocida, formulación de liberación prolongada o paciente sintomático: evaluación en urgencias y consulta a toxicología/CIT.",Ninguno específico establecido,https://www.rch.org.au/clinicalguide/guideline_index/Poisoning_Initial_Management/,,DATOS_ESPECIFICOS_LIMITADOS,REVISADO_CONSERVADOR,"Se elimina cualquier cifra previa que represente dosis terapéutica máxima, DL50 animal o umbral no sustentado como toxicidad aguda humana.  El valor original '> O = 8 g' no se usa como umbral automatizable.",,,Mixta / depende de contexto,NO,2026-09-02,MED-0592,NO,1,NO
TRIMIPRAMINA,,,,10-20 mg/Kg,"Pérdida de peso, hipertrofia mamaria, galactorrea, sofocos, reacciones cutáne...",MEDIDAS GENERALES,PENDIENTE_VALIDACION,Antidepresivo tricíclico / bloqueador de canal de sodio,>5 mg/kg en niños: evaluación hospitalaria; >10–15 mg/kg se asocia a alto riesgo y requiere manejo intensivo según clínica.,UMBRAL_EVALUACION,"Anticolinérgico, depresión SNC, convulsiones, hipotensión, QRS ancho, arritmias ventriculares y prolongación QT.","ABCDE, ECG seriado. Si QRS ensanchado o arritmia ventricular: bicarbonato de sodio IV y alcalinización según protocolo; benzodiacepinas para convulsiones. No basar gravedad en nivel sérico.",No existe antídoto; bicarbonato de sodio es tratamiento específico de cardiotoxicidad por bloqueo de sodio.,https://www.rch.org.au/clinicalguide/guideline_index/Tricyclic_Antidepressant_%28TCA%29_Poisoning/,https://pubmed.ncbi.nlm.nih.gov/37721023/,GUIA CLINICA,VALIDADO_POR_CLASE,El valor original '10-20 mg/Kg' no se usa como umbral automatizable.,5,Umbral pediátrico de evaluación,Pediatría; adultos se evalúan clínicamente,SI,2026-09-02,MED-0593,NO,1,NO
TRIPTOFANO,mg,23,TABLETA RECUBIERTA CON PELÍCULA,SDTE,SINTOMAS GENERALES,MEDIDAS GENERALES,SIN_DOSIS_TOXICA_ESPECIFICA,Otros / datos específicos limitados,SDTE — sin dosis tóxica humana específica suficientemente validada para automatizar en esta versión.,SDTE,"La sobredosis puede intensificar los efectos farmacológicos y reacciones adversas conocidas. La expresión clínica depende de dosis, formulación, comorbilidades y coingestas.","ABCDE y tratamiento de soporte dirigido a la clínica. ECG, glucemia, electrolitos, función renal/hepática u otras pruebas según mecanismo y síntomas. Ingesta intencional, dosis desconocida, formulación de liberación prolongada o paciente sintomático: evaluación en urgencias y consulta a toxicología/CIT.",Ninguno específico establecido,https://www.rch.org.au/clinicalguide/guideline_index/Poisoning_Initial_Management/,,DATOS_ESPECIFICOS_LIMITADOS,REVISADO_CONSERVADOR,"Se elimina cualquier cifra previa que represente dosis terapéutica máxima, DL50 animal o umbral no sustentado como toxicidad aguda humana.",,,Mixta / depende de contexto,NO,2026-09-02,MED-0594,NO,1,NO
ULIPRISTAL,mg,30,TABLETA,SDTE,"Amenorrea, engrosamiento del endometrio, sofocos, quistes ováricos, sensibili...",MEDIDAS GENERALES,SIN_DOSIS_TOXICA_ESPECIFICA,Otros / datos específicos limitados,SDTE — sin dosis tóxica humana específica suficientemente validada para automatizar en esta versión.,SDTE,"La sobredosis puede intensificar los efectos farmacológicos y reacciones adversas conocidas. La expresión clínica depende de dosis, formulación, comorbilidades y coingestas.","ABCDE y tratamiento de soporte dirigido a la clínica. ECG, glucemia, electrolitos, función renal/hepática u otras pruebas según mecanismo y síntomas. Ingesta intencional, dosis desconocida, formulación de liberación prolongada o paciente sintomático: evaluación en urgencias y consulta a toxicología/CIT.",Ninguno específico establecido,https://www.rch.org.au/clinicalguide/guideline_index/Poisoning_Initial_Management/,,DATOS_ESPECIFICOS_LIMITADOS,REVISADO_CONSERVADOR,"Se elimina cualquier cifra previa que represente dosis terapéutica máxima, DL50 animal o umbral no sustentado como toxicidad aguda humana.",,,Mixta / depende de contexto,NO,2026-09-02,MED-0595,NO,1,NO
UMECLIDINIO,mcg,62.5,CADA DOSIS,SDTE,"Infección del tracto urinario y del tracto respiratorio superior, sinusitis, nasofaringitis, faringitis; cefalea; tos, dolor orofaríngeo; estreñimiento, boca seca; glaucoma; retención urinaria, obstrucción de la vejiga y disuria.",MEDIDAS GENERALES,SIN_DOSIS_TOXICA_ESPECIFICA,Anticolinérgico,SDTE — toxicidad clínica; no usar dosis máxima terapéutica como corte.,SDTE / TOXIDROME,"Midriasis, piel/mucosas secas, taquicardia, retención urinaria, íleo, agitación/delirium, hipertermia; convulsiones en gravedad.","Soporte, enfriamiento si precisa, benzodiacepinas para agitación/convulsiones, ECG y manejo de complicaciones. Fisostigmina solo en casos seleccionados por toxicología.",Fisostigmina solo en indicaciones seleccionadas y bajo toxicología.,https://www.rch.org.au/clinicalguide/guideline_index/Poisoning_Initial_Management/,,TOXIDROME/CONSENSO,VALIDADO_POR_CLASE,,,,Mixta / depende de contexto,NO,2026-09-02,MED-0596,NO,1,NO
VALACICLOVIR,mg,1000,POR TABLETA,SDTE,SINTOMAS GENERALES,MEDIDAS GENERALES,SIN_DOSIS_TOXICA_ESPECIFICA,Otros / datos específicos limitados,SDTE — sin dosis tóxica humana específica suficientemente validada para automatizar en esta versión.,SDTE,"La sobredosis puede intensificar los efectos farmacológicos y reacciones adversas conocidas. La expresión clínica depende de dosis, formulación, comorbilidades y coingestas.","ABCDE y tratamiento de soporte dirigido a la clínica. ECG, glucemia, electrolitos, función renal/hepática u otras pruebas según mecanismo y síntomas. Ingesta intencional, dosis desconocida, formulación de liberación prolongada o paciente sintomático: evaluación en urgencias y consulta a toxicología/CIT.",Ninguno específico establecido,https://www.rch.org.au/clinicalguide/guideline_index/Poisoning_Initial_Management/,,DATOS_ESPECIFICOS_LIMITADOS,REVISADO_CONSERVADOR,"Se elimina cualquier cifra previa que represente dosis terapéutica máxima, DL50 animal o umbral no sustentado como toxicidad aguda humana.",,,Mixta / depende de contexto,NO,2026-09-02,MED-0597,NO,1,NO
VALERATO DE ESTRADIOL,mg,3,TABLETA RECUBIERTA AMARILLO OSCURO,SDTE,"Gastrointestinales: Náuseas y vómitos Dolor abdominal Distensión abdominal Endocrinas y Metabólicas:Retención de líquidos Aumento de peso, oEdema, Alteraciones en los niveles de glucosa y lípidos en sangre. Cardiovasculares:Aumento del riesgo de tromboembolismo venoso, Hipertensión arterial, Enfermedades cardiovasculares. Reproductivas y Mamarias:mastalgia, Cambios en el flujo menstrual Neurológicas y Psicológicas:Cefaleas, Cambios en el estado de ánimo, incluyendo depresión y ansiedad Dermatológicas:Cloasma, Acné",MEDIDAS GENERALES,SIN_DOSIS_TOXICA_ESPECIFICA,Otros / datos específicos limitados,SDTE — sin dosis tóxica humana específica suficientemente validada para automatizar en esta versión.,SDTE,"La sobredosis puede intensificar los efectos farmacológicos y reacciones adversas conocidas. La expresión clínica depende de dosis, formulación, comorbilidades y coingestas.","ABCDE y tratamiento de soporte dirigido a la clínica. ECG, glucemia, electrolitos, función renal/hepática u otras pruebas según mecanismo y síntomas. Ingesta intencional, dosis desconocida, formulación de liberación prolongada o paciente sintomático: evaluación en urgencias y consulta a toxicología/CIT.",Ninguno específico establecido,https://www.rch.org.au/clinicalguide/guideline_index/Poisoning_Initial_Management/,,DATOS_ESPECIFICOS_LIMITADOS,REVISADO_CONSERVADOR,"Se elimina cualquier cifra previa que represente dosis terapéutica máxima, DL50 animal o umbral no sustentado como toxicidad aguda humana.",,,Mixta / depende de contexto,NO,2026-09-02,MED-0598,NO,1,NO
VALGANCICLOVIR,mg,450,TABLETA RECUBIERTA,SDTE,SINTOMAS GENERALES,MEDIDAS GENERALES,SIN_DOSIS_TOXICA_ESPECIFICA,Otros / datos específicos limitados,SDTE — sin dosis tóxica humana específica suficientemente validada para automatizar en esta versión.,SDTE,"La sobredosis puede intensificar los efectos farmacológicos y reacciones adversas conocidas. La expresión clínica depende de dosis, formulación, comorbilidades y coingestas.","ABCDE y tratamiento de soporte dirigido a la clínica. ECG, glucemia, electrolitos, función renal/hepática u otras pruebas según mecanismo y síntomas. Ingesta intencional, dosis desconocida, formulación de liberación prolongada o paciente sintomático: evaluación en urgencias y consulta a toxicología/CIT.",Ninguno específico establecido,https://www.rch.org.au/clinicalguide/guideline_index/Poisoning_Initial_Management/,,DATOS_ESPECIFICOS_LIMITADOS,REVISADO_CONSERVADOR,"Se elimina cualquier cifra previa que represente dosis terapéutica máxima, DL50 animal o umbral no sustentado como toxicidad aguda humana.",,,Mixta / depende de contexto,NO,2026-09-02,MED-0599,NO,1,NO
VALSARTAN,mg,80,COMPRIMIDOS RECUBIERTOS,5MG/KG,"Mareos, mareo postural; hipotensión, hipotensión ortostática; insuf. y deterioro renal.",MEDIDAS GENERALES,PENDIENTE_VALIDACION,Inhibidor RAAS,SDTE — no hay umbral común; sobredosis aislada suele manifestarse por hipotensión.,SDTE / CLASE,"Hipotensión, mareo; hiperpotasemia y lesión renal en susceptibles, especialmente con coingestas.","Soporte, fluidos, vasopresor si precisa; monitorizar función renal y potasio.",Ninguno específico,https://www.rch.org.au/clinicalguide/guideline_index/Poisoning_Initial_Management/,,MECANISMO/CONSENSO,VALIDADO_POR_CLASE,El valor original '5MG/KG' no se usa como umbral automatizable.,,,Mixta / depende de contexto,NO,2026-09-02,MED-0600,NO,1,NO
VANCOMICINA,mg,250,CAPSULAS,SDTE/DMax 3-4 G DIA,"HIPOTENSION; disnea, estridor; exantema e inflamación de las mucosas, prurito, urticaria; I.R. manifiesta principalmente por aumento de creatinina sérica; flebitis y rubefacción de la parte superior del cuerpo y cara.",MEDIDAS GENERALES,SIN_DOSIS_TOXICA_ESPECIFICA,Otros / datos específicos limitados,SDTE — sin dosis tóxica humana específica suficientemente validada para automatizar en esta versión.,SDTE,"La sobredosis puede intensificar los efectos farmacológicos y reacciones adversas conocidas. La expresión clínica depende de dosis, formulación, comorbilidades y coingestas.","ABCDE y tratamiento de soporte dirigido a la clínica. ECG, glucemia, electrolitos, función renal/hepática u otras pruebas según mecanismo y síntomas. Ingesta intencional, dosis desconocida, formulación de liberación prolongada o paciente sintomático: evaluación en urgencias y consulta a toxicología/CIT.",Ninguno específico establecido,https://www.rch.org.au/clinicalguide/guideline_index/Poisoning_Initial_Management/,,DATOS_ESPECIFICOS_LIMITADOS,REVISADO_CONSERVADOR,"Se elimina cualquier cifra previa que represente dosis terapéutica máxima, DL50 animal o umbral no sustentado como toxicidad aguda humana.",,,Mixta / depende de contexto,NO,2026-09-02,MED-0601,NO,1,NO
VARDENAFIL,mg,20,TABLETA RECUBIERTA,SDTE/DMax 20 MG/DIA,"Cefalea, mareos; enrojecimiento facial; congestión nasal; dispepsia",MEDIDAS GENERALES,SIN_DOSIS_TOXICA_ESPECIFICA,Inhibidor PDE5,SDTE — no usar dosis terapéutica máxima como umbral toxicológico.,SDTE / CLASE,"Cefalea, rubor, hipotensión, taquicardia, alteraciones visuales; priapismo puede ocurrir.","Soporte, fluidos/vasopresores si hipotensión; evitar nitratos; tratar priapismo según protocolo.",Ninguno específico,https://www.rch.org.au/clinicalguide/guideline_index/Poisoning_Initial_Management/,,MECANISMO/CONSENSO,VALIDADO_POR_CLASE,,,,Mixta / depende de contexto,NO,2026-09-02,MED-0602,NO,1,NO
VARENICLINA TARTRATO,mg,"0,5",TABLETA RECUBIERTA,SDTE/DMax 2 MG/DIA,"Nasofaringitis, bronquitis, sinusitis; aumento del peso corporal, disminución del apetito, aumento del apetito; sueños anormales, insomnio; cefalea, somnolencia, mareos, disgeusia; disnea, tos; náuseas, enf. de reflujo gastroesofágico, vómitos, estreñimiento, diarrea, distensión abdominal, dolor abdominal, dolor dental, dispepsia, flatulencia, sequedad bucal; erupción cutánea, prurito; artralgia, mialgia, dolor de espalda; dolor de pecho, fatiga; prueba anormal de función hepática.",MEDIDAS GENERALES,SIN_DOSIS_TOXICA_ESPECIFICA,Otros / datos específicos limitados,SDTE — sin dosis tóxica humana específica suficientemente validada para automatizar en esta versión.,SDTE,"La sobredosis puede intensificar los efectos farmacológicos y reacciones adversas conocidas. La expresión clínica depende de dosis, formulación, comorbilidades y coingestas.","ABCDE y tratamiento de soporte dirigido a la clínica. ECG, glucemia, electrolitos, función renal/hepática u otras pruebas según mecanismo y síntomas. Ingesta intencional, dosis desconocida, formulación de liberación prolongada o paciente sintomático: evaluación en urgencias y consulta a toxicología/CIT.",Ninguno específico establecido,https://www.rch.org.au/clinicalguide/guideline_index/Poisoning_Initial_Management/,,DATOS_ESPECIFICOS_LIMITADOS,REVISADO_CONSERVADOR,"Se elimina cualquier cifra previa que represente dosis terapéutica máxima, DL50 animal o umbral no sustentado como toxicidad aguda humana.",,,Mixta / depende de contexto,NO,2026-09-02,MED-0603,NO,1,NO
VELPATASVIR,mg,100,TABLETA,SDTE,"Cefalea; diarrea, náuseas, dolor abdominal, disminución del apetito, vómitos; erupción; mialgia; aumento de la bilirrubina total.",MEDIDAS GENERALES,SIN_DOSIS_TOXICA_ESPECIFICA,Otros / datos específicos limitados,SDTE — sin dosis tóxica humana específica suficientemente validada para automatizar en esta versión.,SDTE,"La sobredosis puede intensificar los efectos farmacológicos y reacciones adversas conocidas. La expresión clínica depende de dosis, formulación, comorbilidades y coingestas.","ABCDE y tratamiento de soporte dirigido a la clínica. ECG, glucemia, electrolitos, función renal/hepática u otras pruebas según mecanismo y síntomas. Ingesta intencional, dosis desconocida, formulación de liberación prolongada o paciente sintomático: evaluación en urgencias y consulta a toxicología/CIT.",Ninguno específico establecido,https://www.rch.org.au/clinicalguide/guideline_index/Poisoning_Initial_Management/,,DATOS_ESPECIFICOS_LIMITADOS,REVISADO_CONSERVADOR,"Se elimina cualquier cifra previa que represente dosis terapéutica máxima, DL50 animal o umbral no sustentado como toxicidad aguda humana.",,,Mixta / depende de contexto,NO,2026-09-02,MED-0604,NO,1,NO
VENETOCLAX,mg,100,TABLETA RECUBIERTA,SDTE,"neutropenia, diarrea, e infección del tracto respiratorio superiornáuseas, anemia, fatiga",MEDIDAS GENERALES,SIN_DOSIS_TOXICA_ESPECIFICA,Otros / datos específicos limitados,SDTE — sin dosis tóxica humana específica suficientemente validada para automatizar en esta versión.,SDTE,"La sobredosis puede intensificar los efectos farmacológicos y reacciones adversas conocidas. La expresión clínica depende de dosis, formulación, comorbilidades y coingestas.","ABCDE y tratamiento de soporte dirigido a la clínica. ECG, glucemia, electrolitos, función renal/hepática u otras pruebas según mecanismo y síntomas. Ingesta intencional, dosis desconocida, formulación de liberación prolongada o paciente sintomático: evaluación en urgencias y consulta a toxicología/CIT.",Ninguno específico establecido,https://www.rch.org.au/clinicalguide/guideline_index/Poisoning_Initial_Management/,,DATOS_ESPECIFICOS_LIMITADOS,REVISADO_CONSERVADOR,"Se elimina cualquier cifra previa que represente dosis terapéutica máxima, DL50 animal o umbral no sustentado como toxicidad aguda humana.",,,Mixta / depende de contexto,NO,2026-09-02,MED-0605,NO,1,NO
VENLAFAXINA,mg,150,CAPSULA,> 1G DU,"NAUSEAS, VOMITOS, SEDACION, TEMBLOR, TAQUICARDIA, HIPERTENSION, - HIPOTENSION, CONVULSIONES, HIPERTERMIA, DIAFORESIS NISTAGMUS - HIPERTONIA, HIPERRREFLEXIA, - CLONUS",CIPROHEPTADINA,PENDIENTE_VALIDACION,IRSN,<800 mg suele ser poco probable que cause toxicidad significativa; >2 g: convulsiones/toxíndrome serotoninérgico; >5 g: ~50% riesgo de convulsiones; >8 g: cardiotoxicidad.,DOSIS_RESPUESTA_TOTAL,"Serotoninotoxicidad, taquicardia/hipertensión, convulsiones; en grandes ingestas, QRS/QT alterados, hipotensión y cardiotoxicidad.","Soporte, ECG y monitorización prolongada en formulaciones ER; benzodiacepinas para convulsiones. Grandes ingestas deben discutirse con toxicología.",Ninguno específico,https://www.rch.org.au/clinicalguide/guideline_index/Serotonin_and_Noradrenaline_Re-uptake_Inhibitors_SNRIs_Poisoning/,,GUIA CLINICA,VALIDADO_ESPECIFICO,Se corrigió o restringió una recomendación específica de la base original que podía inducir manejo inapropiado si se automatizaba.,,,Mixta; RCH orientada a pediatría,NO,2026-09-02,MED-0606,NO,1,SI
VERAPAMILO,mg,80,TABLETA RECUBIERTA,>480 MG,"Mareo, cefalea; tos; astenia; hipotensión.",GLUCONATO DE CALCIO,PENDIENTE_VALIDACION,Bloqueador de canales de calcio,SDTE — no hay un corte universal seguro; incluso exposiciones relativamente pequeñas pueden ser relevantes según formulación/agente.,SDTE / CLASE_ALTO_RIESGO,"Hipotensión/shock, bradicardia o trastornos de conducción (verapamilo/diltiazem), hiperglucemia y acidosis; dihidropiridinas pueden dar vasoplejía/taquicardia inicial.","ABCDE, ECG y glucemia. En toxicidad grave: calcio IV, insulina euglucémica de alta dosis y norepinefrina/epinefrina según fenotipo; considerar medidas avanzadas con toxicología.",No hay antídoto único; calcio + insulina de alta dosis son terapias específicas.,https://pubmed.ncbi.nlm.nih.gov/37721023/,,GUIA AHA,VALIDADO_POR_CLASE,El valor original '>480 MG' no se usa como umbral automatizable.,,,Mixta / depende de contexto,NO,2026-09-02,MED-0607,NO,1,NO
VERICIGUAT,mg,5,TABLETA RECUBIERTA,SDTE/CASOS CON 5MG/KG/DIA,"Anemia; mareo, cefalea; hipotensión; náuseas; dispepsia, vómitos, enfermedad por reflujo gastroesofágico",MEDIDAS GENERALES,SIN_DOSIS_TOXICA_ESPECIFICA,Otros / datos específicos limitados,SDTE — sin dosis tóxica humana específica suficientemente validada para automatizar en esta versión.,SDTE,"La sobredosis puede intensificar los efectos farmacológicos y reacciones adversas conocidas. La expresión clínica depende de dosis, formulación, comorbilidades y coingestas.","ABCDE y tratamiento de soporte dirigido a la clínica. ECG, glucemia, electrolitos, función renal/hepática u otras pruebas según mecanismo y síntomas. Ingesta intencional, dosis desconocida, formulación de liberación prolongada o paciente sintomático: evaluación en urgencias y consulta a toxicología/CIT.",Ninguno específico establecido,https://www.rch.org.au/clinicalguide/guideline_index/Poisoning_Initial_Management/,,DATOS_ESPECIFICOS_LIMITADOS,REVISADO_CONSERVADOR,"Se elimina cualquier cifra previa que represente dosis terapéutica máxima, DL50 animal o umbral no sustentado como toxicidad aguda humana.",,,Mixta / depende de contexto,NO,2026-09-02,MED-0608,NO,1,NO
VIGABATRINA,mg,500,TABLETA RECUBIERTA (COMPRIMIDO),250MG/KG,"Aumento de peso; somnolencia, trastornos del habla, dolor de cabeza, mareo, parestesia, trastorno de atención y deterioro de memoria, deterioro mental, temblor; defectos de campos visuales, visión borrosa, diplopía, nistagmo; náusea, dolor abdominal; fatiga, edema, irritabilidad; excitación y agitación (niños), agitación, agresión, nerviosismo, depresión, reacción paranoide.",MEDIDAS GENERALES,PENDIENTE_VALIDACION,Anticonvulsivante,SDTE — no hay un umbral común válido para esta clase; varios agentes tienen toxicidades específicas.,SDTE / CLASE,"Depresión SNC, ataxia y mareos son frecuentes; lamotrigina/lacosamida pueden alterar conducción, y sobredosis grandes pueden causar convulsiones o arritmias.","Soporte, ECG en agentes con potencial cardiotóxico y tratamiento de convulsiones. Considerar niveles cuando sean clínicamente útiles y consulta toxicológica.",Ninguno específico,https://www.rch.org.au/clinicalguide/guideline_index/Poisoning_Initial_Management/,,CLASE/REVISION_CONSERVADORA,VALIDADO_POR_CLASE,El valor original '250MG/KG' no se usa como umbral automatizable.,,,Mixta / depende de contexto,NO,2026-09-02,MED-0609,NO,1,NO
VILANTEROL,mcg,25,CADA DOSIS,SDTE,"Infección del tracto urinario y del tracto respiratorio superior, sinusitis, nasofaringitis, faringitis; cefalea; tos, dolor orofaríngeo; estreñimiento, boca seca; glaucoma; retención urinaria, obstrucción de la vejiga y disuria.",MEDIDAS GENERALES,SIN_DOSIS_TOXICA_ESPECIFICA,Agonista beta-adrenérgico,SDTE — no usar una dosis máxima terapéutica como umbral de toxicidad.,SDTE / CLASE,"Taquicardia, palpitaciones, temblor, hipokalemia, hiperglucemia, lactato elevado; arritmias en casos graves.","Soporte, ECG, potasio/glucosa/lactato según gravedad; corregir electrolitos con prudencia y tratar arritmias/hemodinámica.",Ninguno específico,https://pubmed.ncbi.nlm.nih.gov/37721023/,,MECANISMO/CONSENSO,VALIDADO_POR_CLASE,,,,Mixta / depende de contexto,NO,2026-09-02,MED-0610,NO,1,NO
VILDAGLIPTINA,mg,50,COMPRIMIDO CUBIERTO CON PELÍCULA,SDTE/DMax 100 MG/DIA,"Con metformina: temblor, cefalea, mareos, náuseas, hipoglucemia. Con sulfonilurea: temblor, cefalea, mareos, astenia, hipoglucemia. Con tiazolidindiona: aumento de peso, edema periférico. En monoterapia: mareos. Con metformina + sulfonilurea: hipoglucemia, mareos, temblor, hiperhidrosis, astenia. Con insulina: disminución de glucosa en sangre, cefalea, escalofríos, náuseas, ERGE. Post-comercialización: PFH alteradas y hepatitis, urticaria, pancreatitis, lesiones de piel bullosas y exfoliativas, penfigoide ampolloso.",MEDIDAS GENERALES,SIN_DOSIS_TOXICA_ESPECIFICA,Inhibidor DPP-4,SDTE — no hay umbral de toxicidad aguda específico útil para automatizar; sobredosis aislada suele ser de baja toxicidad.,SDTE / CLINICO,Síntomas GI o inespecíficos; hipoglucemia es poco probable en monoterapia pero aumenta con sulfonilurea/insulina.,"Soporte y glucemia, con atención a coingestas hipoglucemiantes.",Ninguno específico,https://www.rch.org.au/clinicalguide/guideline_index/Poisoning_Initial_Management/,,REVISION_CONSERVADORA,VALIDADO_POR_CLASE,,,,Mixta / depende de contexto,NO,2026-09-02,MED-0611,NO,1,NO
VORICONAZOL,mg,200,TABLETA RECUBIERTA,SDTE >700 MG/DIA,"Sinusitis; agranulocitosis, pancitopenia, trombocitopenia, leucopenia, anemia; edema periférico, hipoglucemia, hipopotasemia, hiponatremia; depresión, alucinación, ansiedad, insomnio, agitación, estado confusional; cefalea, convulsión, síncope, temblor, hipertonía, parestesia, somnolencia, mareo; alteración visual, hemorragia retiniana; arritmia supraventricular, taquicardia, bradicardia; hipotensión, flebitis; dificultad respiratoria, síndrome de sufrimiento respiratorio agudo, edema pulmonar; diarrea, vómitos, dolor abdominal, náuseas, queilitis, dispepsia, estreñimiento, gingivitis; PFH anormal, ictericia, ictericia colestática, hepatitis; erupción cutánea, dermatitis exfoliativa, alopecia, erupción maculopapular, prurito, eritema; dolor de espalda; I.R. aguda, hematuria; pirexia, dolor torácico, edema de cara, astenia, escalofrío; creatinina elevada en sangre",MEDIDAS GENERALES,SIN_DOSIS_TOXICA_ESPECIFICA,Otros / datos específicos limitados,SDTE — sin dosis tóxica humana específica suficientemente validada para automatizar en esta versión.,SDTE,"La sobredosis puede intensificar los efectos farmacológicos y reacciones adversas conocidas. La expresión clínica depende de dosis, formulación, comorbilidades y coingestas.","ABCDE y tratamiento de soporte dirigido a la clínica. ECG, glucemia, electrolitos, función renal/hepática u otras pruebas según mecanismo y síntomas. Ingesta intencional, dosis desconocida, formulación de liberación prolongada o paciente sintomático: evaluación en urgencias y consulta a toxicología/CIT.",Ninguno específico establecido,https://www.rch.org.au/clinicalguide/guideline_index/Poisoning_Initial_Management/,,DATOS_ESPECIFICOS_LIMITADOS,REVISADO_CONSERVADOR,"Se elimina cualquier cifra previa que represente dosis terapéutica máxima, DL50 animal o umbral no sustentado como toxicidad aguda humana.",,,Mixta / depende de contexto,NO,2026-09-02,MED-0612,NO,1,NO
VORTIOXETINA,mg,10,POR TABLETA,>80 MG DU,"NAUSEAS, VOMITOS, SEDACION, TEMBLOR, TAQUICARDIA, HIPERTENSION, - HIPOTENSION, CONVULSIONES, HIPERTERMIA, DIAFORESIS NISTAGMUS - HIPERTONIA, HIPERRREFLEXIA, - CLONUS",MEDIDAS GENERALES,PENDIENTE_VALIDACION,Serotonérgico / antidepresivo relacionado,SDTE — no se automatiza un umbral común.,SDTE / CLASE,"Náuseas, somnolencia o agitación; riesgo de serotoninotoxicidad aumenta con coingestas serotonérgicas. Algunos agentes pueden alterar QT.","Soporte; benzodiacepinas, enfriamiento y medidas dirigidas si serotoninotoxicidad. ECG según agente y exposición.",Ninguno específico,https://www.rch.org.au/clinicalguide/guideline_index/Serotonin_and_Noradrenaline_Re-uptake_Inhibitors_SNRIs_Poisoning/,,CLASE/CONSENSO,VALIDADO_POR_CLASE,El valor original '>80 MG DU' no se usa como umbral automatizable.,,,Mixta / depende de contexto,NO,2026-09-02,MED-0613,NO,1,NO
WARFARINA,mg,5,TABLETA,VARIABLE SEGUN INR; DL50 9-100MG/KG,"Petequias, Equimosis, Hemorragia Subconjuntival, Hemorragia Gingival, Hematemesis ,Melenas, Hematuria ,Hemi – cuadriplejia, Parestesias SANGRADO EN CUALQUIER ORGANO",FITOMENADIONA (VIT K),PENDIENTE_VALIDACION,Antagonista de vitamina K,"No usar DL50 ni mg/kg como umbral clínico. El riesgo se determina por INR, tiempo, sangrado y contexto de exposición.",INR + CLINICO,"Sangrado mucoso, GI, urinario, intracraneal u oculto; el INR puede elevarse de forma retardada tras exposición aguda.",INR seriado según escenario. Hemorragia potencialmente mortal: complejo protrombínico de 4 factores + vitamina K IV; exposiciones sin sangrado se manejan según INR/contexto y toxicología.,"Vitamina K; 4F-PCC para hemorragia grave (reversión, no antídoto único).",https://www.ahajournals.org/doi/10.1161/CIR.0000000000001193,,GUIA ACC/AHA,VALIDADO_ESPECIFICO,Se elimina DL50 animal y cualquier intento de convertirla en dosis tóxica humana.,,,Mixta / depende de contexto,NO,2026-09-02,MED-0614,NO,1,NO
ZIDOVUDINA,mg,300,TABLETA,SDTE,SINTOMAS GENERALES,MEDIDAS GENERALES,SIN_DOSIS_TOXICA_ESPECIFICA,Otros / datos específicos limitados,SDTE — sin dosis tóxica humana específica suficientemente validada para automatizar en esta versión.,SDTE,"La sobredosis puede intensificar los efectos farmacológicos y reacciones adversas conocidas. La expresión clínica depende de dosis, formulación, comorbilidades y coingestas.","ABCDE y tratamiento de soporte dirigido a la clínica. ECG, glucemia, electrolitos, función renal/hepática u otras pruebas según mecanismo y síntomas. Ingesta intencional, dosis desconocida, formulación de liberación prolongada o paciente sintomático: evaluación en urgencias y consulta a toxicología/CIT.",Ninguno específico establecido,https://www.rch.org.au/clinicalguide/guideline_index/Poisoning_Initial_Management/,,DATOS_ESPECIFICOS_LIMITADOS,REVISADO_CONSERVADOR,"Se elimina cualquier cifra previa que represente dosis terapéutica máxima, DL50 animal o umbral no sustentado como toxicidad aguda humana.",,,Mixta / depende de contexto,NO,2026-09-02,MED-0615,NO,1,NO
ZOFENOPRIL,mg,30,TABLETA RECUBIERTA.,SDTE/DMax 60 MG/DIA,SINTOMAS GENERALES,MEDIDAS GENERALES,SIN_DOSIS_TOXICA_ESPECIFICA,Inhibidor RAAS,SDTE — no hay umbral común; sobredosis aislada suele manifestarse por hipotensión.,SDTE / CLASE,"Hipotensión, mareo; hiperpotasemia y lesión renal en susceptibles, especialmente con coingestas.","Soporte, fluidos, vasopresor si precisa; monitorizar función renal y potasio.",Ninguno específico,https://www.rch.org.au/clinicalguide/guideline_index/Poisoning_Initial_Management/,,MECANISMO/CONSENSO,VALIDADO_POR_CLASE,,,,Mixta / depende de contexto,NO,2026-09-02,MED-0616,NO,1,NO
ZOLPIDEM,mg,10,TABLETA RECUBIERTA,0.7 mg/kg,"Disgeusia, dispepsia, náuseas, xerostomia; somnolencia durante el día, embotamiento afectivo, reducción del estado de alerta, confusión, fatiga, cefalea, mareo, vértigo, amnesia; hipotonía muscular, debilidad muscular, ataxia; diplopía; depresión, reacciones psiquiátricas y paradójicas; incrementos de transaminasas y/o fosfatasa alcalina en suero; cambios en la libido; prurito o rash.",MEDIDAS GENERALES,PENDIENTE_VALIDACION,Benzodiacepina / hipnótico sedante,SDTE — no hay una dosis tóxica única útil para automatizar; la gravedad es clínica y depende mucho de coingestas.,SDTE / CLINICO,"Depresión SNC leve-moderada, ataxia, disartria; depresión respiratoria profunda es infrecuente en sobredosis aislada y obliga a buscar coingestas.",Soporte y vigilancia respiratoria. Carbón activado generalmente contraindicado por riesgo de aspiración. Flumazenil está contraindicado en sobredosis intencional o mixta y solo se considera en escenarios seleccionados accidental/iatrogénico tras consulta toxicológica.,Flumazenil solo en escenarios seleccionados; NO uso rutinario.,https://www.rch.org.au/clinicalguide/guideline_index/Benzodiazepine_poisoning/,,GUIA CLINICA,VALIDADO_POR_CLASE,Se retiraron cifras de dosis 'tóxica' no fiables de varias benzodiacepinas.  El valor original '0.7 mg/kg' no se usa como umbral automatizable.,,,Mixta / depende de contexto,NO,2026-09-02,MED-0617,NO,1,NO
ZOPLICONA,mg,7.5,TABLETA RECUBIERTA,SDTE,"Disgeusia, dispepsia, náuseas, xerostomia; somnolencia durante el día, embotamiento afectivo, reducción del estado de alerta, confusión, fatiga, cefalea, mareo, vértigo, amnesia; hipotonía muscular, debilidad muscular, ataxia; diplopía; depresión, reacciones psiquiátricas y paradójicas; incrementos de transaminasas y/o fosfatasa alcalina en suero; cambios en la libido; prurito o rash.",MEDIDAS GENERALES,SIN_DOSIS_TOXICA_ESPECIFICA,Benzodiacepina / hipnótico sedante,SDTE — no hay una dosis tóxica única útil para automatizar; la gravedad es clínica y depende mucho de coingestas.,SDTE / CLINICO,"Depresión SNC leve-moderada, ataxia, disartria; depresión respiratoria profunda es infrecuente en sobredosis aislada y obliga a buscar coingestas.",Soporte y vigilancia respiratoria. Carbón activado generalmente contraindicado por riesgo de aspiración. Flumazenil está contraindicado en sobredosis intencional o mixta y solo se considera en escenarios seleccionados accidental/iatrogénico tras consulta toxicológica.,Flumazenil solo en escenarios seleccionados; NO uso rutinario.,https://www.rch.org.au/clinicalguide/guideline_index/Benzodiazepine_poisoning/,,GUIA CLINICA,VALIDADO_POR_CLASE,Se retiraron cifras de dosis 'tóxica' no fiables de varias benzodiacepinas.,,,Mixta / depende de contexto,NO,2026-09-02,MED-0618,NO,1,NO
