categoria,toxico,alias,region_relevancia,via_exposicion,sintomas_base,signos_gravedad,dosis_toxica_referencia,tipo_referencia_dosis,poblacion_referencia,estado_dosis,antidoto_tratamiento_base,descontaminacion,tratamiento_especifico,antidoto,dosis_antidoto_referencia,monitorizacion,criterios_observacion_uci,fuente,url_fuente,fuente_libro,paginas_libro,fecha_revision,estado_revision,notas
ARÁCNIDOS,LOXOSCELES LAETA / LOXOSCELISMO,araña de rincón; brown recluse; Loxosceles spp.,Chile y América,mordedura,"Dolor urente o punzante, edema y eritema; en horas puede aparecer placa livedoide violácea, ampollas y necrosis. La forma visceral puede cursar con fiebre, ictericia, hematuria/hemoglobinuria y compromiso sistémico.","Hemólisis, orina oscura, caída de Hb, ictericia, oliguria/IRA, hipotensión, compromiso multiorgánico.",,SIN_UMBRAL_INGESTA_UNICO,,SDTE_NO_AUTOMATIZAR,"Evaluación precoz, analgesia, cuidado local y vigilancia de hemólisis y función renal; manejo hospitalario si hay datos sistémicos.","Lavar la zona y retirar espinas/aguijones/tentáculos solo con la técnica apropiada para la especie. Evitar incisiones, succión y torniquetes en mordeduras de serpiente.","Soporte, control seriado de hemograma/función renal y tratamiento de complicaciones; antiveneno solo donde exista protocolo y disponibilidad local.",No existe un antídoto universal; antiveneno depende del país/protocolo.,,"Evaluación seriada de edema/dolor, signos vitales, estado neurológico y laboratorio dirigido (hemograma, coagulación, función renal, CK) según síndrome.","UCI si anafilaxia, shock, neurotoxicidad progresiva, coagulopatía, rabdomiólisis, insuficiencia respiratoria o falla orgánica.",ISP Chile,https://www.ispch.cl/pregunta-frecuente/p-471/,"Morán Chorro I, Baldirà Martínez de Irujo J, Marruecos-Sant L, Nogué Xarau S. Toxicología Clínica. 2011.","Cap. 36, pp. 437–454",2026-09-04,VALIDADO_FUENTE_ABIERTA,Fuente local prioritaria para Chile; no automatizar una conducta única de antiveneno.
ARÁCNIDOS,LATRODECTUS SPP. / LATRODECTISMO,viuda negra; araña del trigo,Chile y mundial,mordedura,"Dolor local que puede generalizarse, calambres y espasmos musculares, rigidez abdominal o lumbar, diaforesis, náuseas, hipertensión, taquicardia y agitación.","Dolor intratable, hipertensión grave, disfunción autonómica intensa, debilidad o compromiso respiratorio.",,SIN_UMBRAL_INGESTA_UNICO,,SDTE_NO_AUTOMATIZAR,"Analgesia, benzodiacepinas si espasmos, control hemodinámico y observación según gravedad.","Lavar la zona y retirar espinas/aguijones/tentáculos solo con la técnica apropiada para la especie. Evitar incisiones, succión y torniquetes en mordeduras de serpiente.",Tratamiento sintomático; antiveneno específico puede considerarse en cuadros sistémicos graves según disponibilidad y toxicología.,Antiveneno Latrodectus en regiones donde esté disponible.,,"Evaluación seriada de edema/dolor, signos vitales, estado neurológico y laboratorio dirigido (hemograma, coagulación, función renal, CK) según síndrome.","UCI si anafilaxia, shock, neurotoxicidad progresiva, coagulopatía, rabdomiólisis, insuficiencia respiratoria o falla orgánica.",NCBI Bookshelf - Black Widow Spider Toxicity,https://www.ncbi.nlm.nih.gov/books/NBK499987/,"Morán Chorro I, Baldirà Martínez de Irujo J, Marruecos-Sant L, Nogué Xarau S. Toxicología Clínica. 2011.","Cap. 36, pp. 437–454",2026-09-04,VALIDADO_FUENTE_ABIERTA,
ARÁCNIDOS,PHONEUTRIA SPP.,araña bananera; araña errante brasileña; armed spider,Sudamérica,mordedura,"Dolor local intenso, eritema y sudoración; puede haber náuseas, vómitos, sialorrea, agitación, taquicardia, hipertensión, alteraciones visuales y espasmos.","Disnea, edema pulmonar, inestabilidad hemodinámica, alteración de conciencia, especialmente en niños.",,SIN_UMBRAL_INGESTA_UNICO,,SDTE_NO_AUTOMATIZAR,"Analgesia, soporte ABC y vigilancia cardiorrespiratoria.","Lavar la zona y retirar espinas/aguijones/tentáculos solo con la técnica apropiada para la especie. Evitar incisiones, succión y torniquetes en mordeduras de serpiente.",Antiveneno específico puede estar indicado en cuadros moderados-graves en países donde exista y según protocolo local.,Antiveneno anti-Phoneutria según disponibilidad regional.,,"Evaluación seriada de edema/dolor, signos vitales, estado neurológico y laboratorio dirigido (hemograma, coagulación, función renal, CK) según síndrome.","UCI si anafilaxia, shock, neurotoxicidad progresiva, coagulopatía, rabdomiólisis, insuficiencia respiratoria o falla orgánica.",CDC Yellow Book 2026 - Poisonings/Envenomations,https://www.ncbi.nlm.nih.gov/books/NBK620956/,"Morán Chorro I, Baldirà Martínez de Irujo J, Marruecos-Sant L, Nogué Xarau S. Toxicología Clínica. 2011.","Cap. 36, pp. 437–454",2026-09-04,VALIDADO_FUENTE_ABIERTA,
ARÁCNIDOS,ARAÑA DE TELA DE EMBUDO (ATRAX/HADRONYCHE),funnel-web spider,Australia / viaje,mordedura,"Dolor local, parestesias, fasciculaciones, sialorrea, lagrimeo, sudoración, vómitos, hipertensión y progresión rápida a toxicidad neuromuscular/autonómica.","Deterioro rápido, edema pulmonar, arritmias, alteración de conciencia o insuficiencia respiratoria.",,SIN_UMBRAL_INGESTA_UNICO,,SDTE_NO_AUTOMATIZAR,"Inmovilización por presión cuando corresponda al protocolo local, traslado urgente y soporte ABC.","Lavar la zona y retirar espinas/aguijones/tentáculos solo con la técnica apropiada para la especie. Evitar incisiones, succión y torniquetes en mordeduras de serpiente.",Antiveneno específico precoz en envenenamiento sistémico según protocolo australiano.,Antiveneno funnel-web.,,"Evaluación seriada de edema/dolor, signos vitales, estado neurológico y laboratorio dirigido (hemograma, coagulación, función renal, CK) según síndrome.","UCI si anafilaxia, shock, neurotoxicidad progresiva, coagulopatía, rabdomiólisis, insuficiencia respiratoria o falla orgánica.",CDC Yellow Book 2026 - Poisonings/Envenomations,https://www.ncbi.nlm.nih.gov/books/NBK620956/,"Morán Chorro I, Baldirà Martínez de Irujo J, Marruecos-Sant L, Nogué Xarau S. Toxicología Clínica. 2011.","Cap. 36, pp. 437–454",2026-09-04,VALIDADO_FUENTE_ABIERTA,
ARÁCNIDOS,TARÁNTULAS (THERAPHOSIDAE),tarántula; pelos urticantes,Mundial,mordedura/contacto con pelos,"Dolor, prurito y edema local. Los pelos urticantes pueden causar dermatitis, rinitis, tos, broncoespasmo y lesión ocular con queratoconjuntivitis/oftalmia nodosa.","Anafilaxia, broncoespasmo importante o compromiso ocular profundo.",,SIN_UMBRAL_INGESTA_UNICO,,SDTE_NO_AUTOMATIZAR,"Lavado, analgesia y tratamiento de reacción alérgica; irrigación ocular abundante y valoración oftalmológica si exposición ocular.","Lavar la zona y retirar espinas/aguijones/tentáculos solo con la técnica apropiada para la especie. Evitar incisiones, succión y torniquetes en mordeduras de serpiente.",No hay antiveneno de uso habitual.,Ninguno específico.,,"Evaluación seriada de edema/dolor, signos vitales, estado neurológico y laboratorio dirigido (hemograma, coagulación, función renal, CK) según síndrome.","UCI si anafilaxia, shock, neurotoxicidad progresiva, coagulopatía, rabdomiólisis, insuficiencia respiratoria o falla orgánica.",NCBI Bookshelf - Tarantula Spider Toxicity,https://www.ncbi.nlm.nih.gov/books/NBK557667/,"Morán Chorro I, Baldirà Martínez de Irujo J, Marruecos-Sant L, Nogué Xarau S. Toxicología Clínica. 2011.","Cap. 36, pp. 437–454",2026-09-04,VALIDADO_FUENTE_ABIERTA,
ESCORPIONES,TITYUS SPP.,alacrán sudamericano; escorpión Tityus,Sudamérica,picadura,"Dolor local intenso, parestesias, vómitos, diaforesis, sialorrea y agitación; cuadros graves pueden producir taquicardia/bradicardia, hipertensión o shock, edema pulmonar y disfunción neurológica.","Edema pulmonar, shock, arritmias, alteración neurológica, especialmente en niños.",,SIN_UMBRAL_INGESTA_UNICO,,SDTE_NO_AUTOMATIZAR,"Analgesia, monitorización y soporte cardiorrespiratorio; valoración urgente de niños y síntomas sistémicos.","Lavar la zona y retirar espinas/aguijones/tentáculos solo con la técnica apropiada para la especie. Evitar incisiones, succión y torniquetes en mordeduras de serpiente.","Antiveneno antiescorpiónico según especie, gravedad y disponibilidad regional.",Antiveneno específico regional.,,"Evaluación seriada de edema/dolor, signos vitales, estado neurológico y laboratorio dirigido (hemograma, coagulación, función renal, CK) según síndrome.","UCI si anafilaxia, shock, neurotoxicidad progresiva, coagulopatía, rabdomiólisis, insuficiencia respiratoria o falla orgánica.",NCBI Bookshelf - Scorpion Toxicity,https://www.ncbi.nlm.nih.gov/books/NBK430928/,"Morán Chorro I, Baldirà Martínez de Irujo J, Marruecos-Sant L, Nogué Xarau S. Toxicología Clínica. 2011.","Cap. 36, pp. 437–454",2026-09-04,VALIDADO_FUENTE_ABIERTA,
ESCORPIONES,CENTRUROIDES SPP.,bark scorpion; alacrán de corteza,México/EE.UU./América,picadura,"Dolor/parestesias locales, movimientos oculares anormales, hipersalivación, fasciculaciones, agitación y disfunción neuromuscular.","Compromiso de vía aérea, hipersecreciones, movimientos neuromusculares generalizados, dificultad respiratoria.",,SIN_UMBRAL_INGESTA_UNICO,,SDTE_NO_AUTOMATIZAR,"Soporte, analgesia y benzodiacepinas si agitación/espasmos; monitorización.","Lavar la zona y retirar espinas/aguijones/tentáculos solo con la técnica apropiada para la especie. Evitar incisiones, succión y torniquetes en mordeduras de serpiente.",Antiveneno específico en toxicidad sistémica grave donde esté disponible.,Antiveneno Centruroides.,,"Evaluación seriada de edema/dolor, signos vitales, estado neurológico y laboratorio dirigido (hemograma, coagulación, función renal, CK) según síndrome.","UCI si anafilaxia, shock, neurotoxicidad progresiva, coagulopatía, rabdomiólisis, insuficiencia respiratoria o falla orgánica.",NCBI Bookshelf - Insect Bites/Scorpion,https://www.ncbi.nlm.nih.gov/books/NBK537235/,"Morán Chorro I, Baldirà Martínez de Irujo J, Marruecos-Sant L, Nogué Xarau S. Toxicología Clínica. 2011.","Cap. 36, pp. 437–454",2026-09-04,VALIDADO_FUENTE_ABIERTA,
ESCORPIONES,ESCORPIONES BUTHIDAE GRAVES,Androctonus; Leiurus; Buthus,África/Oriente Medio/Asia,picadura,"Dolor local seguido de hiperactividad autonómica: sudoración, vómitos, taquicardia, hipertensión; puede evolucionar a shock, arritmias, edema pulmonar y encefalopatía.","Shock, edema pulmonar, arritmias, convulsiones, coma.",,SIN_UMBRAL_INGESTA_UNICO,,SDTE_NO_AUTOMATIZAR,"Soporte ABC, monitorización hemodinámica y tratamiento de complicaciones.","Lavar la zona y retirar espinas/aguijones/tentáculos solo con la técnica apropiada para la especie. Evitar incisiones, succión y torniquetes en mordeduras de serpiente.",Antiveneno según especie/región y protocolos locales.,Antiveneno regional.,,"Evaluación seriada de edema/dolor, signos vitales, estado neurológico y laboratorio dirigido (hemograma, coagulación, función renal, CK) según síndrome.","UCI si anafilaxia, shock, neurotoxicidad progresiva, coagulopatía, rabdomiólisis, insuficiencia respiratoria o falla orgánica.",NCBI Bookshelf - Scorpion Toxicity,https://www.ncbi.nlm.nih.gov/books/NBK430928/,"Morán Chorro I, Baldirà Martínez de Irujo J, Marruecos-Sant L, Nogué Xarau S. Toxicología Clínica. 2011.","Cap. 36, pp. 437–454",2026-09-04,VALIDADO_FUENTE_ABIERTA,
SERPIENTES,BOTHROPS SPP.,yarará; mapaná; terciopelo; lancehead,América Latina,mordedura,"Dolor, edema progresivo, equimosis, ampollas y sangrado local; puede producir coagulopatía, hemorragia sistémica, hipotensión y lesión renal aguda.","Edema rápidamente progresivo, sangrado espontáneo, incoagulabilidad, shock, oliguria/IRA.",,SIN_UMBRAL_INGESTA_UNICO,,SDTE_NO_AUTOMATIZAR,"Inmovilizar, retirar objetos constrictivos y trasladar de urgencia. No realizar incisiones, succión ni torniquetes estrechos. Soporte ABC y valoración seriada.","Lavar la zona y retirar espinas/aguijones/tentáculos solo con la técnica apropiada para la especie. Evitar incisiones, succión y torniquetes en mordeduras de serpiente.",Antiveneno botrópico/polivalente apropiado según país y signos de envenenamiento.,Antiveneno específico/regional.,,"Evaluación seriada de edema/dolor, signos vitales, estado neurológico y laboratorio dirigido (hemograma, coagulación, función renal, CK) según síndrome.","UCI si anafilaxia, shock, neurotoxicidad progresiva, coagulopatía, rabdomiólisis, insuficiencia respiratoria o falla orgánica.",WHO Snakebite Envenoming,https://www.who.int/news-room/fact-sheets/detail/snakebite-envenoming,"Morán Chorro I, Baldirà Martínez de Irujo J, Marruecos-Sant L, Nogué Xarau S. Toxicología Clínica. 2011.","Cap. 36, pp. 437–454",2026-09-04,VALIDADO_FUENTE_ABIERTA,
SERPIENTES,CROTALUS DURISSUS / CASCABEL,cascabel sudamericana; rattlesnake,América,mordedura,"Dolor variable; neurotoxicidad con ptosis, diplopía y debilidad, mialgias/rabdomiólisis y posible lesión renal; algunas especies producen coagulopatía.","Debilidad bulbar/respiratoria, orina oscura por mioglobinuria, arritmias, shock, IRA.",,SIN_UMBRAL_INGESTA_UNICO,,SDTE_NO_AUTOMATIZAR,"Inmovilizar, retirar objetos constrictivos y trasladar de urgencia. No realizar incisiones, succión ni torniquetes estrechos. Soporte ABC y valoración seriada.","Lavar la zona y retirar espinas/aguijones/tentáculos solo con la técnica apropiada para la especie. Evitar incisiones, succión y torniquetes en mordeduras de serpiente.",Antiveneno crotálico/polivalente según región y clínica.,Antiveneno específico/regional.,,"Evaluación seriada de edema/dolor, signos vitales, estado neurológico y laboratorio dirigido (hemograma, coagulación, función renal, CK) según síndrome.","UCI si anafilaxia, shock, neurotoxicidad progresiva, coagulopatía, rabdomiólisis, insuficiencia respiratoria o falla orgánica.",WHO Snakebite Envenoming,https://www.who.int/news-room/fact-sheets/detail/snakebite-envenoming,"Morán Chorro I, Baldirà Martínez de Irujo J, Marruecos-Sant L, Nogué Xarau S. Toxicología Clínica. 2011.","Cap. 36, pp. 437–454",2026-09-04,VALIDADO_FUENTE_ABIERTA,
SERPIENTES,LACHESIS MUTA,surucucú; bushmaster,Amazonía/Sudamérica,mordedura,"Dolor y edema importantes, sangrado/coagulopatía y cuadro autonómico con náuseas, vómitos, diarrea, bradicardia e hipotensión.","Shock, sangrado sistémico, coagulopatía, deterioro renal.",,SIN_UMBRAL_INGESTA_UNICO,,SDTE_NO_AUTOMATIZAR,"Inmovilizar, retirar objetos constrictivos y trasladar de urgencia. No realizar incisiones, succión ni torniquetes estrechos. Soporte ABC y valoración seriada.","Lavar la zona y retirar espinas/aguijones/tentáculos solo con la técnica apropiada para la especie. Evitar incisiones, succión y torniquetes en mordeduras de serpiente.",Antiveneno laquésico/polivalente según región.,Antiveneno específico/regional.,,"Evaluación seriada de edema/dolor, signos vitales, estado neurológico y laboratorio dirigido (hemograma, coagulación, función renal, CK) según síndrome.","UCI si anafilaxia, shock, neurotoxicidad progresiva, coagulopatía, rabdomiólisis, insuficiencia respiratoria o falla orgánica.",WHO Snakebite Envenoming,https://www.who.int/news-room/fact-sheets/detail/snakebite-envenoming,"Morán Chorro I, Baldirà Martínez de Irujo J, Marruecos-Sant L, Nogué Xarau S. Toxicología Clínica. 2011.","Cap. 36, pp. 437–454",2026-09-04,VALIDADO_FUENTE_ABIERTA,
SERPIENTES,MICRURUS SPP. / CORAL VERDADERA,serpiente coral; coral snake,América,mordedura,"Puede haber pocos hallazgos locales. Neurotoxicidad progresiva con ptosis, diplopía, disfagia, disartria, debilidad y parálisis respiratoria.","Debilidad bulbar, hipoventilación, caída de saturación, parálisis progresiva.",,SIN_UMBRAL_INGESTA_UNICO,,SDTE_NO_AUTOMATIZAR,"Inmovilizar, retirar objetos constrictivos y trasladar de urgencia. No realizar incisiones, succión ni torniquetes estrechos. Soporte ABC y valoración seriada.","Lavar la zona y retirar espinas/aguijones/tentáculos solo con la técnica apropiada para la especie. Evitar incisiones, succión y torniquetes en mordeduras de serpiente.",Antiveneno antielapídico/coral cuando esté indicado y soporte ventilatorio precoz.,Antiveneno específico/regional.,,"Evaluación seriada de edema/dolor, signos vitales, estado neurológico y laboratorio dirigido (hemograma, coagulación, función renal, CK) según síndrome.","UCI si anafilaxia, shock, neurotoxicidad progresiva, coagulopatía, rabdomiólisis, insuficiencia respiratoria o falla orgánica.",WHO Guidelines for Management of Snakebites,https://www.who.int/publications/i/item/9789290225300,"Morán Chorro I, Baldirà Martínez de Irujo J, Marruecos-Sant L, Nogué Xarau S. Toxicología Clínica. 2011.","Cap. 36, pp. 437–454",2026-09-04,VALIDADO_FUENTE_ABIERTA,
SERPIENTES,COBRAS (NAJA SPP.),cobra,África/Asia / viaje,mordedura,Neurotoxicidad con ptosis y parálisis; algunas especies producen necrosis local extensa y edema. Puede progresar a insuficiencia respiratoria.,"Parálisis bulbar/respiratoria, necrosis extensa, shock.",,SIN_UMBRAL_INGESTA_UNICO,,SDTE_NO_AUTOMATIZAR,"Inmovilizar, retirar objetos constrictivos y trasladar de urgencia. No realizar incisiones, succión ni torniquetes estrechos. Soporte ABC y valoración seriada.","Lavar la zona y retirar espinas/aguijones/tentáculos solo con la técnica apropiada para la especie. Evitar incisiones, succión y torniquetes en mordeduras de serpiente.",Antiveneno apropiado a la especie/región y ventilación si precisa.,Antiveneno específico/regional.,,"Evaluación seriada de edema/dolor, signos vitales, estado neurológico y laboratorio dirigido (hemograma, coagulación, función renal, CK) según síndrome.","UCI si anafilaxia, shock, neurotoxicidad progresiva, coagulopatía, rabdomiólisis, insuficiencia respiratoria o falla orgánica.",WHO Guidelines for Management of Snakebites,https://www.who.int/publications/i/item/9789290225300,"Morán Chorro I, Baldirà Martínez de Irujo J, Marruecos-Sant L, Nogué Xarau S. Toxicología Clínica. 2011.","Cap. 36, pp. 437–454",2026-09-04,VALIDADO_FUENTE_ABIERTA,
SERPIENTES,KRAITS (BUNGARUS SPP.),búngaro; krait,Asia / viaje,mordedura,"Lesión local a veces mínima; dolor abdominal, ptosis, oftalmoplejía, disfagia y parálisis flácida descendente que puede aparecer horas después.","Parálisis respiratoria con conciencia preservada, debilidad bulbar progresiva.",,SIN_UMBRAL_INGESTA_UNICO,,SDTE_NO_AUTOMATIZAR,"Inmovilizar, retirar objetos constrictivos y trasladar de urgencia. No realizar incisiones, succión ni torniquetes estrechos. Soporte ABC y valoración seriada.","Lavar la zona y retirar espinas/aguijones/tentáculos solo con la técnica apropiada para la especie. Evitar incisiones, succión y torniquetes en mordeduras de serpiente.",Antiveneno apropiado cuando exista y soporte ventilatorio.,Antiveneno específico/regional.,,"Evaluación seriada de edema/dolor, signos vitales, estado neurológico y laboratorio dirigido (hemograma, coagulación, función renal, CK) según síndrome.","UCI si anafilaxia, shock, neurotoxicidad progresiva, coagulopatía, rabdomiólisis, insuficiencia respiratoria o falla orgánica.",WHO Guidelines for Management of Snakebites,https://www.who.int/publications/i/item/9789290225300,"Morán Chorro I, Baldirà Martínez de Irujo J, Marruecos-Sant L, Nogué Xarau S. Toxicología Clínica. 2011.","Cap. 36, pp. 437–454",2026-09-04,VALIDADO_FUENTE_ABIERTA,
SERPIENTES,MAMBAS (DENDROASPIS SPP.),mamba,África / viaje,mordedura,"Inicio rápido de parestesias, fasciculaciones, debilidad, ptosis, disartria y parálisis; puede haber colapso cardiovascular.","Insuficiencia respiratoria rápida, arritmias, shock.",,SIN_UMBRAL_INGESTA_UNICO,,SDTE_NO_AUTOMATIZAR,"Inmovilizar, retirar objetos constrictivos y trasladar de urgencia. No realizar incisiones, succión ni torniquetes estrechos. Soporte ABC y valoración seriada.","Lavar la zona y retirar espinas/aguijones/tentáculos solo con la técnica apropiada para la especie. Evitar incisiones, succión y torniquetes en mordeduras de serpiente.",Antiveneno específico y soporte ventilatorio/hemodinámico inmediato.,Antiveneno específico/regional.,,"Evaluación seriada de edema/dolor, signos vitales, estado neurológico y laboratorio dirigido (hemograma, coagulación, función renal, CK) según síndrome.","UCI si anafilaxia, shock, neurotoxicidad progresiva, coagulopatía, rabdomiólisis, insuficiencia respiratoria o falla orgánica.",WHO Guidelines for Management of Snakebites,https://www.who.int/publications/i/item/9789290225300,"Morán Chorro I, Baldirà Martínez de Irujo J, Marruecos-Sant L, Nogué Xarau S. Toxicología Clínica. 2011.","Cap. 36, pp. 437–454",2026-09-04,VALIDADO_FUENTE_ABIERTA,
SERPIENTES,SERPIENTES MARINAS,sea snake; Hydrophiinae,Indo-Pacífico / viaje,mordedura,"Mordedura a menudo poco dolorosa; mialgias, rigidez, debilidad, rabdomiólisis y neurotoxicidad con posible insuficiencia respiratoria.","Debilidad respiratoria, hiperkalemia/rabdomiólisis, orina oscura, arritmias.",,SIN_UMBRAL_INGESTA_UNICO,,SDTE_NO_AUTOMATIZAR,"Inmovilizar, retirar objetos constrictivos y trasladar de urgencia. No realizar incisiones, succión ni torniquetes estrechos. Soporte ABC y valoración seriada.","Lavar la zona y retirar espinas/aguijones/tentáculos solo con la técnica apropiada para la especie. Evitar incisiones, succión y torniquetes en mordeduras de serpiente.",Antiveneno de serpiente marina donde esté disponible y soporte intensivo.,Antiveneno específico/regional.,,"Evaluación seriada de edema/dolor, signos vitales, estado neurológico y laboratorio dirigido (hemograma, coagulación, función renal, CK) según síndrome.","UCI si anafilaxia, shock, neurotoxicidad progresiva, coagulopatía, rabdomiólisis, insuficiencia respiratoria o falla orgánica.",WHO Guidelines for Management of Snakebites,https://www.who.int/publications/i/item/9789290225300,"Morán Chorro I, Baldirà Martínez de Irujo J, Marruecos-Sant L, Nogué Xarau S. Toxicología Clínica. 2011.","Cap. 36, pp. 437–454",2026-09-04,VALIDADO_FUENTE_ABIERTA,
SERPIENTES,MORDEDURA DE SERPIENTE VENENOSA NO IDENTIFICADA,snakebite unknown species,Mundial,mordedura,"Puede causar edema/necrosis local, sangrado/coagulopatía, neuroparálisis, rabdomiólisis, shock o lesión renal según el veneno.","Cualquier signo sistémico, progresión del edema, sangrado, neurotoxicidad, shock, oliguria.",,SIN_UMBRAL_INGESTA_UNICO,,SDTE_NO_AUTOMATIZAR,"Inmovilizar, retirar objetos constrictivos y trasladar de urgencia. No realizar incisiones, succión ni torniquetes estrechos. Soporte ABC y valoración seriada.","Lavar la zona y retirar espinas/aguijones/tentáculos solo con la técnica apropiada para la especie. Evitar incisiones, succión y torniquetes en mordeduras de serpiente.","Antiveneno solo si está indicado por síndrome clínico, epidemiología local y producto apropiado; evitar antivenenos no correspondientes.",Antiveneno apropiado al contexto regional.,,"Evaluación seriada de edema/dolor, signos vitales, estado neurológico y laboratorio dirigido (hemograma, coagulación, función renal, CK) según síndrome.","UCI si anafilaxia, shock, neurotoxicidad progresiva, coagulopatía, rabdomiólisis, insuficiencia respiratoria o falla orgánica.",WHO Animal Bites / Snakebite,https://www.who.int/news-room/fact-sheets/detail/animal-bites,"Morán Chorro I, Baldirà Martínez de Irujo J, Marruecos-Sant L, Nogué Xarau S. Toxicología Clínica. 2011.","Cap. 36, pp. 437–454",2026-09-04,VALIDADO_FUENTE_ABIERTA,Entrada sindrómica para cuando no se identifica la especie.
REPTILES,MONSTRUO DE GILA / LAGARTO DE CUENTAS,Heloderma suspectum; Heloderma horridum,América / viaje,mordedura,"Dolor intenso, edema, debilidad, náuseas/vómitos, diaforesis e hipotensión; la mordedura puede ser prolongada y traumática.","Hipotensión, angioedema/anafilaxia, alteración neurológica o respiratoria.",,SIN_UMBRAL_INGESTA_UNICO,,SDTE_NO_AUTOMATIZAR,"Retirar el animal sin maniobras traumáticas, irrigar la herida, analgesia, control hemodinámico y profilaxis antitetánica según corresponda.","Lavar la zona y retirar espinas/aguijones/tentáculos solo con la técnica apropiada para la especie. Evitar incisiones, succión y torniquetes en mordeduras de serpiente.",No existe antiveneno específico; soporte y manejo de la herida.,Ninguno específico.,,"Evaluación seriada de edema/dolor, signos vitales, estado neurológico y laboratorio dirigido (hemograma, coagulación, función renal, CK) según síndrome.","UCI si anafilaxia, shock, neurotoxicidad progresiva, coagulopatía, rabdomiólisis, insuficiencia respiratoria o falla orgánica.",WHO Animal Bites,https://www.who.int/news-room/fact-sheets/detail/animal-bites,"Morán Chorro I, Baldirà Martínez de Irujo J, Marruecos-Sant L, Nogué Xarau S. Toxicología Clínica. 2011.","Cap. 36, pp. 437–454",2026-09-04,VALIDADO_FUENTE_ABIERTA,
HIMENÓPTEROS,ABEJAS,abeja; honey bee,Mundial,picadura,"Dolor, eritema y edema local. Múltiples picaduras pueden causar náuseas, vómitos, rabdomiólisis, hemólisis y lesión renal; cualquier picadura puede desencadenar anafilaxia.","Anafilaxia, estridor, broncoespasmo, hipotensión, múltiples picaduras con toxicidad sistémica.",,SIN_UMBRAL_INGESTA_UNICO,,SDTE_NO_AUTOMATIZAR,"Retirar aguijón cuando esté presente, limpiar, analgesia/frío local; tratar anafilaxia inmediatamente.","Lavar la zona y retirar espinas/aguijones/tentáculos solo con la técnica apropiada para la especie. Evitar incisiones, succión y torniquetes en mordeduras de serpiente.",Adrenalina IM para anafilaxia según protocolo; soporte de toxicidad por múltiples picaduras.,Adrenalina para anafilaxia.,,"Evaluación seriada de edema/dolor, signos vitales, estado neurológico y laboratorio dirigido (hemograma, coagulación, función renal, CK) según síndrome.","UCI si anafilaxia, shock, neurotoxicidad progresiva, coagulopatía, rabdomiólisis, insuficiencia respiratoria o falla orgánica.",NCBI Bookshelf - Insect Bites,https://www.ncbi.nlm.nih.gov/books/NBK537235/,"Morán Chorro I, Baldirà Martínez de Irujo J, Marruecos-Sant L, Nogué Xarau S. Toxicología Clínica. 2011.","Cap. 36, pp. 437–454",2026-09-04,VALIDADO_FUENTE_ABIERTA,
HIMENÓPTEROS,AVISPAS / AVISPONES,avispa; avispón; yellow jacket,Mundial,picadura,"Dolor y edema local; pueden picar repetidamente. Riesgo de anafilaxia y, con múltiples picaduras, hemólisis, rabdomiólisis y lesión renal.","Anafilaxia, compromiso de vía aérea, hipotensión, múltiples picaduras con toxicidad sistémica.",,SIN_UMBRAL_INGESTA_UNICO,,SDTE_NO_AUTOMATIZAR,"Limpieza, analgesia; tratamiento inmediato de anafilaxia y valoración hospitalaria si múltiples picaduras.","Lavar la zona y retirar espinas/aguijones/tentáculos solo con la técnica apropiada para la especie. Evitar incisiones, succión y torniquetes en mordeduras de serpiente.",Adrenalina IM para anafilaxia; soporte.,Adrenalina para anafilaxia.,,"Evaluación seriada de edema/dolor, signos vitales, estado neurológico y laboratorio dirigido (hemograma, coagulación, función renal, CK) según síndrome.","UCI si anafilaxia, shock, neurotoxicidad progresiva, coagulopatía, rabdomiólisis, insuficiencia respiratoria o falla orgánica.",NCBI Bookshelf - Insect Bites,https://www.ncbi.nlm.nih.gov/books/NBK537235/,"Morán Chorro I, Baldirà Martínez de Irujo J, Marruecos-Sant L, Nogué Xarau S. Toxicología Clínica. 2011.","Cap. 36, pp. 437–454",2026-09-04,VALIDADO_FUENTE_ABIERTA,
HIMENÓPTEROS,HORMIGA DE FUEGO,Solenopsis spp.; fire ant,América/zonas tropicales,picadura,"Dolor urente, eritema y pústula estéril típica; prurito. Puede desencadenar urticaria generalizada o anafilaxia.","Anafilaxia, broncoespasmo, hipotensión, edema de vía aérea.",,SIN_UMBRAL_INGESTA_UNICO,,SDTE_NO_AUTOMATIZAR,"Limpieza, frío local y control sintomático; anafilaxia según protocolo.","Lavar la zona y retirar espinas/aguijones/tentáculos solo con la técnica apropiada para la especie. Evitar incisiones, succión y torniquetes en mordeduras de serpiente.",Adrenalina IM si anafilaxia.,Adrenalina para anafilaxia.,,"Evaluación seriada de edema/dolor, signos vitales, estado neurológico y laboratorio dirigido (hemograma, coagulación, función renal, CK) según síndrome.","UCI si anafilaxia, shock, neurotoxicidad progresiva, coagulopatía, rabdomiólisis, insuficiencia respiratoria o falla orgánica.",NCBI Bookshelf - Insect Bites,https://www.ncbi.nlm.nih.gov/books/NBK537235/,"Morán Chorro I, Baldirà Martínez de Irujo J, Marruecos-Sant L, Nogué Xarau S. Toxicología Clínica. 2011.","Cap. 36, pp. 437–454",2026-09-04,VALIDADO_FUENTE_ABIERTA,
ORUGAS,LONOMIA SPP. / LONOMISMO,oruga Lonomia; lagarta espinhuda,Sudamérica,contacto con cerdas,"Dolor/ardor local seguido de cefalea, náuseas y, horas después, equimosis y sangrado cutáneo/mucoso por coagulopatía de consumo/fibrinólisis.","Hematuria, sangrado visceral, coagulopatía marcada, hemorragia intracraneal, lesión renal aguda.",,SIN_UMBRAL_INGESTA_UNICO,,SDTE_NO_AUTOMATIZAR,"Traslado urgente; hemograma, coagulación, fibrinógeno y función renal; evitar procedimientos invasivos innecesarios.","Lavar la zona y retirar espinas/aguijones/tentáculos solo con la técnica apropiada para la especie. Evitar incisiones, succión y torniquetes en mordeduras de serpiente.",Suero antilonómico en envenenamiento moderado-grave donde esté disponible y según protocolo especializado.,Suero antilonómico.,,"Evaluación seriada de edema/dolor, signos vitales, estado neurológico y laboratorio dirigido (hemograma, coagulación, función renal, CK) según síndrome.","UCI si anafilaxia, shock, neurotoxicidad progresiva, coagulopatía, rabdomiólisis, insuficiencia respiratoria o falla orgánica.",Ministerio da Saúde do Brasil - Acidentes por Lagartas,https://www.gov.br/saude/pt-br/assuntos/saude-de-a-a-z/a/animais-peconhentos/acidentes-por-lagartas/acidentes-por-lagartas/,"Morán Chorro I, Baldirà Martínez de Irujo J, Marruecos-Sant L, Nogué Xarau S. Toxicología Clínica. 2011.","Cap. 36, pp. 437–454",2026-09-04,VALIDADO_FUENTE_ABIERTA,
ORUGAS,MEGALOPYGE / ORUGA PELUDA URTICANTE,puss caterpillar; Megalopygidae,América,contacto con cerdas,"Dolor urente intenso, eritema y edema; puede haber cefalea, náuseas, espasmos y adenopatías.","Dolor desproporcionado, reacción sistémica o anafilaxia.",,SIN_UMBRAL_INGESTA_UNICO,,SDTE_NO_AUTOMATIZAR,"Retirar cerdas adheridas sin frotar, limpieza y analgesia; tratar reacción alérgica si aparece.","Lavar la zona y retirar espinas/aguijones/tentáculos solo con la técnica apropiada para la especie. Evitar incisiones, succión y torniquetes en mordeduras de serpiente.",No hay antiveneno de uso habitual; manejo sintomático.,Ninguno específico.,,"Evaluación seriada de edema/dolor, signos vitales, estado neurológico y laboratorio dirigido (hemograma, coagulación, función renal, CK) según síndrome.","UCI si anafilaxia, shock, neurotoxicidad progresiva, coagulopatía, rabdomiólisis, insuficiencia respiratoria o falla orgánica.",Ministerio da Saúde do Brasil - Acidentes por Lagartas,https://www.gov.br/saude/pt-br/assuntos/saude-de-a-a-z/a/animais-peconhentos/acidentes-por-lagartas/acidentes-por-lagartas/,"Morán Chorro I, Baldirà Martínez de Irujo J, Marruecos-Sant L, Nogué Xarau S. Toxicología Clínica. 2011.","Cap. 36, pp. 437–454",2026-09-04,VALIDADO_FUENTE_ABIERTA,
ARTRÓPODOS,PARÁLISIS POR GARRAPATA,tick paralysis,Mundial,adherencia de garrapata,Debilidad ascendente y ataxia que progresa a arreflexia y parálisis flácida; puede comprometer respiración. Suele mejorar tras retirar la garrapata.,"Debilidad bulbar o respiratoria, progresión rápida de parálisis.",,SIN_UMBRAL_INGESTA_UNICO,,SDTE_NO_AUTOMATIZAR,Búsqueda corporal completa y retirada cuidadosa de la garrapata; soporte respiratorio si es necesario.,"Lavar la zona y retirar espinas/aguijones/tentáculos solo con la técnica apropiada para la especie. Evitar incisiones, succión y torniquetes en mordeduras de serpiente.",No hay antídoto universal; soporte y retirada del artrópodo.,Ninguno específico.,,"Evaluación seriada de edema/dolor, signos vitales, estado neurológico y laboratorio dirigido (hemograma, coagulación, función renal, CK) según síndrome.","UCI si anafilaxia, shock, neurotoxicidad progresiva, coagulopatía, rabdomiólisis, insuficiencia respiratoria o falla orgánica.",CDC Yellow Book 2026 - Poisonings/Envenomations,https://www.ncbi.nlm.nih.gov/books/NBK620956/,"Morán Chorro I, Baldirà Martínez de Irujo J, Marruecos-Sant L, Nogué Xarau S. Toxicología Clínica. 2011.","Cap. 36, pp. 437–454",2026-09-04,VALIDADO_FUENTE_ABIERTA,
MARINOS,MEDUSA / CNIDARIO NO IDENTIFICADO,jellyfish; aguaviva,Mundial,contacto con tentáculos,"Dolor urente, lesiones lineales urticariales y prurito. Casos moderados-graves: náuseas, calambres, broncoespasmo, hipotensión, anafilaxia, edema pulmonar o arritmias.","Dificultad respiratoria, hipotensión, dolor torácico, alteración de conciencia o afectación extensa.",,SIN_UMBRAL_INGESTA_UNICO,,SDTE_NO_AUTOMATIZAR,"Retirar de la exposición, evitar frotar; manejo de tentáculos y lavado según especie/región; analgesia y soporte.","Lavar la zona y retirar espinas/aguijones/tentáculos solo con la técnica apropiada para la especie. Evitar incisiones, succión y torniquetes en mordeduras de serpiente.",El tratamiento de primeros auxilios depende de la especie; consultar protocolo local.,Antiveneno solo para especies concretas.,,"Evaluación seriada de edema/dolor, signos vitales, estado neurológico y laboratorio dirigido (hemograma, coagulación, función renal, CK) según síndrome.","UCI si anafilaxia, shock, neurotoxicidad progresiva, coagulopatía, rabdomiólisis, insuficiencia respiratoria o falla orgánica.",NCBI Bookshelf - Cnidaria Toxicity,https://www.ncbi.nlm.nih.gov/books/NBK538170/,"Morán Chorro I, Baldirà Martínez de Irujo J, Marruecos-Sant L, Nogué Xarau S. Toxicología Clínica. 2011.","Cap. 36, pp. 451–454",2026-09-04,VALIDADO_FUENTE_ABIERTA,
MARINOS,FRAGATA PORTUGUESA (PHYSALIA PHYSALIS),carabela portuguesa; Portuguese man-of-war,Chile y costas templado-tropicales,contacto con tentáculos,"Dolor intenso tipo quemadura, eritema/ronchas lineales, edema; puede haber dolor abdominal, náuseas/vómitos, calambres, fasciculaciones, disnea, broncoespasmo, precordalgia y arritmias.","Disnea, broncoespasmo, dolor torácico, arritmia, síncope, anafilaxia o compromiso extenso.",,SIN_UMBRAL_INGESTA_UNICO,,SDTE_NO_AUTOMATIZAR,"Según MINSAL Chile: vinagre/ácido acético 4–6% 15–30 min si disponible, retirar tentáculos con protección, agua de mar si no hay vinagre y luego agua caliente ~45 °C por 20 min para dolor. No usar agua dulce ni frotar.","Lavar la zona y retirar espinas/aguijones/tentáculos solo con la técnica apropiada para la especie. Evitar incisiones, succión y torniquetes en mordeduras de serpiente.",Tratamiento sintomático; soporte de anafilaxia/cardiorrespiratorio si corresponde.,Ninguno específico.,,"Evaluación seriada de edema/dolor, signos vitales, estado neurológico y laboratorio dirigido (hemograma, coagulación, función renal, CK) según síndrome.","UCI si anafilaxia, shock, neurotoxicidad progresiva, coagulopatía, rabdomiólisis, insuficiencia respiratoria o falla orgánica.",MINSAL Chile - Fragata Portuguesa 2025-2026,https://www.minsal.cl/campana-verano-2025-2026-fragata-portuguesa/,"Morán Chorro I, Baldirà Martínez de Irujo J, Marruecos-Sant L, Nogué Xarau S. Toxicología Clínica. 2011.","Cap. 36, pp. 451–454",2026-09-04,VALIDADO_FUENTE_ABIERTA,
MARINOS,MEDUSA CAJA (CHIRONEX SPP.),box jellyfish; sea wasp,Australia/Indo-Pacífico,contacto con tentáculos,"Dolor extremo y marcas lineales; envenenamiento importante puede causar colapso cardiovascular, arritmias y paro en minutos.","Colapso, arritmia, hipotensión, paro cardíaco, compromiso extenso.",,SIN_UMBRAL_INGESTA_UNICO,,SDTE_NO_AUTOMATIZAR,"Retirada rápida del agua, RCP si precisa; inactivar nematocistos y tratar según protocolo regional; analgesia y soporte avanzado.","Lavar la zona y retirar espinas/aguijones/tentáculos solo con la técnica apropiada para la especie. Evitar incisiones, succión y torniquetes en mordeduras de serpiente.",Antiveneno Chironex disponible en algunas regiones; uso según protocolo local.,Antiveneno Chironex donde esté disponible.,,"Evaluación seriada de edema/dolor, signos vitales, estado neurológico y laboratorio dirigido (hemograma, coagulación, función renal, CK) según síndrome.","UCI si anafilaxia, shock, neurotoxicidad progresiva, coagulopatía, rabdomiólisis, insuficiencia respiratoria o falla orgánica.",CDC Yellow Book 2026 - Poisonings/Envenomations,https://www.ncbi.nlm.nih.gov/books/NBK620956/,"Morán Chorro I, Baldirà Martínez de Irujo J, Marruecos-Sant L, Nogué Xarau S. Toxicología Clínica. 2011.","Cap. 36, pp. 451–454",2026-09-04,VALIDADO_FUENTE_ABIERTA,
MARINOS,SÍNDROME IRUKANDJI,Carukia barnesi; jellyfish Irukandji,Australia/Indo-Pacífico,picadura,"Dolor local inicial a veces leve seguido de dolor lumbar/abdominal intenso, náuseas, vómitos, diaforesis, ansiedad, hipertensión y taquicardia.","Hipertensión extrema, edema pulmonar, arritmias, cardiomiopatía.",,SIN_UMBRAL_INGESTA_UNICO,,SDTE_NO_AUTOMATIZAR,"Analgesia potente, control de hipertensión y soporte cardiorrespiratorio en entorno monitorizado.","Lavar la zona y retirar espinas/aguijones/tentáculos solo con la técnica apropiada para la especie. Evitar incisiones, succión y torniquetes en mordeduras de serpiente.",No hay antiveneno específico de uso clínico habitual.,Ninguno específico.,,"Evaluación seriada de edema/dolor, signos vitales, estado neurológico y laboratorio dirigido (hemograma, coagulación, función renal, CK) según síndrome.","UCI si anafilaxia, shock, neurotoxicidad progresiva, coagulopatía, rabdomiólisis, insuficiencia respiratoria o falla orgánica.",NCBI Bookshelf - Cnidaria Toxicity,https://www.ncbi.nlm.nih.gov/books/NBK538170/,"Morán Chorro I, Baldirà Martínez de Irujo J, Marruecos-Sant L, Nogué Xarau S. Toxicología Clínica. 2011.","Cap. 36, pp. 451–454",2026-09-04,VALIDADO_FUENTE_ABIERTA,
MARINOS,PEZ PIEDRA (SYNANCEIA),stonefish,Indo-Pacífico / viaje,punción por espina,"Dolor excruciante, edema rápidamente progresivo y coloración azulada; puede haber vómitos, arritmias, presión inestable, confusión, convulsiones y falla cardíaca.","Dolor intratable, edema progresivo, arritmias, hipotensión, convulsiones o shock.",,SIN_UMBRAL_INGESTA_UNICO,,SDTE_NO_AUTOMATIZAR,"Inmersión en agua caliente tolerable, analgesia, limpieza/exploración de herida y soporte; actualizar tétanos.","Lavar la zona y retirar espinas/aguijones/tentáculos solo con la técnica apropiada para la especie. Evitar incisiones, succión y torniquetes en mordeduras de serpiente.",Antiveneno de pez piedra donde esté disponible y en envenenamiento significativo.,Antiveneno stonefish regional.,,"Evaluación seriada de edema/dolor, signos vitales, estado neurológico y laboratorio dirigido (hemograma, coagulación, función renal, CK) según síndrome.","UCI si anafilaxia, shock, neurotoxicidad progresiva, coagulopatía, rabdomiólisis, insuficiencia respiratoria o falla orgánica.",CDC Yellow Book 2026 - Poisonings/Envenomations,https://www.ncbi.nlm.nih.gov/books/NBK620956/,"Morán Chorro I, Baldirà Martínez de Irujo J, Marruecos-Sant L, Nogué Xarau S. Toxicología Clínica. 2011.","Cap. 36, pp. 451–454",2026-09-04,VALIDADO_FUENTE_ABIERTA,
MARINOS,PEZ LEÓN / PEZ ESCORPIÓN,lionfish; scorpionfish,Tropical/subtropical,punción por espina,"Dolor intenso, eritema, edema y parestesias; ocasionalmente náuseas, debilidad, síncope o alteraciones hemodinámicas.","Hipotensión, dolor refractario, edema extenso, compromiso sistémico.",,SIN_UMBRAL_INGESTA_UNICO,,SDTE_NO_AUTOMATIZAR,"Inmersión en agua caliente, analgesia, limpieza, búsqueda de espinas retenidas y profilaxis antitetánica según corresponda.","Lavar la zona y retirar espinas/aguijones/tentáculos solo con la técnica apropiada para la especie. Evitar incisiones, succión y torniquetes en mordeduras de serpiente.",No suele requerir antiveneno; soporte.,Ninguno específico de uso habitual.,,"Evaluación seriada de edema/dolor, signos vitales, estado neurológico y laboratorio dirigido (hemograma, coagulación, función renal, CK) según síndrome.","UCI si anafilaxia, shock, neurotoxicidad progresiva, coagulopatía, rabdomiólisis, insuficiencia respiratoria o falla orgánica.",NCBI Bookshelf - Lionfish/Scorpionfish/Stonefish Toxicity,https://www.ncbi.nlm.nih.gov/books/NBK482204/,"Morán Chorro I, Baldirà Martínez de Irujo J, Marruecos-Sant L, Nogué Xarau S. Toxicología Clínica. 2011.","Cap. 36, pp. 451–454",2026-09-04,VALIDADO_FUENTE_ABIERTA,
MARINOS,RAYA / STINGRAY,raya marina; stingray,Mundial,punción/laceración por aguijón,"Dolor intenso, herida punzante/lacerante, sangrado, edema; puede haber náuseas, vómitos, síncope, hipotensión, arritmias y espasmos.","Herida torácica/abdominal, hemorragia importante, hipotensión, cuerpo extraño retenido.",,SIN_UMBRAL_INGESTA_UNICO,,SDTE_NO_AUTOMATIZAR,"Control de hemorragia, agua caliente para dolor, irrigación/exploración, imagen si sospecha de espina retenida y profilaxis antitetánica.","Lavar la zona y retirar espinas/aguijones/tentáculos solo con la técnica apropiada para la especie. Evitar incisiones, succión y torniquetes en mordeduras de serpiente.",No hay antiveneno específico.,Ninguno específico.,,"Evaluación seriada de edema/dolor, signos vitales, estado neurológico y laboratorio dirigido (hemograma, coagulación, función renal, CK) según síndrome.","UCI si anafilaxia, shock, neurotoxicidad progresiva, coagulopatía, rabdomiólisis, insuficiencia respiratoria o falla orgánica.",CDC Yellow Book 2026 - Poisonings/Envenomations,https://www.ncbi.nlm.nih.gov/books/NBK620956/,"Morán Chorro I, Baldirà Martínez de Irujo J, Marruecos-Sant L, Nogué Xarau S. Toxicología Clínica. 2011.","Cap. 36, pp. 451–454",2026-09-04,VALIDADO_FUENTE_ABIERTA,
MARINOS,CARACOL CONO (CONUS SPP.),cone snail,Tropical Indo-Pacífico,punción por arpón,"Dolor o adormecimiento local, parestesias, debilidad, alteraciones visuales y progresión a parálisis generalizada, insuficiencia respiratoria, coma o colapso cardiovascular.","Debilidad progresiva, parálisis, hipoventilación, coma.",,SIN_UMBRAL_INGESTA_UNICO,,SDTE_NO_AUTOMATIZAR,"Inmovilización, traslado urgente, vigilancia y soporte ventilatorio/hemodinámico precoz.","Lavar la zona y retirar espinas/aguijones/tentáculos solo con la técnica apropiada para la especie. Evitar incisiones, succión y torniquetes en mordeduras de serpiente.",No existe antiveneno efectivo; soporte intensivo.,Ninguno específico.,,"Evaluación seriada de edema/dolor, signos vitales, estado neurológico y laboratorio dirigido (hemograma, coagulación, función renal, CK) según síndrome.","UCI si anafilaxia, shock, neurotoxicidad progresiva, coagulopatía, rabdomiólisis, insuficiencia respiratoria o falla orgánica.",NCBI Bookshelf - Cone Snail Toxicity,https://www.ncbi.nlm.nih.gov/books/NBK470586/,"Morán Chorro I, Baldirà Martínez de Irujo J, Marruecos-Sant L, Nogué Xarau S. Toxicología Clínica. 2011.","Cap. 36, pp. 451–454",2026-09-04,VALIDADO_FUENTE_ABIERTA,
MARINOS,PULPO DE ANILLOS AZULES,Hapalochlaena; blue-ringed octopus,Indo-Pacífico,mordedura,"Mordedura a veces poco dolorosa seguida de parestesias, debilidad, parálisis flácida y falla respiratoria por tetrodotoxina; conciencia puede preservarse inicialmente.","Parálisis bulbar/respiratoria, apnea, hipotensión.",,SIN_UMBRAL_INGESTA_UNICO,,SDTE_NO_AUTOMATIZAR,Soporte ventilatorio inmediato y RCP si precisa; monitorización intensiva.,"Lavar la zona y retirar espinas/aguijones/tentáculos solo con la técnica apropiada para la especie. Evitar incisiones, succión y torniquetes en mordeduras de serpiente.",No hay antiveneno; soporte hasta resolución de la toxina.,Ninguno específico.,,"Evaluación seriada de edema/dolor, signos vitales, estado neurológico y laboratorio dirigido (hemograma, coagulación, función renal, CK) según síndrome.","UCI si anafilaxia, shock, neurotoxicidad progresiva, coagulopatía, rabdomiólisis, insuficiencia respiratoria o falla orgánica.",CDC Yellow Book 2026 - Poisonings/Envenomations,https://www.ncbi.nlm.nih.gov/books/NBK620956/,"Morán Chorro I, Baldirà Martínez de Irujo J, Marruecos-Sant L, Nogué Xarau S. Toxicología Clínica. 2011.","Cap. 36, pp. 451–454",2026-09-04,VALIDADO_FUENTE_ABIERTA,
MARINOS,ERIZO DE MAR,sea urchin,Mundial,punción por espinas,"Dolor, edema, eritema y espinas retenidas; algunas especies causan parestesias, debilidad o síntomas sistémicos.","Dolor persistente, infección, compromiso articular/tendinoso, síntomas neurológicos o anafilaxia.",,SIN_UMBRAL_INGESTA_UNICO,,SDTE_NO_AUTOMATIZAR,"Agua caliente para dolor, limpieza, evaluación de espinas retenidas y de estructuras profundas; tétanos según corresponda.","Lavar la zona y retirar espinas/aguijones/tentáculos solo con la técnica apropiada para la especie. Evitar incisiones, succión y torniquetes en mordeduras de serpiente.",No hay antiveneno específico.,Ninguno específico.,,"Evaluación seriada de edema/dolor, signos vitales, estado neurológico y laboratorio dirigido (hemograma, coagulación, función renal, CK) según síndrome.","UCI si anafilaxia, shock, neurotoxicidad progresiva, coagulopatía, rabdomiólisis, insuficiencia respiratoria o falla orgánica.",WHO Animal Bites / Invertebrates,https://www.who.int/news-room/fact-sheets/detail/animal-bites,"Morán Chorro I, Baldirà Martínez de Irujo J, Marruecos-Sant L, Nogué Xarau S. Toxicología Clínica. 2011.","Cap. 36, pp. 451–454",2026-09-04,VALIDADO_FUENTE_ABIERTA,
MARINOS,ESTRELLA CORONA DE ESPINAS,crown-of-thorns starfish; Acanthaster,Indo-Pacífico,punción por espinas,"Dolor intenso, edema, eritema y posible náusea/vómito; espinas pueden quedar retenidas.","Compromiso sistémico, anafilaxia o lesión profunda.",,SIN_UMBRAL_INGESTA_UNICO,,SDTE_NO_AUTOMATIZAR,"Agua caliente, analgesia, limpieza y extracción de espinas accesibles; valoración de herida profunda.","Lavar la zona y retirar espinas/aguijones/tentáculos solo con la técnica apropiada para la especie. Evitar incisiones, succión y torniquetes en mordeduras de serpiente.",No hay antiveneno específico.,Ninguno específico.,,"Evaluación seriada de edema/dolor, signos vitales, estado neurológico y laboratorio dirigido (hemograma, coagulación, función renal, CK) según síndrome.","UCI si anafilaxia, shock, neurotoxicidad progresiva, coagulopatía, rabdomiólisis, insuficiencia respiratoria o falla orgánica.",CDC Yellow Book 2026 - Poisonings/Envenomations,https://www.ncbi.nlm.nih.gov/books/NBK620956/,"Morán Chorro I, Baldirà Martínez de Irujo J, Marruecos-Sant L, Nogué Xarau S. Toxicología Clínica. 2011.","Cap. 36, pp. 451–454",2026-09-04,VALIDADO_FUENTE_ABIERTA,
MARINOS,ANÉMONA / CORAL DE FUEGO,sea anemone; fire coral,Tropical/subtropical,contacto cutáneo,"Dolor/ardor, eritema, pápulas o lesiones lineales; ocasional broncoespasmo o reacción alérgica sistémica.","Anafilaxia, broncoespasmo, compromiso ocular o afectación extensa.",,SIN_UMBRAL_INGESTA_UNICO,,SDTE_NO_AUTOMATIZAR,"Irrigar según protocolo marino, retirar material adherido sin frotar, analgesia y manejo de reacción alérgica.","Lavar la zona y retirar espinas/aguijones/tentáculos solo con la técnica apropiada para la especie. Evitar incisiones, succión y torniquetes en mordeduras de serpiente.",No hay antiveneno específico.,Ninguno específico.,,"Evaluación seriada de edema/dolor, signos vitales, estado neurológico y laboratorio dirigido (hemograma, coagulación, función renal, CK) según síndrome.","UCI si anafilaxia, shock, neurotoxicidad progresiva, coagulopatía, rabdomiólisis, insuficiencia respiratoria o falla orgánica.",WHO Animal Bites / Invertebrates,https://www.who.int/news-room/fact-sheets/detail/animal-bites,"Morán Chorro I, Baldirà Martínez de Irujo J, Marruecos-Sant L, Nogué Xarau S. Toxicología Clínica. 2011.","Cap. 36, pp. 451–454",2026-09-04,VALIDADO_FUENTE_ABIERTA,
MARINOS,PEZ GATO VENENOSO / CATFISH,venomous catfish spine,Mundial,punción por espina,"Dolor intenso, edema y herida punzante; espina retenida e infección son complicaciones relevantes.","Herida profunda, cuerpo extraño, neurovascular comprometido, infección sistémica.",,SIN_UMBRAL_INGESTA_UNICO,,SDTE_NO_AUTOMATIZAR,"Agua caliente, analgesia, irrigación/exploración y extracción de espina si procede; tétanos.","Lavar la zona y retirar espinas/aguijones/tentáculos solo con la técnica apropiada para la especie. Evitar incisiones, succión y torniquetes en mordeduras de serpiente.",No hay antiveneno específico.,Ninguno específico.,,"Evaluación seriada de edema/dolor, signos vitales, estado neurológico y laboratorio dirigido (hemograma, coagulación, función renal, CK) según síndrome.","UCI si anafilaxia, shock, neurotoxicidad progresiva, coagulopatía, rabdomiólisis, insuficiencia respiratoria o falla orgánica.",CDC Yellow Book 2026 - Poisonings/Envenomations,https://www.ncbi.nlm.nih.gov/books/NBK620956/,"Morán Chorro I, Baldirà Martínez de Irujo J, Marruecos-Sant L, Nogué Xarau S. Toxicología Clínica. 2011.","Cap. 36, pp. 451–454",2026-09-04,VALIDADO_FUENTE_ABIERTA,
MARINOS,PEZ ARAÑA / WEEVERFISH,weever fish,Atlántico/Mediterráneo,punción por espina,"Dolor intenso inmediato, edema y eritema; puede acompañarse de cefalea, náuseas, debilidad o síncope.","Dolor refractario, edema progresivo, síncope/hipotensión.",,SIN_UMBRAL_INGESTA_UNICO,,SDTE_NO_AUTOMATIZAR,"Agua caliente, analgesia y cuidado de herida; valorar espina retenida.","Lavar la zona y retirar espinas/aguijones/tentáculos solo con la técnica apropiada para la especie. Evitar incisiones, succión y torniquetes en mordeduras de serpiente.",No hay antiveneno específico.,Ninguno específico.,,"Evaluación seriada de edema/dolor, signos vitales, estado neurológico y laboratorio dirigido (hemograma, coagulación, función renal, CK) según síndrome.","UCI si anafilaxia, shock, neurotoxicidad progresiva, coagulopatía, rabdomiólisis, insuficiencia respiratoria o falla orgánica.",CDC Yellow Book 2026 - Poisonings/Envenomations,https://www.ncbi.nlm.nih.gov/books/NBK620956/,"Morán Chorro I, Baldirà Martínez de Irujo J, Marruecos-Sant L, Nogué Xarau S. Toxicología Clínica. 2011.","Cap. 36, pp. 451–454",2026-09-04,VALIDADO_FUENTE_ABIERTA,
MARINOS,TETRODOTOXINA / PEZ GLOBO,fugu; pufferfish; tetrodotoxin,Asia/océanos / alimentos,ingestión,"Parestesias periorales, náuseas, debilidad, ataxia y progresión a parálisis flácida; puede ocurrir apnea con conciencia preservada.","Debilidad bulbar, hipoventilación/apnea, bradicardia/hipotensión.",,SIN_UMBRAL_INGESTA_UNICO,,SDTE_NO_AUTOMATIZAR,Soporte ABC y ventilación mecánica si precisa; vigilancia intensiva.,"Lavar la zona y retirar espinas/aguijones/tentáculos solo con la técnica apropiada para la especie. Evitar incisiones, succión y torniquetes en mordeduras de serpiente.",No existe antídoto específico.,Ninguno específico.,,"Evaluación seriada de edema/dolor, signos vitales, estado neurológico y laboratorio dirigido (hemograma, coagulación, función renal, CK) según síndrome.","UCI si anafilaxia, shock, neurotoxicidad progresiva, coagulopatía, rabdomiólisis, insuficiencia respiratoria o falla orgánica.",CDC Yellow Book 2026 - Marine Toxins,https://www.cdc.gov/yellow-book/hcp/environmental-hazards-risks/food-poisoning-from-marine-toxins.html,"Morán Chorro I, Baldirà Martínez de Irujo J, Marruecos-Sant L, Nogué Xarau S. Toxicología Clínica. 2011.","Cap. 36, pp. 451–454",2026-09-04,VALIDADO_FUENTE_ABIERTA,
MARINOS,PALITOXINA / ZOÁNTIDOS,palytoxin; coral zoanthid,Acuarios/arrecifes,inhalación/aerosol/contacto/ingestión,"Irritación ocular y respiratoria, tos, disnea, dolor torácico, fiebre, mialgias; exposiciones intensas pueden causar broncoespasmo y toxicidad sistémica.","Hipoxemia, broncoespasmo grave, dolor torácico, arritmias.",,SIN_UMBRAL_INGESTA_UNICO,,SDTE_NO_AUTOMATIZAR,"Retirar de exposición, irrigación ocular/cutánea y soporte respiratorio; valoración hospitalaria si síntomas respiratorios.","Lavar la zona y retirar espinas/aguijones/tentáculos solo con la técnica apropiada para la especie. Evitar incisiones, succión y torniquetes en mordeduras de serpiente.",No hay antídoto específico.,Ninguno específico.,,"Evaluación seriada de edema/dolor, signos vitales, estado neurológico y laboratorio dirigido (hemograma, coagulación, función renal, CK) según síndrome.","UCI si anafilaxia, shock, neurotoxicidad progresiva, coagulopatía, rabdomiólisis, insuficiencia respiratoria o falla orgánica.",CDC Yellow Book 2026 - Poisonings/Envenomations,https://www.ncbi.nlm.nih.gov/books/NBK620956/,"Morán Chorro I, Baldirà Martínez de Irujo J, Marruecos-Sant L, Nogué Xarau S. Toxicología Clínica. 2011.","Cap. 36, pp. 451–454",2026-09-04,VALIDADO_FUENTE_ABIERTA,
TOXINAS MARINAS,CIGUATERA,ciguatoxina; ciguatera fish poisoning,Tropical/subtropical,ingestión de pez de arrecife,"Gastroenteritis seguida de parestesias, disestesias, prurito y alteraciones de temperatura; puede haber bradicardia e hipotensión. Síntomas neurológicos pueden persistir.","Bradicardia sintomática, hipotensión, debilidad marcada, deshidratación o compromiso respiratorio.",,SIN_UMBRAL_INGESTA_UNICO,,SDTE_NO_AUTOMATIZAR,"Soporte, hidratación y tratamiento sintomático; monitorizar hemodinamia en casos moderados-graves.","Lavar la zona y retirar espinas/aguijones/tentáculos solo con la técnica apropiada para la especie. Evitar incisiones, succión y torniquetes en mordeduras de serpiente.",No existe antídoto específico demostrado.,Ninguno específico.,,"Evaluación seriada de edema/dolor, signos vitales, estado neurológico y laboratorio dirigido (hemograma, coagulación, función renal, CK) según síndrome.","UCI si anafilaxia, shock, neurotoxicidad progresiva, coagulopatía, rabdomiólisis, insuficiencia respiratoria o falla orgánica.",CDC Yellow Book 2026 - Marine Toxins,https://www.cdc.gov/yellow-book/hcp/environmental-hazards-risks/food-poisoning-from-marine-toxins.html,"Morán Chorro I, Baldirà Martínez de Irujo J, Marruecos-Sant L, Nogué Xarau S. Toxicología Clínica. 2011.","Cap. 36 (animales marinos), pp. 451–454; complemento con fuentes abiertas actuales",2026-09-04,VALIDADO_FUENTE_ABIERTA,
TOXINAS MARINAS,INTOXICACIÓN ESCOMBROIDE,histamina por pescado; scombroid,Chile y mundial,ingestión de pescado mal refrigerado,"Inicio rápido con rubor facial/torácico, cefalea, urticaria/prurito, palpitaciones, dolor abdominal, diarrea y a veces sibilancias.","Hipotensión, broncoespasmo importante, arritmia.",,SIN_UMBRAL_INGESTA_UNICO,,SDTE_NO_AUTOMATIZAR,Antihistamínicos y soporte; tratar anafilaxia si el fenotipo lo requiere.,"Lavar la zona y retirar espinas/aguijones/tentáculos solo con la técnica apropiada para la especie. Evitar incisiones, succión y torniquetes en mordeduras de serpiente.",Antihistamínicos H1; adrenalina si anafilaxia.,Antihistamínicos; adrenalina si anafilaxia.,,"Evaluación seriada de edema/dolor, signos vitales, estado neurológico y laboratorio dirigido (hemograma, coagulación, función renal, CK) según síndrome.","UCI si anafilaxia, shock, neurotoxicidad progresiva, coagulopatía, rabdomiólisis, insuficiencia respiratoria o falla orgánica.",CDC Yellow Book 2026 - Marine Toxins,https://www.cdc.gov/yellow-book/hcp/environmental-hazards-risks/food-poisoning-from-marine-toxins.html,"Morán Chorro I, Baldirà Martínez de Irujo J, Marruecos-Sant L, Nogué Xarau S. Toxicología Clínica. 2011.","Cap. 36 (animales marinos), pp. 451–454; complemento con fuentes abiertas actuales",2026-09-04,VALIDADO_FUENTE_ABIERTA,
TOXINAS MARINAS,VENENO PARALIZANTE DE MARISCOS (VPM),saxitoxina; paralytic shellfish poisoning,Chile y mundial,ingestión de mariscos,"Parestesias periorales, debilidad, mareo, disfagia y progresión a parálisis; puede coexistir gastroenteritis.","Parálisis respiratoria, debilidad bulbar, hipoxemia.",,SIN_UMBRAL_INGESTA_UNICO,,SDTE_NO_AUTOMATIZAR,Soporte respiratorio y vigilancia intensiva si síntomas neurológicos.,"Lavar la zona y retirar espinas/aguijones/tentáculos solo con la técnica apropiada para la especie. Evitar incisiones, succión y torniquetes en mordeduras de serpiente.",No hay antídoto específico.,Ninguno específico.,,"Evaluación seriada de edema/dolor, signos vitales, estado neurológico y laboratorio dirigido (hemograma, coagulación, función renal, CK) según síndrome.","UCI si anafilaxia, shock, neurotoxicidad progresiva, coagulopatía, rabdomiólisis, insuficiencia respiratoria o falla orgánica.",MINSAL Chile - Marea Roja,https://www.minsal.cl/previene-intoxicaciones-por-marea-roja/,"Morán Chorro I, Baldirà Martínez de Irujo J, Marruecos-Sant L, Nogué Xarau S. Toxicología Clínica. 2011.","Cap. 36 (animales marinos), pp. 451–454; complemento con fuentes abiertas actuales",2026-09-04,VALIDADO_FUENTE_ABIERTA,
TOXINAS MARINAS,VENENO AMNÉSICO DE MARISCOS (VAM),ácido domoico; amnesic shellfish poisoning,Chile y mundial,ingestión de mariscos,"Gastroenteritis seguida de cefalea, confusión, alteración de memoria y, en casos graves, convulsiones o coma.","Convulsiones, alteración importante de conciencia, amnesia persistente.",,SIN_UMBRAL_INGESTA_UNICO,,SDTE_NO_AUTOMATIZAR,"Soporte, control de convulsiones y monitorización neurológica.","Lavar la zona y retirar espinas/aguijones/tentáculos solo con la técnica apropiada para la especie. Evitar incisiones, succión y torniquetes en mordeduras de serpiente.",No hay antídoto específico.,Ninguno específico.,,"Evaluación seriada de edema/dolor, signos vitales, estado neurológico y laboratorio dirigido (hemograma, coagulación, función renal, CK) según síndrome.","UCI si anafilaxia, shock, neurotoxicidad progresiva, coagulopatía, rabdomiólisis, insuficiencia respiratoria o falla orgánica.",MINSAL Chile - Marea Roja,https://www.minsal.cl/previene-intoxicaciones-por-marea-roja/,"Morán Chorro I, Baldirà Martínez de Irujo J, Marruecos-Sant L, Nogué Xarau S. Toxicología Clínica. 2011.","Cap. 36 (animales marinos), pp. 451–454; complemento con fuentes abiertas actuales",2026-09-04,VALIDADO_FUENTE_ABIERTA,
TOXINAS MARINAS,VENENO DIARREICO DE MARISCOS (VDM),ácido okadaico; diarrhetic shellfish poisoning,Chile y mundial,ingestión de mariscos,"Diarrea acuosa, dolor abdominal, náuseas y vómitos de inicio rápido; suele ser autolimitado.",Deshidratación importante o trastornos electrolíticos.,,SIN_UMBRAL_INGESTA_UNICO,,SDTE_NO_AUTOMATIZAR,Rehidratación y corrección de electrolitos; manejo sintomático.,"Lavar la zona y retirar espinas/aguijones/tentáculos solo con la técnica apropiada para la especie. Evitar incisiones, succión y torniquetes en mordeduras de serpiente.",No hay antídoto específico.,Ninguno específico.,,"Evaluación seriada de edema/dolor, signos vitales, estado neurológico y laboratorio dirigido (hemograma, coagulación, función renal, CK) según síndrome.","UCI si anafilaxia, shock, neurotoxicidad progresiva, coagulopatía, rabdomiólisis, insuficiencia respiratoria o falla orgánica.",MINSAL Chile - Marea Roja,https://www.minsal.cl/previene-intoxicaciones-por-marea-roja/,"Morán Chorro I, Baldirà Martínez de Irujo J, Marruecos-Sant L, Nogué Xarau S. Toxicología Clínica. 2011.","Cap. 36 (animales marinos), pp. 451–454; complemento con fuentes abiertas actuales",2026-09-04,VALIDADO_FUENTE_ABIERTA,
TOXINAS MARINAS,INTOXICACIÓN NEUROTÓXICA POR MARISCOS,brevetoxina; neurotoxic shellfish poisoning,Caribe/Golfo y otras zonas,ingestión de mariscos / aerosol de marea roja,"Gastroenteritis con parestesias, mareo y síntomas neurológicos; aerosoles pueden causar irritación respiratoria/broncoespasmo.","Broncoespasmo grave, debilidad marcada, compromiso respiratorio.",,SIN_UMBRAL_INGESTA_UNICO,,SDTE_NO_AUTOMATIZAR,"Soporte, broncodilatadores si broncoespasmo y manejo de hidratación.","Lavar la zona y retirar espinas/aguijones/tentáculos solo con la técnica apropiada para la especie. Evitar incisiones, succión y torniquetes en mordeduras de serpiente.",No hay antídoto específico.,Ninguno específico.,,"Evaluación seriada de edema/dolor, signos vitales, estado neurológico y laboratorio dirigido (hemograma, coagulación, función renal, CK) según síndrome.","UCI si anafilaxia, shock, neurotoxicidad progresiva, coagulopatía, rabdomiólisis, insuficiencia respiratoria o falla orgánica.",CDC Yellow Book 2026 - Marine Toxins,https://www.cdc.gov/yellow-book/hcp/environmental-hazards-risks/food-poisoning-from-marine-toxins.html,"Morán Chorro I, Baldirà Martínez de Irujo J, Marruecos-Sant L, Nogué Xarau S. Toxicología Clínica. 2011.","Cap. 36 (animales marinos), pp. 451–454; complemento con fuentes abiertas actuales",2026-09-04,VALIDADO_FUENTE_ABIERTA,
TOXINAS MARINAS,INTOXICACIÓN POR AZASPIRÁCIDOS,azaspiracid shellfish poisoning,Europa y mariscos importados,ingestión de mariscos,"Náuseas, vómitos, dolor abdominal y diarrea; predomina síndrome gastrointestinal.",Deshidratación significativa o alteraciones electrolíticas.,,SIN_UMBRAL_INGESTA_UNICO,,SDTE_NO_AUTOMATIZAR,Rehidratación y tratamiento sintomático.,"Lavar la zona y retirar espinas/aguijones/tentáculos solo con la técnica apropiada para la especie. Evitar incisiones, succión y torniquetes en mordeduras de serpiente.",No hay antídoto específico.,Ninguno específico.,,"Evaluación seriada de edema/dolor, signos vitales, estado neurológico y laboratorio dirigido (hemograma, coagulación, función renal, CK) según síndrome.","UCI si anafilaxia, shock, neurotoxicidad progresiva, coagulopatía, rabdomiólisis, insuficiencia respiratoria o falla orgánica.",CDC Yellow Book 2026 - Marine Toxins,https://www.cdc.gov/yellow-book/hcp/environmental-hazards-risks/food-poisoning-from-marine-toxins.html,"Morán Chorro I, Baldirà Martínez de Irujo J, Marruecos-Sant L, Nogué Xarau S. Toxicología Clínica. 2011.","Cap. 36 (animales marinos), pp. 451–454; complemento con fuentes abiertas actuales",2026-09-04,VALIDADO_FUENTE_ABIERTA,
ANIMALES,BUFOTOXINAS / SAPOS,Bufo/Rhinella; sapo; bufadienólidos,América y mundial,ingestión/contacto con secreciones,"Irritación oral, sialorrea, náuseas/vómitos; toxicidad sistémica puede causar bradicardia o taquiarritmias, hiperpotasemia y alteración neurológica por glucósidos cardiacos.","Arritmias, hiperpotasemia, hipotensión, alteración de conciencia.",,SIN_UMBRAL_INGESTA_UNICO,,SDTE_NO_AUTOMATIZAR,"Irrigar mucosas, ECG/electrolitos y soporte; tratar como toxicidad por glucósidos cardiacos cuando corresponda.","Lavar la zona y retirar espinas/aguijones/tentáculos solo con la técnica apropiada para la especie. Evitar incisiones, succión y torniquetes en mordeduras de serpiente.",Fragmentos Fab antidigoxina pueden considerarse en toxicidad grave por bufadienólidos con consulta toxicológica.,Fab antidigoxina en casos seleccionados.,,"Evaluación seriada de edema/dolor, signos vitales, estado neurológico y laboratorio dirigido (hemograma, coagulación, función renal, CK) según síndrome.","UCI si anafilaxia, shock, neurotoxicidad progresiva, coagulopatía, rabdomiólisis, insuficiencia respiratoria o falla orgánica.",CDC Yellow Book 2026 - Poisonings/Envenomations,https://www.ncbi.nlm.nih.gov/books/NBK620956/,"Morán Chorro I, Baldirà Martínez de Irujo J, Marruecos-Sant L, Nogué Xarau S. Toxicología Clínica. 2011.","Cap. 36, pp. 437–454",2026-09-04,VALIDADO_FUENTE_ABIERTA,
PLANTAS,ADELFA / OLEANDRO,Nerium oleander; Thevetia/Cascabela,Mundial,ingestión,"Náuseas, vómitos, dolor abdominal, mareo, debilidad y alteraciones visuales; puede causar bradicardia, bloqueos y arritmias por glucósidos cardiacos.","Arritmias, bradicardia grave, hiperpotasemia, hipotensión, síncope.",,SIN_UMBRAL_INGESTA_UNICO,,SDTE_NO_AUTOMATIZAR,"ECG, electrolitos y soporte; consulta toxicológica temprana.","Retirar restos vegetales de boca/piel. Carbón activado o descontaminación digestiva solo en ingestas relevantes y con vía aérea protegida, según toxicología.",Fragmentos Fab antidigoxina pueden utilizarse en toxicidad grave por glucósidos cardiacos.,Fab antidigoxina.,,"ECG, electrolitos, glucemia, función renal/hepática y monitorización dirigida al toxíndrome.","UCI si arritmias, shock, convulsiones, coma, insuficiencia respiratoria o toxicidad sistémica progresiva.",MedlinePlus - Oleander Poisoning,https://medlineplus.gov/ency/article/002884.htm,"Morán Chorro I, Baldirà Martínez de Irujo J, Marruecos-Sant L, Nogué Xarau S. Toxicología Clínica. 2011.","Cap. 28, pp. 347–364",2026-09-04,VALIDADO_FUENTE_ABIERTA,
PLANTAS,DIGITAL / FOXGLOVE,Digitalis purpurea,Mundial,ingestión,"Náuseas, vómitos, dolor abdominal, confusión, debilidad y alteraciones visuales con halos; bradicardia o arritmias variadas.","Bloqueo AV, arritmias ventriculares, hiperpotasemia, hipotensión.",,SIN_UMBRAL_INGESTA_UNICO,,SDTE_NO_AUTOMATIZAR,"ECG, electrolitos y soporte; valoración de toxicidad por glucósidos cardiacos.","Retirar restos vegetales de boca/piel. Carbón activado o descontaminación digestiva solo en ingestas relevantes y con vía aérea protegida, según toxicología.",Fragmentos Fab antidigoxina en toxicidad grave.,Fab antidigoxina.,,"ECG, electrolitos, glucemia, función renal/hepática y monitorización dirigida al toxíndrome.","UCI si arritmias, shock, convulsiones, coma, insuficiencia respiratoria o toxicidad sistémica progresiva.",MedlinePlus - Foxglove Poisoning,https://medlineplus.gov/ency/article/002878.htm,"Morán Chorro I, Baldirà Martínez de Irujo J, Marruecos-Sant L, Nogué Xarau S. Toxicología Clínica. 2011.","Cap. 28, pp. 347–364",2026-09-04,VALIDADO_FUENTE_ABIERTA,
PLANTAS,DATURA / BRUGMANSIA,estramonio; floripondio; jimsonweed,América y mundial,ingestión,"Toxidrome anticolinérgico: midriasis, visión borrosa, boca seca, piel caliente/seca, taquicardia, retención urinaria, agitación, delirium y alucinaciones.","Hipertermia, convulsiones, coma, arritmias, agitación grave.",,SIN_UMBRAL_INGESTA_UNICO,,SDTE_NO_AUTOMATIZAR,"Soporte, ambiente tranquilo, benzodiacepinas para agitación/convulsiones y enfriamiento si hipertermia.","Retirar restos vegetales de boca/piel. Carbón activado o descontaminación digestiva solo en ingestas relevantes y con vía aérea protegida, según toxicología.",Fisostigmina solo en casos seleccionados y bajo supervisión toxicológica.,Fisostigmina en casos seleccionados.,,"ECG, electrolitos, glucemia, función renal/hepática y monitorización dirigida al toxíndrome.","UCI si arritmias, shock, convulsiones, coma, insuficiencia respiratoria o toxicidad sistémica progresiva.",MedlinePlus - Jimsonweed Poisoning,https://medlineplus.gov/ency/article/002881.htm,"Morán Chorro I, Baldirà Martínez de Irujo J, Marruecos-Sant L, Nogué Xarau S. Toxicología Clínica. 2011.","Cap. 28, pp. 347–364",2026-09-04,VALIDADO_FUENTE_ABIERTA,
PLANTAS,TEJO / YEW,Taxus baccata; Taxus spp.,Mundial,ingestión,"Náuseas/vómitos, mareo, debilidad, temblor, alteración de conciencia y colapso rápido por trastornos de conducción/arritmias.","Bradicardia o taquiarritmias graves, QRS ancho, shock, convulsiones.",50–100 g de hojas: dosis letal estimada en el texto (referencia bibliográfica 2011).,DOSIS_LETAL_ESTIMADA_BIBLIOGRAFICA,,BIBLIOGRAFICA_2011_NO_AUTOMATIZAR,"Soporte avanzado, ECG continuo y manejo de arritmias/shock con toxicología.","Retirar restos vegetales de boca/piel. Carbón activado o descontaminación digestiva solo en ingestas relevantes y con vía aérea protegida, según toxicología.",No hay antídoto universal; tratamientos avanzados son de rescate y especializados.,Ninguno específico universal.,,"ECG, electrolitos, glucemia, función renal/hepática y monitorización dirigida al toxíndrome.","UCI si arritmias, shock, convulsiones, coma, insuficiencia respiratoria o toxicidad sistémica progresiva.",MedlinePlus - Yew Poisoning,https://medlineplus.gov/ency/article/002877.htm,"Morán Chorro I, Baldirà Martínez de Irujo J, Marruecos-Sant L, Nogué Xarau S. Toxicología Clínica. 2011.","Cap. 28, pp. 353–354",2026-09-04,VALIDADO_FUENTE_ABIERTA,
PLANTAS,RICINO / SEMILLAS DE RICINO,Ricinus communis; ricin,Mundial,ingestión/inhalación de ricina,"Tras semillas masticadas: gastroenteritis intensa con vómitos, diarrea y dolor; puede progresar a deshidratación, hipotensión y lesión multiorgánica. Ricina purificada inhalada puede causar lesión pulmonar grave.","Shock, sangrado GI, lesión hepática/renal, hipoxemia.",,SIN_UMBRAL_INGESTA_UNICO,,SDTE_NO_AUTOMATIZAR,"Soporte intensivo, reposición de volumen/electrolitos y manejo de órganos afectados.","Retirar restos vegetales de boca/piel. Carbón activado o descontaminación digestiva solo en ingestas relevantes y con vía aérea protegida, según toxicología.",No existe antídoto aprobado de uso rutinario.,Ninguno específico.,,"ECG, electrolitos, glucemia, función renal/hepática y monitorización dirigida al toxíndrome.","UCI si arritmias, shock, convulsiones, coma, insuficiencia respiratoria o toxicidad sistémica progresiva.",MedlinePlus - Castor oil/ricin exposure,https://medlineplus.gov/ency/article/002768.htm,"Morán Chorro I, Baldirà Martínez de Irujo J, Marruecos-Sant L, Nogué Xarau S. Toxicología Clínica. 2011.","Cap. 28, pp. 347–364",2026-09-04,VALIDADO_FUENTE_ABIERTA,
PLANTAS,ACÓNITO,Aconitum; monkshood; wolfsbane,Asia/Europa y herbarios,ingestión,"Parestesias periorales y de extremidades, náuseas/vómitos, debilidad y arritmias ventriculares o supraventriculares potencialmente graves.","Arritmias refractarias, hipotensión, síncope, shock.",,SIN_UMBRAL_INGESTA_UNICO,,SDTE_NO_AUTOMATIZAR,"ECG continuo, soporte hemodinámico y tratamiento de arritmias en UCI/toxicología.","Retirar restos vegetales de boca/piel. Carbón activado o descontaminación digestiva solo en ingestas relevantes y con vía aérea protegida, según toxicología.",No hay antídoto específico establecido.,Ninguno específico.,,"ECG, electrolitos, glucemia, función renal/hepática y monitorización dirigida al toxíndrome.","UCI si arritmias, shock, convulsiones, coma, insuficiencia respiratoria o toxicidad sistémica progresiva.",NCBI Bookshelf - Plant toxicology overview,https://www.ncbi.nlm.nih.gov/books/NBK216056/,"Morán Chorro I, Baldirà Martínez de Irujo J, Marruecos-Sant L, Nogué Xarau S. Toxicología Clínica. 2011.","Cap. 28, pp. 347–364",2026-09-04,VALIDADO_FUENTE_ABIERTA,
PLANTAS,CICUTA,Conium maculatum; poison hemlock,Mundial,ingestión,"Náuseas, salivación, temblor, debilidad y parálisis neuromuscular ascendente con posible insuficiencia respiratoria.","Debilidad bulbar, hipoventilación, convulsiones, coma.",,SIN_UMBRAL_INGESTA_UNICO,,SDTE_NO_AUTOMATIZAR,"Soporte ABC, vigilancia neuromuscular y ventilación si precisa.","Retirar restos vegetales de boca/piel. Carbón activado o descontaminación digestiva solo en ingestas relevantes y con vía aérea protegida, según toxicología.",No hay antídoto específico.,Ninguno específico.,,"ECG, electrolitos, glucemia, función renal/hepática y monitorización dirigida al toxíndrome.","UCI si arritmias, shock, convulsiones, coma, insuficiencia respiratoria o toxicidad sistémica progresiva.",NCBI Bookshelf - Organophosphate differential/plant toxins,https://www.ncbi.nlm.nih.gov/books/NBK470430/,"Morán Chorro I, Baldirà Martínez de Irujo J, Marruecos-Sant L, Nogué Xarau S. Toxicología Clínica. 2011.","Cap. 28, pp. 347–364",2026-09-04,VALIDADO_FUENTE_ABIERTA,
PLANTAS,COLCHICUM / CÓLQUICO,Colchicum autumnale; autumn crocus,Europa y ornamentales,ingestión,"Gastroenteritis intensa seguida de toxicidad multiorgánica: alteraciones hematológicas, hepáticas, renales y cardiovasculares; alopecia tardía en supervivientes.","Shock, arritmias, pancitopenia, falla multiorgánica.",,SIN_UMBRAL_INGESTA_UNICO,,SDTE_NO_AUTOMATIZAR,Soporte intensivo y consulta toxicológica; monitorización seriada de hemograma y órganos.,"Retirar restos vegetales de boca/piel. Carbón activado o descontaminación digestiva solo en ingestas relevantes y con vía aérea protegida, según toxicología.",No hay antídoto de disponibilidad rutinaria.,Ninguno específico de uso rutinario.,,"ECG, electrolitos, glucemia, función renal/hepática y monitorización dirigida al toxíndrome.","UCI si arritmias, shock, convulsiones, coma, insuficiencia respiratoria o toxicidad sistémica progresiva.",NCBI Bookshelf - Plant toxicology overview,https://www.ncbi.nlm.nih.gov/books/NBK216056/,"Morán Chorro I, Baldirà Martínez de Irujo J, Marruecos-Sant L, Nogué Xarau S. Toxicología Clínica. 2011.","Cap. 28, pp. 347–364",2026-09-04,VALIDADO_FUENTE_ABIERTA,
HONGOS,AMATOXINAS / AMANITA PHALLOIDES,death cap; Amanita virosa; Galerina; Lepiota,Mundial,ingestión,"Latencia típica 6–12 h seguida de vómitos y diarrea profusa; puede haber aparente mejoría y luego hepatitis, coagulopatía, hipoglucemia, encefalopatía y falla hepática.","Inicio GI tardío, elevación rápida de transaminasas/INR, hipoglucemia, encefalopatía, falla hepática.",SDTE — la cantidad y especie modifican el riesgo; una fase gastrointestinal tardía seguida de hepatotoxicidad debe considerarse de alto riesgo.,SDTE_SINDROMICO,,SDTE_NO_AUTOMATIZAR,"Derivación urgente, carbón activado repetido según toxicología, soporte intensivo y evaluación precoz para trasplante en casos graves.",Conservar restos para identificación sin retrasar tratamiento. Carbón activado puede ser útil en síndromes seleccionados; decidir con toxicología.,Silibinina IV donde esté disponible; N-acetilcisteína se usa como adyuvante en algunos protocolos.,Silibinina según disponibilidad/protocolo.,El libro describe silibinina y bencilpenicilina como bloqueo de captación hepatocitaria; la capa actual prioriza silibinina donde esté disponible y evaluación temprana para trasplante.,"Hidratación, electrolitos, función renal/hepática, INR, glucemia y CK según síndrome; observar latencia de inicio.","UCI/traslado a centro experto si falla hepática/renal, encefalopatía, shock, convulsiones o rabdomiólisis grave.",NCBI Bookshelf - Amatoxin Mushroom Toxicity,https://www.ncbi.nlm.nih.gov/books/NBK431052/,"Morán Chorro I, Baldirà Martínez de Irujo J, Marruecos-Sant L, Nogué Xarau S. Toxicología Clínica. 2011.","Cap. 29, pp. 370–374",2026-09-04,VALIDADO_FUENTE_ABIERTA,
HONGOS,GYROMITRINA / FALSA COLMENILLA,Gyromitra esculenta; false morel,Europa/Norteamérica,ingestión,"Gastroenteritis tras varias horas, seguida de confusión, hepatitis y, en casos graves, convulsiones refractarias por déficit funcional de piridoxina.","Convulsiones, acidosis, hepatitis, lesión renal, alteración de conciencia.",SDTE — síndrome hidrazínico con latencia típica 8–12 h.,SDTE_SINDROMICO,,SDTE_NO_AUTOMATIZAR,"Soporte, benzodiacepinas y manejo de falla orgánica.",Conservar restos para identificación sin retrasar tratamiento. Carbón activado puede ser útil en síndromes seleccionados; decidir con toxicología.,Piridoxina en convulsiones por gyromitrina según toxicología.,Piridoxina.,Piridoxina IV en toxicidad neurológica/convulsiones; dosis según protocolo toxicológico vigente.,"Hidratación, electrolitos, función renal/hepática, INR, glucemia y CK según síndrome; observar latencia de inicio.","UCI/traslado a centro experto si falla hepática/renal, encefalopatía, shock, convulsiones o rabdomiólisis grave.",NCBI Bookshelf - Gyromitra Mushroom Toxicity,https://www.ncbi.nlm.nih.gov/books/NBK470580/,"Morán Chorro I, Baldirà Martínez de Irujo J, Marruecos-Sant L, Nogué Xarau S. Toxicología Clínica. 2011.","Cap. 29, pp. 368–370",2026-09-04,VALIDADO_FUENTE_ABIERTA,
HONGOS,SÍNDROME MUSCARÍNICO POR HONGOS,Inocybe; Clitocybe,Mundial,ingestión,"Inicio rápido con salivación, lagrimeo, miosis, broncorrea/broncoespasmo, bradicardia, cólicos, vómitos, diarrea y diaforesis.","Broncorrea intensa, hipoxemia, bradicardia/hipotensión.",,SIN_UMBRAL_INGESTA_UNICO,,SDTE_NO_AUTOMATIZAR,Soporte respiratorio y cardiovascular.,Conservar restos para identificación sin retrasar tratamiento. Carbón activado puede ser útil en síndromes seleccionados; decidir con toxicología.,Atropina si síndrome muscarínico clínicamente significativo.,Atropina.,,"Hidratación, electrolitos, función renal/hepática, INR, glucemia y CK según síndrome; observar latencia de inicio.","UCI/traslado a centro experto si falla hepática/renal, encefalopatía, shock, convulsiones o rabdomiólisis grave.",NCBI Bookshelf - Mushroom Toxicity,https://www.ncbi.nlm.nih.gov/books/NBK537111/,"Morán Chorro I, Baldirà Martínez de Irujo J, Marruecos-Sant L, Nogué Xarau S. Toxicología Clínica. 2011.","Cap. 29, pp. 365–380",2026-09-04,VALIDADO_FUENTE_ABIERTA,
HONGOS,AMANITA MUSCARIA / PANTHERINA,muscimol; ácido iboténico,Mundial,ingestión,"Náuseas, somnolencia o agitación, confusión, ataxia, delirium, alucinaciones y ocasional convulsión; no es el síndrome amatoxínico hepático.","Coma, convulsiones, agitación grave, aspiración.",,SIN_UMBRAL_INGESTA_UNICO,,SDTE_NO_AUTOMATIZAR,"Soporte, protección de vía aérea si precisa y benzodiacepinas para agitación/convulsiones.",Conservar restos para identificación sin retrasar tratamiento. Carbón activado puede ser útil en síndromes seleccionados; decidir con toxicología.,No hay antídoto específico.,Ninguno específico.,,"Hidratación, electrolitos, función renal/hepática, INR, glucemia y CK según síndrome; observar latencia de inicio.","UCI/traslado a centro experto si falla hepática/renal, encefalopatía, shock, convulsiones o rabdomiólisis grave.",NCBI Bookshelf - Mushroom Toxicity,https://www.ncbi.nlm.nih.gov/books/NBK537111/,"Morán Chorro I, Baldirà Martínez de Irujo J, Marruecos-Sant L, Nogué Xarau S. Toxicología Clínica. 2011.","Cap. 29, pp. 365–380",2026-09-04,VALIDADO_FUENTE_ABIERTA,
HONGOS,ORELLANINA / CORTINARIUS,Cortinarius spp.,Europa y otras regiones,ingestión,"Síntomas GI pueden ser leves o ausentes; lesión renal puede aparecer tardíamente tras días a 1–2 semanas con sed, dolor lumbar, oliguria y aumento de creatinina.","IRA tardía, oliguria/anuria, trastornos electrolíticos.",SDTE — la nefrotoxicidad puede aparecer con gran latencia; el libro describe inicio hasta 17 días.,SDTE_SINDROMICO,,SDTE_NO_AUTOMATIZAR,Monitorización prolongada de función renal si exposición plausible; soporte y nefrología.,Conservar restos para identificación sin retrasar tratamiento. Carbón activado puede ser útil en síndromes seleccionados; decidir con toxicología.,No hay antídoto específico; diálisis si está indicada por falla renal.,Ninguno específico.,,"Hidratación, electrolitos, función renal/hepática, INR, glucemia y CK según síndrome; observar latencia de inicio.","UCI/traslado a centro experto si falla hepática/renal, encefalopatía, shock, convulsiones o rabdomiólisis grave.",NCBI Bookshelf - Mushroom Toxicity,https://www.ncbi.nlm.nih.gov/books/NBK537111/,"Morán Chorro I, Baldirà Martínez de Irujo J, Marruecos-Sant L, Nogué Xarau S. Toxicología Clínica. 2011.","Cap. 29, p. 371",2026-09-04,VALIDADO_FUENTE_ABIERTA,
HONGOS,COPRINA / REACCIÓN TIPO DISULFIRAM,Coprinopsis atramentaria; inky cap,Mundial,ingestión + alcohol,"Rubor, cefalea, náuseas, vómitos, palpitaciones, taquicardia y ocasional hipotensión al consumir alcohol horas-días tras el hongo.","Hipotensión importante, arritmia o síncope.",,SIN_UMBRAL_INGESTA_UNICO,,SDTE_NO_AUTOMATIZAR,"Suspender alcohol, hidratación y manejo sintomático.",Conservar restos para identificación sin retrasar tratamiento. Carbón activado puede ser útil en síndromes seleccionados; decidir con toxicología.,No hay antídoto específico.,Ninguno específico.,,"Hidratación, electrolitos, función renal/hepática, INR, glucemia y CK según síndrome; observar latencia de inicio.","UCI/traslado a centro experto si falla hepática/renal, encefalopatía, shock, convulsiones o rabdomiólisis grave.",NCBI Bookshelf - Mushroom Toxicity,https://www.ncbi.nlm.nih.gov/books/NBK537111/,"Morán Chorro I, Baldirà Martínez de Irujo J, Marruecos-Sant L, Nogué Xarau S. Toxicología Clínica. 2011.","Cap. 29, pp. 365–380",2026-09-04,VALIDADO_FUENTE_ABIERTA,
HONGOS,HONGOS ALUCINÓGENOS / PSILOCIBINA,Psilocybe; Panaeolus,Mundial,ingestión,"Alteraciones perceptivas, euforia o ansiedad, midriasis, taquicardia y cambios de sensorio; ocasional agitación/pánico.","Agitación peligrosa, convulsiones, hipertermia o coingestas.",,SIN_UMBRAL_INGESTA_UNICO,,SDTE_NO_AUTOMATIZAR,"Ambiente tranquilo, soporte y benzodiacepinas si agitación significativa.",Conservar restos para identificación sin retrasar tratamiento. Carbón activado puede ser útil en síndromes seleccionados; decidir con toxicología.,No hay antídoto específico.,Ninguno específico.,,"Hidratación, electrolitos, función renal/hepática, INR, glucemia y CK según síndrome; observar latencia de inicio.","UCI/traslado a centro experto si falla hepática/renal, encefalopatía, shock, convulsiones o rabdomiólisis grave.",NCBI Bookshelf - Mushroom Toxicity,https://www.ncbi.nlm.nih.gov/books/NBK537111/,"Morán Chorro I, Baldirà Martínez de Irujo J, Marruecos-Sant L, Nogué Xarau S. Toxicología Clínica. 2011.","Cap. 29, pp. 365–380",2026-09-04,VALIDADO_FUENTE_ABIERTA,
HONGOS,HONGOS IRRITANTES GASTROINTESTINALES,Chlorophyllum y múltiples especies,Mundial,ingestión,"Náuseas, vómitos, dolor abdominal y diarrea habitualmente dentro de pocas horas.","Deshidratación grave, hipotensión, alteración electrolítica o latencia >6 h que sugiera síndrome más peligroso.",,SIN_UMBRAL_INGESTA_UNICO,,SDTE_NO_AUTOMATIZAR,"Rehidratación, antieméticos y evaluación de otras toxinas si latencia prolongada.",Conservar restos para identificación sin retrasar tratamiento. Carbón activado puede ser útil en síndromes seleccionados; decidir con toxicología.,No hay antídoto específico.,Ninguno específico.,,"Hidratación, electrolitos, función renal/hepática, INR, glucemia y CK según síndrome; observar latencia de inicio.","UCI/traslado a centro experto si falla hepática/renal, encefalopatía, shock, convulsiones o rabdomiólisis grave.",NCBI Bookshelf - Mushroom Toxicity,https://www.ncbi.nlm.nih.gov/books/NBK537111/,"Morán Chorro I, Baldirà Martínez de Irujo J, Marruecos-Sant L, Nogué Xarau S. Toxicología Clínica. 2011.","Cap. 29, pp. 365–380",2026-09-04,VALIDADO_FUENTE_ABIERTA,
PLAGUICIDAS,ORGANOFOSFORADOS,insecticidas organofosforados; malation; malatión; clorpirifos; chlorpyrifos,Mundial,ingestión/inhalación/dérmica,"Toxidrome colinérgico: miosis, salivación, lagrimeo, vómitos/diarrea, diaforesis, bradicardia, broncoespasmo y broncorrea; fasciculaciones, debilidad, confusión y convulsiones.","Broncorrea/hipoxemia, debilidad respiratoria, convulsiones, shock; síndrome intermedio 24–96 h.",SDTE — la toxicidad depende del compuesto y formulación; la clínica colinérgica guía la gravedad.,SDTE_CLINICA,,SDTE_NO_AUTOMATIZAR,"Descontaminación segura, soporte de vía aérea y ventilación; atropinización guiada por secreciones/ventilación.","Retirar ropa contaminada y lavar piel/ojos cuando corresponda. Descontaminación digestiva solo según agente, tiempo, vía aérea y protocolo toxicológico.","Atropina; pralidoxima según compuesto, momento y protocolo toxicológico.",Atropina; pralidoxima en casos seleccionados.,"Atropina (libro 2011): 1 mg IV lenta cada 5–10 min; niños 0,05 mg/kg/dosis. La atropinización debe titularse a secreciones/ventilación según protocolo actual. Pralidoxima: usar según agente y protocolo.","Signos vitales, ECG, estado neurológico, gasometría/electrolitos y función renal/hepática según agente y gravedad.","UCI/alta complejidad si insuficiencia respiratoria, shock, convulsiones, arritmias, acidosis grave, coma o falla orgánica.",NCBI Bookshelf - Organophosphate Toxicity,https://www.ncbi.nlm.nih.gov/books/NBK470430/,"Morán Chorro I, Baldirà Martínez de Irujo J, Marruecos-Sant L, Nogué Xarau S. Toxicología Clínica. 2011.","Cap. 21, pp. 263–274; Cap. 10 antídotos",2026-09-04,VALIDADO_FUENTE_ABIERTA,
PLAGUICIDAS,CARBAMATOS,insecticidas carbamatos,Mundial,ingestión/inhalación/dérmica,"Síndrome colinérgico similar a organofosforados: miosis, broncorrea, salivación, vómitos/diarrea, diaforesis, bradicardia; puede haber debilidad y depresión SNC.","Broncorrea/hipoxemia, debilidad respiratoria, convulsiones o shock.",SDTE — la reversibilidad de la inhibición de colinesterasa hace que la gravedad deba valorarse clínicamente.,SDTE_CLINICA,,SDTE_NO_AUTOMATIZAR,"Descontaminación, soporte respiratorio y atropina según clínica.","Retirar ropa contaminada y lavar piel/ojos cuando corresponda. Descontaminación digestiva solo según agente, tiempo, vía aérea y protocolo toxicológico.","Atropina; oxima no se usa de forma rutinaria en carbamato puro, pero puede considerarse si exposición es indiferenciada.",Atropina.,"Atropina según síndrome muscarínico; el libro incluye 1 mg IV cada 5–10 min y 0,05 mg/kg/dosis en niños como referencia 2011. Verificar protocolo vigente.","Signos vitales, ECG, estado neurológico, gasometría/electrolitos y función renal/hepática según agente y gravedad.","UCI/alta complejidad si insuficiencia respiratoria, shock, convulsiones, arritmias, acidosis grave, coma o falla orgánica.",NCBI Bookshelf - Carbamate Toxicity,https://www.ncbi.nlm.nih.gov/books/NBK482183/,"Morán Chorro I, Baldirà Martínez de Irujo J, Marruecos-Sant L, Nogué Xarau S. Toxicología Clínica. 2011.","Cap. 20, pp. 255–262; Cap. 10 antídotos",2026-09-04,VALIDADO_FUENTE_ABIERTA,
PLAGUICIDAS,PIRETRINAS / PIRETROIDES,permetrina; cipermetrina; deltametrina; pyrethrin; pyrethroid,Mundial,ingestión/inhalación/dérmica,"Parestesias cutáneas, irritación, náuseas/vómitos y temblor; grandes exposiciones pueden causar hipersalivación, fasciculaciones, alteración de conciencia, convulsiones y edema pulmonar.","Convulsiones, alteración de conciencia, dificultad respiratoria o aspiración por solventes.",,SIN_UMBRAL_INGESTA_UNICO,,SDTE_NO_AUTOMATIZAR,"Retirar exposición, descontaminación y soporte; tratar convulsiones con benzodiacepinas.","Retirar ropa contaminada y lavar piel/ojos cuando corresponda. Descontaminación digestiva solo según agente, tiempo, vía aérea y protocolo toxicológico.",No hay antídoto específico.,Ninguno específico.,,"Signos vitales, ECG, estado neurológico, gasometría/electrolitos y función renal/hepática según agente y gravedad.","UCI/alta complejidad si insuficiencia respiratoria, shock, convulsiones, arritmias, acidosis grave, coma o falla orgánica.",NCBI Bookshelf - Pyrethrin/Pyrethroid Toxicity,https://www.ncbi.nlm.nih.gov/books/NBK606124/,"Morán Chorro I, Baldirà Martínez de Irujo J, Marruecos-Sant L, Nogué Xarau S. Toxicología Clínica. 2011.","Cap. 20–23, pp. 255–302",2026-09-04,VALIDADO_FUENTE_ABIERTA,
RODENTICIDAS,RODENTICIDAS ANTICOAGULANTES / SUPERWARFARINAS,brodifacoum; bromadiolona; warfarina rodenticida,Mundial,ingestión,"Puede existir período asintomático; luego equimosis, epistaxis, gingivorragia, hematuria, sangrado GI o intracraneal por coagulopatía.","Sangrado activo, INR muy elevado, anemia, síntomas neurológicos.",,SIN_UMBRAL_INGESTA_UNICO,,SDTE_NO_AUTOMATIZAR,Medir coagulación según tiempo desde exposición y producto; soporte de sangrado.,Depende del compuesto; no asumir que todos los raticidas comparten tratamiento. Identificar ingrediente activo y consultar toxicología.,Vitamina K1 en intoxicación significativa confirmada según toxicología; reversión urgente si hemorragia grave.,Vitamina K1.,,"ECG, coagulación, electrolitos, función renal/hepática y parámetros específicos según el rodenticida.","UCI si shock, arritmias, convulsiones, sangrado grave, acidosis o falla orgánica.",NCBI Bookshelf - Rodenticide Toxicity,https://www.ncbi.nlm.nih.gov/books/NBK554428/,"Morán Chorro I, Baldirà Martínez de Irujo J, Marruecos-Sant L, Nogué Xarau S. Toxicología Clínica. 2011.","Cap. 35, pp. 431–436",2026-09-04,VALIDADO_FUENTE_ABIERTA,
RODENTICIDAS,FOSFURO DE ALUMINIO / ZINC,fosfuro de aluminio; fosfuro de zinc; aluminum phosphide; zinc phosphide; phosphine,Mundial,ingestión/inhalación de fosfina,"Náuseas/vómitos, dolor abdominal, hipotensión, acidosis, arritmias, edema pulmonar, lesión hepática/renal y hemólisis/methemoglobinemia.","Shock refractario, arritmias, acidosis grave, edema pulmonar, falla multiorgánica.",,SIN_UMBRAL_INGESTA_UNICO,,SDTE_NO_AUTOMATIZAR,Soporte intensivo inmediato; evitar exposición secundaria del personal a gas fosfina y consultar toxicología.,Depende del compuesto; no asumir que todos los raticidas comparten tratamiento. Identificar ingrediente activo y consultar toxicología.,No existe antídoto específico validado de uso rutinario.,Ninguno específico.,,"ECG, coagulación, electrolitos, función renal/hepática y parámetros específicos según el rodenticida.","UCI si shock, arritmias, convulsiones, sangrado grave, acidosis o falla orgánica.",NCBI Bookshelf - Rodenticide Toxicity,https://www.ncbi.nlm.nih.gov/books/NBK554428/,"Morán Chorro I, Baldirà Martínez de Irujo J, Marruecos-Sant L, Nogué Xarau S. Toxicología Clínica. 2011.","Cap. 35, pp. 431–436",2026-09-04,VALIDADO_FUENTE_ABIERTA,
RODENTICIDAS,ESTRICNINA,strychnine,Mundial,ingestión,"Espasmos musculares dolorosos desencadenados por estímulos con conciencia preservada entre episodios; trismus, opistótonos, hipertermia y acidosis.","Espasmos respiratorios, hipertermia, acidosis, rabdomiólisis, hipoxemia.",,SIN_UMBRAL_INGESTA_UNICO,,SDTE_NO_AUTOMATIZAR,"Minimizar estímulos, benzodiacepinas/sedación, soporte ventilatorio; bloqueo neuromuscular en casos refractarios con vía aérea protegida.",Depende del compuesto; no asumir que todos los raticidas comparten tratamiento. Identificar ingrediente activo y consultar toxicología.,No hay antídoto específico.,Ninguno específico.,,"ECG, coagulación, electrolitos, función renal/hepática y parámetros específicos según el rodenticida.","UCI si shock, arritmias, convulsiones, sangrado grave, acidosis o falla orgánica.",NCBI Bookshelf - Strychnine Toxicity,https://www.ncbi.nlm.nih.gov/books/NBK459306/,"Morán Chorro I, Baldirà Martínez de Irujo J, Marruecos-Sant L, Nogué Xarau S. Toxicología Clínica. 2011.","Cap. 35, pp. 431–436",2026-09-04,VALIDADO_FUENTE_ABIERTA,
GASES,MONÓXIDO DE CARBONO,CO; carbon monoxide,Mundial,inhalación,"Cefalea, mareo, náuseas, debilidad, confusión y síncope; casos graves: dolor torácico, isquemia, convulsiones, coma y acidosis.","Pérdida de conciencia, déficit neurológico, isquemia miocárdica, acidosis grave, embarazo con exposición significativa.",,SIN_UMBRAL_INGESTA_UNICO,,SDTE_NO_AUTOMATIZAR,"Oxígeno al 100%, ECG y evaluación neurológica; considerar oxígeno hiperbárico según criterios clínicos y centro experto.",Retirar de la fuente sin exponer al rescatador; descontaminación cutáneo-ocular si existe depósito químico. No realizar rescate en espacio confinado sin protección adecuada.,Oxígeno; oxígeno hiperbárico en casos seleccionados.,Oxígeno.,,"Oximetría, ECG, gasometría y evaluación respiratoria seriada; considerar cooximetría o analítica específica según gas.","UCI si hipoxemia, edema pulmonar, alteración de conciencia, convulsiones, shock o necesidad de ventilación.",NCBI Bookshelf - Carbon Monoxide Toxicity,https://www.ncbi.nlm.nih.gov/books/NBK430740/,"Morán Chorro I, Baldirà Martínez de Irujo J, Marruecos-Sant L, Nogué Xarau S. Toxicología Clínica. 2011.","Cap. 24–26, pp. 303–332",2026-09-04,VALIDADO_FUENTE_ABIERTA,
GASES,CIANURO,cyanide; HCN,Industrial/incendios,inhalación/ingestión,"Cefalea, confusión, disnea, náuseas y rápida progresión a convulsiones, coma, hipotensión, arritmias y acidosis láctica por hipoxia histotóxica.","Colapso rápido, lactato muy elevado, convulsiones, coma, shock, humo de incendio en espacio cerrado con deterioro grave.",,SIN_UMBRAL_INGESTA_UNICO,,SDTE_NO_AUTOMATIZAR,Soporte ABC y oxígeno; no esperar confirmación analítica si la sospecha clínica es alta.,Retirar de la fuente sin exponer al rescatador; descontaminación cutáneo-ocular si existe depósito químico. No realizar rescate en espacio confinado sin protección adecuada.,Hidroxocobalamina es antídoto de primera línea en muchos protocolos; otros antídotos dependen del contexto.,Hidroxocobalamina.,,"Oximetría, ECG, gasometría y evaluación respiratoria seriada; considerar cooximetría o analítica específica según gas.","UCI si hipoxemia, edema pulmonar, alteración de conciencia, convulsiones, shock o necesidad de ventilación.",NCBI Bookshelf - Cyanide Toxicity,https://www.ncbi.nlm.nih.gov/books/NBK507796/,"Morán Chorro I, Baldirà Martínez de Irujo J, Marruecos-Sant L, Nogué Xarau S. Toxicología Clínica. 2011.","Cap. 24–26, pp. 303–332",2026-09-04,VALIDADO_FUENTE_ABIERTA,
GASES,SULFURO DE HIDRÓGENO,H2S; gas de alcantarilla,Industrial/espacios confinados,inhalación,"Irritación ocular/respiratoria, cefalea, mareo, náuseas y alteración del equilibrio; altas concentraciones pueden causar pérdida súbita de conciencia, convulsiones, edema pulmonar y muerte.","Colapso inmediato, apnea, convulsiones, edema pulmonar, shock.",Referencia inhalatoria del libro: 50–100 ppm irritación; 100–150 ppm anosmia; 200–300 ppm edema pulmonar; >400 ppm coma; >1000 ppm muerte en minutos.,CONCENTRACION_INHALATORIA_BIBLIOGRAFICA,,BIBLIOGRAFICA_2011_NO_AUTOMATIZAR,"Rescate solo con protección adecuada, retirar de exposición, oxígeno y soporte cardiorrespiratorio.",Retirar de la fuente sin exponer al rescatador; descontaminación cutáneo-ocular si existe depósito químico. No realizar rescate en espacio confinado sin protección adecuada.,No hay antídoto probado; tratamientos con nitritos son controvertidos y no deben retrasar ventilación/oxigenación.,Ninguno probado.,,"Oximetría, ECG, gasometría y evaluación respiratoria seriada; considerar cooximetría o analítica específica según gas.","UCI si hipoxemia, edema pulmonar, alteración de conciencia, convulsiones, shock o necesidad de ventilación.",ATSDR - Hydrogen Sulfide MMG,https://wwwn.cdc.gov/TSP/MMG/MMGDetails.aspx?mmgid=385&toxid=67,"Morán Chorro I, Baldirà Martínez de Irujo J, Marruecos-Sant L, Nogué Xarau S. Toxicología Clínica. 2011.","Cap. 26, pp. 327–328",2026-09-04,VALIDADO_FUENTE_ABIERTA,
DROGAS DE ABUSO,COCAINA,cocaína; crack; coca; cocaine,Mundial,nasal/inhalada/IV/oral,"Agitación, ansiedad o paranoia, midriasis, diaforesis, taquicardia e hipertensión; dolor torácico, cefalea, hipertermia, náuseas y vómitos. Puede producir vasoespasmo e isquemia.","Dolor torácico/isquemia, arritmias, crisis hipertensiva, convulsiones, hipertermia, rabdomiólisis, ACV, coma o shock.",,SIN_UMBRAL_INGESTA_UNICO,,SDTE_NO_AUTOMATIZAR,"ABCDE, ECG y temperatura; benzodiacepinas para agitación/convulsiones y reducción de descarga simpática; enfriamiento activo si hipertermia y tratamiento dirigido de síndrome coronario/arrítmico.",Habitualmente el soporte y la vía aérea tienen prioridad. Carbón activado solo en circunstancias seleccionadas y con vía aérea segura.,No existe antídoto específico; manejo sindromático y cardiovascular.,Ninguno específico.,,"Signos vitales, ECG, glucemia, temperatura, electrolitos y evaluación neurológica; añadir CK/troponina según toxíndrome.","UCI si depresión respiratoria, hipertermia grave, convulsiones, arritmias, shock, coma o falla orgánica.",NCBI Bookshelf - Cocaine Toxicity,https://www.ncbi.nlm.nih.gov/books/NBK430976/,"Morán Chorro I, Baldirà Martínez de Irujo J, Marruecos-Sant L, Nogué Xarau S. Toxicología Clínica. 2011.","Cap. 37–47, pp. 457–555",2026-09-04,VALIDADO_FUENTE_ABIERTA,
DROGAS DE ABUSO,METANFETAMINA,methamphetamine; crystal meth; anfetaminas,Mundial,oral/inhalada/nasal/IV,"Agitación, insomnio, paranoia/psicosis, midriasis, diaforesis, taquicardia, hipertensión, dolor torácico, disnea e hipertermia; puede haber síntomas gastrointestinales.","Hipertermia grave, convulsiones, arritmias, emergencia hipertensiva, infarto, rabdomiólisis, lesión renal aguda, delirium grave o coma.","SDTE — para estimulantes la gravedad se determina por toxíndrome, temperatura, cardiovascular y neurológico; no automatizar por cantidad declarada.",SDTE_CLINICA,,SDTE_NO_AUTOMATIZAR,"ABCDE, monitorización, benzodiacepinas para agitación/convulsiones, enfriamiento activo, fluidos y corrección de complicaciones.",Habitualmente el soporte y la vía aérea tienen prioridad. Carbón activado solo en circunstancias seleccionadas y con vía aérea segura.,No hay antídoto específico.,Ninguno específico.,,"Signos vitales, ECG, glucemia, temperatura, electrolitos y evaluación neurológica; añadir CK/troponina según toxíndrome.","UCI si depresión respiratoria, hipertermia grave, convulsiones, arritmias, shock, coma o falla orgánica.",NCBI Bookshelf - Methamphetamine,https://www.ncbi.nlm.nih.gov/books/NBK535356/,"Morán Chorro I, Baldirà Martínez de Irujo J, Marruecos-Sant L, Nogué Xarau S. Toxicología Clínica. 2011.","Cap. 41, pp. 499–512",2026-09-04,VALIDADO_FUENTE_ABIERTA,
DROGAS DE ABUSO,EXTASIS,"éxtasis; MDMA; molly; 3,4-metilendioximetanfetamina",Mundial,oral,"Agitación, ansiedad, bruxismo, midriasis, diaforesis, taquicardia, hipertensión e hipertermia; predominio serotoninérgico. Puede producir hiponatremia por exceso de agua/SIADH.","Hipertermia, síndrome serotoninérgico, hiponatremia sintomática, convulsiones, rabdomiólisis, CID, arritmias, insuficiencia hepática o edema cerebral.",SDTE — el libro señala que para MDMA no están establecidas dosis tóxicas o potencialmente mortales y existen muertes con cantidades variables.,SDTE_CLINICA,,SDTE_NO_AUTOMATIZAR,"ABCDE, temperatura y sodio; benzodiacepinas, enfriamiento rápido y soporte. Hiponatremia sintomática grave requiere manejo con solución salina hipertónica según protocolo.",Habitualmente el soporte y la vía aérea tienen prioridad. Carbón activado solo en circunstancias seleccionadas y con vía aérea segura.,"No hay antídoto único; tratar hipertermia, convulsiones e hiponatremia de forma dirigida.",Ninguno específico.,,"Signos vitales, ECG, glucemia, temperatura, electrolitos y evaluación neurológica; añadir CK/troponina según toxíndrome.","UCI si depresión respiratoria, hipertermia grave, convulsiones, arritmias, shock, coma o falla orgánica.",NCBI Bookshelf - MDMA Toxicity,https://www.ncbi.nlm.nih.gov/books/NBK538482/,"Morán Chorro I, Baldirà Martínez de Irujo J, Marruecos-Sant L, Nogué Xarau S. Toxicología Clínica. 2011.","Cap. 41, pp. 499–512",2026-09-04,VALIDADO_FUENTE_ABIERTA,
DROGAS DE ABUSO,LSD,ácido; lysergic acid diethylamide,Mundial,oral/mucosa,"Alucinaciones visuales/auditivas, distorsión perceptiva y temporal, ansiedad, pánico, paranoia, labilidad emocional; midriasis, taquicardia, hipertensión, sudoración, temblor y alteración de coordinación.","Agitación extrema con riesgo de trauma, psicosis persistente, convulsiones, hipertermia o arritmia; valorar coingestas si clínica atípica.",,SIN_UMBRAL_INGESTA_UNICO,,SDTE_NO_AUTOMATIZAR,"Ambiente tranquilo con pocos estímulos, supervisión y soporte; benzodiacepina si ansiedad/agitación intensa. Tratar complicaciones autonómicas y trauma.",Habitualmente el soporte y la vía aérea tienen prioridad. Carbón activado solo en circunstancias seleccionadas y con vía aérea segura.,No existe antídoto específico.,Ninguno específico.,,"Signos vitales, ECG, glucemia, temperatura, electrolitos y evaluación neurológica; añadir CK/troponina según toxíndrome.","UCI si depresión respiratoria, hipertermia grave, convulsiones, arritmias, shock, coma o falla orgánica.",NCBI Bookshelf - LSD Toxicity,https://www.ncbi.nlm.nih.gov/books/NBK553216/,"Morán Chorro I, Baldirà Martínez de Irujo J, Marruecos-Sant L, Nogué Xarau S. Toxicología Clínica. 2011.","Cap. 37–47, pp. 457–555",2026-09-04,VALIDADO_FUENTE_ABIERTA,
DROGAS DE ABUSO,HEROINA,heroína; diacetilmorfina; opioide,Mundial,IV/inhalada/nasal,"Depresión del nivel de conciencia, respiración lenta o apnea y miosis; también hipotensión, bradicardia, hipoxemia, vómitos/aspiración y edema pulmonar.","Bradipnea/apnea, hipoxemia, coma, hipotensión/shock, aspiración, edema pulmonar o paro cardiorrespiratorio.",Referencia histórica 2011: ≈20 mg parenterales pueden ser potencialmente letales en una persona no tolerante. La variabilidad de pureza/tolerancia impide automatizar.,DOSIS_HISTORICA_NO_GENERALIZABLE,,BIBLIOGRAFICA_2011_NO_AUTOMATIZAR,Prioridad a ventilación y oxigenación; naloxona titulada a restaurar ventilación adecuada y vigilancia por recurrencia.,Habitualmente el soporte y la vía aérea tienen prioridad. Carbón activado solo en circunstancias seleccionadas y con vía aérea segura.,Naloxona; puede requerir dosis repetidas o infusión según respuesta/duración.,Naloxona.,,"Signos vitales, ECG, glucemia, temperatura, electrolitos y evaluación neurológica; añadir CK/troponina según toxíndrome.","UCI si depresión respiratoria, hipertermia grave, convulsiones, arritmias, shock, coma o falla orgánica.",NCBI Bookshelf - Heroin Toxicity,https://www.ncbi.nlm.nih.gov/books/NBK430736/,"Morán Chorro I, Baldirà Martínez de Irujo J, Marruecos-Sant L, Nogué Xarau S. Toxicología Clínica. 2011.","Cap. 40, pp. 483–498",2026-09-04,VALIDADO_FUENTE_ABIERTA,
DROGAS DE ABUSO,FENTANILO,fentanyl; opioide sintético,Mundial,diversas; exposición ilícita o farmacológica,"Toxidrome opioide: depresión de conciencia, bradipnea/apnea y miosis; hipoxemia, bradicardia e hipotensión. La rigidez torácica puede aparecer con exposición IV rápida o dosis altas.","Apnea/hipoxemia, coma, rigidez que dificulta ventilación, shock o paro.",,SIN_UMBRAL_INGESTA_UNICO,,SDTE_NO_AUTOMATIZAR,Ventilación/oxigenación inmediata y naloxona titulada; monitorizar recurrencia porque la duración del opioide puede exceder a la naloxona.,Habitualmente el soporte y la vía aérea tienen prioridad. Carbón activado solo en circunstancias seleccionadas y con vía aérea segura.,Naloxona; repetir o infundir según respuesta clínica.,Naloxona.,,"Signos vitales, ECG, glucemia, temperatura, electrolitos y evaluación neurológica; añadir CK/troponina según toxíndrome.","UCI si depresión respiratoria, hipertermia grave, convulsiones, arritmias, shock, coma o falla orgánica.",NCBI Bookshelf - Opioid Toxicity,https://www.ncbi.nlm.nih.gov/books/NBK470415/,"Morán Chorro I, Baldirà Martínez de Irujo J, Marruecos-Sant L, Nogué Xarau S. Toxicología Clínica. 2011.","Cap. 37–47, pp. 457–555",2026-09-04,VALIDADO_FUENTE_ABIERTA,
DROGAS DE ABUSO,CANNABIS,marihuana; THC; cannabis; cannabinoides,Mundial,inhalada/oral,"Taquicardia, hiperemia conjuntival, boca seca, ansiedad/pánico, alteración perceptiva y de coordinación, somnolencia o confusión. Niños pueden presentar depresión marcada del SNC. Uso crónico puede asociarse a hiperemesis cannabinoide.","Depresión importante del SNC, convulsiones, alteración mental persistente, signos vitales persistentemente anormales o trauma/coingestas.",,SIN_UMBRAL_INGESTA_UNICO,,SDTE_NO_AUTOMATIZAR,"Soporte, ambiente tranquilo y observación; tratar ansiedad, vómitos y otras complicaciones de forma sintomática.",Habitualmente el soporte y la vía aérea tienen prioridad. Carbón activado solo en circunstancias seleccionadas y con vía aérea segura.,No existe antídoto específico.,Ninguno específico.,,"Signos vitales, ECG, glucemia, temperatura, electrolitos y evaluación neurológica; añadir CK/troponina según toxíndrome.","UCI si depresión respiratoria, hipertermia grave, convulsiones, arritmias, shock, coma o falla orgánica.",NCBI Bookshelf - Cannabinoid Toxicity,https://www.ncbi.nlm.nih.gov/books/NBK482175/,"Morán Chorro I, Baldirà Martínez de Irujo J, Marruecos-Sant L, Nogué Xarau S. Toxicología Clínica. 2011.","Cap. 37–47, pp. 457–555",2026-09-04,VALIDADO_FUENTE_ABIERTA,
DROGAS DE ABUSO,ALCOHOL,etanol; alcohol etílico,Mundial,oral,"Desinhibición seguida de disartria, nistagmo, ataxia, alteración del juicio y del nivel de conciencia; náuseas/vómitos, hipotermia e hipoglucemia especialmente en niños.","Coma, depresión respiratoria, hipoglucemia, hipotermia, aspiración, trauma, hipotensión o trastornos metabólicos graves.",,SIN_UMBRAL_INGESTA_UNICO,,SDTE_NO_AUTOMATIZAR,"ABCDE, glucemia, temperatura y evaluación de trauma/coingestas; soporte respiratorio/circulatorio, corregir hipoglucemia y electrolitos. Tiamina en pacientes con riesgo de deficiencia sin retrasar glucosa necesaria.",Habitualmente el soporte y la vía aérea tienen prioridad. Carbón activado solo en circunstancias seleccionadas y con vía aérea segura.,No hay antídoto específico para etanol.,Ninguno específico.,,"Signos vitales, ECG, glucemia, temperatura, electrolitos y evaluación neurológica; añadir CK/troponina según toxíndrome.","UCI si depresión respiratoria, hipertermia grave, convulsiones, arritmias, shock, coma o falla orgánica.",NCBI Bookshelf - Ethanol Toxicity,https://www.ncbi.nlm.nih.gov/books/NBK557381/,"Morán Chorro I, Baldirà Martínez de Irujo J, Marruecos-Sant L, Nogué Xarau S. Toxicología Clínica. 2011.","Cap. 37–47, pp. 457–555",2026-09-04,VALIDADO_FUENTE_ABIERTA,
DROGAS DE ABUSO,BENZODIACEPINAS,benzodiazepines; sedantes hipnóticos,Mundial,oral/IV,"Somnolencia, disartria, ataxia y alteración del estado mental; en intoxicación aislada los signos vitales suelen estar relativamente conservados. La depresión respiratoria es más probable con alcohol, opioides u otros depresores.","Coma, hipoventilación/apnea, aspiración o inestabilidad hemodinámica, especialmente con coingestas.",,SIN_UMBRAL_INGESTA_UNICO,,SDTE_NO_AUTOMATIZAR,Soporte de vía aérea y ventilación según necesidad. Flumazenil no es de uso rutinario en sobredosis y puede precipitar convulsiones/abstinencia en escenarios de riesgo.,Habitualmente el soporte y la vía aérea tienen prioridad. Carbón activado solo en circunstancias seleccionadas y con vía aérea segura.,Flumazenil solo en situaciones cuidadosamente seleccionadas y con criterio toxicológico.,"Flumazenil: uso selectivo, no rutinario.",,"Signos vitales, ECG, glucemia, temperatura, electrolitos y evaluación neurológica; añadir CK/troponina según toxíndrome.","UCI si depresión respiratoria, hipertermia grave, convulsiones, arritmias, shock, coma o falla orgánica.",NCBI Bookshelf - Benzodiazepine Toxicity,https://www.ncbi.nlm.nih.gov/books/NBK482238/,"Morán Chorro I, Baldirà Martínez de Irujo J, Marruecos-Sant L, Nogué Xarau S. Toxicología Clínica. 2011.","Cap. 37–47, pp. 457–555",2026-09-04,VALIDADO_FUENTE_ABIERTA,
DROGAS DE ABUSO,KETAMINA,ketamine; special K,Mundial,IV/IM/nasal/oral,"Sedación o disociación, confusión, paranoia/delirio, nistagmo, midriasis, hipersalivación, ataxia; frecuentemente taquicardia e hipertensión, náuseas/vómitos.","Depresión respiratoria/apnea, laringoespasmo, convulsiones, coma, arritmias, rabdomiólisis o trauma asociado.",,SIN_UMBRAL_INGESTA_UNICO,,SDTE_NO_AUTOMATIZAR,"Manejo principalmente de soporte con monitorización ABC; posición y protección de vía aérea si vómitos, benzodiacepinas para agitación/convulsiones según clínica.",Habitualmente el soporte y la vía aérea tienen prioridad. Carbón activado solo en circunstancias seleccionadas y con vía aérea segura.,No existe antídoto específico.,Ninguno específico.,,"Signos vitales, ECG, glucemia, temperatura, electrolitos y evaluación neurológica; añadir CK/troponina según toxíndrome.","UCI si depresión respiratoria, hipertermia grave, convulsiones, arritmias, shock, coma o falla orgánica.",NCBI Bookshelf - Ketamine Toxicity,https://www.ncbi.nlm.nih.gov/books/NBK541087/,"Morán Chorro I, Baldirà Martínez de Irujo J, Marruecos-Sant L, Nogué Xarau S. Toxicología Clínica. 2011.","Cap. 37–47, pp. 457–555",2026-09-04,VALIDADO_FUENTE_ABIERTA,
DROGAS DE ABUSO,GHB,"gamma-hidroxibutirato; gamma hydroxybutyrate; GBL; 1,4-butanediol",Mundial,oral,"Inicio rápido de somnolencia profunda, disminución de conciencia, bradicardia, hipoventilación, vómitos e hipotermia; puede alternar depresión profunda con agitación al despertar.","Apnea/hipoxemia, coma, aspiración, bradicardia o hipotensión significativa.",,SIN_UMBRAL_INGESTA_UNICO,,SDTE_NO_AUTOMATIZAR,"Soporte agresivo de vía aérea/ventilación cuando sea necesario y monitorización; suele resolverse relativamente rápido, pero coingestas pueden prolongar el cuadro.",Habitualmente el soporte y la vía aérea tienen prioridad. Carbón activado solo en circunstancias seleccionadas y con vía aérea segura.,No existe antídoto específico.,Ninguno específico.,,"Signos vitales, ECG, glucemia, temperatura, electrolitos y evaluación neurológica; añadir CK/troponina según toxíndrome.","UCI si depresión respiratoria, hipertermia grave, convulsiones, arritmias, shock, coma o falla orgánica.",NCBI Bookshelf - GHB Toxicity,https://www.ncbi.nlm.nih.gov/books/NBK430781/,"Morán Chorro I, Baldirà Martínez de Irujo J, Marruecos-Sant L, Nogué Xarau S. Toxicología Clínica. 2011.","Cap. 37–47, pp. 457–555",2026-09-04,VALIDADO_FUENTE_ABIERTA,
DROGAS DE ABUSO,POPPER,poppers; nitritos de alquilo; amyl nitrite,Mundial,inhalada/oral accidental,"Cefalea, rubor, mareo, taquicardia e hipotensión. Puede causar metahemoglobinemia con cianosis, disnea y saturación baja que responde poco al oxígeno.","Cianosis/hipoxemia refractaria, alteración neurológica, acidosis, arritmias, síncope o metahemoglobina elevada con síntomas.",,SIN_UMBRAL_INGESTA_UNICO,,SDTE_NO_AUTOMATIZAR,"Retirar exposición, oxígeno y cooximetría cuando se sospeche metahemoglobinemia; soporte hemodinámico.",Habitualmente el soporte y la vía aérea tienen prioridad. Carbón activado solo en circunstancias seleccionadas y con vía aérea segura.,Azul de metileno en metahemoglobinemia clínicamente significativa cuando no esté contraindicado; consultar toxicología.,Azul de metileno en casos seleccionados.,,"Signos vitales, ECG, glucemia, temperatura, electrolitos y evaluación neurológica; añadir CK/troponina según toxíndrome.","UCI si depresión respiratoria, hipertermia grave, convulsiones, arritmias, shock, coma o falla orgánica.",NCBI Bookshelf - Methemoglobinemia,https://www.ncbi.nlm.nih.gov/books/NBK537317/,"Morán Chorro I, Baldirà Martínez de Irujo J, Marruecos-Sant L, Nogué Xarau S. Toxicología Clínica. 2011.","Cap. 37–47, pp. 457–555",2026-09-04,VALIDADO_FUENTE_ABIERTA,
DROGAS DE ABUSO,PCP,fenciclidina; phencyclidine; angel dust,Mundial,inhalada/oral/IV,"Agitación, conducta violenta o psicosis, analgesia, nistagmo horizontal/vertical, hipertensión, taquicardia, ataxia y alteración de conciencia; puede alternar excitación y coma.","Convulsiones, hipertermia, rabdomiólisis, crisis hipertensiva, hipoglucemia, coma o trauma grave.",,SIN_UMBRAL_INGESTA_UNICO,,SDTE_NO_AUTOMATIZAR,"Ambiente con pocos estímulos, ABC, benzodiacepinas para agitación/convulsiones, enfriamiento y vigilancia de CK/función renal si sospecha rabdomiólisis.",Habitualmente el soporte y la vía aérea tienen prioridad. Carbón activado solo en circunstancias seleccionadas y con vía aérea segura.,No existe antídoto específico.,Ninguno específico.,,"Signos vitales, ECG, glucemia, temperatura, electrolitos y evaluación neurológica; añadir CK/troponina según toxíndrome.","UCI si depresión respiratoria, hipertermia grave, convulsiones, arritmias, shock, coma o falla orgánica.",NCBI Bookshelf - Phencyclidine Toxicity,https://www.ncbi.nlm.nih.gov/books/NBK507865/,"Morán Chorro I, Baldirà Martínez de Irujo J, Marruecos-Sant L, Nogué Xarau S. Toxicología Clínica. 2011.","Cap. 37–47, pp. 457–555",2026-09-04,VALIDADO_FUENTE_ABIERTA,
DROGAS DE ABUSO,CRACK,crack cocaine; cocaína base,Mundial,inhalada,"Toxicidad equivalente a cocaína con inicio rápido: agitación, taquicardia, hipertensión, dolor torácico, diaforesis, midriasis, hipertermia y convulsiones. La inhalación puede asociarse además a lesión pulmonar aguda.","Síndrome coronario, arritmias, ACV, convulsiones, hipertermia, rabdomiólisis, edema/lesión pulmonar o shock.",,SIN_UMBRAL_INGESTA_UNICO,,SDTE_NO_AUTOMATIZAR,"Manejo como toxicidad por cocaína: ABC, ECG, benzodiacepinas, enfriamiento y tratamiento dirigido de complicaciones cardiovasculares/pulmonares.",Habitualmente el soporte y la vía aérea tienen prioridad. Carbón activado solo en circunstancias seleccionadas y con vía aérea segura.,No existe antídoto específico.,Ninguno específico.,,"Signos vitales, ECG, glucemia, temperatura, electrolitos y evaluación neurológica; añadir CK/troponina según toxíndrome.","UCI si depresión respiratoria, hipertermia grave, convulsiones, arritmias, shock, coma o falla orgánica.",NCBI Bookshelf - Cocaine Toxicity,https://www.ncbi.nlm.nih.gov/books/NBK430976/,"Morán Chorro I, Baldirà Martínez de Irujo J, Marruecos-Sant L, Nogué Xarau S. Toxicología Clínica. 2011.","Cap. 37–47, pp. 457–555",2026-09-04,VALIDADO_FUENTE_ABIERTA,
METALES,PLOMO,lead; plumbismo,Mundial,ingestión/inhalación,"Dolor abdominal, estreñimiento, cefalea, irritabilidad, fatiga y anemia; exposición significativa puede causar neuropatía motora, nefropatía y alteraciones cognitivas. En niños puede afectar neurodesarrollo.","Encefalopatía, convulsiones, edema cerebral, anemia intensa o niveles sanguíneos muy elevados.",No se establece una dosis ingerida única. El capítulo utiliza plumbemia y marcadores de efecto/carga corporal.,BIOMARCADOR_NO_DOSIS_INGESTA,,NO_AUTOMATIZAR,"Retirar fuente, medir plomo en sangre y tratar complicaciones. La indicación de quelación depende de nivel, edad y clínica y debe coordinarse con toxicología.","Interrumpir la exposición. La descontaminación digestiva y la quelación dependen del metal, formulación, tiempo y carga corporal; consultar toxicología.","Succímero, CaNa2EDTA y/o dimercaprol según gravedad y protocolo especializado.",Quelación según nivel y gravedad.,Referencia del libro 2011: CaNa2EDTA 50 mg/kg/día IV durante 5 días; encefalopatía plúmbica: dimercaprol 3 mg/kg IM antes de EDTA. Verificar indicación y pauta actual.,"Plumbemia, hemograma, función renal/hepática y evaluación neurológica. La indicación de quelación depende de concentración, edad, síntomas y exposición.","UCI si encefalopatía, shock, arritmias, insuficiencia respiratoria, acidosis grave o falla renal/hepática.",ATSDR - Medical Management Guidelines: Lead,https://wwwn.cdc.gov/TSP/MMG/MMGDetails.aspx?mmgid=1203&toxid=22,"Morán Chorro I, Baldirà Martínez de Irujo J, Marruecos-Sant L, Nogué Xarau S. Toxicología Clínica. 2011.","Cap. 31, pp. 389–393",2026-09-04,VALIDADO_FUENTE_ABIERTA,
METALES,MERCURIO,mercury; mercurio elemental/inorgánico/orgánico,Mundial,inhalación/ingestión,"La presentación depende de la especie química. Vapores de mercurio elemental pueden causar tos, disnea y neumonitis; exposición crónica puede producir temblor, irritabilidad/erethism, alteraciones cognitivas y neuropatía. Metilmercurio produce toxicidad neurológica predominante.","Insuficiencia respiratoria, lesión renal, alteración neurológica progresiva, ataxia grave o exposición importante en embarazo/niños.","SDTE — la toxicidad depende de la especie química (elemental, inorgánica u orgánica), vía, intensidad y duración de exposición.",SDTE_DEPENDE_ESPECIE_QUIMICA,,SDTE_NO_AUTOMATIZAR,"Interrumpir exposición, soporte y medir la matriz apropiada según especie (sangre/orina). Consultar toxicología para interpretación y quelación.","Interrumpir la exposición. La descontaminación digestiva y la quelación dependen del metal, formulación, tiempo y carga corporal; consultar toxicología.",Quelación puede considerarse con succímero u otros agentes según especie y gravedad; no automatizar una pauta única.,Quelación según especie de mercurio y toxicología.,"El libro incluye dimercaprol para Pb/As/Hg (2,5–3 mg/kg IM cada 4 h como referencia de 2011). En mercurio la selección del quelante depende de la especie química; verificar con toxicología actual.","Hemograma, función renal/hepática, ECG y biomarcadores específicos del metal (sangre/orina) según especie química y exposición.","UCI si encefalopatía, shock, arritmias, insuficiencia respiratoria, acidosis grave o falla renal/hepática.",NCBI Bookshelf - Heavy Metals,https://www.ncbi.nlm.nih.gov/books/NBK557806/,"Morán Chorro I, Baldirà Martínez de Irujo J, Marruecos-Sant L, Nogué Xarau S. Toxicología Clínica. 2011.","Cap. 31 y tabla de antídotos, pp. 389–397 y 121–147",2026-09-04,VALIDADO_FUENTE_ABIERTA,
METALES,ARSENICO,arsénico; arsenic,Mundial,ingestión/inhalación,"Exposición aguda a arsénico inorgánico: vómitos, diarrea acuosa, dolor abdominal, hipotensión, prolongación QT/arritmias, encefalopatía y neuropatía. Exposición crónica: cambios cutáneos, neuropatía y otros efectos sistémicos.","Shock, arritmias/QT prolongado, encefalopatía, convulsiones, lesión renal/hepática o acidosis grave.",No se expresa como dosis ingerida única. El texto considera >200 µg/L de arsénico urinario como valor tóxico (referencia histórica; interpretar con especiación y exposición).,BIOMARCADOR_BIBLIOGRAFICO,,BIBLIOGRAFICA_2011_NO_AUTOMATIZAR,"ABCDE, fluidos/electrolitos, ECG y tratamiento de complicaciones; confirmar exposición con pruebas apropiadas y consultar toxicología.","Interrumpir la exposición. La descontaminación digestiva y la quelación dependen del metal, formulación, tiempo y carga corporal; consultar toxicología.",Quelación en exposición aguda significativa según toxicología (p. ej. dimercaprol o succímero según caso).,Quelación en casos seleccionados.,Intoxicación aguda (libro 2011): dimercaprol 3 mg/kg IM cada 4 h inicialmente. Crónica: DMSA 30 mg/kg/día. Verificar protocolo actual.,"Hemograma, función renal/hepática, ECG y biomarcadores específicos del metal (sangre/orina) según especie química y exposición.","UCI si encefalopatía, shock, arritmias, insuficiencia respiratoria, acidosis grave o falla renal/hepática.",ATSDR - Clinician Brief: Arsenic,https://www.atsdr.cdc.gov/environmental-medicine/hcp/clinician-briefs/arsenic.html,"Morán Chorro I, Baldirà Martínez de Irujo J, Marruecos-Sant L, Nogué Xarau S. Toxicología Clínica. 2011.","Cap. 31, pp. 394–397",2026-09-04,VALIDADO_FUENTE_ABIERTA,
METALES,CADMIO,cadmium; cadmio,Mundial,inhalación/ingestión,"Inhalación aguda de humos puede causar fiebre, tos, disnea y neumonitis que puede progresar a SDRA; ingesta importante produce vómitos, dolor abdominal y lesión gastrointestinal. Crónicamente predomina nefrotoxicidad tubular y enfermedad ósea.","Hipoxemia/SDRA, fallo multiorgánico, lesión renal aguda o exposición ocupacional intensa.",No se consigna una dosis tóxica humana única en el capítulo.,SDTE,,SDTE_NO_AUTOMATIZAR,"Retirar exposición, descontaminación según vía y soporte respiratorio/renal. La quelación no es rutinaria y puede ser perjudicial en algunos escenarios.","Interrumpir la exposición. La descontaminación digestiva y la quelación dependen del metal, formulación, tiempo y carga corporal; consultar toxicología.",No se ha demostrado eficacia de la quelación; tratamiento de soporte y control respiratorio/renal.,Ninguno específico.,,"Hemograma, función renal/hepática, ECG y biomarcadores específicos del metal (sangre/orina) según especie química y exposición.","UCI si encefalopatía, shock, arritmias, insuficiencia respiratoria, acidosis grave o falla renal/hepática.",NCBI Bookshelf - Cadmium Toxicity,https://www.ncbi.nlm.nih.gov/books/NBK536966/,"Morán Chorro I, Baldirà Martínez de Irujo J, Marruecos-Sant L, Nogué Xarau S. Toxicología Clínica. 2011.","Cap. 31, pp. 393–394",2026-09-04,VALIDADO_FUENTE_ABIERTA,
METALES,CROMO,cromo; chromium; cromo VI,Mundial,dérmica/inhalación/ingestión,"Cr(VI) puede causar irritación/úlceras cutáneas, quemaduras de mucosas, síntomas gastrointestinales e irritación respiratoria; exposición significativa puede afectar riñón e hígado. Exposición crónica inhalatoria aumenta riesgo respiratorio/carcinogénico.","Quemadura extensa, compromiso respiratorio, hemorragia GI, lesión renal/hepática o exposición masiva a Cr(VI).",,SIN_UMBRAL_INGESTA_UNICO,,SDTE_NO_AUTOMATIZAR,"Retirar exposición, irrigar piel/ojos, soporte y evaluación renal/hepática; consultar toxicología/medicina ocupacional.","Interrumpir la exposición. La descontaminación digestiva y la quelación dependen del metal, formulación, tiempo y carga corporal; consultar toxicología.",No existe antídoto universal validado.,Ninguno específico.,,"Hemograma, función renal/hepática, ECG y biomarcadores específicos del metal (sangre/orina) según especie química y exposición.","UCI si encefalopatía, shock, arritmias, insuficiencia respiratoria, acidosis grave o falla renal/hepática.",NCBI Bookshelf - Chromium Toxicity,https://www.ncbi.nlm.nih.gov/books/NBK599502/,"Morán Chorro I, Baldirà Martínez de Irujo J, Marruecos-Sant L, Nogué Xarau S. Toxicología Clínica. 2011.","Cap. 31, pp. 389–397",2026-09-04,VALIDADO_FUENTE_ABIERTA,
METALES,NIQUEL,níquel; nickel; nickel carbonyl,Mundial,dérmica/inhalación/ingestión,"Contacto: dermatitis pruriginosa. Ingesta de sales: náuseas, vómitos, diarrea y dolor abdominal. Inhalación de carbonilo de níquel puede causar cefalea, vértigo, disnea y lesión pulmonar con deterioro tardío.","Neumonitis/SDRA, alteración mental, convulsiones, miocarditis o exposición significativa a carbonilo de níquel.",,SIN_UMBRAL_INGESTA_UNICO,,SDTE_NO_AUTOMATIZAR,"Retirar de la fuente, retirar ropa contaminada/lavar piel y soporte respiratorio/cardiovascular; observar deterioro tardío tras inhalación relevante.","Interrumpir la exposición. La descontaminación digestiva y la quelación dependen del metal, formulación, tiempo y carga corporal; consultar toxicología.",No hay antídoto específico de uso rutinario.,Ninguno específico.,,"Hemograma, función renal/hepática, ECG y biomarcadores específicos del metal (sangre/orina) según especie química y exposición.","UCI si encefalopatía, shock, arritmias, insuficiencia respiratoria, acidosis grave o falla renal/hepática.",NCBI Bookshelf - Nickel Toxicology,https://www.ncbi.nlm.nih.gov/books/NBK592400/,"Morán Chorro I, Baldirà Martínez de Irujo J, Marruecos-Sant L, Nogué Xarau S. Toxicología Clínica. 2011.","Cap. 31, pp. 389–397",2026-09-04,VALIDADO_FUENTE_ABIERTA,
METALES,TALIO,talio; thallium,Mundial,ingestión/inhalación/dérmica,"Dolor abdominal, náuseas, vómitos y diarrea/estreñimiento seguidos en días por neuropatía periférica dolorosa, debilidad, ataxia y pares craneales. Alopecia típica aparece de forma retrasada (semanas).","Neuropatía rápidamente progresiva, alteración del sensorio, arritmias, insuficiencia renal/hepática o exposición confirmada significativa.",≈4 mg/kg: dosis tóxica citada; ≥10 mg/kg: potencialmente mortal (referencia bibliográfica 2011).,DOSIS_TOXICA_Y_POTENCIALMENTE_LETAL,,BIBLIOGRAFICA_2011_NO_AUTOMATIZAR,"Consulta inmediata a toxicología, soporte y descontaminación apropiada; monitorización neurológica y cardíaca.","Interrumpir la exposición. La descontaminación digestiva y la quelación dependen del metal, formulación, tiempo y carga corporal; consultar toxicología.",Azul de Prusia es tratamiento específico; otras técnicas de eliminación se individualizan.,Azul de Prusia.,Azul de Prusia (libro 2011): 10 g VO cada 8 h en 50 mL de manitol 20% durante 10 días. Usar protocolo toxicológico vigente para dosificación actual.,"Hemograma, función renal/hepática, ECG y biomarcadores específicos del metal (sangre/orina) según especie química y exposición.","UCI si encefalopatía, shock, arritmias, insuficiencia respiratoria, acidosis grave o falla renal/hepática.",NCBI Bookshelf - Thallium Toxicity,https://www.ncbi.nlm.nih.gov/books/NBK513240/,"Morán Chorro I, Baldirà Martínez de Irujo J, Marruecos-Sant L, Nogué Xarau S. Toxicología Clínica. 2011.","Cap. 35, pp. 432–434",2026-09-04,VALIDADO_FUENTE_ABIERTA,
METALES,HIERRO,iron; sales de hierro,Mundial,ingestión,"Toxicidad aguda: vómitos, dolor abdominal, diarrea, hematemesis/hematoquecia por lesión corrosiva; puede existir fase transitoria de aparente mejoría seguida de shock, acidosis metabólica y hepatotoxicidad.","Shock, acidosis, alteración de conciencia, hepatotoxicidad/coagulopatía, concentraciones séricas elevadas o comprimidos radiopacos en gran cantidad.","La gravedad no se define en esta capa por una única dosis ingerida; valorar clínica, radiografía cuando corresponda y hierro sérico seriado.",CLINICA_Y_CONCENTRACION,,NO_AUTOMATIZAR,"ABCDE, hierro sérico seriado según tiempo, gases/electrolitos, función hepática y radiografía cuando corresponda; descontaminación intestinal selectiva y soporte.","Interrumpir la exposición. La descontaminación digestiva y la quelación dependen del metal, formulación, tiempo y carga corporal; consultar toxicología.",Deferoxamina en toxicidad moderada-grave según criterios clínicos/laboratorio.,Deferoxamina.,"Deferoxamina (libro 2011): 15 mg/kg/h IV, reducir tras 4–6 h; máximo 80 mg/kg/día. Verificar pauta actual y criterios de indicación.","Hemograma, función renal/hepática, ECG y biomarcadores específicos del metal (sangre/orina) según especie química y exposición.","UCI si encefalopatía, shock, arritmias, insuficiencia respiratoria, acidosis grave o falla renal/hepática.",NCBI Bookshelf - Iron Overload and Toxicity,https://www.ncbi.nlm.nih.gov/books/NBK526131/,"Morán Chorro I, Baldirà Martínez de Irujo J, Marruecos-Sant L, Nogué Xarau S. Toxicología Clínica. 2011.",Cap. 10 (antídotos) y capítulos generales,2026-09-04,VALIDADO_FUENTE_ABIERTA,
METALES,ALUMINIO,aluminum; aluminio,Mundial,crónica/iatrogénica/inhalación,"Toxicidad típicamente crónica, especialmente en insuficiencia renal: encefalopatía, trastorno del habla, mioclonías, anemia, osteomalacia/fracturas y debilidad; exposición inhalatoria industrial puede causar síntomas respiratorios.","Convulsiones/encefalopatía, deterioro neurológico progresivo, enfermedad ósea grave o niveles elevados en paciente renal.",,SIN_UMBRAL_INGESTA_UNICO,,SDTE_NO_AUTOMATIZAR,Eliminar fuente de aluminio y valorar niveles con nefrología/toxicología; soporte y corrección de exposición.,"Interrumpir la exposición. La descontaminación digestiva y la quelación dependen del metal, formulación, tiempo y carga corporal; consultar toxicología.",Deferoxamina puede emplearse en toxicidad clínicamente significativa bajo monitorización especializada.,Deferoxamina en casos seleccionados.,,"Hemograma, función renal/hepática, ECG y biomarcadores específicos del metal (sangre/orina) según especie química y exposición.","UCI si encefalopatía, shock, arritmias, insuficiencia respiratoria, acidosis grave o falla renal/hepática.",NCBI Bookshelf - Aluminum Toxicity,https://www.ncbi.nlm.nih.gov/books/NBK609094/,"Morán Chorro I, Baldirà Martínez de Irujo J, Marruecos-Sant L, Nogué Xarau S. Toxicología Clínica. 2011.","Cap. 31, pp. 389–397",2026-09-04,VALIDADO_FUENTE_ABIERTA,
METALES,COBRE,copper; cobre; sulfato de cobre,Mundial,ingestión/iatrogénica,"Ingesta aguda puede causar dolor abdominal, vómitos (a veces azul-verdosos), hematemesis/melena y gastroenteritis corrosiva; toxicidad sistémica puede producir hemólisis intravascular, metahemoglobinemia, lesión hepática y renal.","Hemólisis, metahemoglobinemia, insuficiencia hepática/renal, shock, rabdomiólisis o alteración de conciencia.",,SIN_UMBRAL_INGESTA_UNICO,,SDTE_NO_AUTOMATIZAR,"ABCDE, soporte, hemograma, función hepática/renal y evaluación de hemólisis/metahemoglobina; consulta toxicológica.","Interrumpir la exposición. La descontaminación digestiva y la quelación dependen del metal, formulación, tiempo y carga corporal; consultar toxicología.",Quelación se individualiza según forma y gravedad; no automatizar una pauta única.,Quelación en casos seleccionados.,,"Hemograma, función renal/hepática, ECG y biomarcadores específicos del metal (sangre/orina) según especie química y exposición.","UCI si encefalopatía, shock, arritmias, insuficiencia respiratoria, acidosis grave o falla renal/hepática.",NCBI Bookshelf - Copper Toxicity,https://www.ncbi.nlm.nih.gov/books/NBK557456/,"Morán Chorro I, Baldirà Martínez de Irujo J, Marruecos-Sant L, Nogué Xarau S. Toxicología Clínica. 2011.","Cap. 31, pp. 389–397",2026-09-04,VALIDADO_FUENTE_ABIERTA,
METALES,ZINC,zinc; sales de zinc,Mundial,ingestión/inhalación,"Ingesta aguda: náuseas, vómitos, dolor epigástrico, diarrea, letargia; inhalación de humos puede producir fiebre de humos metálicos y, en exposiciones intensas, lesión pulmonar. Exceso crónico puede causar deficiencia de cobre, anemia y neuropatía.","Deshidratación/hemorragia GI, lesión renal/hepática, inestabilidad hemodinámica o insuficiencia respiratoria tras inhalación.",,SIN_UMBRAL_INGESTA_UNICO,,SDTE_NO_AUTOMATIZAR,"Retirar exposición y soporte; valorar electrolitos, función renal/hepática y cobre/hemograma en exposición crónica.","Interrumpir la exposición. La descontaminación digestiva y la quelación dependen del metal, formulación, tiempo y carga corporal; consultar toxicología.",No existe antídoto de uso rutinario; manejo dirigido a complicaciones.,Ninguno específico.,,"Hemograma, función renal/hepática, ECG y biomarcadores específicos del metal (sangre/orina) según especie química y exposición.","UCI si encefalopatía, shock, arritmias, insuficiencia respiratoria, acidosis grave o falla renal/hepática.",NCBI Bookshelf - Zinc Toxicity,https://www.ncbi.nlm.nih.gov/books/NBK554548/,"Morán Chorro I, Baldirà Martínez de Irujo J, Marruecos-Sant L, Nogué Xarau S. Toxicología Clínica. 2011.","Cap. 31, pp. 389–397",2026-09-04,VALIDADO_FUENTE_ABIERTA,
METALES,MANGANESO,manganese; manganeso,Mundial,inhalación/crónica,"Predomina toxicidad neurológica crónica: cambios de ánimo/conducta, alteración cognitiva y luego parkinsonismo con bradicinesia, marcha alterada, rigidez, facies hipomímica, micrografía y trastorno del habla.","Deterioro neurológico progresivo, exposición ocupacional intensa o compromiso respiratorio/hepático asociado.",,SIN_UMBRAL_INGESTA_UNICO,,SDTE_NO_AUTOMATIZAR,"Retirar exposición, evaluación neurológica y ocupacional, soporte y seguimiento; evitar nuevas exposiciones.","Interrumpir la exposición. La descontaminación digestiva y la quelación dependen del metal, formulación, tiempo y carga corporal; consultar toxicología.",No hay antídoto específico universal; tratamientos especializados se individualizan.,Ninguno específico.,,"Hemograma, función renal/hepática, ECG y biomarcadores específicos del metal (sangre/orina) según especie química y exposición.","UCI si encefalopatía, shock, arritmias, insuficiencia respiratoria, acidosis grave o falla renal/hepática.",NCBI Bookshelf - Manganese Toxicity,https://www.ncbi.nlm.nih.gov/books/NBK560903/,"Morán Chorro I, Baldirà Martínez de Irujo J, Marruecos-Sant L, Nogué Xarau S. Toxicología Clínica. 2011.","Cap. 31, pp. 389–397",2026-09-04,VALIDADO_FUENTE_ABIERTA,
PLAGUICIDAS,GLIFOSATO,glyphosate; herbicida glifosato; Roundup,Mundial,ingestión/dérmica/inhalación,"Las formulaciones concentradas pueden causar náuseas, vómitos, dolor abdominal, irritación orofaríngea/esofágica y diarrea. Ingestas importantes se han asociado a hipotensión, alteraciones electrolíticas, lesión renal, arritmias y dificultad respiratoria/SDRA.","Hipotensión/shock, hipoxemia/SDRA, arritmias, hiperpotasemia, lesión renal o ingesta grande de formulación concentrada.",Ingestas >85–100 mL de formulaciones concentradas se describen como de mal pronóstico/gravedad; la DL50 de 4 g/kg citada es experimental y NO se usa como umbral humano.,VOLUMEN_ASOCIADO_A_GRAVEDAD,,BIBLIOGRAFICA_2011_NO_AUTOMATIZAR,"Descontaminación externa según exposición y soporte ABC; monitorizar ECG, electrolitos, función renal y respiratoria. La toxicidad depende también de surfactantes de la formulación.","Retirar ropa contaminada y lavar piel/ojos cuando corresponda. Descontaminación digestiva solo según agente, tiempo, vía aérea y protocolo toxicológico.",No existe antídoto específico.,Ninguno específico.,,"Signos vitales, ECG, estado neurológico, gasometría/electrolitos y función renal/hepática según agente y gravedad.","UCI/alta complejidad si insuficiencia respiratoria, shock, convulsiones, arritmias, acidosis grave, coma o falla orgánica.",ATSDR Toxicological Profile for Glyphosate,https://www.ncbi.nlm.nih.gov/books/NBK591698/,"Morán Chorro I, Baldirà Martínez de Irujo J, Marruecos-Sant L, Nogué Xarau S. Toxicología Clínica. 2011.","Cap. 22, pp. 284–285",2026-09-04,VALIDADO_FUENTE_ABIERTA,
PLAGUICIDAS,PARAQUAT,paraquat; herbicida bipiridilo,Mundial,principalmente ingestión,"Ingesta produce lesión corrosiva oral/GI, vómitos y dolor; puede evolucionar a lesión renal y hepática, neumonitis y fibrosis pulmonar. Exposiciones graves causan falla multiorgánica rápida.","Ingesta confirmada, quemaduras orofaríngeas, oliguria/IRA, hipoxemia, acidosis, shock o falla multiorgánica.",≈35 mg/kg por vía oral se cita como dosis mínima potencialmente letal en humanos en el texto de 2011.,DOSIS_POTENCIALMENTE_LETAL_BIBLIOGRAFICA,,BIBLIOGRAFICA_2011_NO_AUTOMATIZAR,"Emergencia toxicológica: ABC, descontaminación/adsorbente precoz según protocolo y consulta inmediata a centro toxicológico. Evitar hiperoxia innecesaria; usar oxígeno cuando exista hipoxemia. Evidencia de inmunosupresión/antioxidantes y técnicas extracorpóreas es limitada/variable.",Emergencia toxicológica: adsorbente/descontaminación digestiva precoz según protocolo y vía aérea. Evitar oxígeno suplementario innecesario; administrarlo si existe hipoxemia.,"No existe antídoto específico; hemoperfusión temprana puede considerarse en centros expertos, con evidencia no definitiva.",Ninguno específico.,,"Signos vitales, ECG, estado neurológico, gasometría/electrolitos y función renal/hepática según agente y gravedad.","UCI/alta complejidad si insuficiencia respiratoria, shock, convulsiones, arritmias, acidosis grave, coma o falla orgánica.",PMC - Management of Paraquat Poisoning—The Way Forward,https://pmc.ncbi.nlm.nih.gov/articles/PMC11372663/,"Morán Chorro I, Baldirà Martínez de Irujo J, Marruecos-Sant L, Nogué Xarau S. Toxicología Clínica. 2011.","Cap. 23, pp. 295–301",2026-09-04,VALIDADO_FUENTE_ABIERTA,
GASES,CLORO,chlorine gas; gas cloro,Mundial,inhalación,"Irritación inmediata de ojos/nariz/garganta, tos, sensación de quemazón, disnea, sibilancias y dolor torácico. Exposición intensa puede causar neumonitis química y edema pulmonar, a veces de evolución retardada.","Hipoxemia, broncoespasmo grave, estridor, edema pulmonar o deterioro respiratorio progresivo.",,SIN_UMBRAL_INGESTA_UNICO,,SDTE_NO_AUTOMATIZAR,"Retirar de exposición, descontaminación si contacto, oxígeno y soporte respiratorio; broncodilatadores si broncoespasmo. Observar exposiciones significativas por posible deterioro tardío.",Retirar de la fuente sin exponer al rescatador; descontaminación cutáneo-ocular si existe depósito químico. No realizar rescate en espacio confinado sin protección adecuada.,No hay antídoto específico.,Ninguno específico.,,"Oximetría, ECG, gasometría y evaluación respiratoria seriada; considerar cooximetría o analítica específica según gas.","UCI si hipoxemia, edema pulmonar, alteración de conciencia, convulsiones, shock o necesidad de ventilación.",ATSDR - Medical Management Guidelines: Chlorine,https://wwwn.cdc.gov/TSP/MMG/MMGDetails.aspx?mmgid=198&toxid=36,"Morán Chorro I, Baldirà Martínez de Irujo J, Marruecos-Sant L, Nogué Xarau S. Toxicología Clínica. 2011.","Cap. 24–26, pp. 303–332",2026-09-04,VALIDADO_FUENTE_ABIERTA,
GASES,AMONIACO,ammonia; NH3,Mundial,inhalación/contacto,"Irritación cáustica intensa de ojos, piel y vía aérea: lagrimeo, dolor, tos, disnea, broncoespasmo; concentraciones altas pueden causar quemadura de vía aérea y edema pulmonar.","Estridor, quemadura ocular grave, hipoxemia, broncoespasmo refractario o edema pulmonar.",,SIN_UMBRAL_INGESTA_UNICO,,SDTE_NO_AUTOMATIZAR,"Retirar exposición, irrigación copiosa de ojos/piel, oxígeno y soporte de vía aérea; broncodilatador si broncoespasmo. Evaluación oftalmológica si lesión ocular.",Retirar de la fuente sin exponer al rescatador; descontaminación cutáneo-ocular si existe depósito químico. No realizar rescate en espacio confinado sin protección adecuada.,No hay antídoto específico.,Ninguno específico.,,"Oximetría, ECG, gasometría y evaluación respiratoria seriada; considerar cooximetría o analítica específica según gas.","UCI si hipoxemia, edema pulmonar, alteración de conciencia, convulsiones, shock o necesidad de ventilación.",ATSDR - Medical Management Guidelines: Ammonia,https://wwwn.cdc.gov/TSP/MMG/MMGDetails.aspx?mmgid=7&toxid=2,"Morán Chorro I, Baldirà Martínez de Irujo J, Marruecos-Sant L, Nogué Xarau S. Toxicología Clínica. 2011.","Cap. 24–26, pp. 303–332",2026-09-04,VALIDADO_FUENTE_ABIERTA,
ALCOHOLES TÓXICOS,METANOL,methanol; alcohol metílico,Mundial,ingestión/inhalación,"Inicialmente puede parecer intoxicación etílica; luego aparecen náuseas, dolor abdominal, cefalea, visión borrosa/fotofobia y acidosis metabólica con anión gap. Toxicidad ocular puede progresar a ceguera.","Acidosis grave, síntomas visuales, alteración de conciencia, convulsiones, inestabilidad o concentración significativa.","15–30 mL de solución al 100% puede producir intoxicación grave. En el libro: >0,2 g/L = grave; >1 g/L = potencialmente letal.",VOLUMEN_Y_CONCENTRACION_PLASMATICA,,BIBLIOGRAFICA_2011_NO_AUTOMATIZAR,"ABCDE, gasometría/electrolitos/osmolalidad y consulta toxicológica urgente.","Carbón activado es poco útil para metanol/etilenglicol. Priorizar diagnóstico, inhibición metabólica y soporte.",Fomepizol (o etanol donde corresponda) para bloquear alcohol deshidrogenasa; folato y hemodiálisis según criterios.,Fomepizol; hemodiálisis en casos seleccionados.,Fomepizol (libro 2011): 15 mg/kg IV carga; 10 mg/kg cada 12 h × 4 dosis; luego 15 mg/kg cada 12 h hasta concentración <20 mg/dL. Ajustar durante hemodiálisis. Verificar protocolo vigente.,"Gasometría, anion gap, osmol gap, metanolemia cuando disponible, visión/fondo de ojo, electrolitos y función renal; considerar hemodiálisis según gravedad.","UCI si acidosis importante, alteración de conciencia, convulsiones, inestabilidad, insuficiencia renal o indicación de hemodiálisis.",NCBI Bookshelf - Methanol Toxicity,https://www.ncbi.nlm.nih.gov/books/NBK482121/,"Morán Chorro I, Baldirà Martínez de Irujo J, Marruecos-Sant L, Nogué Xarau S. Toxicología Clínica. 2011.","Cap. 33, pp. 413–421",2026-09-04,VALIDADO_FUENTE_ABIERTA,
ALCOHOLES TÓXICOS,ETILENGLICOL,ethylene glycol; anticongelante,Mundial,ingestión,"Depresión del SNC inicial, náuseas/vómitos y embriaguez; posteriormente acidosis metabólica con anión gap, taquipnea, hipocalcemia y lesión renal por cristales de oxalato.","Acidosis grave, hipocalcemia sintomática, lesión renal, alteración de conciencia, convulsiones o concentración significativa.","15–30 mL de solución al 100% puede producir intoxicación grave. En el libro: >0,5 g/L = grave; >2 g/L = potencialmente letal.",VOLUMEN_Y_CONCENTRACION_PLASMATICA,,BIBLIOGRAFICA_2011_NO_AUTOMATIZAR,"ABCDE, gasometría/electrolitos/osmolalidad, calcio, función renal y consulta toxicológica urgente.","Carbón activado es poco útil para metanol/etilenglicol. Priorizar diagnóstico, inhibición metabólica y soporte.",Fomepizol para inhibir metabolismo tóxico; hemodiálisis y cofactores según gravedad/protocolo.,Fomepizol; hemodiálisis en casos seleccionados.,Fomepizol (libro 2011): 15 mg/kg IV carga; 10 mg/kg cada 12 h × 4 dosis; luego 15 mg/kg cada 12 h hasta concentración <20 mg/dL. Ajustar durante hemodiálisis. Verificar protocolo vigente.,"Gasometría, anion gap, osmol gap, etilenglicol cuando disponible, calcio, función renal y cristaluria/oxaluria; considerar hemodiálisis según gravedad.","UCI si acidosis importante, alteración de conciencia, convulsiones, inestabilidad, insuficiencia renal o indicación de hemodiálisis.",NCBI Bookshelf - Ethylene Glycol Toxicity,https://www.ncbi.nlm.nih.gov/books/NBK537009/,"Morán Chorro I, Baldirà Martínez de Irujo J, Marruecos-Sant L, Nogué Xarau S. Toxicología Clínica. 2011.","Cap. 33, pp. 413–421",2026-09-04,VALIDADO_FUENTE_ABIERTA,
PLAGUICIDAS,"2,4-D","2,4-diclorofenoxiacético; 2,4-dichlorophenoxyacetic acid; herbicida clorofenoxi",Mundial / agrícola,ingestión; inhalación; dérmica,"La exposición aguda importante, sobre todo por ingestión, puede causar náuseas, vómitos, dolor abdominal, debilidad, alteración del sensorio y depresión del SNC; se han descrito miotonía, lesión muscular/rabdomiólisis y alteraciones hepáticas o renales en intoxicaciones graves.","Depresión marcada del SNC o coma, hipotensión, acidosis, hipoxemia, rabdomiólisis, lesión renal aguda o deterioro multiorgánico.",,SIN_UMBRAL_INGESTA_UNICO,,SDTE_NO_AUTOMATIZAR,"Retirar de la exposición, descontaminar piel/ojos cuando corresponda y realizar soporte ABC, fluidos, electrolitos y monitorización. Tratar convulsiones con benzodiacepinas.","Retirar ropa contaminada y lavar piel/ojos cuando corresponda. Descontaminación digestiva solo según agente, tiempo, vía aérea y protocolo toxicológico.",No hay antídoto. En intoxicación sistémica grave seleccionada puede discutirse alcalinización plasmática/urinaria o depuración extracorpórea con toxicología; no usarla de forma rutinaria sin monitorización.,Ninguno específico.,,"Signos vitales, ECG, estado neurológico, gasometría/electrolitos y función renal/hepática según agente y gravedad.","UCI/alta complejidad si insuficiencia respiratoria, shock, convulsiones, arritmias, acidosis grave, coma o falla orgánica.","ATSDR - Toxicological Profile for 2,4-D",https://www.ncbi.nlm.nih.gov/books/NBK590144/,"Morán Chorro I, Baldirà Martínez de Irujo J, Marruecos-Sant L, Nogué Xarau S. Toxicología Clínica. 2011.","Cap. 20–23, pp. 255–302",2026-09-05,VALIDADO_FUENTE_ABIERTA,No convertir niveles de riesgo ambiental (MRL) en umbrales de intoxicación aguda.
PLAGUICIDAS,ATRAZINA,atrazine; herbicida triazina,Mundial / agrícola,inhalación; ingestión; dérmica/ocular,"Puede producir irritación ocular y cutánea, dermatitis o sensibilización; en exposición relevante se describen disnea, debilidad, incoordinación, salivación e hipotermia. La información humana de sobredosis aguda es limitada y se ha descrito posible lesión hepática.","Disnea importante, deterioro neurológico/incoordinación marcada, hipotermia significativa o evidencia de lesión hepática.",,SIN_UMBRAL_INGESTA_UNICO,,SDTE_NO_AUTOMATIZAR,"Retirar de la exposición, irrigar ojos y lavar piel contaminada; soporte respiratorio y tratamiento sintomático. Evaluar función hepática y otros estudios según gravedad.","Retirar ropa contaminada y lavar piel/ojos cuando corresponda. Descontaminación digestiva solo según agente, tiempo, vía aérea y protocolo toxicológico.",No existe antídoto específico establecido; manejo de soporte y consulta toxicológica en exposición significativa.,Ninguno específico.,,"Signos vitales, ECG, estado neurológico, gasometría/electrolitos y función renal/hepática según agente y gravedad.","UCI/alta complejidad si insuficiencia respiratoria, shock, convulsiones, arritmias, acidosis grave, coma o falla orgánica.",CDC/NIOSH Pocket Guide - Atrazine,https://www.cdc.gov/niosh/npg/npgd0043.html,"Morán Chorro I, Baldirà Martínez de Irujo J, Marruecos-Sant L, Nogué Xarau S. Toxicología Clínica. 2011.","Cap. 20–23, pp. 255–302",2026-09-05,VALIDADO_FUENTE_ABIERTA,Datos de toxicidad aguda humana limitados; evitar inferir un umbral clínico a partir de límites ocupacionales.
PLAGUICIDAS,DDT,dicloro-difenil-tricloroetano; dichlorodiphenyltrichloroethane,Mundial / exposición histórica u ocupacional,ingestión; inhalación; dérmica,"Parestesias de lengua, labios o cara, temblor, ansiedad, mareo, confusión, cefalea, debilidad y vómitos; la toxicidad importante puede progresar a convulsiones y paresia.","Convulsiones, alteración marcada del sensorio, debilidad neuromuscular importante o compromiso respiratorio.",,SIN_UMBRAL_INGESTA_UNICO,,SDTE_NO_AUTOMATIZAR,"Retirar exposición, descontaminar piel/ojos y realizar soporte ABC. Control de convulsiones con benzodiacepinas y monitorización clínica; evaluar hígado/riñón en exposiciones relevantes.","Retirar ropa contaminada y lavar piel/ojos cuando corresponda. Descontaminación digestiva solo según agente, tiempo, vía aérea y protocolo toxicológico.",No hay antídoto específico; tratamiento de soporte y control de convulsiones.,Ninguno específico.,,"Signos vitales, ECG, estado neurológico, gasometría/electrolitos y función renal/hepática según agente y gravedad.","UCI/alta complejidad si insuficiencia respiratoria, shock, convulsiones, arritmias, acidosis grave, coma o falla orgánica.",CDC/NIOSH Pocket Guide - DDT,https://www.cdc.gov/niosh/npg/npgd0174.html,"Morán Chorro I, Baldirà Martínez de Irujo J, Marruecos-Sant L, Nogué Xarau S. Toxicología Clínica. 2011.","Cap. 20–23, pp. 255–302",2026-09-05,VALIDADO_FUENTE_ABIERTA,Plaguicida organoclorado; no usar límites ocupacionales como umbral de intoxicación.
PLAGUICIDAS,LINDANO,lindane; gamma-HCH; gamma-hexaclorociclohexano; BHC,"Mundial / exposición histórica, farmacológica u ocupacional",ingestión; inhalación; absorción dérmica,"Irritación de ojos, piel, nariz o garganta, cefalea, náuseas y espasmos musculares; la neurotoxicidad puede producir convulsiones clónicas. También se describen dificultad respiratoria y cianosis en exposiciones importantes.","Convulsiones, dificultad respiratoria, cianosis, alteración importante del sensorio o toxicidad hematológica.",10 mg/kg: dosis tóxica estimada en el texto; la cifra letal 20–70 mg/kg citada allí corresponde a animales y NO se usa como umbral humano.,DOSIS_TOXICA_BIBLIOGRAFICA,,BIBLIOGRAFICA_2011_NO_AUTOMATIZAR,"Descontaminar piel/ojos, soporte ABC y control de convulsiones con benzodiacepinas; monitorización respiratoria y neurológica.","Retirar ropa contaminada y lavar piel/ojos cuando corresponda. Descontaminación digestiva solo según agente, tiempo, vía aérea y protocolo toxicológico.",No hay antídoto específico; manejo de soporte y tratamiento de convulsiones.,Ninguno específico.,,"Signos vitales, ECG, estado neurológico, gasometría/electrolitos y función renal/hepática según agente y gravedad.","UCI/alta complejidad si insuficiencia respiratoria, shock, convulsiones, arritmias, acidosis grave, coma o falla orgánica.",CDC/NIOSH Pocket Guide - Lindane,https://www.cdc.gov/niosh/npg/npgd0370.html,"Morán Chorro I, Baldirà Martínez de Irujo J, Marruecos-Sant L, Nogué Xarau S. Toxicología Clínica. 2011.","Cap. 20, pp. 255–257",2026-09-05,VALIDADO_FUENTE_ABIERTA,Organoclorado neurotóxico; confirmar formulación y vía de exposición.
PLAGUICIDAS,DIELDRIN,dieldrín; HEOD; insecticida organoclorado,Mundial / exposición histórica u ocupacional,ingestión; inhalación; absorción dérmica,"Cefalea, mareo, náuseas, vómitos, malestar y sudoración; puede causar sacudidas mioclónicas y convulsiones clónicas o tónicas. Las intoxicaciones graves pueden evolucionar a coma.","Convulsiones recurrentes o prolongadas, coma, compromiso respiratorio o deterioro hemodinámico.",,SIN_UMBRAL_INGESTA_UNICO,,SDTE_NO_AUTOMATIZAR,"Retirar de la exposición, descontaminar piel/ojos, soporte ABC y control rápido de convulsiones con benzodiacepinas; vigilar estado neurológico y respiratorio.","Retirar ropa contaminada y lavar piel/ojos cuando corresponda. Descontaminación digestiva solo según agente, tiempo, vía aérea y protocolo toxicológico.",No hay antídoto específico; tratamiento de soporte y anticonvulsivante.,Ninguno específico.,,"Signos vitales, ECG, estado neurológico, gasometría/electrolitos y función renal/hepática según agente y gravedad.","UCI/alta complejidad si insuficiencia respiratoria, shock, convulsiones, arritmias, acidosis grave, coma o falla orgánica.",CDC/NIOSH Pocket Guide - Dieldrin,https://www.cdc.gov/niosh/npg/npgd0206.html,"Morán Chorro I, Baldirà Martínez de Irujo J, Marruecos-Sant L, Nogué Xarau S. Toxicología Clínica. 2011.","Cap. 20–23, pp. 255–302",2026-09-05,VALIDADO_FUENTE_ABIERTA,Organoclorado con predominio de neurotoxicidad aguda.
GASES,BROMURO DE METILO,methyl bromide; bromomethane; bromometano,Industrial / fumigación,principalmente inhalación; líquido: dérmica/ocular,"Irritación ocular, cutánea y respiratoria; cefalea, náuseas, vómitos, mareo, debilidad, temblor, alteración visual e incoordinación. La neurotoxicidad puede ser retardada y en exposiciones graves aparecen convulsiones, disnea y depresión del SNC.","Edema pulmonar, convulsiones, coma, insuficiencia respiratoria, deterioro neurológico progresivo o exposición significativa en espacio cerrado.",,SIN_UMBRAL_INGESTA_UNICO,,SDTE_NO_AUTOMATIZAR,"Retirar de la fuente solo con protección adecuada, descontaminar piel/ojos, administrar soporte respiratorio/oxígeno según necesidad y controlar convulsiones. Observar por posible aparición retardada de toxicidad neurológica o pulmonar.",Retirar de la fuente sin exponer al rescatador; descontaminación cutáneo-ocular si existe depósito químico. No realizar rescate en espacio confinado sin protección adecuada.,No existe antídoto específico establecido; soporte intensivo según compromiso respiratorio y neurológico.,Ninguno específico.,,"Oximetría, ECG, gasometría y evaluación respiratoria seriada; considerar cooximetría o analítica específica según gas.","UCI si hipoxemia, edema pulmonar, alteración de conciencia, convulsiones, shock o necesidad de ventilación.",CDC/NIOSH Pocket Guide - Methyl bromide,https://www.cdc.gov/niosh/npg/npgd0400.html,"Morán Chorro I, Baldirà Martínez de Irujo J, Marruecos-Sant L, Nogué Xarau S. Toxicología Clínica. 2011.","Cap. 24–26, pp. 303–332",2026-09-05,VALIDADO_FUENTE_ABIERTA,Los síntomas neurológicos pueden retrasarse horas o más; evitar exposición secundaria del personal.
PLAGUICIDAS,CIANAMIDA,cyanamide; hydrogen cyanamide; cianamida de hidrógeno; calcium cyanamide; cianamida cálcica,Agrícola / industrial,inhalación; ingestión; absorción dérmica; ocular,"Irritación o quemadura de ojos, piel y vía respiratoria. La cianamida puede producir miosis, salivación, lagrimeo y fasciculaciones/twitching; la cianamida cálcica se asocia además a cefalea, mareo, taquipnea, hipotensión, náuseas y vómitos. Puede producir una reacción tipo disulfiram al consumir alcohol.","Hipotensión, dificultad respiratoria, quemaduras extensas, alteración neurológica importante o exposición significativa con alcohol y compromiso hemodinámico.",,SIN_UMBRAL_INGESTA_UNICO,,SDTE_NO_AUTOMATIZAR,"Retirar exposición, irrigación ocular inmediata y lavado cutáneo; soporte respiratorio/hemodinámico y evaluación médica tras ingestión. Evitar alcohol por el riesgo de reacción tipo disulfiram.","Retirar ropa contaminada y lavar piel/ojos cuando corresponda. Descontaminación digestiva solo según agente, tiempo, vía aérea y protocolo toxicológico.",No hay antídoto específico; tratamiento sintomático y de soporte. Confirmar si el producto contiene cianamida de hidrógeno o cianamida cálcica.,Ninguno específico.,,"Signos vitales, ECG, estado neurológico, gasometría/electrolitos y función renal/hepática según agente y gravedad.","UCI/alta complejidad si insuficiencia respiratoria, shock, convulsiones, arritmias, acidosis grave, coma o falla orgánica.",CDC/NIOSH Pocket Guide - Cyanamide / Calcium cyanamide,https://www.cdc.gov/niosh/npg/npgd0160.html,"Morán Chorro I, Baldirà Martínez de Irujo J, Marruecos-Sant L, Nogué Xarau S. Toxicología Clínica. 2011.","Cap. 20–23, pp. 255–302",2026-09-05,VALIDADO_FUENTE_ABIERTA,El nombre “cianamida” puede referirse a formulaciones distintas; verificar etiqueta/producto antes de interpretar.
PLAGUICIDAS,HEXACLOROBENCENO,hexachlorobenzene; HCB; perclorobenceno,"Mundial / contaminante persistente, exposición ocupacional o ambiental",principalmente ingestión; inhalación ocupacional,"La toxicidad humana está mejor caracterizada tras exposición prolongada que en sobredosis aguda. Se han descrito alteraciones hepáticas y neurológicas y, en exposiciones crónicas importantes, un síndrome porfírico con fotosensibilidad/lesiones cutáneas, hiperpigmentación, debilidad y hepatomegalia.","Deterioro neurológico, lesión hepática significativa o manifestaciones porfíricas graves; cualquier exposición aguda importante requiere evaluación por la limitada evidencia humana.",,SIN_UMBRAL_INGESTA_UNICO,,SDTE_NO_AUTOMATIZAR,Interrumpir exposición y realizar soporte clínico dirigido a síntomas y órganos afectados; evaluación hepática y toxicológica según magnitud y duración de la exposición.,"Retirar ropa contaminada y lavar piel/ojos cuando corresponda. Descontaminación digestiva solo según agente, tiempo, vía aérea y protocolo toxicológico.",No existe antídoto específico; manejo de soporte.,Ninguno específico.,,"Signos vitales, ECG, estado neurológico, gasometría/electrolitos y función renal/hepática según agente y gravedad.","UCI/alta complejidad si insuficiencia respiratoria, shock, convulsiones, arritmias, acidosis grave, coma o falla orgánica.",ATSDR - Toxicological Profile for Hexachlorobenzene,https://www.ncbi.nlm.nih.gov/books/NBK592601/,"Morán Chorro I, Baldirà Martínez de Irujo J, Marruecos-Sant L, Nogué Xarau S. Toxicología Clínica. 2011.","Cap. 20–23, pp. 255–302",2026-09-05,VALIDADO_FUENTE_ABIERTA,No convertir valores MRL ambientales en umbrales de intoxicación aguda; la evidencia clínica aguda humana es limitada.
GASES,HUMO DE INCENDIOS,inhalación de humo; smoke inhalation; cianuro en humo,Mundial,inhalación,"Irritación respiratoria, tos, disnea, broncoespasmo, cefalea y alteración neurológica. En incendios cerrados puede coexistir intoxicación por monóxido de carbono y cianuro.","Alteración de conciencia, hipotensión, acidosis láctica, hollín/quemadura facial, estridor, broncoespasmo grave, hipoxemia o necesidad de ventilación.","SDTE — la gravedad depende de gases presentes, espacio, duración y hallazgos clínicos.",SIN_UMBRAL_INGESTA_UNICO,,SDTE_NO_AUTOMATIZAR,"Oxígeno, manejo avanzado de vía aérea cuando esté indicado, tratamiento de broncoespasmo y quemaduras; medir COHb y considerar cianuro según clínica.",Retirar de exposición; descontaminación de hollín/ropa si procede. No retrasar oxígeno ni vía aérea.,"Hidroxocobalamina cuando exista sospecha clínica significativa de cianuro por humo, según protocolo.",Hidroxocobalamina en sospecha seleccionada de cianuro.,"Libro 2011: hidroxocobalamina 5 g IV en adultos; 70 mg/kg en niños, puede repetirse una vez. Verificar protocolo vigente.","COHb/cooximetría, gasometría/lactato, ECG, oximetría y evaluación de vía aérea seriada.","UCI si compromiso de vía aérea, alteración de conciencia, shock, acidosis importante, hipoxemia o ventilación mecánica.",Toxicología Clínica 2011 + protocolos actuales deben prevalecer,,"Morán Chorro I, Baldirà Martínez de Irujo J, Marruecos-Sant L, Nogué Xarau S. Toxicología Clínica. 2011.","Cap. 24, pp. 303–310",2026-09-04,REVISADO_LIBRO_2011_COMPLEMENTARIO,
GASES,ÓXIDOS DE NITRÓGENO,NO2; dióxido de nitrógeno; nitrous fumes,Industrial/silos,inhalación,"Irritación ocular y respiratoria, tos y disnea; puede existir período de aparente mejoría seguido de edema pulmonar o bronquiolitis obliterante.","Hipoxemia, edema pulmonar, disnea progresiva, broncoespasmo grave o deterioro tardío.",,SIN_UMBRAL_INGESTA_UNICO,,SDTE_NO_AUTOMATIZAR,"Retirar de exposición, oxígeno y soporte respiratorio; observar por posible toxicidad pulmonar retardada.",,No existe antídoto específico.,Ninguno específico.,,"Oximetría, radiografía/imagen y gases según gravedad; vigilancia respiratoria prolongada si exposición significativa.",UCI si insuficiencia respiratoria o edema pulmonar.,Toxicología Clínica 2011,,"Morán Chorro I, Baldirà Martínez de Irujo J, Marruecos-Sant L, Nogué Xarau S. Toxicología Clínica. 2011.","Cap. 26, pp. 323–332",2026-09-04,REVISADO_LIBRO_2011_COMPLEMENTARIO,
RODENTICIDAS,FÓSFORO BLANCO / AMARILLO,white phosphorus; yellow phosphorus; fósforo amarillo,Mundial,ingestión/quemadura,"Irritación y lesión gastrointestinal con vómitos y dolor abdominal; tras una fase latente puede aparecer hepatotoxicidad, alteraciones metabólicas, arritmias, insuficiencia renal y falla multiorgánica.","Shock, alteraciones del ritmo, hipocalcemia, hepatotoxicidad, coagulopatía, insuficiencia renal o alteración de conciencia.",≈15 mg: dosis tóxica citada para fósforo blanco en el libro de 2011.,DOSIS_TOXICA_BIBLIOGRAFICA,,BIBLIOGRAFICA_2011_NO_AUTOMATIZAR,"Soporte intensivo, corrección hidroelectrolítica, vigilancia hepática/renal y tratamiento de complicaciones.",,No existe antídoto específico.,Ninguno específico.,,"ECG, calcio/electrolitos, glucemia, función hepática/renal y coagulación.","UCI si arritmia, shock, hepatotoxicidad grave, convulsiones o falla orgánica.",Toxicología Clínica 2011,,"Morán Chorro I, Baldirà Martínez de Irujo J, Marruecos-Sant L, Nogué Xarau S. Toxicología Clínica. 2011.","Cap. 35, pp. 431–432",2026-09-04,REVISADO_LIBRO_2011_COMPLEMENTARIO,
PLANTAS,ACEBO / MUÉRDAGO,Ilex aquifolium; Viscum album; holly; mistletoe,Europa/Mundial ornamental,ingestión,"Vómitos, diarrea y dolor abdominal; el acebo puede causar diarrea intensa con deshidratación. Muérdago puede asociar bradicardia, hipotensión y parestesias.","Deshidratación marcada, bradicardia/hipotensión, alteración neurológica.",,SIN_UMBRAL_INGESTA_UNICO,,SDTE_NO_AUTOMATIZAR,Tratamiento de soporte e hidratación; valorar descontaminación en ingesta importante y vigilancia cardiovascular.,,No hay antídoto específico universal; el libro menciona gluconato de calcio en síntomas cardiocirculatorios/neurológicos por muérdago.,Ninguno específico universal.,,,,Toxicología Clínica 2011,,"Morán Chorro I, Baldirà Martínez de Irujo J, Marruecos-Sant L, Nogué Xarau S. Toxicología Clínica. 2011.","Cap. 28, pp. 348–350",2026-09-04,REVISADO_LIBRO_2011_COMPLEMENTARIO,
PLANTAS,BRIONIA / NUEZA,Bryonia alba; Bryonia dioica; bryony,Europa,ingestión/contacto,"Vómitos, dolor cólico, diarrea profusa e hiperdiuresis con deshidratación; en casos graves vértigo, excitabilidad, convulsiones, hemorragia intestinal o parálisis respiratoria.","Deshidratación grave, convulsiones, alteración hemodinámica, hemorragia digestiva o depresión respiratoria.",El libro estima que ~15 bayas pueden ser letales para un niño y ~40–50 para un adulto.,CANTIDAD_BAYAS_POTENCIALMENTE_LETAL,Niño/adulto,BIBLIOGRAFICA_2011_NO_AUTOMATIZAR,"Soporte, reposición vigorosa de líquidos/electrolitos y tratamiento sintomático.",,No existe antídoto específico.,Ninguno específico.,,,,Toxicología Clínica 2011,,"Morán Chorro I, Baldirà Martínez de Irujo J, Marruecos-Sant L, Nogué Xarau S. Toxicología Clínica. 2011.","Cap. 28, pp. 350–351",2026-09-04,REVISADO_LIBRO_2011_COMPLEMENTARIO,
PLANTAS,VERATRO / ELÉBORO,Veratrum album; hellebore; ballestera,Europa,ingestión,"Náuseas, vómitos, parestesias, debilidad, bradicardia, hipotensión y trastornos del ritmo; formas graves pueden cursar con colapso.","Bradicardia marcada, hipotensión/shock, arritmia, síncope.",,SIN_UMBRAL_INGESTA_UNICO,,SDTE_NO_AUTOMATIZAR,"Soporte, monitorización ECG y tratamiento de bradicardia/hipotensión.",,Atropina puede utilizarse para bradicardia sintomática según el síndrome y protocolo.,Atropina en bradicardia sintomática.,El libro incluye atropina para plantas con toxicidad cardiovascular; usar dosificación/protocolo vigente.,,,Toxicología Clínica 2011,,"Morán Chorro I, Baldirà Martínez de Irujo J, Marruecos-Sant L, Nogué Xarau S. Toxicología Clínica. 2011.","Cap. 28, pp. 354–355",2026-09-04,REVISADO_LIBRO_2011_COMPLEMENTARIO,
PLANTAS,LIRIO DE LOS VALLES,Convallaria majalis; lily of the valley,Mundial ornamental,ingestión,"Síndrome por glucósidos cardiacos: náuseas, vómitos, mareos, bradicardia y arritmias; puede aparecer hiperpotasemia en toxicidad grave.","Arritmias ventriculares, bloqueo AV, bradicardia grave, hiperpotasemia o shock.",,SIN_UMBRAL_INGESTA_UNICO,,SDTE_NO_AUTOMATIZAR,"ECG continuo, electrolitos y soporte; tratar como toxicidad por glucósidos cardiacos.",,Fragmentos Fab antidigoxina en toxicidad grave según protocolo.,Fab antidigoxina en casos graves.,,,,Toxicología Clínica 2011,,"Morán Chorro I, Baldirà Martínez de Irujo J, Marruecos-Sant L, Nogué Xarau S. Toxicología Clínica. 2011.","Cap. 28, tabla de antídotos pp. 349 y sección cardiotóxica",2026-09-04,REVISADO_LIBRO_2011_COMPLEMENTARIO,
PLANTAS,SEMILLAS CIANOGÉNICAS / CASSAVA,almendra amarga; semillas de albaricoque/melocotón/manzana; yuca amarga; cassava,Mundial,ingestión,"Liberación de cianuro con cefalea, mareo, náuseas, taquipnea, confusión, convulsiones, acidosis láctica, colapso cardiovascular y coma.","Acidosis láctica marcada, shock, convulsiones, alteración de conciencia o paro.",,SIN_UMBRAL_INGESTA_UNICO,,SDTE_NO_AUTOMATIZAR,"ABCDE, oxígeno, soporte avanzado y manejo como cianuro.",,Hidroxocobalamina según protocolo actual; otros kits de cianuro dependen del escenario.,Hidroxocobalamina.,La tabla del libro incluye antídotos de cianuro para semillas/plantas cianógenas; usar pauta vigente.,,,Toxicología Clínica 2011,,"Morán Chorro I, Baldirà Martínez de Irujo J, Marruecos-Sant L, Nogué Xarau S. Toxicología Clínica. 2011.","Cap. 28, tabla de antídotos p. 349",2026-09-04,REVISADO_LIBRO_2011_COMPLEMENTARIO,
ARTRÓPODOS,ESCOLOPENDRA / CIEMPIÉS,Scolopendra; centipede,Mundial,mordedura,"Dos punciones hemorrágicas con eritema, edema, prurito y dolor intenso; puede haber linfangitis, adenitis regional y espasmos musculares.","Dolor/edema extensos, síntomas sistémicos o reacción alérgica grave.",,SIN_UMBRAL_INGESTA_UNICO,,SDTE_NO_AUTOMATIZAR,"Limpieza local, analgesia, control de edema y tratamiento sintomático.",,No hay antiveneno específico de uso rutinario.,Ninguno específico.,,,,Toxicología Clínica 2011,,"Morán Chorro I, Baldirà Martínez de Irujo J, Marruecos-Sant L, Nogué Xarau S. Toxicología Clínica. 2011.","Cap. 36, p. 443",2026-09-04,REVISADO_LIBRO_2011_COMPLEMENTARIO,
ORUGAS,PROCESIONARIA DEL PINO,Thaumetopoea; pine processionary,Europa/Mediterráneo,contacto cutáneo/ocular/inhalación de pelos,"Dolor/prurito intenso, eritema, edema y urticaria; en sensibilizados conjuntivitis, rinitis y broncoespasmo o compromiso respiratorio.","Broncoespasmo grave, edema facial/orofaríngeo, anafilaxia o compromiso ocular importante.",,SIN_UMBRAL_INGESTA_UNICO,,SDTE_NO_AUTOMATIZAR,"Retirar pelos sin frotar, lavar piel/ropa y tratar reacción alérgica/respiratoria.",Retirar pelos con cinta adhesiva o lavado cuidadoso; evitar frotar la zona.,No hay antídoto; anafilaxia requiere adrenalina según protocolo.,Adrenalina si anafilaxia.,,,,Toxicología Clínica 2011,,"Morán Chorro I, Baldirà Martínez de Irujo J, Marruecos-Sant L, Nogué Xarau S. Toxicología Clínica. 2011.","Cap. 36, pp. 445–446",2026-09-04,REVISADO_LIBRO_2011_COMPLEMENTARIO,
SERPIENTES,VÍBORAS EUROPEAS / VIPERA,Vipera aspis; Vipera latastei; Vipera seoanei; víbora áspid; hocicuda,Europa,mordedura,"Dolor y edema local progresivo; formas moderadas pueden asociar equimosis, linfangitis, náuseas/vómitos y mareo. Casos graves: shock, coagulopatía, rabdomiólisis, insuficiencia renal/respiratoria y alteraciones neurológicas.","Edema regional progresivo, shock, coagulopatía, hemólisis, rabdomiólisis, lesión renal, neurotoxicidad o insuficiencia respiratoria.",,SIN_UMBRAL_INGESTA_UNICO,,SDTE_NO_AUTOMATIZAR,"Inmovilizar extremidad, traslado urgente, analgesia, laboratorio seriado y vigilancia de progresión. No torniquete, incisión ni succión.",,"Antiveneno polivalente específico según especie/región y criterios clínicos, en centro con experiencia.",Antiveneno específico según región.,,"Hemograma, coagulación, creatinina, CK, orina y evaluación neurovascular seriada.",El libro clasifica por grados; UCI en envenenamiento grave con shock/falla orgánica/neurotoxicidad.,Toxicología Clínica 2011,,"Morán Chorro I, Baldirà Martínez de Irujo J, Marruecos-Sant L, Nogué Xarau S. Toxicología Clínica. 2011.","Cap. 36, pp. 446–451",2026-09-04,REVISADO_LIBRO_2011_COMPLEMENTARIO,
MARINOS,MEDUSAS / CNIDARIOS (GENERAL),jellyfish; medusas; hidroideos; fisalias; anémonas,Costas mundiales,contacto cutáneo,"Dolor intenso con lesiones urticariales lineales tipo quemadura; raramente anafilaxia, neurotoxicidad o cardiotoxicidad.","Anafilaxia, dolor torácico, arritmia, disnea, alteración neurológica o gran superficie afectada.",,SIN_UMBRAL_INGESTA_UNICO,,SDTE_NO_AUTOMATIZAR,Retirar tentáculos con protección y seguir recomendaciones específicas de la especie/región; analgesia y soporte.,No frotar. Retirar restos con pinzas/protección. Evitar aplicar una recomendación universal de vinagre porque depende de especie.,No existe un antídoto universal. El uso de vinagre/agua caliente depende de la especie y guía local.,Antiveneno solo para especies concretas donde exista.,,,,Toxicología Clínica 2011 + capa abierta específica por especie,,"Morán Chorro I, Baldirà Martínez de Irujo J, Marruecos-Sant L, Nogué Xarau S. Toxicología Clínica. 2011.","Cap. 36, pp. 451–452",2026-09-04,REVISADO_LIBRO_2011_COMPLEMENTARIO,
METAHEMOGLOBINIZANTES,NITRITOS / NITRATOS / ANILINAS,nitrites; nitrates; aniline; oxidantes; metahemoglobinemia,Mundial,ingestión/inhalación/dérmica,"Cianosis que no corrige adecuadamente con oxígeno, cefalea, mareo, disnea, taquicardia y fatiga; niveles altos pueden causar alteración de conciencia, arritmias, convulsiones y shock.","Hipoxia tisular, alteración de conciencia, arritmia, convulsiones, acidosis o metahemoglobinemia elevada/sintomática.",No hay dosis ingerida universal; clasificar por clínica y metahemoglobina.,BIOMARCADOR_Y_CLINICA,,SDTE_NO_AUTOMATIZAR,"Retirar exposición, oxígeno, cooximetría y soporte. Considerar azul de metileno según síntomas/nivel y contraindicaciones.",,Azul de metileno en casos indicados.,Azul de metileno.,Libro 2011: azul de metileno 1–2 mg/kg IV en 3–5 min; puede repetirse 1 mg/kg a los 30 min. Dosis acumuladas altas pueden ser oxidantes. Verificar protocolo vigente y G6PD.,"Cooximetría/metaHb, gasometría, hemograma y respuesta clínica.","UCI si alteración neurológica, inestabilidad, arritmia, hipoxia grave o necesidad de soporte avanzado.",Toxicología Clínica 2011,,"Morán Chorro I, Baldirà Martínez de Irujo J, Marruecos-Sant L, Nogué Xarau S. Toxicología Clínica. 2011.","Cap. 30, pp. 381–388",2026-09-04,REVISADO_LIBRO_2011_COMPLEMENTARIO,
