med_id,generic_name,normalized_name,previous_status,previous_rules,previous_auto,previous_verified_biblio,harvest_status,match_confidence,matched_term,rxnorm_name,rxnorm_score,setid,spl_version,published_date,label_title,source_url,renal_section_titles,renal_text,rule_type,query_trace,error,v2_decision,v2_reason
MED-0007,ACETATO DE CIPROTERONA,ACETATO DE CIPROTERONA,NO_RENAL_CONTENT,0,0,0,AMBIGUOUS_DAILYMED_MATCH,MEDIUM,ACETATO DE CIPROTERONA,Acetato de sodio,16.317249552408853,6ec9e61c-2c26-402f-8604-f446b2e34058,12,"Jul 24, 2026","PLASMA-LYTE A (SODIUM CHLORIDE, SODIUM GLUCONATE, SODIUM ACETATE, POTASSIUM CHLORIDE AND MAGNESIUM CHLORIDE) INJECTION, SOLUTION [BAXTER HEALTHCARE CORPORATION]",https://dailymed.nlm.nih.gov/dailymed/drugInfo.cfm?setid=6ec9e61c-2c26-402f-8604-f446b2e34058,,,,,,REVIEW,AMBIGUOUS_DAILYMED_MATCH
MED-0008,ACETATO DE CLORMADINONA,ACETATO DE CLORMADINONA,NO_RENAL_CONTENT,0,0,0,AMBIGUOUS_DAILYMED_MATCH,MEDIUM,ACETATO DE CLORMADINONA,Acetato de sodio,16.317249552408853,6ec9e61c-2c26-402f-8604-f446b2e34058,12,"Jul 24, 2026","PLASMA-LYTE A (SODIUM CHLORIDE, SODIUM GLUCONATE, SODIUM ACETATE, POTASSIUM CHLORIDE AND MAGNESIUM CHLORIDE) INJECTION, SOLUTION [BAXTER HEALTHCARE CORPORATION]",https://dailymed.nlm.nih.gov/dailymed/drugInfo.cfm?setid=6ec9e61c-2c26-402f-8604-f446b2e34058,,,,,,REVIEW,AMBIGUOUS_DAILYMED_MATCH
MED-0009,ACETATO DE INDACATEROL,ACETATO DE INDACATEROL,NO_RENAL_CONTENT,0,0,0,AMBIGUOUS_DAILYMED_MATCH,MEDIUM,ACETATO DE INDACATEROL,Acetato de sodio,16.317249552408853,6ec9e61c-2c26-402f-8604-f446b2e34058,12,"Jul 24, 2026","PLASMA-LYTE A (SODIUM CHLORIDE, SODIUM GLUCONATE, SODIUM ACETATE, POTASSIUM CHLORIDE AND MAGNESIUM CHLORIDE) INJECTION, SOLUTION [BAXTER HEALTHCARE CORPORATION]",https://dailymed.nlm.nih.gov/dailymed/drugInfo.cfm?setid=6ec9e61c-2c26-402f-8604-f446b2e34058,,,,,,REVIEW,AMBIGUOUS_DAILYMED_MATCH
MED-0010,ACETATO DE LISINA,ACETATO DE LISINA,NO_RENAL_CONTENT,0,0,0,AMBIGUOUS_DAILYMED_MATCH,MEDIUM,ACETATO DE LISINA,Veneno de Abeja Aceite de Vibora,9.752972116221802,a6c4889c-e7a9-44b9-bd9a-70fd6e8c4825,2,"Jan 16, 2025","VENENO DE ABEJA ACEITE DE VIBORA BRAND (METHYL SALICYLATE) OINTMENT [MIRAMAR COSMETICS, INC DBA MIRAMAR LAB]",https://dailymed.nlm.nih.gov/dailymed/drugInfo.cfm?setid=a6c4889c-e7a9-44b9-bd9a-70fd6e8c4825,,,,,,REVIEW,AMBIGUOUS_DAILYMED_MATCH
MED-0011,ACETATO DE MEDROXIPROGESTERONA,ACETATO DE MEDROXIPROGESTERONA,NO_RENAL_CONTENT,0,0,0,AMBIGUOUS_DAILYMED_MATCH,MEDIUM,ACETATE DE MEDROXIPROGESTERONA,Medroxyprogesterone Acetate,11.735042572021484,a0a92717-c1cb-40eb-a95a-1c5dfd32cfc0,3,"Sep 07, 2026","MEDROXYPROGESTERONE ACETATE INJECTION, SUSPENSION [REMEDYREPACK INC.]",https://dailymed.nlm.nih.gov/dailymed/drugInfo.cfm?setid=a0a92717-c1cb-40eb-a95a-1c5dfd32cfc0,,,,,,REVIEW,AMBIGUOUS_DAILYMED_MATCH
MED-0012,ACETATO DE NOMEGESTROL,ACETATO DE NOMEGESTROL,NO_RENAL_CONTENT,0,0,0,AMBIGUOUS_DAILYMED_MATCH,MEDIUM,ACETATO DE NOMEGESTROL,Acetato de sodio,16.317249552408853,6ec9e61c-2c26-402f-8604-f446b2e34058,12,"Jul 24, 2026","PLASMA-LYTE A (SODIUM CHLORIDE, SODIUM GLUCONATE, SODIUM ACETATE, POTASSIUM CHLORIDE AND MAGNESIUM CHLORIDE) INJECTION, SOLUTION [BAXTER HEALTHCARE CORPORATION]",https://dailymed.nlm.nih.gov/dailymed/drugInfo.cfm?setid=6ec9e61c-2c26-402f-8604-f446b2e34058,,,,,,REVIEW,AMBIGUOUS_DAILYMED_MATCH
MED-0013,ACETATO DE ULIPRISTAL,ACETATO DE ULIPRISTAL,NO_RENAL_CONTENT,0,0,0,AMBIGUOUS_DAILYMED_MATCH,MEDIUM,ACETATE DE ULIPRISTAL,,16.665258407592773,2bf93d23-cddd-4613-9066-5b5fa090404b,7,"Jul 24, 2026","ELLA (ULIPRISTAL ACETATE) TABLET [PMI BRANDED PHARMACEUTICALS, INC.]",https://dailymed.nlm.nih.gov/dailymed/drugInfo.cfm?setid=2bf93d23-cddd-4613-9066-5b5fa090404b,,,,,,REVIEW,AMBIGUOUS_DAILYMED_MATCH
MED-0015,ACETILCISTEINA,ACETILCISTEINA,NO_RENAL_CONTENT,0,0,0,AMBIGUOUS_DAILYMED_MATCH,MEDIUM,ACETILCISTEINA,acetylcysteine,100.0,5558a5f5-e821-473b-7d8a-5d33d09f0586,22,"May 25, 2026","ACETYLCYSTEINE SOLUTION [HOSPIRA, INC.]",https://dailymed.nlm.nih.gov/dailymed/drugInfo.cfm?setid=5558a5f5-e821-473b-7d8a-5d33d09f0586,,,,,,REVIEW,AMBIGUOUS_DAILYMED_MATCH
MED-0016,ACETONIDO DE TRIAMCINOLONA,ACETONIDO DE TRIAMCINOLONA,NO_RENAL_CONTENT,0,0,0,HIGH_MATCH_NO_EXPLICIT_RENAL_DOSING_TEXT,HIGH,ACETONIDO DE TRIAMCINOLONA,Triamcinolona,9.889425277709961,5a79639b-eb66-e726-e063-6394a90aeb01,1,"Sep 03, 2026",TRIAMCINOLONE ACETONIDE OINTMENT [REDPHARM DRUG],https://dailymed.nlm.nih.gov/dailymed/drugInfo.cfm?setid=5a79639b-eb66-e726-e063-6394a90aeb01,,,,,,REVIEW,HIGH_MATCH_NO_EXPLICIT_RENAL_DOSING_TEXT
MED-0018,ÁCIDO ACETIL SALICILICO,ACIDO ACETIL SALICILICO,NO_RENAL_CONTENT,0,0,0,AMBIGUOUS_DAILYMED_MATCH,MEDIUM,ACID ACETIL SALICILICO,Salicylic Acid,9.881744384765625,5b2c616d-78df-4fe8-e063-6394a90ad3d3,2,"Sep 18, 2026","LIXUHYA LIQUID SKIN WART CORN REMOVER (SALICYLIC ACID 40% LIQUID SKIN WART CORN REMOVER) LIQUID [HUBEI MINXIN PHARMACEUTICAL CO., LTD.]",https://dailymed.nlm.nih.gov/dailymed/drugInfo.cfm?setid=5b2c616d-78df-4fe8-e063-6394a90ad3d3,,,,,,REVIEW,AMBIGUOUS_DAILYMED_MATCH
MED-0019,ACIDO ALFA LIPOICO,ACIDO ALFA LIPOICO,NO_RENAL_CONTENT,0,0,0,AMBIGUOUS_DAILYMED_MATCH,MEDIUM,ACIDO ALFA LIPOICO,Cipaglucosidase alfa,10.678212547302246,d77aa596-910d-516b-e053-2995a90a0839,8,"Aug 17, 2026","POMBILITI ATGA (CIPAGLUCOSIDASE ALFA-ATGA) INJECTION, POWDER, LYOPHILIZED, FOR SOLUTION [AMICUS THERAPEUTICS US, LLC]",https://dailymed.nlm.nih.gov/dailymed/drugInfo.cfm?setid=d77aa596-910d-516b-e053-2995a90a0839,,,,,,REVIEW,AMBIGUOUS_DAILYMED_MATCH
MED-0020,ACIDO ALGINICO,ACIDO ALGINICO,NO_RENAL_CONTENT,0,0,0,HIGH_MATCH_NO_EXPLICIT_RENAL_DOSING_TEXT,HIGH,ACID ALGINICO,Alginic Acid,10.311925888061523,c55efca6-5a5b-134b-e053-2a95a90a8245,4,"Aug 02, 2024","AL00761 ALBA BOTANICA ACNEDOTE FACE AND BODY SCRUB (SALICYLIC ACID) CREAM [THE HAIN CELESTIAL GROUP, INC.]",https://dailymed.nlm.nih.gov/dailymed/drugInfo.cfm?setid=c55efca6-5a5b-134b-e053-2a95a90a8245,,,,,,REVIEW,HIGH_MATCH_NO_EXPLICIT_RENAL_DOSING_TEXT
MED-0021,ACIDO ASCORBICO,ACIDO ASCORBICO,NO_RENAL_CONTENT,0,0,0,HIGH_MATCH_NO_EXPLICIT_RENAL_DOSING_TEXT,HIGH,ACIDO ASCORBICO,ascorbic acid,100.0,4bf23dd2-1627-4471-a05e-fa55c304e596,1,"Sep 15, 2026","TRUEONE (VITAMIN A, THIAMINE, RIBOFLAVIN, NIACINAMIDE, PYRIDOXINE HCL, CYANOCOBALAMIN, ASCORBIC ACID, CHOLECALCIFEROL, FOLIC ACID) TABLET [TRIVIA PHARMACEUTICALS, LLC]",https://dailymed.nlm.nih.gov/dailymed/drugInfo.cfm?setid=4bf23dd2-1627-4471-a05e-fa55c304e596,,,,,,REVIEW,HIGH_MATCH_NO_EXPLICIT_RENAL_DOSING_TEXT
MED-0023,ACIDO CITRICO,ACIDO CITRICO,NO_RENAL_CONTENT,0,0,0,HIGH_MATCH_NO_EXPLICIT_RENAL_DOSING_TEXT,HIGH,ACIDO CITRICO,citric acid,100.0,4ac63cf7-f064-30a1-e054-00144ff88e88,8,"Sep 17, 2026","CVS EFFERVESCENT ANTACID AND PAIN RELIEVER (ASPIRIN, ANHYDROUS CITRIC ACID, SODIUM BICARBONATE) TABLET, EFFERVESCENT [CVS PHARMACY]",https://dailymed.nlm.nih.gov/dailymed/drugInfo.cfm?setid=4ac63cf7-f064-30a1-e054-00144ff88e88,,,,,,REVIEW,HIGH_MATCH_NO_EXPLICIT_RENAL_DOSING_TEXT
MED-0025,ACIDO COLICO,ACIDO COLICO,NO_RENAL_CONTENT,0,0,0,AMBIGUOUS_DAILYMED_MATCH,MEDIUM,ACIDO COLICO,ácido linoleico,6.192080187797546,ea4d564f-ac64-abac-e053-2a95a90a8abb,5,"Aug 18, 2025","MOISTURE SURGE CC BROAD SPECTRUM SPF 30 HYDRATING COLOUR CORRECTOR (OCTINOXATE, OCTISALATE, TITANIUM DIOXIDE, AND ZINC OXIDE) CREAM [CLINIQUE LABORATORIES LLC]",https://dailymed.nlm.nih.gov/dailymed/drugInfo.cfm?setid=ea4d564f-ac64-abac-e053-2a95a90a8abb,,,,,,REVIEW,AMBIGUOUS_DAILYMED_MATCH
MED-0026,ACIDO DECOSA HEXAENOICO,ACIDO DECOSA HEXAENOICO,NO_RENAL_CONTENT,0,0,0,AMBIGUOUS_DAILYMED_MATCH,MEDIUM,ACIDO DECOSA HEXAENOICO,ácido linoleico,6.300713173548381,e9a52ccc-6ba0-4417-86cc-b2116a5b8d26,1,"Apr 08, 2026","UNBLEMISH 30-DAY REGIMEN (SALICYLIC ACID, BENZOYL PEROXIDE, HOMOSALATE, OCTOCRYLENE, OCTISALATE, AVOBENZONE) KIT [RODAN & FIELDS]",https://dailymed.nlm.nih.gov/dailymed/drugInfo.cfm?setid=e9a52ccc-6ba0-4417-86cc-b2116a5b8d26,,,,,,REVIEW,AMBIGUOUS_DAILYMED_MATCH
MED-0027,ÁCIDO FENOFIBRICO,ACIDO FENOFIBRICO,NO_RENAL_CONTENT,0,0,0,AMBIGUOUS_DAILYMED_MATCH,MEDIUM,ÁCIDO FENOFIBRICO,ácido linoleico,6.192080187797546,e9a52ccc-6ba0-4417-86cc-b2116a5b8d26,1,"Apr 08, 2026","UNBLEMISH 30-DAY REGIMEN (SALICYLIC ACID, BENZOYL PEROXIDE, HOMOSALATE, OCTOCRYLENE, OCTISALATE, AVOBENZONE) KIT [RODAN & FIELDS]",https://dailymed.nlm.nih.gov/dailymed/drugInfo.cfm?setid=e9a52ccc-6ba0-4417-86cc-b2116a5b8d26,,,,,,REVIEW,AMBIGUOUS_DAILYMED_MATCH
MED-0028,ÁCIDO FOLICO,ACIDO FOLICO,NO_RENAL_CONTENT,0,0,0,HIGH_MATCH_NO_EXPLICIT_RENAL_DOSING_TEXT,HIGH,ACID FOLICO,ácido fólico,8.218109893798829,371e914f-e65a-4ad5-aeb6-54d8c7ab6838,7,"Sep 10, 2026","TARON-C DHA (FERROUS FUMARATE, IRON, ASCORBIC ACID, FOLIC ACID, THIAMINE MONONITRATE, RIBOFLAVIN, NIACIN, CALCIUM PANTOTHENATE, PYRIDOXINE HYDROCHLORIDE, BIOTIN, CYANOCOBALAMIN, CUPRIC SULFATE, MAGNESIUM SULFATE, ZINC SULFATE, AND OMEGA-3 FATTY ACIDS) CAPSULE [TRIGEN LABORATORIES, LLC]",https://dailymed.nlm.nih.gov/dailymed/drugInfo.cfm?setid=371e914f-e65a-4ad5-aeb6-54d8c7ab6838,,,,,,REVIEW,HIGH_MATCH_NO_EXPLICIT_RENAL_DOSING_TEXT
MED-0031,ACIDO OROTICO ANHIDRO,ACIDO OROTICO ANHIDRO,NO_RENAL_CONTENT,0,0,0,HIGH_MATCH_NO_EXPLICIT_RENAL_DOSING_TEXT,HIGH,ACIDO OROTICO ANHIDRO,Acido orotico,15.40086555480957,6edee6eb-0ec9-4d2a-9dc9-dc2a6503a6db,1,"Apr 10, 2025","BIO CO ENZYME PHASE (ACONITICUM ACIDUM, CIS-, ADENOSINUM TRIPHOSPHORICUM DINATRUM, ADRENALINUM, , ALPHA-KETOGLUTARICUM ACIDUM, ALPHA-LIPOICUM ACIDUM, ASCORBICUM ACIDUM, BARIUM OXALSUCCINICUM, BETA VULGARIS, CERIUM OXALICUM, CITRICUM ACIDUM, CYSTEINUM, FUMARICUM ACIDUM, HEPAR SULPHURIS CALCAREUM, MAGNESIUM OROTICUM DIHYDRICUM, MALICUM ACIDUM, MANGANUM PHOSPHORICUM, NADIDUM, NATRUM OXALACETICUM, NATRUM PYRUVICUM, NICOTINAMIDUM, PANTOTHENIC ACID, PROTEUS (MORGANI), PULSATILLA (PRATENSIS), PYRIDOXINUM HYDROCHLORICUM, RIBOFLAVINUM,) LIQUID [DESERET BIOLOGICALS, INC.]",https://dailymed.nlm.nih.gov/dailymed/drugInfo.cfm?setid=6edee6eb-0ec9-4d2a-9dc9-dc2a6503a6db,,,,,,REVIEW,HIGH_MATCH_NO_EXPLICIT_RENAL_DOSING_TEXT
MED-0032,ACIDO PIPEMIDICO,ACIDO PIPEMIDICO,NO_RENAL_CONTENT,0,0,0,RXNORM_MATCH_NO_DAILYMED_SPL,MEDIUM,ACID PIPEMIDICO,acido pipemidico,8.218109893798829,,,,,,,,,,,REVIEW,RXNORM_MATCH_NO_DAILYMED_SPL
MED-0034,ACIDO TOLFENAMICO,ACIDO TOLFENAMICO,NO_RENAL_CONTENT,0,0,0,RXNORM_MATCH_NO_DAILYMED_SPL,MEDIUM,ACIDO TOLFENAMICO,tolfenamic acid,100.0,,,,,,,,,,,REVIEW,RXNORM_MATCH_NO_DAILYMED_SPL
MED-0036,ACIDO URSODESOXICOLICO,ACIDO URSODESOXICOLICO,NO_RENAL_CONTENT,0,0,0,AMBIGUOUS_DAILYMED_MATCH,MEDIUM,ACID URSODESOXICOLICO,ursodeoxycholic acid,5.63107967376709,9f892c0a-8cab-4515-8074-fbfaa1781946,4,"Jul 12, 2021","URSODEOXYCHOLIC ACID (URSODIOL) POWDER [BLUEBAY SHANDONG CO.,LTD]",https://dailymed.nlm.nih.gov/dailymed/drugInfo.cfm?setid=9f892c0a-8cab-4515-8074-fbfaa1781946,,,,,,REVIEW,AMBIGUOUS_DAILYMED_MATCH
MED-0038,ÁCIDOS OMEGA 3 ETIL ESTER 84%(EQUIVALENTE A 465 MG DE ÁCIDO EIC...,ACIDOS OMEGA 3 ETIL ESTER 84%(EQUIVALENTE A 465 MG DE ACIDO EIC...,NO_RENAL_CONTENT,0,0,0,AMBIGUOUS_DAILYMED_MATCH,MEDIUM,ACIDOS OMEGA 3 ETIL ESTER 84% EQUIVALENTE A 465 MG DE ACID EIC...,Omega-3-Acid Ethyl Esters,15.663772119794574,9e041905-40a7-4d5b-af1c-6c544e0748b9,1,"Sep 07, 2026","OMEGA-3-ACID ETHYL ESTERS CAPSULE, LIQUID FILLED [REMEDYREPACK INC.]",https://dailymed.nlm.nih.gov/dailymed/drugInfo.cfm?setid=9e041905-40a7-4d5b-af1c-6c544e0748b9,,,,,,REVIEW,AMBIGUOUS_DAILYMED_MATCH
MED-0040,AGOMELATINA,AGOMELATINA,NO_RENAL_CONTENT,0,0,0,NO_RXNORM_MATCH,NONE,,,0.0,,,,,,,,,AGOMELATINA,,REVIEW,NO_RXNORM_MATCH
MED-0044,ALIZAPRIDA,ALIZAPRIDA,NO_RENAL_CONTENT,0,0,0,RXNORM_MATCH_NO_DAILYMED_SPL,MEDIUM,ALIZAPRIDA,alizapride,100.0,,,,,,,,,,,REVIEW,RXNORM_MATCH_NO_DAILYMED_SPL
MED-0046,ALPRAZOLAM,ALPRAZOLAM,NO_RENAL_CONTENT,0,0,0,HIGH_MATCH_NO_EXPLICIT_RENAL_DOSING_TEXT,HIGH,ALPRAZOLAM,alprazolam,100.0,a23063c0-099a-4256-b95f-3a857bbf704b,23,"Sep 02, 2026","ALPRAZOLAM TABLET [ACTAVIS PHARMA, INC.]",https://dailymed.nlm.nih.gov/dailymed/drugInfo.cfm?setid=a23063c0-099a-4256-b95f-3a857bbf704b,,,,,,REVIEW,HIGH_MATCH_NO_EXPLICIT_RENAL_DOSING_TEXT
MED-0055,ANAGRALIDA,ANAGRALIDA,NO_RENAL_CONTENT,0,0,0,AMBIGUOUS_DAILYMED_MATCH,MEDIUM,ANAGRALIDA,,8.592498779296875,875cc32a-219c-4b6b-802a-98a47cbc9a78,11,"Aug 19, 2026",ANAGRELIDE CAPSULE [TORRENT PHARMACEUTICALS LIMITED],https://dailymed.nlm.nih.gov/dailymed/drugInfo.cfm?setid=875cc32a-219c-4b6b-802a-98a47cbc9a78,,,,,,REVIEW,AMBIGUOUS_DAILYMED_MATCH
MED-0061,ASCORBATO DE SODIO,ASCORBATO DE SODIO,NO_RENAL_CONTENT,0,0,0,AMBIGUOUS_DAILYMED_MATCH,MEDIUM,ASCORBATO DE SODIO,Acetato de sodio,16.45457909901937,cb6d23ff-3ec5-445a-acbe-f88fd57949bf,10,"Aug 24, 2026","TROPHAMINE (ISOLEUCINE, LEUCINE, LYSINE ACETATE, METHIONINE, PHENYLALANINE, THREONINE, TRYPTOPHAN, VALINE, CYSTEINE HYDROCHLORIDE, HISTIDINE, TYROSINE, N-ACETYL-TYROSINE, ALANINE, ARGININE, PROLINE, SERINE, GLYCINE, ASPARTIC ACID, GLUTAMIC ACID, AND TAURINE) SOLUTION [B. BRAUN MEDICAL INC.]",https://dailymed.nlm.nih.gov/dailymed/drugInfo.cfm?setid=cb6d23ff-3ec5-445a-acbe-f88fd57949bf,,,,,,REVIEW,AMBIGUOUS_DAILYMED_MATCH
MED-0072,BENCIDAMINA,BENCIDAMINA,NO_RENAL_CONTENT,0,0,0,RXNORM_MATCH_NO_DAILYMED_SPL,LOW,BENCIDAMINA,benzydamine,100.0,,,,,,,,,,,REVIEW,RXNORM_MATCH_NO_DAILYMED_SPL
MED-0073,BENOXINATO,BENOXINATO,NO_RENAL_CONTENT,0,0,0,AMBIGUOUS_DAILYMED_MATCH,MEDIUM,BENOXINATO,,8.586071014404297,1797c5ef-66c4-4cf8-b62d-b484242be2ee,3,"May 14, 2025",FLUORESCEIN SODIUM AND BENOXINATE HYDROCHLORIDE SOLUTION/ DROPS [BAUSCH & LOMB INCORPORATED],https://dailymed.nlm.nih.gov/dailymed/drugInfo.cfm?setid=1797c5ef-66c4-4cf8-b62d-b484242be2ee,,,,,,REVIEW,AMBIGUOUS_DAILYMED_MATCH
MED-0075,BENZOCAINA,BENZOCAINA,NO_RENAL_CONTENT,0,0,0,HIGH_MATCH_NO_EXPLICIT_RENAL_DOSING_TEXT,HIGH,BENZOCAINA,benzocaine,100.0,7c161a17-cf82-4de3-8348-888c040df0f9,15,"Sep 14, 2026","CHLORASEPTIC WARMING SORE THROAT (BENZOCAINE) LOZENGE [PRESTIGE BRANDS HOLDINGS, INC.]",https://dailymed.nlm.nih.gov/dailymed/drugInfo.cfm?setid=7c161a17-cf82-4de3-8348-888c040df0f9,,,,,,REVIEW,HIGH_MATCH_NO_EXPLICIT_RENAL_DOSING_TEXT
MED-0076,BETAHISTINA CLORHIDRATO,BETAHISTINA CLORHIDRATO,NO_RENAL_CONTENT,0,0,0,RXNORM_MATCH_NO_DAILYMED_SPL,MEDIUM,BETAHISTINA CLORHIDRATO,Betahistina,9.889425277709961,,,,,,,,,,,REVIEW,RXNORM_MATCH_NO_DAILYMED_SPL
MED-0078,BICARBONATO DE SODIO,BICARBONATO DE SODIO,NO_RENAL_CONTENT,0,0,0,HIGH_MATCH_NO_EXPLICIT_RENAL_DOSING_TEXT,HIGH,BICARBONATO DE SODIO,Sodio bicarbonato,16.25864601135254,776f417e-e443-4918-8c7a-1913b7dddcd4,3,"Sep 02, 2026","XTREME SALINE RINSE MIX (SODIUM BICARBONATE, SODIUM CHLORIDE) POWDER, FOR SOLUTION [XTREME PERSONAL CARE INC]",https://dailymed.nlm.nih.gov/dailymed/drugInfo.cfm?setid=776f417e-e443-4918-8c7a-1913b7dddcd4,,,,,,REVIEW,HIGH_MATCH_NO_EXPLICIT_RENAL_DOSING_TEXT
MED-0080,BILASTINA,BILASTINA,NO_RENAL_CONTENT,0,0,0,AMBIGUOUS_DAILYMED_MATCH,LOW,BILASTINA,,0.3862786464897811,6208d11d-0670-4a20-a3fc-ebc764a8e6cd,2,"Nov 18, 2025",TUMS ANTACID CHEWY BITES (CALCIUM CARBONATE 750 MG) TABLET [R J GENERAL CORPORATION],https://dailymed.nlm.nih.gov/dailymed/drugInfo.cfm?setid=6208d11d-0670-4a20-a3fc-ebc764a8e6cd,,,,,,REVIEW,AMBIGUOUS_DAILYMED_MATCH
MED-0081,BIPERIDENO CLORHIDRATO,BIPERIDENO CLORHIDRATO,NO_RENAL_CONTENT,0,0,0,RXNORM_MATCH_NO_DAILYMED_SPL,MEDIUM,BIPERIDENO HYDROCHLORIDE,biperiden,100.0,,,,,,,,,,,REVIEW,RXNORM_MATCH_NO_DAILYMED_SPL
MED-0082,BISACODILO,BISACODILO,NO_RENAL_CONTENT,0,0,0,HIGH_MATCH_NO_EXPLICIT_RENAL_DOSING_TEXT,HIGH,BISACODILO,bisacodyl,100.0,0fcc30a9-6daa-4b95-ae75-58059fb7a68e,4,"Sep 14, 2026","GENTLE LAXATIVE (BISACODYL) TABLET, DELAYED RELEASE [H E B]",https://dailymed.nlm.nih.gov/dailymed/drugInfo.cfm?setid=0fcc30a9-6daa-4b95-ae75-58059fb7a68e,,,,,,REVIEW,HIGH_MATCH_NO_EXPLICIT_RENAL_DOSING_TEXT
MED-0089,BROMAZEPAM,BROMAZEPAM,NO_RENAL_CONTENT,0,0,0,RXNORM_MATCH_NO_DAILYMED_SPL,MEDIUM,BROMAZEPAM,bromazepam,100.0,,,,,,,,,,,REVIEW,RXNORM_MATCH_NO_DAILYMED_SPL
MED-0090,BROMHEXINA,BROMHEXINA,NO_RENAL_CONTENT,0,0,0,HIGH_MATCH_NO_EXPLICIT_RENAL_DOSING_TEXT,HIGH,BROMHEXINA,bromhexine,100.0,34657a3c-8c4d-6e5d-e054-00144ff88e88,2,"Dec 21, 2022",BROMHEXINE HYDROCHLORIDE POWDER [BIDACHEM S.P.A.],https://dailymed.nlm.nih.gov/dailymed/drugInfo.cfm?setid=34657a3c-8c4d-6e5d-e054-00144ff88e88,,,,,,REVIEW,HIGH_MATCH_NO_EXPLICIT_RENAL_DOSING_TEXT
MED-0091,BROMOPRIDA,BROMOPRIDA,NO_RENAL_CONTENT,0,0,0,RXNORM_MATCH_NO_DAILYMED_SPL,MEDIUM,BROMOPRIDA,bromopride,100.0,,,,,,,,,,,REVIEW,RXNORM_MATCH_NO_DAILYMED_SPL
MED-0092,BUCLIZINA,BUCLIZINA,NO_RENAL_CONTENT,0,0,0,RXNORM_MATCH_NO_DAILYMED_SPL,MEDIUM,BUCLIZINA,buclizine,100.0,,,,,,,,,,,REVIEW,RXNORM_MATCH_NO_DAILYMED_SPL
MED-0104,CARBIDOPA,CARBIDOPA,NO_RENAL_CONTENT,0,0,0,HIGH_MATCH_NO_EXPLICIT_RENAL_DOSING_TEXT,HIGH,CARBIDOPA,carbidopa,100.0,39d79ade-8ee0-40ba-9fdd-13045b8ddbdf,14,"Aug 25, 2026","DHIVY (CARBIDOPA LEVODOPA) TABLET [AVION PHARMACEUTICALS, LLC]",https://dailymed.nlm.nih.gov/dailymed/drugInfo.cfm?setid=39d79ade-8ee0-40ba-9fdd-13045b8ddbdf,,,,,,REVIEW,HIGH_MATCH_NO_EXPLICIT_RENAL_DOSING_TEXT
MED-0105,CARBON ACTIVADO,CARBON ACTIVADO,NO_RENAL_CONTENT,0,0,0,AMBIGUOUS_DAILYMED_MATCH,LOW,CARBON ACTIVADO,activated charcoal,100.0,236c30b4-49bc-4524-8da7-6b0f4f6e2f4c,3,"Sep 07, 2026","ACTIVATED CHARCOAL SUSPENSION WITH SORBITOL (ACTIVATED CHARCOAL WITH SORBITOL) SUSPENSION [MIDWEST VETERINARY SUPPLY, INC.]",https://dailymed.nlm.nih.gov/dailymed/drugInfo.cfm?setid=236c30b4-49bc-4524-8da7-6b0f4f6e2f4c,,,,,,REVIEW,AMBIGUOUS_DAILYMED_MATCH
MED-0106,CARBONATO DE CALCIO,CARBONATO DE CALCIO,NO_RENAL_CONTENT,0,0,0,HIGH_MATCH_NO_EXPLICIT_RENAL_DOSING_TEXT,HIGH,CARBONATO DE CALCIUM,Carbonato de calcio,16.897342109680174,59382400-cde6-4234-b570-1580a8177279,8,"Sep 14, 2026","EXTRA STRENGTH ANTACID FRESHMINT (CALCIUM CARBONATE, MAGNESIUM HYDROXIDE) TABLET, CHEWABLE [DISCOUNT DRUG MART]",https://dailymed.nlm.nih.gov/dailymed/drugInfo.cfm?setid=59382400-cde6-4234-b570-1580a8177279,,,,,,REVIEW,HIGH_MATCH_NO_EXPLICIT_RENAL_DOSING_TEXT
MED-0113,CEFRADINA,CEFRADINA,NO_RENAL_CONTENT,0,0,0,RXNORM_MATCH_NO_DAILYMED_SPL,LOW,CEFRADINA,cephradine,100.0,,,,,,,,,,,REVIEW,RXNORM_MATCH_NO_DAILYMED_SPL
MED-0117,CETILPIRIDINIO,CETILPIRIDINIO,NO_RENAL_CONTENT,0,0,0,NO_RXNORM_MATCH,NONE,,,0.0,,,,,,,,,CETILPIRIDINIO,,REVIEW,NO_RXNORM_MATCH
MED-0118,CETIRIZINA,CETIRIZINA,NO_RENAL_CONTENT,0,0,0,HIGH_MATCH_NO_EXPLICIT_RENAL_DOSING_TEXT,HIGH,CETIRIZINA,cetirizine,100.0,5b88db38-86ff-9317-e063-6394a90aae8b,1,"Sep 17, 2026","MEDLINE INDUSTRIES (CETIRIZINE HCL) TABLET, FILM COATED [MEDLINE INDUSTRIES, LP]",https://dailymed.nlm.nih.gov/dailymed/drugInfo.cfm?setid=5b88db38-86ff-9317-e063-6394a90aae8b,,,,,,REVIEW,HIGH_MATCH_NO_EXPLICIT_RENAL_DOSING_TEXT
MED-0119,CIANOCOBALAMINA,CIANOCOBALAMINA,NO_RENAL_CONTENT,0,0,0,AMBIGUOUS_DAILYMED_MATCH,LOW,CIANOCOBALAMINA,vitamin B12,100.0,5d67a268-437b-403d-9d05-6524c4a7c499,6,"Aug 13, 2026","M-NATAL PLUS (VITAMIN A, VITAMIN C, VITAMIN D, VITAMIN E, THIAMINE, RIBOFLAVIN, NIACIN, VITAMIN B6, FOLIC ACID, VITAMIN B12, CALCIUM, IRON, ZINC, COPPER) TABLET [REMEDYREPACK INC.]",https://dailymed.nlm.nih.gov/dailymed/drugInfo.cfm?setid=5d67a268-437b-403d-9d05-6524c4a7c499,,,,,,REVIEW,AMBIGUOUS_DAILYMED_MATCH
MED-0121,CICLOFOSFAMIDA,CICLOFOSFAMIDA,NO_RENAL_CONTENT,0,0,0,AMBIGUOUS_DAILYMED_MATCH,LOW,CICLOFOSFAMIDA,cyclophosphamide,100.0,5ad8ea65-4c98-487a-9c8d-df778765ec5e,12,"Sep 07, 2026","FRINDOVYX (CYCLOPHOSPHAMIDE) INJECTION [AVYXA PHARMA, LLC]",https://dailymed.nlm.nih.gov/dailymed/drugInfo.cfm?setid=5ad8ea65-4c98-487a-9c8d-df778765ec5e,,,,,,REVIEW,AMBIGUOUS_DAILYMED_MATCH
MED-0122,CICLONAMINA (ETAMSILATO),CICLONAMINA (ETAMSILATO),NO_RENAL_CONTENT,0,0,0,AMBIGUOUS_DAILYMED_MATCH,MEDIUM,CICLONAMINA (ETAMSILATO),Etamsylate,3.7485098838806152,1bd6fee1-fb5c-490b-9f1a-7bd8ceef8b8a,2,"Jul 06, 2021","ETAMSYLATE POWDER [BLUEBAY SHANDONG CO.,LTD]",https://dailymed.nlm.nih.gov/dailymed/drugInfo.cfm?setid=1bd6fee1-fb5c-490b-9f1a-7bd8ceef8b8a,,,,,,REVIEW,AMBIGUOUS_DAILYMED_MATCH
MED-0126,CINARIZINA,CINARIZINA,NO_RENAL_CONTENT,0,0,0,RXNORM_MATCH_NO_DAILYMED_SPL,MEDIUM,CINARIZINA,cinnarizine,100.0,,,,,,,,,,,REVIEW,RXNORM_MATCH_NO_DAILYMED_SPL
MED-0127,CINITAPRIDA,CINITAPRIDA,NO_RENAL_CONTENT,0,0,0,RXNORM_MATCH_NO_DAILYMED_SPL,MEDIUM,CINITAPRIDA,cinitapride,100.0,,,,,,,,,,,REVIEW,RXNORM_MATCH_NO_DAILYMED_SPL
MED-0128,CIPROFIBRATO,CIPROFIBRATO,NO_RENAL_CONTENT,0,0,0,RXNORM_MATCH_NO_DAILYMED_SPL,MEDIUM,CIPROFIBRATO,ciprofibrate,100.0,,,,,,,,,,,REVIEW,RXNORM_MATCH_NO_DAILYMED_SPL
MED-0132,CITICOLINA SODICA,CITICOLINA SODICA,NO_RENAL_CONTENT,0,0,0,HIGH_MATCH_NO_EXPLICIT_RENAL_DOSING_TEXT,HIGH,CITICOLINA SODICA,citicolina,9.889425277709961,2b7ee28f-474e-414b-bf74-8b2baf382947,2,"Dec 01, 2022","HGH COMPLEX (ARGININE PYROGLUTAMATE, COLEUS FORSKOHLII, GLUTAMINE, GLYCINE, LYSINE, MUCUNA PRURIENS, ORNITHINE ALPHA-KETOGLUTARATE, TRIBULUS TERRESTRIS, TYROSINE, CDP-CHOLINE, GABA) SPRAY [PROBLEN]",https://dailymed.nlm.nih.gov/dailymed/drugInfo.cfm?setid=2b7ee28f-474e-414b-bf74-8b2baf382947,,,,,,REVIEW,HIGH_MATCH_NO_EXPLICIT_RENAL_DOSING_TEXT
MED-0133,CITRATO DE ALVERINA,CITRATO DE ALVERINA,NO_RENAL_CONTENT,0,0,0,AMBIGUOUS_DAILYMED_MATCH,MEDIUM,CITRATO DE ALVERINA,Veneno de Abeja Aceite de Vibora,9.752972116221802,a6c4889c-e7a9-44b9-bd9a-70fd6e8c4825,2,"Jan 16, 2025","VENENO DE ABEJA ACEITE DE VIBORA BRAND (METHYL SALICYLATE) OINTMENT [MIRAMAR COSMETICS, INC DBA MIRAMAR LAB]",https://dailymed.nlm.nih.gov/dailymed/drugInfo.cfm?setid=a6c4889c-e7a9-44b9-bd9a-70fd6e8c4825,,,,,,REVIEW,AMBIGUOUS_DAILYMED_MATCH
MED-0134,CITRATO DE POTASIO,CITRATO DE POTASIO,NO_RENAL_CONTENT,0,0,0,AMBIGUOUS_DAILYMED_MATCH,MEDIUM,CITRATO DE POTASIO,Veneno de Abeja Aceite de Vibora,9.752972116221802,a6c4889c-e7a9-44b9-bd9a-70fd6e8c4825,2,"Jan 16, 2025","VENENO DE ABEJA ACEITE DE VIBORA BRAND (METHYL SALICYLATE) OINTMENT [MIRAMAR COSMETICS, INC DBA MIRAMAR LAB]",https://dailymed.nlm.nih.gov/dailymed/drugInfo.cfm?setid=a6c4889c-e7a9-44b9-bd9a-70fd6e8c4825,,,,,,REVIEW,AMBIGUOUS_DAILYMED_MATCH
MED-0137,CLEMASTINA,CLEMASTINA,NO_RENAL_CONTENT,0,0,0,HIGH_MATCH_NO_EXPLICIT_RENAL_DOSING_TEXT,HIGH,CLEMASTINA,clemastine,100.0,60848a1b-f999-43d5-9df9-548f2f508401,4,"Jan 21, 2026",CLEMASTINE FUMARATE POWDER [AX PHARMACEUTICAL CORP],https://dailymed.nlm.nih.gov/dailymed/drugInfo.cfm?setid=60848a1b-f999-43d5-9df9-548f2f508401,,,,,,REVIEW,HIGH_MATCH_NO_EXPLICIT_RENAL_DOSING_TEXT
MED-0140,CLOMIFENO,CLOMIFENO,NO_RENAL_CONTENT,0,0,0,AMBIGUOUS_DAILYMED_MATCH,MEDIUM,CLOMIFENO,clomiphene,100.0,54f608de-6f14-4120-819e-aeb9350c3070,1,"Sep 02, 2026",CLOMIPHENE CITRATE TABLET [CAMBER PHARMACEUTICALS INC],https://dailymed.nlm.nih.gov/dailymed/drugInfo.cfm?setid=54f608de-6f14-4120-819e-aeb9350c3070,,,,,,REVIEW,AMBIGUOUS_DAILYMED_MATCH
MED-0141,CLOMIPRAMINA,CLOMIPRAMINA,NO_RENAL_CONTENT,0,0,0,HIGH_MATCH_NO_EXPLICIT_RENAL_DOSING_TEXT,HIGH,CLOMIPRAMINA,clomipramine,100.0,c33d02b1-9a00-4b4a-8f8e-d2679c3838bc,1,"Apr 14, 2026",CLOMIPRAMINE HCL POWDER [AX PHARMACEUTICAL CORP],https://dailymed.nlm.nih.gov/dailymed/drugInfo.cfm?setid=c33d02b1-9a00-4b4a-8f8e-d2679c3838bc,,,,,,REVIEW,HIGH_MATCH_NO_EXPLICIT_RENAL_DOSING_TEXT
MED-0144,CLONIXINATO DE LISINA,CLONIXINATO DE LISINA,NO_RENAL_CONTENT,0,0,0,AMBIGUOUS_DAILYMED_MATCH,MEDIUM,CLONIXINATO DE LISINA,Veneno de Abeja Aceite de Vibora,9.752972116221802,a6c4889c-e7a9-44b9-bd9a-70fd6e8c4825,2,"Jan 16, 2025","VENENO DE ABEJA ACEITE DE VIBORA BRAND (METHYL SALICYLATE) OINTMENT [MIRAMAR COSMETICS, INC DBA MIRAMAR LAB]",https://dailymed.nlm.nih.gov/dailymed/drugInfo.cfm?setid=a6c4889c-e7a9-44b9-bd9a-70fd6e8c4825,,,,,,REVIEW,AMBIGUOUS_DAILYMED_MATCH
MED-0148,CLORFENAMINA,CLORFENAMINA,NO_RENAL_CONTENT,0,0,0,AMBIGUOUS_DAILYMED_MATCH,LOW,CLORFENAMINA,chlorpheniramine,100.0,01ab1152-06c9-4afe-8f2a-e110365275a5,15,"Sep 18, 2026","COLTALIN (ACETAMINOPHEN, CHLORPHENIRAMINE MALEATE, PHENYLEPHRINE HYDROCHLORIDE) TABLET [FORTUNE PHARMACAL COMPANY LIMITED]",https://dailymed.nlm.nih.gov/dailymed/drugInfo.cfm?setid=01ab1152-06c9-4afe-8f2a-e110365275a5,,,,,,REVIEW,AMBIGUOUS_DAILYMED_MATCH
MED-0149,CLORHEXIDINA,CLORHEXIDINA,NO_RENAL_CONTENT,0,0,0,HIGH_MATCH_NO_EXPLICIT_RENAL_DOSING_TEXT,HIGH,CLORHEXIDINA,chlorhexidine,100.0,7e3862b9-3786-4cfe-bfad-c992a7038eca,2,"Sep 15, 2026",CHLORHEXIDINE GLUCONATE RINSE [REMEDYREPACK INC.],https://dailymed.nlm.nih.gov/dailymed/drugInfo.cfm?setid=7e3862b9-3786-4cfe-bfad-c992a7038eca,,,,,,REVIEW,HIGH_MATCH_NO_EXPLICIT_RENAL_DOSING_TEXT
MED-0153,CLORTALIDONA,CLORTALIDONA,NO_RENAL_CONTENT,0,0,0,AMBIGUOUS_DAILYMED_MATCH,MEDIUM,CLORTALIDONA,chlorthalidone,100.0,dfbd0160-f56a-41b9-a4ff-eb2df73b1e9b,3,"Aug 31, 2026",ATENOLOL AND CHLORTHALIDONE TABLET [REMEDYREPACK INC.],https://dailymed.nlm.nih.gov/dailymed/drugInfo.cfm?setid=dfbd0160-f56a-41b9-a4ff-eb2df73b1e9b,,,,,,REVIEW,AMBIGUOUS_DAILYMED_MATCH
MED-0154,CLORURO DE TROSPIO,CLORURO DE TROSPIO,NO_RENAL_CONTENT,0,0,0,AMBIGUOUS_DAILYMED_MATCH,MEDIUM,CLORURO DE TROSPIO,Cloruro de hidrógeno,16.751341311136883,e6d531ec-fcdc-49f6-b0c4-878d3952827f,17,"Sep 14, 2026","CALCIUM GLUCONATE IN SODIUM CHLORIDE (CALCIUM GLUCONATE) INJECTION, SOLUTION [WG CRITICAL CARE, LLC]",https://dailymed.nlm.nih.gov/dailymed/drugInfo.cfm?setid=e6d531ec-fcdc-49f6-b0c4-878d3952827f,,,,,,REVIEW,AMBIGUOUS_DAILYMED_MATCH
MED-0155,CLOTIAZEPAM,CLOTIAZEPAM,NO_RENAL_CONTENT,0,0,0,RXNORM_MATCH_NO_DAILYMED_SPL,MEDIUM,CLOTIAZEPAM,clotiazepam,100.0,,,,,,,,,,,REVIEW,RXNORM_MATCH_NO_DAILYMED_SPL
MED-0156,CLOTRIMAZOL,CLOTRIMAZOL,NO_RENAL_CONTENT,0,0,0,HIGH_MATCH_NO_EXPLICIT_RENAL_DOSING_TEXT,HIGH,CLOTRIMAZOL,clotrimazole,100.0,5b56636e-e257-0184-e063-6394a90a0e94,1,"Sep 15, 2026","MOROVAN RINGWORM TREATMENT (CLOTRIMAZOLE) CREAM [HONG KONG UNORDERED TRADING CO., LIMITED]",https://dailymed.nlm.nih.gov/dailymed/drugInfo.cfm?setid=5b56636e-e257-0184-e063-6394a90a0e94,,,,,,REVIEW,HIGH_MATCH_NO_EXPLICIT_RENAL_DOSING_TEXT
MED-0161,COLECALCIFEROL,COLECALCIFEROL,NO_RENAL_CONTENT,0,0,0,HIGH_MATCH_NO_EXPLICIT_RENAL_DOSING_TEXT,HIGH,COLECALCIFEROL,cholecalciferol,100.0,4bf23dd2-1627-4471-a05e-fa55c304e596,1,"Sep 15, 2026","TRUEONE (VITAMIN A, THIAMINE, RIBOFLAVIN, NIACINAMIDE, PYRIDOXINE HCL, CYANOCOBALAMIN, ASCORBIC ACID, CHOLECALCIFEROL, FOLIC ACID) TABLET [TRIVIA PHARMACEUTICALS, LLC]",https://dailymed.nlm.nih.gov/dailymed/drugInfo.cfm?setid=4bf23dd2-1627-4471-a05e-fa55c304e596,,,,,,REVIEW,HIGH_MATCH_NO_EXPLICIT_RENAL_DOSING_TEXT
MED-0162,CONDROITINA SULFATO,CONDROITINA SULFATO,NO_RENAL_CONTENT,0,0,0,AMBIGUOUS_DAILYMED_MATCH,MEDIUM,CONDROITINA SULFATE,,11.319700241088867,9cde3e3a-3224-4353-a74e-6b2fe1369b3c,1,"Jan 04, 2012","NOVIPET (GLUCOSAMINE SULFATE, CHONDROTIN SULFATE, DIMETHYL SULFONE, TOCOPHEROL) TABLET, CHEWABLE [LDSE INTERNATIONAL LLC]",https://dailymed.nlm.nih.gov/dailymed/drugInfo.cfm?setid=9cde3e3a-3224-4353-a74e-6b2fe1369b3c,,,,,,REVIEW,AMBIGUOUS_DAILYMED_MATCH
MED-0166,DANAZOL,DANAZOL,NO_RENAL_CONTENT,0,0,0,HIGH_MATCH_NO_EXPLICIT_RENAL_DOSING_TEXT,HIGH,DANAZOL,danazol,100.0,e19acee5-ff33-45a5-bbbf-801756bc59b4,15,"Mar 24, 2025","DANAZOL CAPSULE [TEVA PHARMACEUTICALS USA, INC.]",https://dailymed.nlm.nih.gov/dailymed/drugInfo.cfm?setid=e19acee5-ff33-45a5-bbbf-801756bc59b4,,,,,,REVIEW,HIGH_MATCH_NO_EXPLICIT_RENAL_DOSING_TEXT
MED-0169,DAPOXETINA,DAPOXETINA,NO_RENAL_CONTENT,0,0,0,NO_RXNORM_MATCH,NONE,,,0.0,,,,,,,,,DAPOXETINA,,REVIEW,NO_RXNORM_MATCH
MED-0170,DAPSONA,DAPSONA,NO_RENAL_CONTENT,0,0,0,HIGH_MATCH_NO_EXPLICIT_RENAL_DOSING_TEXT,HIGH,DAPSONA,dapsone,100.0,839d7440-ba0e-4c56-b648-d374b155cf03,1,"Jul 24, 2026",DAPSONE TABLET [MACLEODS PHARMACEUTICALS LIMITED],https://dailymed.nlm.nih.gov/dailymed/drugInfo.cfm?setid=839d7440-ba0e-4c56-b648-d374b155cf03,,,,,,REVIEW,HIGH_MATCH_NO_EXPLICIT_RENAL_DOSING_TEXT
MED-0175,DECUALINIO,DECUALINIO,NO_RENAL_CONTENT,0,0,0,NO_RXNORM_MATCH,NONE,,,0.0,,,,,,,,,DECUALINIO,,REVIEW,NO_RXNORM_MATCH
MED-0180,DESOGESTREL,DESOGESTREL,NO_RENAL_CONTENT,0,0,0,HIGH_MATCH_NO_EXPLICIT_RENAL_DOSING_TEXT,HIGH,DESOGESTREL,desogestrel,100.0,4a8f278f-f505-4537-8deb-74e8927df8c6,105,"Aug 14, 2026",ISIBLOOM (DESOGESTREL AND ETHINYL ESTRADIOL) KIT [BRYANT RANCH PREPACK],https://dailymed.nlm.nih.gov/dailymed/drugInfo.cfm?setid=4a8f278f-f505-4537-8deb-74e8927df8c6,,,,,,REVIEW,HIGH_MATCH_NO_EXPLICIT_RENAL_DOSING_TEXT
MED-0182,DEXAMETASONA,DEXAMETASONA,NO_RENAL_CONTENT,0,0,0,HIGH_MATCH_NO_EXPLICIT_RENAL_DOSING_TEXT,HIGH,DEXAMETASONA,dexamethasone,100.0,1cc75525-5999-4814-9dc6-a0a3b6974321,1,"Sep 17, 2026",TOBRAMYCIN AND DEXAMETHASONE SUSPENSION/ DROPS [A-S MEDICATION SOLUTIONS],https://dailymed.nlm.nih.gov/dailymed/drugInfo.cfm?setid=1cc75525-5999-4814-9dc6-a0a3b6974321,,,,,,REVIEW,HIGH_MATCH_NO_EXPLICIT_RENAL_DOSING_TEXT
MED-0183,DEXIBUPROFENO,DEXIBUPROFENO,NO_RENAL_CONTENT,0,0,0,NO_RXNORM_MATCH,NONE,,,0.0,,,,,,,,,DEXIBUPROFENO,,REVIEW,NO_RXNORM_MATCH
MED-0184,DEXKETOPROFENO,DEXKETOPROFENO,NO_RENAL_CONTENT,0,0,0,RXNORM_MATCH_NO_DAILYMED_SPL,MEDIUM,DEXKETOPROFENO,dexketoprofen,100.0,,,,,,,,,,,REVIEW,RXNORM_MATCH_NO_DAILYMED_SPL
MED-0186,DEXTROMETORFANO,DEXTROMETORFANO,NO_RENAL_CONTENT,0,0,0,AMBIGUOUS_DAILYMED_MATCH,MEDIUM,DEXTROMETORFANO,dextromethorphan,100.0,358925ba-6ff5-4ad4-b901-716e7a1ac65d,3,"Sep 18, 2026","FOSTER AND THRIVE NIGHTTIME COLD AND FLU RELIEF (ACETAMINOPHEN, DEXTROMETHORPHAN HBR, DOXYLAMINE SUCCINATE) SOLUTION [STRATEGIC SOURCING SERVICES LLC]",https://dailymed.nlm.nih.gov/dailymed/drugInfo.cfm?setid=358925ba-6ff5-4ad4-b901-716e7a1ac65d,,,,,,REVIEW,AMBIGUOUS_DAILYMED_MATCH
MED-0187,DIACEREINA,DIACEREINA,NO_RENAL_CONTENT,0,0,0,RXNORM_MATCH_NO_DAILYMED_SPL,LOW,DIACEREINA,diacetylrhein,100.0,,,,,,,,,,,REVIEW,RXNORM_MATCH_NO_DAILYMED_SPL
MED-0189,DICLOFENACO,DICLOFENACO,NO_RENAL_CONTENT,0,0,0,HIGH_MATCH_NO_EXPLICIT_RENAL_DOSING_TEXT,HIGH,DICLOFENACO,diclofenac,100.0,4ac613ae-51df-49ca-ac80-d663455b7950,2,"Sep 15, 2026","DOLO-NEUROBION ARTHRITIS PAIN (DICLOFENAC SODIUM TOPICAL GEL, 1%) GEL [BENARD INDUSTRIES INC]",https://dailymed.nlm.nih.gov/dailymed/drugInfo.cfm?setid=4ac613ae-51df-49ca-ac80-d663455b7950,,,,,,REVIEW,HIGH_MATCH_NO_EXPLICIT_RENAL_DOSING_TEXT
MED-0191,DIDROGESTERONA,DIDROGESTERONA,NO_RENAL_CONTENT,0,0,0,RXNORM_MATCH_NO_DAILYMED_SPL,MEDIUM,DIDROGESTERONA,dydrogesterone,100.0,,,,,,,,,,,REVIEW,RXNORM_MATCH_NO_DAILYMED_SPL
MED-0193,DIFENHIDRAMINA,DIFENHIDRAMINA,NO_RENAL_CONTENT,0,0,0,AMBIGUOUS_DAILYMED_MATCH,MEDIUM,DIFENHIDRAMINA,diphenhydramine,100.0,5b99ac95-bc71-8431-e063-6294a90a5a36,1,"Sep 18, 2026","ROMPE PECHITO ALLERGY FOR KIDS (DIPHENHYDRAMINE HCL) SYRUP [EFFICIENT LABORATORIES, INC.]",https://dailymed.nlm.nih.gov/dailymed/drugInfo.cfm?setid=5b99ac95-bc71-8431-e063-6294a90a5a36,,,,,,REVIEW,AMBIGUOUS_DAILYMED_MATCH
MED-0194,DIFENOXILATO,DIFENOXILATO,NO_RENAL_CONTENT,0,0,0,AMBIGUOUS_DAILYMED_MATCH,MEDIUM,DIFENOXILATO,diphenoxylate,100.0,f94a0189-40d2-42e0-8d2b-c9dc433faad1,13,"Jul 30, 2026",DIPHENOXYLATE HYDROCHLORIDE AND ATROPINE SULFATE TABLET [A-S MEDICATION SOLUTIONS],https://dailymed.nlm.nih.gov/dailymed/drugInfo.cfm?setid=f94a0189-40d2-42e0-8d2b-c9dc433faad1,,,,,,REVIEW,AMBIGUOUS_DAILYMED_MATCH
MED-0197,DIMENHIDRINATO,DIMENHIDRINATO,NO_RENAL_CONTENT,0,0,0,HIGH_MATCH_NO_EXPLICIT_RENAL_DOSING_TEXT,HIGH,DIMENHIDRINATO,dimenhydrinate,100.0,be8b1af8-bf84-4de5-afc7-a04d420d918f,16,"Sep 18, 2026","MOTION SICKNESS RELIEF (DIMENHYDRINATE) TABLET [WINCO FOODS, LLC]",https://dailymed.nlm.nih.gov/dailymed/drugInfo.cfm?setid=be8b1af8-bf84-4de5-afc7-a04d420d918f,,,,,,REVIEW,HIGH_MATCH_NO_EXPLICIT_RENAL_DOSING_TEXT
MED-0198,DIMETIL FUMARATO,DIMETIL FUMARATO,NO_RENAL_CONTENT,0,0,0,HIGH_MATCH_NO_EXPLICIT_RENAL_DOSING_TEXT,HIGH,DIMETIL FUMARATE,fumarate,11.029577255249023,fb09c763-06d9-4f55-aa0e-2530ce07c5a6,1,"Sep 15, 2026","NURTIVA (VITAMIN A, THIAMINE, RIBOFLAVIN, NIACINAMIDE, PYRIDOXINE HCL, CYANOCOBALAMIN, ASCORBIC ACID, D-ALPHA TOCOPHEROL SUCCINATE, FOLIC ACID, CALCIUM, CHROMIUM, FERROUS FUMARATE, IODINE, MAGNESIUM OXIDE, MANGANESE SULFATE, MOLYBDENUM, SELENIUM, ZINC OXIDE) TABLET [BLUE HERON PHARMACEUTICALS, LLC]",https://dailymed.nlm.nih.gov/dailymed/drugInfo.cfm?setid=fb09c763-06d9-4f55-aa0e-2530ce07c5a6,,,,,,REVIEW,HIGH_MATCH_NO_EXPLICIT_RENAL_DOSING_TEXT
MED-0199,DIMETILPOLISILOXANO (DIMETICONA),DIMETILPOLISILOXANO (DIMETICONA),NO_RENAL_CONTENT,0,0,0,HIGH_MATCH_NO_EXPLICIT_RENAL_DOSING_TEXT,HIGH,DIMETILPOLISILOXANO (DIMETICONA),Dimeticona,9.889425277709961,54638c77-acad-4212-b38f-db353ed59ad2,4,"Sep 14, 2026","ANTACID MINT (ALUMINUM HYDROXIDE, MAGNESIUM HYDROXIDE, DIMETHICONE) SUSPENSION [CHAIN DRUG MARKETING ASSOCIATION]",https://dailymed.nlm.nih.gov/dailymed/drugInfo.cfm?setid=54638c77-acad-4212-b38f-db353ed59ad2,,,,,,REVIEW,HIGH_MATCH_NO_EXPLICIT_RENAL_DOSING_TEXT
MED-0201,DIOSMINA,DIOSMINA,NO_RENAL_CONTENT,0,0,0,HIGH_MATCH_NO_EXPLICIT_RENAL_DOSING_TEXT,HIGH,DIOSMINA,diosmin,100.0,24245e80-529f-0542-e063-6394a90a1fb4,1,"Oct 14, 2024","BRUSELIX BRUISING (VITAMIN C, ZINC, ARNICA MONTANA EXTRACT, BROMELAIN, DIOSMIN, RUTIN, CITRUS BIOFLAVONOIDS, HESPERIDIN METHYL CHALCONE) TABLET [PURETEK CORPORATION]",https://dailymed.nlm.nih.gov/dailymed/drugInfo.cfm?setid=24245e80-529f-0542-e063-6394a90a1fb4,,,,,,REVIEW,HIGH_MATCH_NO_EXPLICIT_RENAL_DOSING_TEXT
MED-0202,DIPIRONA,DIPIRONA,NO_RENAL_CONTENT,0,0,0,NO_RXNORM_MATCH,NONE,,,0.0,,,,,,,,,DIPIRONA,,REVIEW,NO_RXNORM_MATCH
MED-0203,DOBESILATO CALCICO,DOBESILATO CALCICO,NO_RENAL_CONTENT,0,0,0,HIGH_MATCH_NO_EXPLICIT_RENAL_DOSING_TEXT,HIGH,DOBESILATO CALCIUM,calcium dobesilate,11.178783416748047,7dffdfd9-42e4-46ab-bb73-32e98bf4d1ea,2,"Jan 19, 2026",CALCIUM DOBESILATE MONOHYDRATE POWDER [AX PHARMACEUTICAL CORP.],https://dailymed.nlm.nih.gov/dailymed/drugInfo.cfm?setid=7dffdfd9-42e4-46ab-bb73-32e98bf4d1ea,,,,,,REVIEW,HIGH_MATCH_NO_EXPLICIT_RENAL_DOSING_TEXT
MED-0204,DOCUSATO DE SODIO,DOCUSATO DE SODIO,NO_RENAL_CONTENT,0,0,0,AMBIGUOUS_DAILYMED_MATCH,MEDIUM,DOCUSATO DE SODIO,Feredato de sodio,16.45457909901937,71c0cfcf-e6b9-47ae-8039-391702a0ab68,1,"Jun 13, 2012","BAL-CARE DHA ESSENTIAL (BETA CAROTENE, ASCORBIC ACID, CHOLECALCIFEROL, .ALPHA.-TOCOPHEROL ACETATE, DL-, THIAMINE MONONITRATE, RIBOFLAVIN, NIACINAMIDE, PYRIDOXINE HYDROCHLORIDE, FOLIC ACID, CYANOCOBALAMIN, CALCIUM CARBONATE, SODIUM FEREDETATE, MAGNESIUM OXIDE, ZINC OXIDE, CUPRIC OXIDE, IRON SUCROSE, IODINE, OMEGA 3 FATTY ACIDS ) KIT [PRUGEN, INC.]",https://dailymed.nlm.nih.gov/dailymed/drugInfo.cfm?setid=71c0cfcf-e6b9-47ae-8039-391702a0ab68,,,,,,REVIEW,AMBIGUOUS_DAILYMED_MATCH
MED-0206,DOMPERIDONA,DOMPERIDONA,NO_RENAL_CONTENT,0,0,0,HIGH_MATCH_NO_EXPLICIT_RENAL_DOSING_TEXT,HIGH,DOMPERIDONA,domperidone,100.0,865b3b41-61da-4eba-b00e-6899d812213e,8,"May 25, 2026","OVAPRIM (SGNRHA AND DOMPERIDONE) INJECTION, SOLUTION [WESTERN CHEMICAL INC.]",https://dailymed.nlm.nih.gov/dailymed/drugInfo.cfm?setid=865b3b41-61da-4eba-b00e-6899d812213e,,,,,,REVIEW,HIGH_MATCH_NO_EXPLICIT_RENAL_DOSING_TEXT
MED-0212,DOXILAMINA,DOXILAMINA,NO_RENAL_CONTENT,0,0,0,AMBIGUOUS_DAILYMED_MATCH,MEDIUM,DOXILAMINA,doxylamine,100.0,358925ba-6ff5-4ad4-b901-716e7a1ac65d,3,"Sep 18, 2026","FOSTER AND THRIVE NIGHTTIME COLD AND FLU RELIEF (ACETAMINOPHEN, DEXTROMETHORPHAN HBR, DOXYLAMINE SUCCINATE) SOLUTION [STRATEGIC SOURCING SERVICES LLC]",https://dailymed.nlm.nih.gov/dailymed/drugInfo.cfm?setid=358925ba-6ff5-4ad4-b901-716e7a1ac65d,,,,,,REVIEW,AMBIGUOUS_DAILYMED_MATCH
MED-0213,DOXOFILINA,DOXOFILINA,NO_RENAL_CONTENT,0,0,0,NO_RXNORM_MATCH,NONE,,,0.0,,,,,,,,,DOXOFILINA,,REVIEW,NO_RXNORM_MATCH
MED-0214,DRONABINOL,DRONABINOL,NO_RENAL_CONTENT,0,0,0,HIGH_MATCH_NO_EXPLICIT_RENAL_DOSING_TEXT,HIGH,DRONABINOL,dronabinol,100.0,fd8c5d57-0173-4f62-8ff0-d8147986a976,6,"May 21, 2026",DRONABINOL CAPSULE [MAJOR PHARMACEUTICALS],https://dailymed.nlm.nih.gov/dailymed/drugInfo.cfm?setid=fd8c5d57-0173-4f62-8ff0-d8147986a976,,,,,,REVIEW,HIGH_MATCH_NO_EXPLICIT_RENAL_DOSING_TEXT
MED-0233,ERGOTAMINA TARTRATO,ERGOTAMINA TARTRATO,NO_RENAL_CONTENT,0,0,0,HIGH_MATCH_NO_EXPLICIT_RENAL_DOSING_TEXT,HIGH,ERGOTAMINA TARTRATO,Ergotamina,9.889425277709961,4db7eece-2eef-bc1b-e063-6394a90a98cb,1,"Mar 27, 2026","CAFERGOT (ERGOTAMINE TARTRATE AND CAFFEINE) TABLET, FILM COATED [TRIFLUENT PHARMA, LLC]",https://dailymed.nlm.nih.gov/dailymed/drugInfo.cfm?setid=4db7eece-2eef-bc1b-e063-6394a90a98cb,,,,,,REVIEW,HIGH_MATCH_NO_EXPLICIT_RENAL_DOSING_TEXT
MED-0235,ERLOTINIB,ERLOTINIB,NO_RENAL_CONTENT,0,0,0,HIGH_MATCH_NO_EXPLICIT_RENAL_DOSING_TEXT,HIGH,ERLOTINIB,erlotinib,100.0,daaa1329-3a3f-439c-b13d-b301daa234d4,3,"Dec 02, 2024","ERLOTINIB TABLET, FILM COATED [ZYDUS LIFESCIENCES LIMITED]",https://dailymed.nlm.nih.gov/dailymed/drugInfo.cfm?setid=daaa1329-3a3f-439c-b13d-b301daa234d4,,,,,,REVIEW,HIGH_MATCH_NO_EXPLICIT_RENAL_DOSING_TEXT
MED-0236,ESCINA,ESCINA,NO_RENAL_CONTENT,0,0,0,HIGH_MATCH_NO_EXPLICIT_RENAL_DOSING_TEXT,HIGH,ESCINA,escin,7.6962809562683105,33ef2233-7a66-ee65-e063-6294a90ac55a,1,"Jun 12, 2025","DIABECIN CS CREAM (MENTHOL, CAPSAICIN) CREAM [PURETEK CORPORATION]",https://dailymed.nlm.nih.gov/dailymed/drugInfo.cfm?setid=33ef2233-7a66-ee65-e063-6294a90ac55a,,,,,,REVIEW,HIGH_MATCH_NO_EXPLICIT_RENAL_DOSING_TEXT
MED-0238,ESOMEPRAZOL,ESOMEPRAZOL,NO_RENAL_CONTENT,0,0,0,HIGH_MATCH_NO_EXPLICIT_RENAL_DOSING_TEXT,HIGH,ESOMEPRAZOL,esomeprazole,100.0,c55a4f7a-3b24-47e5-8ade-3b13df003301,4,"Sep 14, 2026","ESOMEPRAZOLE MAGNESIUM (ESOMEPRAZOLE) CAPSULE, DELAYED RELEASE [RITE AID CORPORATION]",https://dailymed.nlm.nih.gov/dailymed/drugInfo.cfm?setid=c55a4f7a-3b24-47e5-8ade-3b13df003301,,,,,,REVIEW,HIGH_MATCH_NO_EXPLICIT_RENAL_DOSING_TEXT
MED-0239,ESPIRAMICINA BASE,ESPIRAMICINA BASE,NO_RENAL_CONTENT,0,0,0,AMBIGUOUS_DAILYMED_MATCH,MEDIUM,ESPIRAMICINA BASE,,10.813211631774902,bceb1fe2-e40b-4d18-b9e9-0bcd55ec7ab6,4,"Jul 21, 2017","ERYTHROMYCIN BASE (ERYTHROMYCIN) TABLET, FILM COATED [CARILION MATERIALS MANAGEMENT]",https://dailymed.nlm.nih.gov/dailymed/drugInfo.cfm?setid=bceb1fe2-e40b-4d18-b9e9-0bcd55ec7ab6,,,,,,REVIEW,AMBIGUOUS_DAILYMED_MATCH
MED-0245,ETORICOXIB,ETORICOXIB,NO_RENAL_CONTENT,0,0,0,RXNORM_MATCH_NO_DAILYMED_SPL,MEDIUM,ETORICOXIB,etoricoxib,100.0,,,,,,,,,,,REVIEW,RXNORM_MATCH_NO_DAILYMED_SPL
MED-0248,EVOGLIPTINA,EVOGLIPTINA,NO_RENAL_CONTENT,0,0,0,NO_RXNORM_MATCH,NONE,,,0.0,,,,,,,,,EVOGLIPTINA,,REVIEW,NO_RXNORM_MATCH
MED-0253,FENILEFRINA,FENILEFRINA,NO_RENAL_CONTENT,0,0,0,AMBIGUOUS_DAILYMED_MATCH,LOW,FENILEFRINA,phenylephrine,100.0,01ab1152-06c9-4afe-8f2a-e110365275a5,15,"Sep 18, 2026","COLTALIN (ACETAMINOPHEN, CHLORPHENIRAMINE MALEATE, PHENYLEPHRINE HYDROCHLORIDE) TABLET [FORTUNE PHARMACAL COMPANY LIMITED]",https://dailymed.nlm.nih.gov/dailymed/drugInfo.cfm?setid=01ab1152-06c9-4afe-8f2a-e110365275a5,,,,,,REVIEW,AMBIGUOUS_DAILYMED_MATCH
MED-0257,FENOTEROL,FENOTEROL,NO_RENAL_CONTENT,0,0,0,RXNORM_MATCH_NO_DAILYMED_SPL,MEDIUM,FENOTEROL,fenoterol,100.0,,,,,,,,,,,REVIEW,RXNORM_MATCH_NO_DAILYMED_SPL
MED-0258,FENOVERINA,FENOVERINA,NO_RENAL_CONTENT,0,0,0,RXNORM_MATCH_NO_DAILYMED_SPL,MEDIUM,FENOVERINA,fenoverine,8.86967658996582,,,,,,,,,,,REVIEW,RXNORM_MATCH_NO_DAILYMED_SPL
MED-0259,FEXOFENADINA,FEXOFENADINA,NO_RENAL_CONTENT,0,0,0,HIGH_MATCH_NO_EXPLICIT_RENAL_DOSING_TEXT,HIGH,FEXOFENADINA,fexofenadine,100.0,1b5aa481-205d-4935-ae58-fcb8cbc35c4c,3,"Sep 11, 2026","ALLERGY (FEXOFENADINE HYDROCHLORIDE) TABLET, FILM COATED [AMAZON.COM SERVICES LLC]",https://dailymed.nlm.nih.gov/dailymed/drugInfo.cfm?setid=1b5aa481-205d-4935-ae58-fcb8cbc35c4c,,,,,,REVIEW,HIGH_MATCH_NO_EXPLICIT_RENAL_DOSING_TEXT
MED-0262,FLAVONOIDES EXPRESADOS COMO HESPERIDINA MICRONIZADA Y PURIFICADA,FLAVONOIDES EXPRESADOS COMO HESPERIDINA MICRONIZADA Y PURIFICADA,NO_RENAL_CONTENT,0,0,0,HIGH_MATCH_NO_EXPLICIT_RENAL_DOSING_TEXT,HIGH,FLAVONOIDES EXPRESADOS COMO HESPERIDINA MICRONIZADA Y PURIFICADA,Y,10.657188415527344,65ffc962-7538-41ea-9afb-4af5fbce4c5b,15,"Sep 14, 2026","CLINISOL (LYSINE, LEUCINE, PHENYLALANINE, VALINE, HISTIDINE, ISOLEUCINE, METHIONINE, THREONINE, TRYPTOPHAN, ALANINE, ARGININE, GLYCINE, PROLINE, GLUTAMIC ACID, SERINE, ASPARTIC ACID, TYROSINE) INJECTION, SOLUTION [BAXTER HEALTHCARE CORPORATION]",https://dailymed.nlm.nih.gov/dailymed/drugInfo.cfm?setid=65ffc962-7538-41ea-9afb-4af5fbce4c5b,,,,,,REVIEW,HIGH_MATCH_NO_EXPLICIT_RENAL_DOSING_TEXT
MED-0263,FLAVOXATO CLOHIDRATO,FLAVOXATO CLOHIDRATO,NO_RENAL_CONTENT,0,0,0,HIGH_MATCH_NO_EXPLICIT_RENAL_DOSING_TEXT,HIGH,FLAVOXATO CLOHIDRATO,Flavoxato,9.889425277709961,f6a06eda-2480-4c0d-8d1e-9e3e89d3ee88,6,"Dec 12, 2025",FLAVOXATE HYDROCHLORIDE TABLET [PURACAP LABORATORIES LLC DBA BLU PHARMACEUTICALS],https://dailymed.nlm.nih.gov/dailymed/drugInfo.cfm?setid=f6a06eda-2480-4c0d-8d1e-9e3e89d3ee88,,,,,,REVIEW,HIGH_MATCH_NO_EXPLICIT_RENAL_DOSING_TEXT
MED-0264,FLUBENDAZOL,FLUBENDAZOL,NO_RENAL_CONTENT,0,0,0,HIGH_MATCH_NO_EXPLICIT_RENAL_DOSING_TEXT,HIGH,FLUBENDAZOL,flubendazole,100.0,df3de610-8aed-41a7-bdf3-584a1a633bba,1,"Nov 17, 2025","FLUBENDAZOLE POWDER [KDG IMPRESA LLC, AQION]",https://dailymed.nlm.nih.gov/dailymed/drugInfo.cfm?setid=df3de610-8aed-41a7-bdf3-584a1a633bba,,,,,,REVIEW,HIGH_MATCH_NO_EXPLICIT_RENAL_DOSING_TEXT
MED-0267,FLUDROCORTISONA,FLUDROCORTISONA,NO_RENAL_CONTENT,0,0,0,HIGH_MATCH_NO_EXPLICIT_RENAL_DOSING_TEXT,HIGH,FLUDROCORTISONA,fludrocortisone,100.0,933e28ef-05e8-419e-a786-21eab67f33a2,3,"Jul 06, 2026",FLUDROCORTISONE ACETATE TABLET [MAJOR PHARMACEUTICALS],https://dailymed.nlm.nih.gov/dailymed/drugInfo.cfm?setid=933e28ef-05e8-419e-a786-21eab67f33a2,,,,,,REVIEW,HIGH_MATCH_NO_EXPLICIT_RENAL_DOSING_TEXT
MED-0268,FLUNARIZINA,FLUNARIZINA,NO_RENAL_CONTENT,0,0,0,RXNORM_MATCH_NO_DAILYMED_SPL,MEDIUM,FLUNARIZINA,flunarizine,100.0,,,,,,,,,,,REVIEW,RXNORM_MATCH_NO_DAILYMED_SPL
MED-0270,FLURBIPROFENO,FLURBIPROFENO,NO_RENAL_CONTENT,0,0,0,HIGH_MATCH_NO_EXPLICIT_RENAL_DOSING_TEXT,HIGH,FLURBIPROFENO,flurbiprofen,100.0,c27f2d57-4b9d-4b78-8d85-3bac84f733b1,6,"May 07, 2026","FLURBIPROFEN SODIUM SOLUTION/ DROPS [AMICI PHARMA, INC.]",https://dailymed.nlm.nih.gov/dailymed/drugInfo.cfm?setid=c27f2d57-4b9d-4b78-8d85-3bac84f733b1,,,,,,REVIEW,HIGH_MATCH_NO_EXPLICIT_RENAL_DOSING_TEXT
MED-0274,FURAZOLIDONA,FURAZOLIDONA,NO_RENAL_CONTENT,0,0,0,HIGH_MATCH_NO_EXPLICIT_RENAL_DOSING_TEXT,HIGH,FURAZOLIDONA,furazolidone,100.0,bc6b734d-be9d-4347-93b7-dad7845c05e7,1,"Sep 05, 2022","FURAZOLIDONE POWDER [MENADIONA, S.L.]",https://dailymed.nlm.nih.gov/dailymed/drugInfo.cfm?setid=bc6b734d-be9d-4347-93b7-dad7845c05e7,,,,,,REVIEW,HIGH_MATCH_NO_EXPLICIT_RENAL_DOSING_TEXT
MED-0280,GESTODENO,GESTODENO,NO_RENAL_CONTENT,0,0,0,HIGH_MATCH_NO_EXPLICIT_RENAL_DOSING_TEXT,HIGH,GESTODENO,gestodene,100.0,7b38aa8b-0cae-66b1-e053-2991aa0aeac8,1,"Nov 23, 2018","MYVLAR (GESTODENE, ETHINYL ESTRADIOL) TABLET [OASIS TRADING]",https://dailymed.nlm.nih.gov/dailymed/drugInfo.cfm?setid=7b38aa8b-0cae-66b1-e053-2991aa0aeac8,,,,,,REVIEW,HIGH_MATCH_NO_EXPLICIT_RENAL_DOSING_TEXT
MED-0282,GLIBENCLAMIDA,GLIBENCLAMIDA,NO_RENAL_CONTENT,0,0,0,AMBIGUOUS_DAILYMED_MATCH,LOW,GLIBENCLAMIDA,glyburide,100.0,4dcef36f-000e-43f5-8d67-0e2a079ab2c6,106,"Aug 20, 2026","GLYBURIDE AND METFORMIN HYDROCHLORIDE TABLET, FILM COATED [BRYANT RANCH PREPACK]",https://dailymed.nlm.nih.gov/dailymed/drugInfo.cfm?setid=4dcef36f-000e-43f5-8d67-0e2a079ab2c6,,,,,,REVIEW,AMBIGUOUS_DAILYMED_MATCH
MED-0283,GLICLAZIDA,GLICLAZIDA,NO_RENAL_CONTENT,0,0,0,RXNORM_MATCH_NO_DAILYMED_SPL,MEDIUM,GLICLAZIDA,gliclazide,100.0,,,,,,,,,,,REVIEW,RXNORM_MATCH_NO_DAILYMED_SPL
MED-0285,GLUCOSAMINA SULFATO,GLUCOSAMINA SULFATO,NO_RENAL_CONTENT,0,0,0,HIGH_MATCH_NO_EXPLICIT_RENAL_DOSING_TEXT,HIGH,GLUCOSAMINA SULFATO,Glucosamina,9.889425277709961,82d3883f-86dd-179e-e053-2991aa0a1998,4,"Jul 02, 2025","GLUCOSAMINE SULFATE, CHONDROITIN SULFATE, IBUPROFEN CAPSULE [CONTRACT PHARMACAL CORP.]",https://dailymed.nlm.nih.gov/dailymed/drugInfo.cfm?setid=82d3883f-86dd-179e-e053-2991aa0a1998,,,,,,REVIEW,HIGH_MATCH_NO_EXPLICIT_RENAL_DOSING_TEXT
MED-0287,HESPERIDINA,HESPERIDINA,NO_RENAL_CONTENT,0,0,0,HIGH_MATCH_NO_EXPLICIT_RENAL_DOSING_TEXT,HIGH,HESPERIDINA,hesperidin,100.0,24245e80-529f-0542-e063-6394a90a1fb4,1,"Oct 14, 2024","BRUSELIX BRUISING (VITAMIN C, ZINC, ARNICA MONTANA EXTRACT, BROMELAIN, DIOSMIN, RUTIN, CITRUS BIOFLAVONOIDS, HESPERIDIN METHYL CHALCONE) TABLET [PURETEK CORPORATION]",https://dailymed.nlm.nih.gov/dailymed/drugInfo.cfm?setid=24245e80-529f-0542-e063-6394a90a1fb4,,,,,,REVIEW,HIGH_MATCH_NO_EXPLICIT_RENAL_DOSING_TEXT
MED-0288,HIDROCLOROTIAZIDA,HIDROCLOROTIAZIDA,NO_RENAL_CONTENT,0,0,0,AMBIGUOUS_DAILYMED_MATCH,MEDIUM,HIDROCLOROTIAZIDA,hydrochlorothiazide,100.0,5ba10848-9a4c-1a28-e063-6394a90ab047,1,"Sep 18, 2026","VALSARTAN AND HYDROCHLOROTHIAZIDE TABLET, FILM COATED [GOLDEN STATE MEDICAL SUPPLY, INC.]",https://dailymed.nlm.nih.gov/dailymed/drugInfo.cfm?setid=5ba10848-9a4c-1a28-e063-6394a90ab047,,,,,,REVIEW,AMBIGUOUS_DAILYMED_MATCH
MED-0289,HIDROCODONA,HIDROCODONA,NO_RENAL_CONTENT,0,0,0,AMBIGUOUS_DAILYMED_MATCH,MEDIUM,HIDROCODONA,hydrocodone,100.0,26d7c90c-5e6b-4bdb-b06f-c76173a01c21,10,"Aug 27, 2026","HYDROCODONE BITARTRATE AND HOMATROPINE METHYLBROMIDE TABLET [KVK-TECH, INC.]",https://dailymed.nlm.nih.gov/dailymed/drugInfo.cfm?setid=26d7c90c-5e6b-4bdb-b06f-c76173a01c21,,,,,,REVIEW,AMBIGUOUS_DAILYMED_MATCH
MED-0290,HIDROCORTISONA,HIDROCORTISONA,NO_RENAL_CONTENT,0,0,0,HIGH_MATCH_NO_EXPLICIT_RENAL_DOSING_TEXT,HIGH,HIDROCORTISONA,hydrocortisone,100.0,e7c3953f-0c25-4930-9e46-656763e2cd83,2,"Sep 16, 2026",EAR ITCH MD PLUS (HYDROCORTISONE) LIQUID [EOSERA INC],https://dailymed.nlm.nih.gov/dailymed/drugInfo.cfm?setid=e7c3953f-0c25-4930-9e46-656763e2cd83,,,,,,REVIEW,HIGH_MATCH_NO_EXPLICIT_RENAL_DOSING_TEXT
MED-0292,HIDROSMINA,HIDROSMINA,NO_RENAL_CONTENT,0,0,0,NO_RXNORM_MATCH,NONE,,,0.0,,,,,,,,,HIDROSMINA,,REVIEW,NO_RXNORM_MATCH
MED-0293,HIDROTALCITA,HIDROTALCITA,NO_RENAL_CONTENT,0,0,0,AMBIGUOUS_DAILYMED_MATCH,LOW,HIDROTALCITA,,8.64124870300293,5066dc10-e4d5-49e9-9a5f-0ac220cfbf28,12,"May 20, 2026","TIGER BALM (CAMPHOR (SYNTHETIC), MENTHOL, AND CAPSICUM) PATCH [HAW PAR HEALTHCARE LTD.]",https://dailymed.nlm.nih.gov/dailymed/drugInfo.cfm?setid=5066dc10-e4d5-49e9-9a5f-0ac220cfbf28,,,,,,REVIEW,AMBIGUOUS_DAILYMED_MATCH
MED-0294,HIDROXICINA CLORHIDRATO,HIDROXICINA CLORHIDRATO,NO_RENAL_CONTENT,0,0,0,AMBIGUOUS_DAILYMED_MATCH,MEDIUM,HIDROXICINA HYDROCHLORIDE,Procaine Hydrochloride,8.332080268859864,999625d5-3a6b-4753-059a-4f19d04c85a5,2,"Sep 14, 2007","NOVOCAINE (PROCAINE HYDROCHLORIDE) INJECTION, SOLUTION [HOSPIRA, INC.]",https://dailymed.nlm.nih.gov/dailymed/drugInfo.cfm?setid=999625d5-3a6b-4753-059a-4f19d04c85a5,,,,,,REVIEW,AMBIGUOUS_DAILYMED_MATCH
MED-0295,HIDROXICLOROQUINA,HIDROXICLOROQUINA,NO_RENAL_CONTENT,0,0,0,AMBIGUOUS_DAILYMED_MATCH,MEDIUM,HIDROXICLOROQUINA,hydroxychloroquine,100.0,ebe00e35-ed3d-40f4-9a93-a37b0da01ddb,8,"Aug 07, 2026","HYDROXYCHLOROQUINE SULFATE TABLET, FILM COATED [MAJOR PHARMACEUTICALS]",https://dailymed.nlm.nih.gov/dailymed/drugInfo.cfm?setid=ebe00e35-ed3d-40f4-9a93-a37b0da01ddb,,,,,,REVIEW,AMBIGUOUS_DAILYMED_MATCH
MED-0297,ESCOPOLAMINA,ESCOPOLAMINA,NO_RENAL_CONTENT,0,0,0,AMBIGUOUS_DAILYMED_MATCH,MEDIUM,ESCOPOLAMINA,,8.20427131652832,27c8baac-f8ce-46d8-8a0f-ff769dd408d9,5,"Jan 10, 2025","PHENOHYTRO (PHENOBARBITAL, HYOSCYAMINE SULFATE, ATROPINE SULFATE, SCOPOLAMINE HYDROBROMIDE) TABLET [WINDER LABORATORIES, LLC]",https://dailymed.nlm.nih.gov/dailymed/drugInfo.cfm?setid=27c8baac-f8ce-46d8-8a0f-ff769dd408d9,,,,,,REVIEW,AMBIGUOUS_DAILYMED_MATCH
MED-0298,HISTIDINA,HISTIDINA,NO_RENAL_CONTENT,0,0,0,HIGH_MATCH_NO_EXPLICIT_RENAL_DOSING_TEXT,HIGH,HISTIDINA,histidine,100.0,65ffc962-7538-41ea-9afb-4af5fbce4c5b,15,"Sep 14, 2026","CLINISOL (LYSINE, LEUCINE, PHENYLALANINE, VALINE, HISTIDINE, ISOLEUCINE, METHIONINE, THREONINE, TRYPTOPHAN, ALANINE, ARGININE, GLYCINE, PROLINE, GLUTAMIC ACID, SERINE, ASPARTIC ACID, TYROSINE) INJECTION, SOLUTION [BAXTER HEALTHCARE CORPORATION]",https://dailymed.nlm.nih.gov/dailymed/drugInfo.cfm?setid=65ffc962-7538-41ea-9afb-4af5fbce4c5b,,,,,,REVIEW,HIGH_MATCH_NO_EXPLICIT_RENAL_DOSING_TEXT
MED-0301,IBUPROFENO,IBUPROFENO,NO_RENAL_CONTENT,0,0,0,HIGH_MATCH_NO_EXPLICIT_RENAL_DOSING_TEXT,HIGH,IBUPROFENO,ibuprofen,100.0,5a709591-2fab-98e7-e063-6394a90ac50a,1,"Sep 15, 2026",GOODMEDS IBUPROFEN 200MG (IBUPROFEN 200MG) TABLET [CABINET HEALTH P.B.C.],https://dailymed.nlm.nih.gov/dailymed/drugInfo.cfm?setid=5a709591-2fab-98e7-e063-6394a90ac50a,,,,,,REVIEW,HIGH_MATCH_NO_EXPLICIT_RENAL_DOSING_TEXT
MED-0302,ICOSAPENTANOATO DE ETILO,ICOSAPENTANOATO DE ETILO,NO_RENAL_CONTENT,0,0,0,AMBIGUOUS_DAILYMED_MATCH,LOW,ICOSAPENTANOATO DE ETILO,DES,10.523117065429688,a3b4b25d-0ddb-4531-badb-f1ba3168ac07,14,"Sep 18, 2026","DESIPRAMINE HYDROCHLORIDE (DESIPRAMINE) TABLET, FILM COATED [AMNEAL PHARMACEUTICALS LLC]",https://dailymed.nlm.nih.gov/dailymed/drugInfo.cfm?setid=a3b4b25d-0ddb-4531-badb-f1ba3168ac07,,,,,,REVIEW,AMBIGUOUS_DAILYMED_MATCH
MED-0305,INDACATEROL,INDACATEROL,NO_RENAL_CONTENT,0,0,0,RXNORM_MATCH_NO_DAILYMED_SPL,MEDIUM,INDACATEROL,indacaterol,100.0,,,,,,,,,,,REVIEW,RXNORM_MATCH_NO_DAILYMED_SPL
MED-0308,IPRATROPIO,IPRATROPIO,NO_RENAL_CONTENT,0,0,0,HIGH_MATCH_NO_EXPLICIT_RENAL_DOSING_TEXT,HIGH,IPRATROPIO,Ipratropium,8.893848419189453,ac641027-929e-694d-80cd-bf770dc51aa6,11,"Sep 14, 2026","IPRATROPIUM BROMIDE SPRAY, METERED [APOTEX CORP.]",https://dailymed.nlm.nih.gov/dailymed/drugInfo.cfm?setid=ac641027-929e-694d-80cd-bf770dc51aa6,,,,,,REVIEW,HIGH_MATCH_NO_EXPLICIT_RENAL_DOSING_TEXT
MED-0311,ISOFLAVONA,ISOFLAVONA,NO_RENAL_CONTENT,0,0,0,RXNORM_MATCH_NO_DAILYMED_SPL,LOW,ISOFLAVONA,,1.006311127645016,,,,,,,,,,,REVIEW,RXNORM_MATCH_NO_DAILYMED_SPL
MED-0312,ISOMETEPTENO MUCATO,ISOMETEPTENO MUCATO,NO_RENAL_CONTENT,0,0,0,RXNORM_MATCH_NO_DAILYMED_SPL,MEDIUM,ISOMETEPTENO MUCATO,Isometepteno,9.889425277709961,,,,,,,,,,,REVIEW,RXNORM_MATCH_NO_DAILYMED_SPL
MED-0315,ISOTRETINOINA,ISOTRETINOINA,NO_RENAL_CONTENT,0,0,0,HIGH_MATCH_NO_EXPLICIT_RENAL_DOSING_TEXT,HIGH,ISOTRETINOINA,isotretinoin,100.0,189c014a-1d66-4ba9-ae47-9ed6138ca82b,2,"Sep 14, 2026",ISOTRETINOIN CAPSULE [AUROBINDO PHARMA LIMITED],https://dailymed.nlm.nih.gov/dailymed/drugInfo.cfm?setid=189c014a-1d66-4ba9-ae47-9ed6138ca82b,,,,,,REVIEW,HIGH_MATCH_NO_EXPLICIT_RENAL_DOSING_TEXT
MED-0316,ITOPRIDE CLORHIDRATO,ITOPRIDE CLORHIDRATO,NO_RENAL_CONTENT,0,0,0,AMBIGUOUS_DAILYMED_MATCH,MEDIUM,ITOPRIDE HYDROCHLORIDE,Procaine Hydrochloride,8.332080268859864,999625d5-3a6b-4753-059a-4f19d04c85a5,2,"Sep 14, 2007","NOVOCAINE (PROCAINE HYDROCHLORIDE) INJECTION, SOLUTION [HOSPIRA, INC.]",https://dailymed.nlm.nih.gov/dailymed/drugInfo.cfm?setid=999625d5-3a6b-4753-059a-4f19d04c85a5,,,,,,REVIEW,AMBIGUOUS_DAILYMED_MATCH
MED-0319,KETOCONAZOL,KETOCONAZOL,NO_RENAL_CONTENT,0,0,0,HIGH_MATCH_NO_EXPLICIT_RENAL_DOSING_TEXT,HIGH,KETOCONAZOL,ketoconazole,100.0,5a85fc53-92f6-66d8-e063-6294a90a40c5,3,"Sep 18, 2026",SENT FROM EARTH VITA SCALP REVIVE (KETOCONAZOLE 1%) SHAMPOO [SENT FROM EARTH],https://dailymed.nlm.nih.gov/dailymed/drugInfo.cfm?setid=5a85fc53-92f6-66d8-e063-6294a90a40c5,,,,,,REVIEW,HIGH_MATCH_NO_EXPLICIT_RENAL_DOSING_TEXT
MED-0322,L-HISTIDINA,L-HISTIDINA,NO_RENAL_CONTENT,0,0,0,HIGH_MATCH_NO_EXPLICIT_RENAL_DOSING_TEXT,HIGH,L-HISTIDINA,"histidinal, L-",12.076177597045898,ec6e9a5b-c61f-a385-e053-2995a90ac936,3,"Jun 27, 2024","BIOGRAM ANTI HAIR LOSS AMPOULE (STEM CELL GERMINAL FLUID) POWDER, FOR SOLUTION [BEIJING XINGHUI REGENERATION TECHNOLOGY CO., LTD.]",https://dailymed.nlm.nih.gov/dailymed/drugInfo.cfm?setid=ec6e9a5b-c61f-a385-e053-2995a90ac936,,,,,,REVIEW,HIGH_MATCH_NO_EXPLICIT_RENAL_DOSING_TEXT
MED-0323,L-TIROSINA,L-TIROSINA,NO_RENAL_CONTENT,0,0,0,AMBIGUOUS_DAILYMED_MATCH,MEDIUM,L-TIROSINA,,10.233989270528157,4d99b233-992f-4adb-aaab-ef0021a3807f,1,"Jun 11, 2026","L-GLUTAMINE (L-GLUTAMINE) POWDER, FOR SOLUTION [CAMBER PHARMACEUTICALS, INC.]",https://dailymed.nlm.nih.gov/dailymed/drugInfo.cfm?setid=4d99b233-992f-4adb-aaab-ef0021a3807f,,,,,,REVIEW,AMBIGUOUS_DAILYMED_MATCH
MED-0324,L-TREONINA,L-TREONINA,NO_RENAL_CONTENT,0,0,0,AMBIGUOUS_DAILYMED_MATCH,MEDIUM,L-TREONINA,,11.531021118164062,db97fc18-12e5-48a6-9e71-66cec75a70f8,2,"Jan 12, 2026",L-THREONINE HIGH 7426 (L-THREONINE HIGH) LIQUID [PROFESSIONAL COMPLEMENTARY HEALTH FORMULAS],https://dailymed.nlm.nih.gov/dailymed/drugInfo.cfm?setid=db97fc18-12e5-48a6-9e71-66cec75a70f8,,,,,,REVIEW,AMBIGUOUS_DAILYMED_MATCH
MED-0325,L-TRIPTOFANO,L-TRIPTOFANO,NO_RENAL_CONTENT,0,0,0,AMBIGUOUS_DAILYMED_MATCH,MEDIUM,L-TRIPTOFANO,,10.233989270528157,4d99b233-992f-4adb-aaab-ef0021a3807f,1,"Jun 11, 2026","L-GLUTAMINE (L-GLUTAMINE) POWDER, FOR SOLUTION [CAMBER PHARMACEUTICALS, INC.]",https://dailymed.nlm.nih.gov/dailymed/drugInfo.cfm?setid=4d99b233-992f-4adb-aaab-ef0021a3807f,,,,,,REVIEW,AMBIGUOUS_DAILYMED_MATCH
MED-0330,LANATOSIDO C,LANATOSIDO C,NO_RENAL_CONTENT,0,0,0,RXNORM_MATCH_NO_DAILYMED_SPL,MEDIUM,LANATOSIDO C,Lanatoside C,11.745170593261719,,,,,,,,,,,REVIEW,RXNORM_MATCH_NO_DAILYMED_SPL
MED-0341,LEVODOPA,LEVODOPA,NO_RENAL_CONTENT,0,0,0,HIGH_MATCH_NO_EXPLICIT_RENAL_DOSING_TEXT,HIGH,LEVODOPA,levodopa,100.0,39d79ade-8ee0-40ba-9fdd-13045b8ddbdf,14,"Aug 25, 2026","DHIVY (CARBIDOPA LEVODOPA) TABLET [AVION PHARMACEUTICALS, LLC]",https://dailymed.nlm.nih.gov/dailymed/drugInfo.cfm?setid=39d79ade-8ee0-40ba-9fdd-13045b8ddbdf,,,,,,REVIEW,HIGH_MATCH_NO_EXPLICIT_RENAL_DOSING_TEXT
MED-0343,LEVOMEPROMAZINA,LEVOMEPROMAZINA,NO_RENAL_CONTENT,0,0,0,RXNORM_MATCH_NO_DAILYMED_SPL,LOW,LEVOMEPROMAZINA,methotrimeprazine,100.0,,,,,,,,,,,REVIEW,RXNORM_MATCH_NO_DAILYMED_SPL
MED-0344,LEVONORGESTREL,LEVONORGESTREL,NO_RENAL_CONTENT,0,0,0,HIGH_MATCH_NO_EXPLICIT_RENAL_DOSING_TEXT,HIGH,LEVONORGESTREL,levonorgestrel,100.0,5a71b870-9a0a-7997-e063-6294a90a882c,3,"Sep 02, 2026",LEVONORGESTREL TABLET [YYBA CORP],https://dailymed.nlm.nih.gov/dailymed/drugInfo.cfm?setid=5a71b870-9a0a-7997-e063-6294a90a882c,,,,,,REVIEW,HIGH_MATCH_NO_EXPLICIT_RENAL_DOSING_TEXT
MED-0345,LEVOPANTOPRAZOL,LEVOPANTOPRAZOL,NO_RENAL_CONTENT,0,0,0,NO_RXNORM_MATCH,NONE,,,0.0,,,,,,,,,LEVOPANTOPRAZOL,,REVIEW,NO_RXNORM_MATCH
MED-0346,LEVOSULPIRIDA,LEVOSULPIRIDA,NO_RENAL_CONTENT,0,0,0,NO_RXNORM_MATCH,NONE,,,0.0,,,,,,,,,LEVOSULPIRIDA,,REVIEW,NO_RXNORM_MATCH
MED-0347,LEVOTIROXINA,LEVOTIROXINA,NO_RENAL_CONTENT,0,0,0,AMBIGUOUS_DAILYMED_MATCH,MEDIUM,LEVOTIROXINA,,7.995009899139404,6f4bc4be-17a7-4273-a8d9-a1ff036dea0e,2,"Sep 14, 2026",LEVOTHYROXINE SODIUM TABLET [REMEDYREPACK INC.],https://dailymed.nlm.nih.gov/dailymed/drugInfo.cfm?setid=6f4bc4be-17a7-4273-a8d9-a1ff036dea0e,,,,,,REVIEW,AMBIGUOUS_DAILYMED_MATCH
MED-0351,LOFEPRAMINA,LOFEPRAMINA,NO_RENAL_CONTENT,0,0,0,RXNORM_MATCH_NO_DAILYMED_SPL,MEDIUM,LOFEPRAMINA,lofepramine,8.691320419311523,,,,,,,,,,,REVIEW,RXNORM_MATCH_NO_DAILYMED_SPL
MED-0353,LOPERAMIDA CLORHIDRATO,LOPERAMIDA CLORHIDRATO,NO_RENAL_CONTENT,0,0,0,HIGH_MATCH_NO_EXPLICIT_RENAL_DOSING_TEXT,HIGH,LOPERAMIDA CLORHIDRATO,Loperamida,9.889425277709961,5a728c6d-26ec-3316-e063-6394a90ade08,3,"Sep 10, 2026","LOPERAMIDE HYDROCHLORIDE CAPSULE, LIQUID FILLED [YYBA CORP]",https://dailymed.nlm.nih.gov/dailymed/drugInfo.cfm?setid=5a728c6d-26ec-3316-e063-6394a90ade08,,,,,,REVIEW,HIGH_MATCH_NO_EXPLICIT_RENAL_DOSING_TEXT
MED-0355,LORATADINA,LORATADINA,NO_RENAL_CONTENT,0,0,0,HIGH_MATCH_NO_EXPLICIT_RENAL_DOSING_TEXT,HIGH,LORATADINA,loratadine,100.0,539336e6-7979-47ed-b1ea-fd46ef547aee,4,"Sep 10, 2026",CHILDRENS ALLERGY RELIEF (LORATADINE) SOLUTION [RITE AID CORPORATION],https://dailymed.nlm.nih.gov/dailymed/drugInfo.cfm?setid=539336e6-7979-47ed-b1ea-fd46ef547aee,,,,,,REVIEW,HIGH_MATCH_NO_EXPLICIT_RENAL_DOSING_TEXT
MED-0359,LOXOPROFEN,LOXOPROFEN,NO_RENAL_CONTENT,0,0,0,RXNORM_MATCH_NO_DAILYMED_SPL,MEDIUM,LOXOPROFEN,loxoprofen,100.0,,,,,,,,,,,REVIEW,RXNORM_MATCH_NO_DAILYMED_SPL
MED-0365,MEBENDAZOL,MEBENDAZOL,NO_RENAL_CONTENT,0,0,0,HIGH_MATCH_NO_EXPLICIT_RENAL_DOSING_TEXT,HIGH,MEBENDAZOL,mebendazole,100.0,b500b5b7-622e-47c1-a4bc-d22210caa15a,8,"Apr 22, 2026","MEBENDAZOLE POWDER [DARMERICA, LLC]",https://dailymed.nlm.nih.gov/dailymed/drugInfo.cfm?setid=b500b5b7-622e-47c1-a4bc-d22210caa15a,,,,,,REVIEW,HIGH_MATCH_NO_EXPLICIT_RENAL_DOSING_TEXT
MED-0366,MEBEVERINA,MEBEVERINA,NO_RENAL_CONTENT,0,0,0,RXNORM_MATCH_NO_DAILYMED_SPL,MEDIUM,MEBEVERINA,mebeverine,100.0,,,,,,,,,,,REVIEW,RXNORM_MATCH_NO_DAILYMED_SPL
MED-0367,MECLIZINA,MECLIZINA,NO_RENAL_CONTENT,0,0,0,AMBIGUOUS_DAILYMED_MATCH,MEDIUM,MECLIZINA,,9.206918716430664,a9ad5d27-306d-48ca-a10d-0a0415d08f05,7,"Sep 15, 2026","MECLIZINE HYDROCHLORIDE TABLET, CHEWABLE [PD-RX PHARMACEUTICALS, INC.]",https://dailymed.nlm.nih.gov/dailymed/drugInfo.cfm?setid=a9ad5d27-306d-48ca-a10d-0a0415d08f05,,,,,,REVIEW,AMBIGUOUS_DAILYMED_MATCH
MED-0369,MELATONINA,MELATONINA,NO_RENAL_CONTENT,0,0,0,HIGH_MATCH_NO_EXPLICIT_RENAL_DOSING_TEXT,HIGH,MELATONINA,melatonin,100.0,741fdddf-75af-45a2-9875-ee3b08b0decf,1,"Sep 10, 2026","POLLUTOX (ACETONE, ARSENICUM ALBUM, BENZINUM, BERBERIS VULGARIS, CADMIUM SULPHURATUM, CARBON DIOXIDE, CARBONEUM SULPHURATUM, CHLORINUM, HYDROFLUORICUM ACIDUM, MELATONIN, MERCURIUS SOLUBILIS, NITROGENUM OXYGENATUM, NUX VOMICA, OZONE, PETROLEUM, PLUMBUM METALLICUM, STANNUM METALLICUM, SULPHURICUM ACIDUM, TOLUENE, URANIUM NITRICUM) LIQUID [DESERET BIOLOGICALS, INC.]",https://dailymed.nlm.nih.gov/dailymed/drugInfo.cfm?setid=741fdddf-75af-45a2-9875-ee3b08b0decf,,,,,,REVIEW,HIGH_MATCH_NO_EXPLICIT_RENAL_DOSING_TEXT
MED-0370,MELFALAN,MELFALAN,NO_RENAL_CONTENT,0,0,0,AMBIGUOUS_DAILYMED_MATCH,MEDIUM,MELFALAN,melphalan,100.0,2c18beeb-7bd4-4591-94cb-9d7156c1b8e0,10,"Jul 08, 2026",MELPHALAN HYDROCHLORIDE (MELPHALAN HYDROCHLORIDE) KIT [HERITAGE PHARMACEUTICALS INC. D/B/A AVET PHARMACEUTICALS INC.],https://dailymed.nlm.nih.gov/dailymed/drugInfo.cfm?setid=2c18beeb-7bd4-4591-94cb-9d7156c1b8e0,,,,,,REVIEW,AMBIGUOUS_DAILYMED_MATCH
MED-0374,MESALAZINA,MESALAZINA,NO_RENAL_CONTENT,0,0,0,AMBIGUOUS_DAILYMED_MATCH,MEDIUM,MESALAZINA,mesalamine,100.0,c8b93ea3-0367-4605-b87f-06c3812ff3b7,6,"Sep 14, 2026","MESALAMINE CAPSULE, EXTENDED RELEASE [MYLAN PHARMACEUTICALS INC.]",https://dailymed.nlm.nih.gov/dailymed/drugInfo.cfm?setid=c8b93ea3-0367-4605-b87f-06c3812ff3b7,,,,,,REVIEW,AMBIGUOUS_DAILYMED_MATCH
MED-0376,METADOXINA,METADOXINA,NO_RENAL_CONTENT,0,0,0,NO_RXNORM_MATCH,NONE,,,0.0,,,,,,,,,METADOXINA,,REVIEW,NO_RXNORM_MATCH
MED-0378,METILDOPA,METILDOPA,NO_RENAL_CONTENT,0,0,0,AMBIGUOUS_DAILYMED_MATCH,MEDIUM,METILDOPA,methyldopa,100.0,9e22e1d8-04ec-4b67-92ea-b09c706f2703,3,"Apr 07, 2025","METHYLDOPA TABLET [RISING PHARMA HOLDINGS, INC.]",https://dailymed.nlm.nih.gov/dailymed/drugInfo.cfm?setid=9e22e1d8-04ec-4b67-92ea-b09c706f2703,,,,,,REVIEW,AMBIGUOUS_DAILYMED_MATCH
MED-0381,METILSULFONILMETANO (MSM),METILSULFONILMETANO (MSM),NO_RENAL_CONTENT,0,0,0,AMBIGUOUS_DAILYMED_MATCH,LOW,METILSULFONILMETANO (MSM),,14.250823974609375,547f755f-c65c-37ef-e063-6394a90aa220,1,"Jun 19, 2026","VELLORYN EXTRA STRENGTH NEUROPATHY CREAM [GUANGZHOU YUSONG FINE CHEMICLS CO., LTD]",https://dailymed.nlm.nih.gov/dailymed/drugInfo.cfm?setid=547f755f-c65c-37ef-e063-6394a90aa220,,,,,,REVIEW,AMBIGUOUS_DAILYMED_MATCH
MED-0382,METIMAZOL,METIMAZOL,NO_RENAL_CONTENT,0,0,0,AMBIGUOUS_DAILYMED_MATCH,MEDIUM,METIMAZOL,Methimazole,8.292118072509766,f69edfa9-0efb-4fe8-aeab-50f7baeebb6a,1,"Sep 10, 2026",METHIMAZOLE TABLET [REMEDYREPACK INC.],https://dailymed.nlm.nih.gov/dailymed/drugInfo.cfm?setid=f69edfa9-0efb-4fe8-aeab-50f7baeebb6a,,,,,,REVIEW,AMBIGUOUS_DAILYMED_MATCH
MED-0383,METISOPRINOL,METISOPRINOL,NO_RENAL_CONTENT,0,0,0,RXNORM_MATCH_NO_DAILYMED_SPL,MEDIUM,METISOPRINOL,Methisoprinol,2.006263494491577,,,,,,,,,,,REVIEW,RXNORM_MATCH_NO_DAILYMED_SPL
MED-0388,METOXALEM,METOXALEM,NO_RENAL_CONTENT,0,0,0,NO_RXNORM_MATCH,NONE,,,0.0,,,,,,,,,METOXALEM,,REVIEW,NO_RXNORM_MATCH
MED-0390,MEXAZOLAM,MEXAZOLAM,NO_RENAL_CONTENT,0,0,0,RXNORM_MATCH_NO_DAILYMED_SPL,LOW,MEXAZOLAM,,9.643367767333984,,,,,,,,,,,REVIEW,RXNORM_MATCH_NO_DAILYMED_SPL
MED-0391,MICOFENOLATO DE MOFETILO,MICOFENOLATO DE MOFETILO,NO_RENAL_CONTENT,0,0,0,AMBIGUOUS_DAILYMED_MATCH,MEDIUM,MICOFENOLATO DE MOFETILO,Veneno de Abeja Aceite de Vibora,9.752972116221802,a6c4889c-e7a9-44b9-bd9a-70fd6e8c4825,2,"Jan 16, 2025","VENENO DE ABEJA ACEITE DE VIBORA BRAND (METHYL SALICYLATE) OINTMENT [MIRAMAR COSMETICS, INC DBA MIRAMAR LAB]",https://dailymed.nlm.nih.gov/dailymed/drugInfo.cfm?setid=a6c4889c-e7a9-44b9-bd9a-70fd6e8c4825,,,,,,REVIEW,AMBIGUOUS_DAILYMED_MATCH
MED-0394,MIDOSTAURINA,MIDOSTAURINA,NO_RENAL_CONTENT,0,0,0,AMBIGUOUS_DAILYMED_MATCH,LOW,MIDOSTAURINA,,8.691320419311523,11fa3fc9-6776-49a6-b1c1-653f627c3e58,15,"Jun 10, 2026","RYDAPT CAPSULE, LIQUID FILLED [NOVARTIS PHARMACEUTICALS CORPORATION]",https://dailymed.nlm.nih.gov/dailymed/drugInfo.cfm?setid=11fa3fc9-6776-49a6-b1c1-653f627c3e58,,,,,,REVIEW,AMBIGUOUS_DAILYMED_MATCH
MED-0395,MIFEPRISTONA,MIFEPRISTONA,NO_RENAL_CONTENT,0,0,0,HIGH_MATCH_NO_EXPLICIT_RENAL_DOSING_TEXT,HIGH,MIFEPRISTONA,mifepristone,100.0,839d7a7d-de19-42bd-8810-132b3c2a5daf,6,"Sep 08, 2026",MIFEPRISTONE TABLET [EVITA SOLUTIONS LLC],https://dailymed.nlm.nih.gov/dailymed/drugInfo.cfm?setid=839d7a7d-de19-42bd-8810-132b3c2a5daf,,,,,,REVIEW,HIGH_MATCH_NO_EXPLICIT_RENAL_DOSING_TEXT
MED-0399,MINOCICLINA,MINOCICLINA,NO_RENAL_CONTENT,0,0,0,AMBIGUOUS_DAILYMED_MATCH,MEDIUM,MINOCICLINA,minocycline,100.0,a5fc4d50-50b2-46e0-b722-4c6b2ec47d06,24,"Aug 11, 2026","MINOCYCLINE HYDROCHLORIDE CAPSULE [ACTAVIS PHARMA, INC.]",https://dailymed.nlm.nih.gov/dailymed/drugInfo.cfm?setid=a5fc4d50-50b2-46e0-b722-4c6b2ec47d06,,,,,,REVIEW,AMBIGUOUS_DAILYMED_MATCH
MED-0400,MINOXIDIL,MINOXIDIL,NO_RENAL_CONTENT,0,0,0,HIGH_MATCH_NO_EXPLICIT_RENAL_DOSING_TEXT,HIGH,MINOXIDIL,minoxidil,100.0,72ef2c23-c4fe-4595-9c44-d69396ed2c37,1,"Sep 18, 2026","MINOXIDIL 5% (FOR WOMEN) (MINOXIDIL) AEROSOL, FOAM [AUROHEALTH LLC]",https://dailymed.nlm.nih.gov/dailymed/drugInfo.cfm?setid=72ef2c23-c4fe-4595-9c44-d69396ed2c37,,,,,,REVIEW,HIGH_MATCH_NO_EXPLICIT_RENAL_DOSING_TEXT
MED-0406,MOLIBDENO,MOLIBDENO,NO_RENAL_CONTENT,0,0,0,AMBIGUOUS_DAILYMED_MATCH,MEDIUM,MOLIBDENO,molybdenum,100.0,fb09c763-06d9-4f55-aa0e-2530ce07c5a6,1,"Sep 15, 2026","NURTIVA (VITAMIN A, THIAMINE, RIBOFLAVIN, NIACINAMIDE, PYRIDOXINE HCL, CYANOCOBALAMIN, ASCORBIC ACID, D-ALPHA TOCOPHEROL SUCCINATE, FOLIC ACID, CALCIUM, CHROMIUM, FERROUS FUMARATE, IODINE, MAGNESIUM OXIDE, MANGANESE SULFATE, MOLYBDENUM, SELENIUM, ZINC OXIDE) TABLET [BLUE HERON PHARMACEUTICALS, LLC]",https://dailymed.nlm.nih.gov/dailymed/drugInfo.cfm?setid=fb09c763-06d9-4f55-aa0e-2530ce07c5a6,,,,,,REVIEW,AMBIGUOUS_DAILYMED_MATCH
MED-0407,MOLNUPIRAVIR,MOLNUPIRAVIR,NO_RENAL_CONTENT,0,0,0,HIGH_MATCH_NO_EXPLICIT_RENAL_DOSING_TEXT,HIGH,MOLNUPIRAVIR,molnupiravir,100.0,5b7188bd-6a99-4ca4-a3fa-4750bb4e4506,1,"Feb 23, 2026",MOLNUPIRAVIR POWDER [MAEDA INC],https://dailymed.nlm.nih.gov/dailymed/drugInfo.cfm?setid=5b7188bd-6a99-4ca4-a3fa-4750bb4e4506,,,,,,REVIEW,HIGH_MATCH_NO_EXPLICIT_RENAL_DOSING_TEXT
MED-0408,MOMETASONA,MOMETASONA,NO_RENAL_CONTENT,0,0,0,HIGH_MATCH_NO_EXPLICIT_RENAL_DOSING_TEXT,HIGH,MOMETASONA,mometasone,100.0,ca93cfef-56ac-49f9-9dac-36d19189f8a5,3,"Sep 14, 2026","ALLERGY (MOMETASONE FUROATE MONOHYDRATE) SPRAY, METERED [CVS WOONSOCKET PRESCRIPTION CENTER, INCORPORATED]",https://dailymed.nlm.nih.gov/dailymed/drugInfo.cfm?setid=ca93cfef-56ac-49f9-9dac-36d19189f8a5,,,,,,REVIEW,HIGH_MATCH_NO_EXPLICIT_RENAL_DOSING_TEXT
MED-0409,MONOACETATO DE L-LISINA,MONOACETATO DE L-LISINA,NO_RENAL_CONTENT,0,0,0,RXNORM_MATCH_NO_DAILYMED_SPL,MEDIUM,MONOACETATO DE L-LISINA,sangre de grado,11.288510180664062,,,,,,,,,,,REVIEW,RXNORM_MATCH_NO_DAILYMED_SPL
MED-0411,MOSAPRIDA CITRATO,MOSAPRIDA CITRATO,NO_RENAL_CONTENT,0,0,0,RXNORM_MATCH_NO_DAILYMED_SPL,MEDIUM,MOSAPRIDA CITRATO,mosapride,8.753658294677734,,,,,,,,,,,REVIEW,RXNORM_MATCH_NO_DAILYMED_SPL
MED-0414,NAPROXENO,NAPROXENO,NO_RENAL_CONTENT,0,0,0,HIGH_MATCH_NO_EXPLICIT_RENAL_DOSING_TEXT,HIGH,NAPROXENO,naproxen,100.0,9edac021-313e-431b-8021-0da3c1f0398b,2,"Sep 16, 2026","NAPROXEN SODIUM TABLET, FILM COATED [AMAZON.COM SERVICES LLC]",https://dailymed.nlm.nih.gov/dailymed/drugInfo.cfm?setid=9edac021-313e-431b-8021-0da3c1f0398b,,,,,,REVIEW,HIGH_MATCH_NO_EXPLICIT_RENAL_DOSING_TEXT
MED-0416,NEOMICINA,NEOMICINA,NO_RENAL_CONTENT,0,0,0,AMBIGUOUS_DAILYMED_MATCH,MEDIUM,NEOMICINA,neomycin,100.0,5b14499e-e45c-7c05-e063-6294a90a1cc2,1,"Sep 11, 2026","TRIPLE ANTIBIOTIC (BACITRACIN ZINC, NEOMYCIN SULFATE, AND POLYMYXIN B SULFATE) OINTMENT [NUCARE PHARMACEUTICAL, INC.]",https://dailymed.nlm.nih.gov/dailymed/drugInfo.cfm?setid=5b14499e-e45c-7c05-e063-6294a90a1cc2,,,,,,REVIEW,AMBIGUOUS_DAILYMED_MATCH
MED-0417,NERATINIIB,NERATINIIB,NO_RENAL_CONTENT,0,0,0,AMBIGUOUS_DAILYMED_MATCH,MEDIUM,NERATINIIB,,8.666820526123047,d1e41dcf-e82a-47c2-a0ad-6c6eef621834,19,"Jul 06, 2026","NERLYNX (NERATINIB) TABLET [PUMA BIOTECHNOLOGY, INC.]",https://dailymed.nlm.nih.gov/dailymed/drugInfo.cfm?setid=d1e41dcf-e82a-47c2-a0ad-6c6eef621834,,,,,,REVIEW,AMBIGUOUS_DAILYMED_MATCH
MED-0419,NICOTINAMIDA,NICOTINAMIDA,NO_RENAL_CONTENT,0,0,0,AMBIGUOUS_DAILYMED_MATCH,MEDIUM,NICOTINAMIDA,niacinamide,100.0,4bf23dd2-1627-4471-a05e-fa55c304e596,1,"Sep 15, 2026","TRUEONE (VITAMIN A, THIAMINE, RIBOFLAVIN, NIACINAMIDE, PYRIDOXINE HCL, CYANOCOBALAMIN, ASCORBIC ACID, CHOLECALCIFEROL, FOLIC ACID) TABLET [TRIVIA PHARMACEUTICALS, LLC]",https://dailymed.nlm.nih.gov/dailymed/drugInfo.cfm?setid=4bf23dd2-1627-4471-a05e-fa55c304e596,,,,,,REVIEW,AMBIGUOUS_DAILYMED_MATCH
MED-0421,NIFUROXAZIDA,NIFUROXAZIDA,NO_RENAL_CONTENT,0,0,0,RXNORM_MATCH_NO_DAILYMED_SPL,MEDIUM,NIFUROXAZIDA,Nifuroxazide,8.748510360717773,,,,,,,,,,,REVIEW,RXNORM_MATCH_NO_DAILYMED_SPL
MED-0423,NIMESULIDA,NIMESULIDA,NO_RENAL_CONTENT,0,0,0,RXNORM_MATCH_NO_DAILYMED_SPL,MEDIUM,NIMESULIDA,nimesulide,100.0,,,,,,,,,,,REVIEW,RXNORM_MATCH_NO_DAILYMED_SPL
MED-0427,NISTATINA,NISTATINA,NO_RENAL_CONTENT,0,0,0,AMBIGUOUS_DAILYMED_MATCH,MEDIUM,NISTATINA,nystatin,100.0,e1b4622c-0f9f-4c00-b42c-2aa85a5e3d4f,11,"Aug 26, 2026",NYSTOP (NYSTATIN) POWDER [PADAGIS US LLC],https://dailymed.nlm.nih.gov/dailymed/drugInfo.cfm?setid=e1b4622c-0f9f-4c00-b42c-2aa85a5e3d4f,,,,,,REVIEW,AMBIGUOUS_DAILYMED_MATCH
MED-0433,NORTRIPTILINA,NORTRIPTILINA,NO_RENAL_CONTENT,0,0,0,AMBIGUOUS_DAILYMED_MATCH,MEDIUM,NORTRIPTILINA,,9.069387435913086,4852a754-2fc1-4c10-a414-dc8a1dfd66a2,3,"Sep 07, 2026",NORTRIPTYLINE HYDROCHLORIDE CAPSULE [REMEDYREPACK INC.],https://dailymed.nlm.nih.gov/dailymed/drugInfo.cfm?setid=4852a754-2fc1-4c10-a414-dc8a1dfd66a2,,,,,,REVIEW,AMBIGUOUS_DAILYMED_MATCH
MED-0439,ORLISTAT,ORLISTAT,NO_RENAL_CONTENT,0,0,0,HIGH_MATCH_NO_EXPLICIT_RENAL_DOSING_TEXT,HIGH,ORLISTAT,orlistat,100.0,a2d3bd73-f3af-4ea5-a57c-66b0004cfe4f,15,"Mar 20, 2026",ALLI (ORLISTAT) CAPSULE [HALEON US HOLDINGS LLC],https://dailymed.nlm.nih.gov/dailymed/drugInfo.cfm?setid=a2d3bd73-f3af-4ea5-a57c-66b0004cfe4f,,,,,,REVIEW,HIGH_MATCH_NO_EXPLICIT_RENAL_DOSING_TEXT
MED-0442,OTILONIO,OTILONIO,NO_RENAL_CONTENT,0,0,0,RXNORM_MATCH_NO_DAILYMED_SPL,MEDIUM,OTILONIO,otilonium bromide,3.179999404370785,,,,,,,,,,,REVIEW,RXNORM_MATCH_NO_DAILYMED_SPL
MED-0445,OXIBUTINA,OXIBUTINA,NO_RENAL_CONTENT,0,0,0,NO_RXNORM_MATCH,NONE,,,0.0,,,,,,,,,OXIBUTINA,,REVIEW,NO_RXNORM_MATCH
MED-0447,OXIPURINA,OXIPURINA,NO_RENAL_CONTENT,0,0,0,NO_RXNORM_MATCH,NONE,,,0.0,,,,,,,,,OXIPURINA,,REVIEW,NO_RXNORM_MATCH
MED-0450,PAMOATO DE OXANTEL,PAMOATO DE OXANTEL,NO_RENAL_CONTENT,0,0,0,AMBIGUOUS_DAILYMED_MATCH,LOW,PAMOATO DE OXANTEL,DES,10.523117065429688,a3b4b25d-0ddb-4531-badb-f1ba3168ac07,14,"Sep 18, 2026","DESIPRAMINE HYDROCHLORIDE (DESIPRAMINE) TABLET, FILM COATED [AMNEAL PHARMACEUTICALS LLC]",https://dailymed.nlm.nih.gov/dailymed/drugInfo.cfm?setid=a3b4b25d-0ddb-4531-badb-f1ba3168ac07,,,,,,REVIEW,AMBIGUOUS_DAILYMED_MATCH
MED-0451,PANCREATINA,PANCREATINA,NO_RENAL_CONTENT,0,0,0,HIGH_MATCH_NO_EXPLICIT_RENAL_DOSING_TEXT,HIGH,PANCREATINA,Pancreatin,9.022516250610352,b9e51df0-a9a3-30c1-e053-2a95a90a181c,4,"Jan 01, 2026","C02 FIBROZOLVE (APIS MELLIFICA, AURUM MURIATICUM NATRONATUM, BERBERIS VULGARIS, BOS TAURUS PITUITARUM POSTERIUM, CALCAREA FLUORICA, CALCAREA IODATA, CONIUM MACULATUM, FRAXINUS AMERICANA, HYDRASTIS CANADENSIS, HYDROFLUORICUM ACIDUM, LAPIS ALBUS, PANCREATINUM, SARCOLACTICUM ACIDUM, SEPIA, SULPHUR IODATUM, THIOSINAMINUM, THUJA OCCIDENTALIS, THYROIDINUM) SOLUTION/ DROPS [APEX ENERGETICS INC.]",https://dailymed.nlm.nih.gov/dailymed/drugInfo.cfm?setid=b9e51df0-a9a3-30c1-e053-2a95a90a181c,,,,,,REVIEW,HIGH_MATCH_NO_EXPLICIT_RENAL_DOSING_TEXT
MED-0453,PANTOTENATO DE CALCIO,PANTOTENATO DE CALCIO,NO_RENAL_CONTENT,0,0,0,AMBIGUOUS_DAILYMED_MATCH,MEDIUM,PANTOTENATO DE CALCIUM,Carbonate de calcium,11.826914660135905,59382400-cde6-4234-b570-1580a8177279,8,"Sep 14, 2026","EXTRA STRENGTH ANTACID FRESHMINT (CALCIUM CARBONATE, MAGNESIUM HYDROXIDE) TABLET, CHEWABLE [DISCOUNT DRUG MART]",https://dailymed.nlm.nih.gov/dailymed/drugInfo.cfm?setid=59382400-cde6-4234-b570-1580a8177279,,,,,,REVIEW,AMBIGUOUS_DAILYMED_MATCH
MED-0454,PARACETAMOL,PARACETAMOL,NO_RENAL_CONTENT,0,0,0,AMBIGUOUS_DAILYMED_MATCH,LOW,PARACETAMOL,acetaminophen,100.0,01ab1152-06c9-4afe-8f2a-e110365275a5,15,"Sep 18, 2026","COLTALIN (ACETAMINOPHEN, CHLORPHENIRAMINE MALEATE, PHENYLEPHRINE HYDROCHLORIDE) TABLET [FORTUNE PHARMACAL COMPANY LIMITED]",https://dailymed.nlm.nih.gov/dailymed/drugInfo.cfm?setid=01ab1152-06c9-4afe-8f2a-e110365275a5,,,,,,REVIEW,AMBIGUOUS_DAILYMED_MATCH
MED-0455,PARGEVERINA,PARGEVERINA,NO_RENAL_CONTENT,0,0,0,RXNORM_MATCH_NO_DAILYMED_SPL,LOW,PARGEVERINA,propinox,100.0,,,,,,,,,,,REVIEW,RXNORM_MATCH_NO_DAILYMED_SPL
MED-0458,PENTOSAN POLISULFATO DE SODIO,PENTOSAN POLISULFATO DE SODIO,NO_RENAL_CONTENT,0,0,0,HIGH_MATCH_NO_EXPLICIT_RENAL_DOSING_TEXT,HIGH,PENTOSAN POLISULFATO DE SODIO,Pentosan polysulfate,14.460433959960938,12819c34-674e-4f8b-905b-8fea373daff5,4,"Dec 04, 2024","ZYCOSAN (PENTOSAN POLYSULFATE SODIUM) INJECTION, SOLUTION [DECHRA VETERINARY PRODUCTS]",https://dailymed.nlm.nih.gov/dailymed/drugInfo.cfm?setid=12819c34-674e-4f8b-905b-8fea373daff5,,,,,,REVIEW,HIGH_MATCH_NO_EXPLICIT_RENAL_DOSING_TEXT
MED-0459,PENTOXIFILINA,PENTOXIFILINA,NO_RENAL_CONTENT,0,0,0,AMBIGUOUS_DAILYMED_MATCH,MEDIUM,PENTOXIFILINA,pentoxifylline,100.0,40ae2d9a-0d95-640d-0640-f76e7e1a13cb,15,"Sep 18, 2026","PENTOXIFYLLINE TABLET, EXTENDED RELEASE [APOTEX CORP.]",https://dailymed.nlm.nih.gov/dailymed/drugInfo.cfm?setid=40ae2d9a-0d95-640d-0640-f76e7e1a13cb,,,,,,REVIEW,AMBIGUOUS_DAILYMED_MATCH
MED-0462,PIDOTIMOD,PIDOTIMOD,NO_RENAL_CONTENT,0,0,0,RXNORM_MATCH_NO_DAILYMED_SPL,MEDIUM,PIDOTIMOD,pidotimod,100.0,,,,,,,,,,,REVIEW,RXNORM_MATCH_NO_DAILYMED_SPL
MED-0463,PILOCARPINA CLORHIDRATO,PILOCARPINA CLORHIDRATO,NO_RENAL_CONTENT,0,0,0,HIGH_MATCH_NO_EXPLICIT_RENAL_DOSING_TEXT,HIGH,PILOCARPINA CLORHIDRATO,Pilocarpina,9.889425277709961,8d806897-8a2a-4518-8c68-0ec3b778de50,14,"May 13, 2026",VUITY (PILOCARPINE HYDROCHLORIDE) SOLUTION/ DROPS [ABBVIE INC.],https://dailymed.nlm.nih.gov/dailymed/drugInfo.cfm?setid=8d806897-8a2a-4518-8c68-0ec3b778de50,,,,,,REVIEW,HIGH_MATCH_NO_EXPLICIT_RENAL_DOSING_TEXT
MED-0464,PINAVERIO,PINAVERIO,NO_RENAL_CONTENT,0,0,0,RXNORM_MATCH_NO_DAILYMED_SPL,MEDIUM,PINAVERIO,pinaverium,8.61294174194336,,,,,,,,,,,REVIEW,RXNORM_MATCH_NO_DAILYMED_SPL
MED-0465,PIRACETAM,PIRACETAM,NO_RENAL_CONTENT,0,0,0,RXNORM_MATCH_NO_DAILYMED_SPL,MEDIUM,PIRACETAM,piracetam,100.0,,,,,,,,,,,REVIEW,RXNORM_MATCH_NO_DAILYMED_SPL
MED-0466,PIRANTEL,PIRANTEL,NO_RENAL_CONTENT,0,0,0,AMBIGUOUS_DAILYMED_MATCH,MEDIUM,PIRANTEL,pyrantel,100.0,4f70fe9a-10db-46af-9cff-a636f05c5734,3,"Sep 10, 2026","BROAD SPECTRUM CAT AND DOG DEWORMER (PRAZIQUANTEL, PYRANTEL PAMOATE TABLETS) TABLET [SHENZHEN QUANXINDI TECHNOLOGY CO., LTD.]",https://dailymed.nlm.nih.gov/dailymed/drugInfo.cfm?setid=4f70fe9a-10db-46af-9cff-a636f05c5734,,,,,,REVIEW,AMBIGUOUS_DAILYMED_MATCH
MED-0469,PIRIDOXINA CLOHIDRATO,PIRIDOXINA CLOHIDRATO,NO_RENAL_CONTENT,0,0,0,HIGH_MATCH_NO_EXPLICIT_RENAL_DOSING_TEXT,HIGH,PIRIDOXINA CLOHIDRATO,Piridoxina,9.889425277709961,4bf23dd2-1627-4471-a05e-fa55c304e596,1,"Sep 15, 2026","TRUEONE (VITAMIN A, THIAMINE, RIBOFLAVIN, NIACINAMIDE, PYRIDOXINE HCL, CYANOCOBALAMIN, ASCORBIC ACID, CHOLECALCIFEROL, FOLIC ACID) TABLET [TRIVIA PHARMACEUTICALS, LLC]",https://dailymed.nlm.nih.gov/dailymed/drugInfo.cfm?setid=4bf23dd2-1627-4471-a05e-fa55c304e596,,,,,,REVIEW,HIGH_MATCH_NO_EXPLICIT_RENAL_DOSING_TEXT
MED-0471,PIRITINOL,PIRITINOL,NO_RENAL_CONTENT,0,0,0,RXNORM_MATCH_NO_DAILYMED_SPL,MEDIUM,PIRITINOL,pyritinol,3.8823189735412598,,,,,,,,,,,REVIEW,RXNORM_MATCH_NO_DAILYMED_SPL
MED-0473,POLIMIXINA B SULFATO,POLIMIXINA B SULFATO,NO_RENAL_CONTENT,0,0,0,HIGH_MATCH_NO_EXPLICIT_RENAL_DOSING_TEXT,HIGH,POLIMIXINA B SULFATO,Polimixina B,17.152475357055664,c68818b2-d849-41d2-be07-731244afbbac,3,"Sep 10, 2026",POLYMYXIN B SULFATE AND TRIMETHOPRIM SULFATE SOLUTION/ DROPS [REMEDYREPACK INC.],https://dailymed.nlm.nih.gov/dailymed/drugInfo.cfm?setid=c68818b2-d849-41d2-be07-731244afbbac,,,,,,REVIEW,HIGH_MATCH_NO_EXPLICIT_RENAL_DOSING_TEXT
MED-0480,PREDNISONA,PREDNISONA,NO_RENAL_CONTENT,0,0,0,HIGH_MATCH_NO_EXPLICIT_RENAL_DOSING_TEXT,HIGH,PREDNISONA,prednisone,100.0,49535472-f0a7-06ef-e063-6294a90a366f,2,"Sep 18, 2026","PREDNISONE TABLET [NUCARE PHARMACEUTICALS, INC.]",https://dailymed.nlm.nih.gov/dailymed/drugInfo.cfm?setid=49535472-f0a7-06ef-e063-6294a90a366f,,,,,,REVIEW,HIGH_MATCH_NO_EXPLICIT_RENAL_DOSING_TEXT
MED-0482,PRIMIDONA,PRIMIDONA,NO_RENAL_CONTENT,0,0,0,HIGH_MATCH_NO_EXPLICIT_RENAL_DOSING_TEXT,HIGH,PRIMIDONA,primidone,100.0,af593171-dabb-4ea3-b44c-89ed457b2c46,11,"Sep 11, 2026","MYSOLINE (PRIMIDONE) TABLET [BAUSCH HEALTH US, LLC]",https://dailymed.nlm.nih.gov/dailymed/drugInfo.cfm?setid=af593171-dabb-4ea3-b44c-89ed457b2c46,,,,,,REVIEW,HIGH_MATCH_NO_EXPLICIT_RENAL_DOSING_TEXT
MED-0486,PROPILTIOURACILO,PROPILTIOURACILO,NO_RENAL_CONTENT,0,0,0,HIGH_MATCH_NO_EXPLICIT_RENAL_DOSING_TEXT,HIGH,PROPILTIOURACILO,propylthiouracil,100.0,b0c23a2c-b250-4c0d-9b2a-c1483faa2ca0,18,"Sep 10, 2026","PROPYLTHIOURACIL TABLET [PAR HEALTH USA, LLC]",https://dailymed.nlm.nih.gov/dailymed/drugInfo.cfm?setid=b0c23a2c-b250-4c0d-9b2a-c1483faa2ca0,,,,,,REVIEW,HIGH_MATCH_NO_EXPLICIT_RENAL_DOSING_TEXT
MED-0487,PROPINOX CLORHIDRATO,PROPINOX CLORHIDRATO,NO_RENAL_CONTENT,0,0,0,RXNORM_MATCH_NO_DAILYMED_SPL,MEDIUM,PROPINOX CLORHIDRATO,propinox,14.14173698425293,,,,,,,,,,,REVIEW,RXNORM_MATCH_NO_DAILYMED_SPL
MED-0488,PROPIONATO DE FLUTICASONA,PROPIONATO DE FLUTICASONA,NO_RENAL_CONTENT,0,0,0,AMBIGUOUS_DAILYMED_MATCH,MEDIUM,PROPIONATO DE FLUTICASONA,Furoato de fluticasona,17.09281495412191,0107ad1c-1d8e-434c-a91f-dd2caf4fa5e5,3,"Jul 20, 2026",FLUTICASONE PROPIONATE (FLUTICASONE PROPIONATE NASAL) SPRAY [ADVAGEN PHARMA LTD.],https://dailymed.nlm.nih.gov/dailymed/drugInfo.cfm?setid=0107ad1c-1d8e-434c-a91f-dd2caf4fa5e5,,,,,,REVIEW,AMBIGUOUS_DAILYMED_MATCH
MED-0490,PSEUDOEFEDRINA CLORHIDRATO,PSEUDOEFEDRINA CLORHIDRATO,NO_RENAL_CONTENT,0,0,0,HIGH_MATCH_NO_EXPLICIT_RENAL_DOSING_TEXT,HIGH,PSEUDOEFEDRINA CLORHIDRATO,Pseudoefedrina,9.889425277709961,26f2c3c1-a2f2-474a-950a-8cfe07f289fa,4,"Sep 03, 2026","CETIRIZINE HYDROCHLORIDE AND PSEUDOEPHEDRINE HYDROCHLORIDE TABLET, FILM COATED, EXTENDED RELEASE [AUROHEALTH LLC]",https://dailymed.nlm.nih.gov/dailymed/drugInfo.cfm?setid=26f2c3c1-a2f2-474a-950a-8cfe07f289fa,,,,,,REVIEW,HIGH_MATCH_NO_EXPLICIT_RENAL_DOSING_TEXT
MED-0496,RETINOL (PALMITATO DE VITAMINA A),RETINOL (PALMITATO DE VITAMINA A),NO_RENAL_CONTENT,0,0,0,AMBIGUOUS_DAILYMED_MATCH,MEDIUM,RETINOL (PALMITATO DE VITAMINA A),retinol (vit A),15.532421112060547,4bf23dd2-1627-4471-a05e-fa55c304e596,1,"Sep 15, 2026","TRUEONE (VITAMIN A, THIAMINE, RIBOFLAVIN, NIACINAMIDE, PYRIDOXINE HCL, CYANOCOBALAMIN, ASCORBIC ACID, CHOLECALCIFEROL, FOLIC ACID) TABLET [TRIVIA PHARMACEUTICALS, LLC]",https://dailymed.nlm.nih.gov/dailymed/drugInfo.cfm?setid=4bf23dd2-1627-4471-a05e-fa55c304e596,,,,,,REVIEW,AMBIGUOUS_DAILYMED_MATCH
MED-0498,RIBOFLAVINA,RIBOFLAVINA,NO_RENAL_CONTENT,0,0,0,HIGH_MATCH_NO_EXPLICIT_RENAL_DOSING_TEXT,HIGH,RIBOFLAVINA,riboflavin,100.0,4bf23dd2-1627-4471-a05e-fa55c304e596,1,"Sep 15, 2026","TRUEONE (VITAMIN A, THIAMINE, RIBOFLAVIN, NIACINAMIDE, PYRIDOXINE HCL, CYANOCOBALAMIN, ASCORBIC ACID, CHOLECALCIFEROL, FOLIC ACID) TABLET [TRIVIA PHARMACEUTICALS, LLC]",https://dailymed.nlm.nih.gov/dailymed/drugInfo.cfm?setid=4bf23dd2-1627-4471-a05e-fa55c304e596,,,,,,REVIEW,HIGH_MATCH_NO_EXPLICIT_RENAL_DOSING_TEXT
MED-0502,RILUZOL,RILUZOL,NO_RENAL_CONTENT,0,0,0,HIGH_MATCH_NO_EXPLICIT_RENAL_DOSING_TEXT,HIGH,RILUZOL,riluzole,100.0,20b7165a-eb4d-42a0-b2d8-16eff90a214e,1,"Aug 03, 2026",TIGLUTIK (RILUZOLE) SUSPENSION [ITALFARMACO SPA],https://dailymed.nlm.nih.gov/dailymed/drugInfo.cfm?setid=20b7165a-eb4d-42a0-b2d8-16eff90a214e,,,,,,REVIEW,HIGH_MATCH_NO_EXPLICIT_RENAL_DOSING_TEXT
MED-0508,ROCIVERINA,ROCIVERINA,NO_RENAL_CONTENT,0,0,0,NO_RXNORM_MATCH,NONE,,,0.0,,,,,,,,,ROCIVERINA,,REVIEW,NO_RXNORM_MATCH
MED-0512,RUPATADINA,RUPATADINA,NO_RENAL_CONTENT,0,0,0,NO_RXNORM_MATCH,NONE,,,0.0,,,,,,,,,RUPATADINA,,REVIEW,NO_RXNORM_MATCH
MED-0513,RUTINA,RUTINA,NO_RENAL_CONTENT,0,0,0,AMBIGUOUS_DAILYMED_MATCH,MEDIUM,RUTINA,,8.38896369934082,081a87ca-605c-4c4f-bed9-04d490fb21ec,2,"Jan 12, 2026",RUTIN 1541 (RUTIN) LIQUID [PROFESSIONAL COMPLEMENTARY HEALTH FORMULAS],https://dailymed.nlm.nih.gov/dailymed/drugInfo.cfm?setid=081a87ca-605c-4c4f-bed9-04d490fb21ec,,,,,,REVIEW,AMBIGUOUS_DAILYMED_MATCH
MED-0518,SECNIDAZOL,SECNIDAZOL,NO_RENAL_CONTENT,0,0,0,HIGH_MATCH_NO_EXPLICIT_RENAL_DOSING_TEXT,HIGH,SECNIDAZOL,secnidazole,100.0,056485b6-8bba-4a21-ae00-cdb4e7ae4bfa,1,"Feb 24, 2025",SOLOSEC (SECNIDAZOLE) GRANULE [EVOFEM INC.],https://dailymed.nlm.nih.gov/dailymed/drugInfo.cfm?setid=056485b6-8bba-4a21-ae00-cdb4e7ae4bfa,,,,,,REVIEW,HIGH_MATCH_NO_EXPLICIT_RENAL_DOSING_TEXT
MED-0524,SILIMARINA,SILIMARINA,NO_RENAL_CONTENT,0,0,0,RXNORM_MATCH_NO_DAILYMED_SPL,MEDIUM,SILIMARINA,silymarin,8.537525177001953,,,,,,,,,,,REVIEW,RXNORM_MATCH_NO_DAILYMED_SPL
MED-0526,SIMETICONA,SIMETICONA,NO_RENAL_CONTENT,0,0,0,HIGH_MATCH_NO_EXPLICIT_RENAL_DOSING_TEXT,HIGH,SIMETICONA,simethicone,100.0,54d8fec7-60bd-4217-a9e9-55ae6ce7f1db,2,"Sep 17, 2026","SIMETHICONE 250MG MAXIMUM STRENGTH GAS RELIEF (SIMETHICONE 250 MG) CAPSULE, LIQUID FILLED [ONE2ZEE LIMITED LIABILITY COMPANY]",https://dailymed.nlm.nih.gov/dailymed/drugInfo.cfm?setid=54d8fec7-60bd-4217-a9e9-55ae6ce7f1db,,,,,,REVIEW,HIGH_MATCH_NO_EXPLICIT_RENAL_DOSING_TEXT
MED-0531,SOMATOTROPINA,SOMATOTROPINA,NO_RENAL_CONTENT,0,0,0,AMBIGUOUS_DAILYMED_MATCH,MEDIUM,SOMATOTROPINA,Somatropin,7.381106853485107,a774e1ae-3997-49ee-8b0e-99a2b315d409,45,"Sep 02, 2026",HUMATROPE (SOMATROPIN) KIT [ELI LILLY AND COMPANY],https://dailymed.nlm.nih.gov/dailymed/drugInfo.cfm?setid=a774e1ae-3997-49ee-8b0e-99a2b315d409,,,,,,REVIEW,AMBIGUOUS_DAILYMED_MATCH
MED-0534,SUBSALICILATO DE BISMUTO,SUBSALICILATO DE BISMUTO,NO_RENAL_CONTENT,0,0,0,AMBIGUOUS_DAILYMED_MATCH,MEDIUM,SUBSALICILATO DE BISMUTO,Veneno de Abeja Aceite de Vibora,9.752972116221802,a6c4889c-e7a9-44b9-bd9a-70fd6e8c4825,2,"Jan 16, 2025","VENENO DE ABEJA ACEITE DE VIBORA BRAND (METHYL SALICYLATE) OINTMENT [MIRAMAR COSMETICS, INC DBA MIRAMAR LAB]",https://dailymed.nlm.nih.gov/dailymed/drugInfo.cfm?setid=a6c4889c-e7a9-44b9-bd9a-70fd6e8c4825,,,,,,REVIEW,AMBIGUOUS_DAILYMED_MATCH
MED-0536,SULBUTIAMINA,SULBUTIAMINA,NO_RENAL_CONTENT,0,0,0,RXNORM_MATCH_NO_DAILYMED_SPL,MEDIUM,SULBUTIAMINA,sulbutiamine,100.0,,,,,,,,,,,REVIEW,RXNORM_MATCH_NO_DAILYMED_SPL
MED-0537,SULFADIAZINA,SULFADIAZINA,NO_RENAL_CONTENT,0,0,0,HIGH_MATCH_NO_EXPLICIT_RENAL_DOSING_TEXT,HIGH,SULFADIAZINA,sulfadiazine,100.0,cb7d2adf-d69d-4686-b9cf-c83d73acc441,9,"Sep 02, 2026",SSD CREAM (SILVER SULFADIAZINE) CREAM [PREFERRED PHARMACEUTICALS INC.],https://dailymed.nlm.nih.gov/dailymed/drugInfo.cfm?setid=cb7d2adf-d69d-4686-b9cf-c83d73acc441,,,,,,REVIEW,HIGH_MATCH_NO_EXPLICIT_RENAL_DOSING_TEXT
MED-0538,SULFADOXINA,SULFADOXINA,NO_RENAL_CONTENT,0,0,0,RXNORM_MATCH_NO_DAILYMED_SPL,MEDIUM,SULFADOXINA,sulfadoxine,100.0,,,,,,,,,,,REVIEW,RXNORM_MATCH_NO_DAILYMED_SPL
MED-0539,SULFAMETIZOL,SULFAMETIZOL,NO_RENAL_CONTENT,0,0,0,RXNORM_MATCH_NO_DAILYMED_SPL,MEDIUM,SULFAMETIZOL,sulfamethizole,100.0,,,,,,,,,,,REVIEW,RXNORM_MATCH_NO_DAILYMED_SPL
MED-0542,SULFATO DE MAGNESIO,SULFATO DE MAGNESIO,NO_RENAL_CONTENT,0,0,0,HIGH_MATCH_NO_EXPLICIT_RENAL_DOSING_TEXT,HIGH,SULFATE DE MAGNESIUM,Magnesium Sulfate,12.818548202514648,276fafe8-8a17-bee4-e063-6394a90a80a9,2,"Sep 17, 2026",WALGREENS FOAMING MUSCLE RELIEF (MAGNESIUM SULFATE HEPTAHYDRATE) LIQUID [WALGREENS],https://dailymed.nlm.nih.gov/dailymed/drugInfo.cfm?setid=276fafe8-8a17-bee4-e063-6394a90a80a9,,,,,,REVIEW,HIGH_MATCH_NO_EXPLICIT_RENAL_DOSING_TEXT
MED-0543,SULFATO DE MANGANESO,SULFATO DE MANGANESO,NO_RENAL_CONTENT,0,0,0,AMBIGUOUS_DAILYMED_MATCH,MEDIUM,SULFATE DE MANGANESO,Tetradecyl sulfate de sodium,10.975938961641523,997394e1-ec1f-4093-e053-2a95a90a0ea0,5,"Jun 28, 2024","SODIUM TETRADECYL SULFATE INJECTION, SOLUTION [HIKMA PHARMACEUTICALS USA INC.]",https://dailymed.nlm.nih.gov/dailymed/drugInfo.cfm?setid=997394e1-ec1f-4093-e053-2a95a90a0ea0,,,,,,REVIEW,AMBIGUOUS_DAILYMED_MATCH
MED-0545,SULFATO DE ZINC,SULFATO DE ZINC,NO_RENAL_CONTENT,0,0,0,HIGH_MATCH_NO_EXPLICIT_RENAL_DOSING_TEXT,HIGH,SULFATE DE ZINC,Zinc Sulfate,12.475292205810547,fb09c763-06d9-4f55-aa0e-2530ce07c5a6,1,"Sep 15, 2026","NURTIVA (VITAMIN A, THIAMINE, RIBOFLAVIN, NIACINAMIDE, PYRIDOXINE HCL, CYANOCOBALAMIN, ASCORBIC ACID, D-ALPHA TOCOPHEROL SUCCINATE, FOLIC ACID, CALCIUM, CHROMIUM, FERROUS FUMARATE, IODINE, MAGNESIUM OXIDE, MANGANESE SULFATE, MOLYBDENUM, SELENIUM, ZINC OXIDE) TABLET [BLUE HERON PHARMACEUTICALS, LLC]",https://dailymed.nlm.nih.gov/dailymed/drugInfo.cfm?setid=fb09c763-06d9-4f55-aa0e-2530ce07c5a6,,,,,,REVIEW,HIGH_MATCH_NO_EXPLICIT_RENAL_DOSING_TEXT
MED-0547,SULPIRIDA,SULPIRIDA,NO_RENAL_CONTENT,0,0,0,HIGH_MATCH_NO_EXPLICIT_RENAL_DOSING_TEXT,HIGH,SULPIRIDA,sulpiride,100.0,50a8c251-35ab-41f5-b7b7-3a4dd2222906,3,"Jan 06, 2026","SULPIRIDE POWDER [DARMERICA, LLC]",https://dailymed.nlm.nih.gov/dailymed/drugInfo.cfm?setid=50a8c251-35ab-41f5-b7b7-3a4dd2222906,,,,,,REVIEW,HIGH_MATCH_NO_EXPLICIT_RENAL_DOSING_TEXT
MED-0548,SULTAMICILINA,SULTAMICILINA,NO_RENAL_CONTENT,0,0,0,AMBIGUOUS_DAILYMED_MATCH,LOW,SULTAMICILINA,ampicillin / sulbactam,100.0,139b4b2e-46f7-44a8-9cc1-774afa463b80,4,"Aug 05, 2026","AMPICILLIN AND SULBACTAM (AMPICILLIN SODIUM AND SULBACTAM SODIUM) INJECTION, POWDER, FOR SOLUTION [MEITHEAL PHARMACEUTICALS INC.]",https://dailymed.nlm.nih.gov/dailymed/drugInfo.cfm?setid=139b4b2e-46f7-44a8-9cc1-774afa463b80,,,,,,REVIEW,AMBIGUOUS_DAILYMED_MATCH
MED-0555,TAMOXIFENO,TAMOXIFENO,NO_RENAL_CONTENT,0,0,0,HIGH_MATCH_NO_EXPLICIT_RENAL_DOSING_TEXT,HIGH,TAMOXIFENO,tamoxifen,100.0,7ee3d3d2-85d1-4018-8e70-5ed8a64ae1f0,14,"Aug 20, 2026",TAMOXIFEN CITRATE TABLET [MYLAN PHARMACEUTICALS INC.],https://dailymed.nlm.nih.gov/dailymed/drugInfo.cfm?setid=7ee3d3d2-85d1-4018-8e70-5ed8a64ae1f0,,,,,,REVIEW,HIGH_MATCH_NO_EXPLICIT_RENAL_DOSING_TEXT
MED-0563,TERBINAFINA,TERBINAFINA,NO_RENAL_CONTENT,0,0,0,HIGH_MATCH_NO_EXPLICIT_RENAL_DOSING_TEXT,HIGH,TERBINAFINA,terbinafine,100.0,89afb1dc-a236-4154-b8b5-2cab6ad421c8,7,"Sep 14, 2026",TERBINAFINE HYDROCHLORIDE CREAM [A-S MEDICATION SOLUTIONS],https://dailymed.nlm.nih.gov/dailymed/drugInfo.cfm?setid=89afb1dc-a236-4154-b8b5-2cab6ad421c8,,,,,,REVIEW,HIGH_MATCH_NO_EXPLICIT_RENAL_DOSING_TEXT
MED-0566,TESTOSTERONA UNDECANOATO,TESTOSTERONA UNDECANOATO,NO_RENAL_CONTENT,0,0,0,HIGH_MATCH_NO_EXPLICIT_RENAL_DOSING_TEXT,HIGH,TESTOSTERONA UNDECANOATO,Testosterona,9.889425277709961,375dd035-b792-4cb7-9fe6-bb367b87bdba,1,"Sep 15, 2026","TESTOSTERONE CYPIONATE INJECTION, SOLUTION [BPI LABS LLC]",https://dailymed.nlm.nih.gov/dailymed/drugInfo.cfm?setid=375dd035-b792-4cb7-9fe6-bb367b87bdba,,,,,,REVIEW,HIGH_MATCH_NO_EXPLICIT_RENAL_DOSING_TEXT
MED-0570,TIBOLONA,TIBOLONA,NO_RENAL_CONTENT,0,0,0,RXNORM_MATCH_NO_DAILYMED_SPL,MEDIUM,TIBOLONA,tibolone,100.0,,,,,,,,,,,REVIEW,RXNORM_MATCH_NO_DAILYMED_SPL
MED-0573,TIOCOLCHICOSIDO,TIOCOLCHICOSIDO,NO_RENAL_CONTENT,0,0,0,RXNORM_MATCH_NO_DAILYMED_SPL,MEDIUM,TIOCOLCHICOSIDO,Thiocolchicoside,8.653448104858398,,,,,,,,,,,REVIEW,RXNORM_MATCH_NO_DAILYMED_SPL
MED-0575,TIOTROPIO,TIOTROPIO,NO_RENAL_CONTENT,0,0,0,AMBIGUOUS_DAILYMED_MATCH,MEDIUM,TIOTROPIO,,8.991235733032227,496b38ee-45b6-4bb2-a35e-9023c3b73719,9,"Nov 17, 2025","TIOTROPIUM BROMIDE CAPSULE [LUPIN PHARMACEUTICALS, INC.]",https://dailymed.nlm.nih.gov/dailymed/drugInfo.cfm?setid=496b38ee-45b6-4bb2-a35e-9023c3b73719,,,,,,REVIEW,AMBIGUOUS_DAILYMED_MATCH
MED-0576,TIROSINA,TIROSINA,NO_RENAL_CONTENT,0,0,0,AMBIGUOUS_DAILYMED_MATCH,MEDIUM,TIROSINA,tyrosine,100.0,65ffc962-7538-41ea-9afb-4af5fbce4c5b,15,"Sep 14, 2026","CLINISOL (LYSINE, LEUCINE, PHENYLALANINE, VALINE, HISTIDINE, ISOLEUCINE, METHIONINE, THREONINE, TRYPTOPHAN, ALANINE, ARGININE, GLYCINE, PROLINE, GLUTAMIC ACID, SERINE, ASPARTIC ACID, TYROSINE) INJECTION, SOLUTION [BAXTER HEALTHCARE CORPORATION]",https://dailymed.nlm.nih.gov/dailymed/drugInfo.cfm?setid=65ffc962-7538-41ea-9afb-4af5fbce4c5b,,,,,,REVIEW,AMBIGUOUS_DAILYMED_MATCH
MED-0585,TREONINA,TREONINA,NO_RENAL_CONTENT,0,0,0,AMBIGUOUS_DAILYMED_MATCH,MEDIUM,TREONINA,threonine,100.0,65ffc962-7538-41ea-9afb-4af5fbce4c5b,15,"Sep 14, 2026","CLINISOL (LYSINE, LEUCINE, PHENYLALANINE, VALINE, HISTIDINE, ISOLEUCINE, METHIONINE, THREONINE, TRYPTOPHAN, ALANINE, ARGININE, GLYCINE, PROLINE, GLUTAMIC ACID, SERINE, ASPARTIC ACID, TYROSINE) INJECTION, SOLUTION [BAXTER HEALTHCARE CORPORATION]",https://dailymed.nlm.nih.gov/dailymed/drugInfo.cfm?setid=65ffc962-7538-41ea-9afb-4af5fbce4c5b,,,,,,REVIEW,AMBIGUOUS_DAILYMED_MATCH
MED-0587,TRIAZOLAM,TRIAZOLAM,NO_RENAL_CONTENT,0,0,0,HIGH_MATCH_NO_EXPLICIT_RENAL_DOSING_TEXT,HIGH,TRIAZOLAM,triazolam,100.0,5add318e-11b9-42f8-b052-0d8cebb32fcf,26,"Jul 13, 2026",TRIAZOLAM TABLET [MYLAN PHARMACEUTICALS INC.],https://dailymed.nlm.nih.gov/dailymed/drugInfo.cfm?setid=5add318e-11b9-42f8-b052-0d8cebb32fcf,,,,,,REVIEW,HIGH_MATCH_NO_EXPLICIT_RENAL_DOSING_TEXT
MED-0588,TRIENTINA CLORHIDRATO,TRIENTINA CLORHIDRATO,NO_RENAL_CONTENT,0,0,0,HIGH_MATCH_NO_EXPLICIT_RENAL_DOSING_TEXT,HIGH,TRIENTINA HYDROCHLORIDE,Trientine Hydrochloride,10.669988632202148,431c7f66-d58b-4eb0-b195-d164788f9acf,10,"May 06, 2026","TRIENTINE HYDROCHLORIDE CAPSULE [PAR HEALTH USA, LLC]",https://dailymed.nlm.nih.gov/dailymed/drugInfo.cfm?setid=431c7f66-d58b-4eb0-b195-d164788f9acf,,,,,,REVIEW,HIGH_MATCH_NO_EXPLICIT_RENAL_DOSING_TEXT
MED-0589,TRIFLUOPERAZINA,TRIFLUOPERAZINA,NO_RENAL_CONTENT,0,0,0,HIGH_MATCH_NO_EXPLICIT_RENAL_DOSING_TEXT,HIGH,TRIFLUOPERAZINA,trifluoperazine,100.0,069d3469-138b-4e4f-a7bb-6acac5f86abb,2,"Sep 18, 2026","TRIFLUOPERAZINE HYDROCHLORIDE TABLET, FILM COATED [REMEDYREPACK INC.]",https://dailymed.nlm.nih.gov/dailymed/drugInfo.cfm?setid=069d3469-138b-4e4f-a7bb-6acac5f86abb,,,,,,REVIEW,HIGH_MATCH_NO_EXPLICIT_RENAL_DOSING_TEXT
MED-0590,TRIMEBUTINA,TRIMEBUTINA,NO_RENAL_CONTENT,0,0,0,RXNORM_MATCH_NO_DAILYMED_SPL,MEDIUM,TRIMEBUTINA,trimebutine,8.630035400390625,,,,,,,,,,,REVIEW,RXNORM_MATCH_NO_DAILYMED_SPL
MED-0591,TRIMETAZIDINA,TRIMETAZIDINA,NO_RENAL_CONTENT,0,0,0,RXNORM_MATCH_NO_DAILYMED_SPL,MEDIUM,TRIMETAZIDINA,trimetazidine,100.0,,,,,,,,,,,REVIEW,RXNORM_MATCH_NO_DAILYMED_SPL
MED-0598,VALERATO DE ESTRADIOL,VALERATO DE ESTRADIOL,NO_RENAL_CONTENT,0,0,0,AMBIGUOUS_DAILYMED_MATCH,MEDIUM,VALERATO DE ESTRADIOL,benzoato de estradiol,12.55932846069336,ff28c624-906d-459c-8b8c-27cb1a664e12,6,"Sep 10, 2026","ESTRADIOL GEL [ANI PHARMACEUTICALS, INC.]",https://dailymed.nlm.nih.gov/dailymed/drugInfo.cfm?setid=ff28c624-906d-459c-8b8c-27cb1a664e12,,,,,,REVIEW,AMBIGUOUS_DAILYMED_MATCH
MED-0611,VILDAGLIPTINA,VILDAGLIPTINA,NO_RENAL_CONTENT,0,0,0,RXNORM_MATCH_NO_DAILYMED_SPL,MEDIUM,VILDAGLIPTINA,vildagliptin,100.0,,,,,,,,,,,REVIEW,RXNORM_MATCH_NO_DAILYMED_SPL
MED-0616,ZOFENOPRIL,ZOFENOPRIL,NO_RENAL_CONTENT,0,0,0,RXNORM_MATCH_NO_DAILYMED_SPL,MEDIUM,ZOFENOPRIL,zofenopril,100.0,,,,,,,,,,,REVIEW,RXNORM_MATCH_NO_DAILYMED_SPL
MED-0618,ZOPLICONA,ZOPLICONA,NO_RENAL_CONTENT,0,0,0,NO_RXNORM_MATCH,NONE,,,0.0,,,,,,,,,ZOPLICONA,,REVIEW,NO_RXNORM_MATCH
MED-0633,SALBUTAMOL,SALBUTAMOL,NO_RENAL_CONTENT,0,0,0,AMBIGUOUS_DAILYMED_MATCH,MEDIUM,SALBUTAMOL,albuterol,100.0,b7c6ae06-b1a8-4bf1-934d-439572e19931,3,"Sep 18, 2026",ALBUTEROL SULFATE INHALANT [REMEDYREPACK INC.],https://dailymed.nlm.nih.gov/dailymed/drugInfo.cfm?setid=b7c6ae06-b1a8-4bf1-934d-439572e19931,,,,,,REVIEW,AMBIGUOUS_DAILYMED_MATCH
MED-0634,EPINEFRINA,EPINEFRINA,NO_RENAL_CONTENT,0,0,0,AMBIGUOUS_DAILYMED_MATCH,MEDIUM,EPINEFRINA,epinephrine,100.0,905cade1-9b37-486a-ac12-21f3262ab4e2,1,"Sep 15, 2026",ORABLOC (ARTICAINE HYDROCHLORIDE AND EPINEPHRINE BITARTRATE) INJECTION [AIRA LLC],https://dailymed.nlm.nih.gov/dailymed/drugInfo.cfm?setid=905cade1-9b37-486a-ac12-21f3262ab4e2,,,,,,REVIEW,AMBIGUOUS_DAILYMED_MATCH
MED-0637,NOREPINEFRINA,NOREPINEFRINA,NO_RENAL_CONTENT,0,0,0,AMBIGUOUS_DAILYMED_MATCH,MEDIUM,NOREPINEFRINA,norepinephrine,100.0,109aa5e6-4e42-4131-97b0-f24d3a4cb4e8,4,"Sep 02, 2026","NOREPINEPHRINE BITARTRATE INJECTION, SOLUTION, CONCENTRATE [BRECKENRIDGE PHARMACEUTICAL, INC.]",https://dailymed.nlm.nih.gov/dailymed/drugInfo.cfm?setid=109aa5e6-4e42-4131-97b0-f24d3a4cb4e8,,,,,,REVIEW,AMBIGUOUS_DAILYMED_MATCH
MED-0638,DOPAMINA,DOPAMINA,NO_RENAL_CONTENT,0,0,0,HIGH_MATCH_NO_EXPLICIT_RENAL_DOSING_TEXT,HIGH,DOPAMINA,dopamine,100.0,e7b8d75b-f2bc-4013-91e7-bf5bbec11a90,1,"Jun 26, 2026","SET 4TE HOMO (ADEPS SUILLUS, BRYONIA (ALBA), CALCAREA PHOSPHORICA, CHOLINUM, DNA, DOPAMINE (HYDROCHLORIDE), FERRUM PHOSPHORICUM, FOLIC ACID, INSULINUM (HUMAN), LEPTIN, MAGNESIA MURIATICA, L-METHIONINE, METHYLCOBALAMIN, PROTEUS (VULGARIS), RHUS TOX, RIBOFLAVINUM, RUTA GRAVEOLENS, SACCHARUM OFFICINALE, THIOSINAMINUM, ZINCUM METALLICUM) LIQUID [DESERET BIOLOGICALS, INC.]",https://dailymed.nlm.nih.gov/dailymed/drugInfo.cfm?setid=e7b8d75b-f2bc-4013-91e7-bf5bbec11a90,,,,,,REVIEW,HIGH_MATCH_NO_EXPLICIT_RENAL_DOSING_TEXT
MED-0640,HIDRALAZINA,HIDRALAZINA,NO_RENAL_CONTENT,0,0,0,AMBIGUOUS_DAILYMED_MATCH,MEDIUM,HIDRALAZINA,hydralazine,100.0,51c293c1-70e7-48c7-8af1-a8b74312ed56,3,"Sep 10, 2026",HYDRALAZINE HYDROCHLORIDE TABLET [REMEDYREPACK INC.],https://dailymed.nlm.nih.gov/dailymed/drugInfo.cfm?setid=51c293c1-70e7-48c7-8af1-a8b74312ed56,,,,,,REVIEW,AMBIGUOUS_DAILYMED_MATCH
MED-0641,NITROGLICERINA,NITROGLICERINA,NO_RENAL_CONTENT,0,0,0,HIGH_MATCH_NO_EXPLICIT_RENAL_DOSING_TEXT,HIGH,NITROGLICERINA,nitroglycerin,100.0,5b150cd2-fac8-86ce-e063-6294a90a67b9,1,"Sep 11, 2026","NITROGLYCERIN TABLET [MEDICAL PURCHASING SOLUTIONS, LLC.]",https://dailymed.nlm.nih.gov/dailymed/drugInfo.cfm?setid=5b150cd2-fac8-86ce-e063-6294a90a67b9,,,,,,REVIEW,HIGH_MATCH_NO_EXPLICIT_RENAL_DOSING_TEXT
MED-0646,GLUCAGÓN,GLUCAGON,NO_RENAL_CONTENT,0,0,0,HIGH_MATCH_NO_EXPLICIT_RENAL_DOSING_TEXT,HIGH,GLUCAGÓN,glucagon,100.0,8cc40354-b5ac-45b6-a211-93b44444f2a3,4,"Aug 13, 2026","GLUCAGON KIT [AMPHASTAR PHARMACEUTICALS, INC.]",https://dailymed.nlm.nih.gov/dailymed/drugInfo.cfm?setid=8cc40354-b5ac-45b6-a211-93b44444f2a3,,,,,,REVIEW,HIGH_MATCH_NO_EXPLICIT_RENAL_DOSING_TEXT
MED-0647,DEXTROSA,DEXTROSA,NO_RENAL_CONTENT,0,0,0,AMBIGUOUS_DAILYMED_MATCH,MEDIUM,DEXTROSA,glucose,100.0,0cb9557b-d465-4c5a-80db-6f7d46afb05c,8,"Sep 14, 2026","DISCOUNT DRUG MART NAUSEA CONTROL CHERRY FLAVOR (DEXTROSE(GLUCOSE),LEVULOSE(FRUCTOSE),PHOSPHORIC ACID) SOLUTION [DISCOUNT DRUG MART]",https://dailymed.nlm.nih.gov/dailymed/drugInfo.cfm?setid=0cb9557b-d465-4c5a-80db-6f7d46afb05c,,,,,,REVIEW,AMBIGUOUS_DAILYMED_MATCH
MED-0652,KETAMINA,KETAMINA,NO_RENAL_CONTENT,0,0,0,HIGH_MATCH_NO_EXPLICIT_RENAL_DOSING_TEXT,HIGH,KETAMINA,ketamine,100.0,2bcab3bd-78bc-4407-a057-0f21b80fb514,8,"Sep 15, 2026",ZETAMINE (KETAMINE HYDROCHLORIDE) INJECTION [MWI/VETONE],https://dailymed.nlm.nih.gov/dailymed/drugInfo.cfm?setid=2bcab3bd-78bc-4407-a057-0f21b80fb514,,,,,,REVIEW,HIGH_MATCH_NO_EXPLICIT_RENAL_DOSING_TEXT
MED-0654,MORFINA,MORFINA,NO_RENAL_CONTENT,0,0,0,AMBIGUOUS_DAILYMED_MATCH,LOW,MORFINA,morphine,100.0,1f53de80-efc8-4930-b3e3-fba0d026af05,8,"Sep 10, 2026","MORPHINE SULFATE INJECTION, SOLUTION [FRESENIUS KABI, USA LLC]",https://dailymed.nlm.nih.gov/dailymed/drugInfo.cfm?setid=1f53de80-efc8-4930-b3e3-fba0d026af05,,,,,,REVIEW,AMBIGUOUS_DAILYMED_MATCH
MED-0655,FENTANILO,FENTANILO,NO_RENAL_CONTENT,0,0,0,AMBIGUOUS_DAILYMED_MATCH,MEDIUM,FENTANILO,fentanyl,100.0,bfa8018a-4cbc-434b-e09e-782872b0340a,35,"Aug 25, 2026","FENTANYL CITRATE INJECTION, SOLUTION [HOSPIRA, INC.]",https://dailymed.nlm.nih.gov/dailymed/drugInfo.cfm?setid=bfa8018a-4cbc-434b-e09e-782872b0340a,,,,,,REVIEW,AMBIGUOUS_DAILYMED_MATCH
MED-0657,SUCCINILCOLINA,SUCCINILCOLINA,NO_RENAL_CONTENT,0,0,0,AMBIGUOUS_DAILYMED_MATCH,MEDIUM,SUCCINILCOLINA,,9.051727294921875,efe5a242-5ba0-4b14-844c-206a79850d81,3,"Sep 11, 2026","SUCCINYLCHOLINE CHLORIDE INJECTION, SOLUTION [REMEDYREPACK INC.]",https://dailymed.nlm.nih.gov/dailymed/drugInfo.cfm?setid=efe5a242-5ba0-4b14-844c-206a79850d81,,,,,,REVIEW,AMBIGUOUS_DAILYMED_MATCH
MED-0660,POLIETILENGLICOL 3350,POLIETILENGLICOL 3350,NO_RENAL_CONTENT,0,0,0,NO_RXNORM_MATCH,NONE,,,0.0,,,,,,,,,POLIETILENGLICOL 3350,,REVIEW,NO_RXNORM_MATCH
MED-0661,SENÓSIDOS,SENOSIDOS,NO_RENAL_CONTENT,0,0,0,AMBIGUOUS_DAILYMED_MATCH,MEDIUM,SENÓSIDOS,Sennosides,8.126289367675781,9fce5c4b-1e2e-47ef-13e5-c3bd5320d41b,9,"Sep 14, 2026","COLACE (DOCUSATE SODIUM - SENNOSIDES) TABLET, FILM COATED [ATLANTIS CONSUMER HEALTHCARE, INC.]",https://dailymed.nlm.nih.gov/dailymed/drugInfo.cfm?setid=9fce5c4b-1e2e-47ef-13e5-c3bd5320d41b,,,,,,REVIEW,AMBIGUOUS_DAILYMED_MATCH
MED-0662,NALOXONA,NALOXONA,NO_RENAL_CONTENT,0,0,0,HIGH_MATCH_NO_EXPLICIT_RENAL_DOSING_TEXT,HIGH,NALOXONA,naloxone,100.0,b1303f15-c48b-a44d-b28a-72f370094e02,9,"Sep 07, 2026","NALOXONE HYDROCHLORIDE INJECTION [DR. REDDY'S LABORATORIES, INC.]",https://dailymed.nlm.nih.gov/dailymed/drugInfo.cfm?setid=b1303f15-c48b-a44d-b28a-72f370094e02,,,,,,REVIEW,HIGH_MATCH_NO_EXPLICIT_RENAL_DOSING_TEXT
MED-0665,HIDROXOCOBALAMINA,HIDROXOCOBALAMINA,NO_RENAL_CONTENT,0,0,0,HIGH_MATCH_NO_EXPLICIT_RENAL_DOSING_TEXT,HIGH,HIDROXOCOBALAMINA,Hydroxocobalamin,9.786571502685547,3be23e83-4a7f-3854-e063-6294a90acb7a,2,"Jun 02, 2026",HYDROXOCOBALAMIN INJECTION [XSEER PHARMACEUTICALS],https://dailymed.nlm.nih.gov/dailymed/drugInfo.cfm?setid=3be23e83-4a7f-3854-e063-6294a90acb7a,,,,,,REVIEW,HIGH_MATCH_NO_EXPLICIT_RENAL_DOSING_TEXT
MED-0667,AMPICILINA/SULBACTAM,AMPICILINA SULBACTAM,NO_RENAL_CONTENT,0,0,0,AMBIGUOUS_DAILYMED_MATCH,MEDIUM,AMPICILINA/SULBACTAM,ampicillin / sulbactam,13.631486892700195,139b4b2e-46f7-44a8-9cc1-774afa463b80,4,"Aug 05, 2026","AMPICILLIN AND SULBACTAM (AMPICILLIN SODIUM AND SULBACTAM SODIUM) INJECTION, POWDER, FOR SOLUTION [MEITHEAL PHARMACEUTICALS INC.]",https://dailymed.nlm.nih.gov/dailymed/drugInfo.cfm?setid=139b4b2e-46f7-44a8-9cc1-774afa463b80,,,,,,REVIEW,AMBIGUOUS_DAILYMED_MATCH
MED-0680,OXICODONA,OXICODONA,NO_RENAL_CONTENT,0,0,0,AMBIGUOUS_DAILYMED_MATCH,MEDIUM,OXICODONA,oxycodone,100.0,5451bcaa-0aca-4581-bcea-2f9c2a33b260,24,"Sep 18, 2026",OXYCODONE HYDROCHLORIDE SOLUTION [SPECGX LLC],https://dailymed.nlm.nih.gov/dailymed/drugInfo.cfm?setid=5451bcaa-0aca-4581-bcea-2f9c2a33b260,,,,,,REVIEW,AMBIGUOUS_DAILYMED_MATCH
MED-0681,METADONA,METADONA,NO_RENAL_CONTENT,0,0,0,AMBIGUOUS_DAILYMED_MATCH,MEDIUM,METADONA,methadone,100.0,540edd43-165d-4257-b989-3bccc8f54afb,2,"Sep 10, 2026",METHADONE HYDROCHLORIDE TABLET [AMERICAN HEALTH PACKAGING],https://dailymed.nlm.nih.gov/dailymed/drugInfo.cfm?setid=540edd43-165d-4257-b989-3bccc8f54afb,,,,,,REVIEW,AMBIGUOUS_DAILYMED_MATCH
MED-0682,BUPRENORFINA,BUPRENORFINA,NO_RENAL_CONTENT,0,0,0,AMBIGUOUS_DAILYMED_MATCH,MEDIUM,BUPRENORFINA,buprenorphine,100.0,4124c4ad-ef62-4c95-8e57-0d843862ae71,9,"Aug 20, 2026",BUPRENORPHINE HYDROCHLORIDE AND NALOXONE HYDROCHLORIDE DIHYDRATE TABLET [REMEDYREPACK INC.],https://dailymed.nlm.nih.gov/dailymed/drugInfo.cfm?setid=4124c4ad-ef62-4c95-8e57-0d843862ae71,,,,,,REVIEW,AMBIGUOUS_DAILYMED_MATCH
MED-0683,SULFATO DE PROTAMINA,SULFATO DE PROTAMINA,NO_RENAL_CONTENT,0,0,0,HIGH_MATCH_NO_EXPLICIT_RENAL_DOSING_TEXT,HIGH,SULFATO DE PROTAMINA,Protamina,9.889425277709961,c76876da-b9a8-45d0-9278-7df3288d3a06,1,"May 15, 2025","PROTAMINE SULFATE INJECTION, SOLUTION [FRESENIUS KABI USA, LLC]",https://dailymed.nlm.nih.gov/dailymed/drugInfo.cfm?setid=c76876da-b9a8-45d0-9278-7df3288d3a06,,,,,,REVIEW,HIGH_MATCH_NO_EXPLICIT_RENAL_DOSING_TEXT
MED-0684,FITOMENADIONA (VITAMINA K1),FITOMENADIONA VITAMINA K1,NO_RENAL_CONTENT,0,0,0,AMBIGUOUS_DAILYMED_MATCH,MEDIUM,FITOMENADIONA (VITAMINA K1),vitamin K1,10.917734146118164,e8808230-2c44-44c6-8cab-8f29b6b34051,23,"Aug 11, 2026","VITAMIN K1 (PHYTONADIONE) INJECTION, EMULSION [HOSPIRA, INC.]",https://dailymed.nlm.nih.gov/dailymed/drugInfo.cfm?setid=e8808230-2c44-44c6-8cab-8f29b6b34051,,,,,,REVIEW,AMBIGUOUS_DAILYMED_MATCH
MED-0686,ANDEXANET ALFA,ANDEXANET ALFA,NO_RENAL_CONTENT,0,0,0,HIGH_MATCH_NO_EXPLICIT_RENAL_DOSING_TEXT,HIGH,ANDEXANET ALFA,andexanet alfa,100.0,2d9d90a6-63e6-46ef-96ff-dd6519ae7b6c,7,"Apr 28, 2026","ANDEXXA (ANDEXANET ALFA) INJECTION, POWDER, LYOPHILIZED, FOR SOLUTION [ASTRAZENECA PHARMACEUTICALS LP]",https://dailymed.nlm.nih.gov/dailymed/drugInfo.cfm?setid=2d9d90a6-63e6-46ef-96ff-dd6519ae7b6c,,,,,,REVIEW,HIGH_MATCH_NO_EXPLICIT_RENAL_DOSING_TEXT
MED-0687,DIGOXINA INMUNE FAB,DIGOXINA INMUNE FAB,NO_RENAL_CONTENT,0,0,0,AMBIGUOUS_DAILYMED_MATCH,MEDIUM,DIGOXINA INMUNE FAB,DIGOXIN IMMUNE FAB,14.3890380859375,49ee0505-77a0-1ff4-e063-6294a90a410e,4,"Apr 14, 2026","DIGIFAB (OVINE DIGOXIN IMMUNE FAB) INJECTION, POWDER, LYOPHILIZED, FOR SOLUTION [SALVAGENIX INC.]",https://dailymed.nlm.nih.gov/dailymed/drugInfo.cfm?setid=49ee0505-77a0-1ff4-e063-6294a90a410e,,,,,,REVIEW,AMBIGUOUS_DAILYMED_MATCH
MED-0688,AZUL DE METILENO,AZUL DE METILENO,NO_RENAL_CONTENT,0,0,0,AMBIGUOUS_DAILYMED_MATCH,LOW,AZUL DE METILENO,methylene blue,100.0,45c3c1af-e2b4-4239-98d9-f675c0e7d322,6,"Jun 12, 2026",GUNA-KIDNEY (CHONDRODENDRON TOMENTOSUM ROOT - CLERODENDRANTHUS SPICATUS LEAF - EQUISETUM HYEMALE - ESCHERICHIA COLI - HIERACIUM PILOSELLA FLOWERING TOP - METHYLENE BLUE - NITRIC ACID - ONONIS CAMPESTRIS - PLANTAGO MAJOR - PORK KIDNEY - POTASSIUM NITRATE - PROTEUS VULGARIS - QUINHYDRONE - SARSAPARILLA - SOLIDAGO VIRGAUREA FLOWERING TOP - SUCCINIC ACID - SUS SCROFA URETER - SUS SCROFA URINARY BLADDER -) SOLUTION/ DROPS [GUNA SPA],https://dailymed.nlm.nih.gov/dailymed/drugInfo.cfm?setid=45c3c1af-e2b4-4239-98d9-f675c0e7d322,,,,,,REVIEW,AMBIGUOUS_DAILYMED_MATCH
MED-0689,CLORURO DE POTASIO,CLORURO DE POTASIO,NO_RENAL_CONTENT,0,0,0,HIGH_MATCH_NO_EXPLICIT_RENAL_DOSING_TEXT,HIGH,CHLORIDE DE POTASIO,CHLORIDE,10.041213989257812,4b2042d2-cf4d-7fef-e063-6294a90a3286,3,"Sep 18, 2026","WINCO LIGHT MOIST AB LHS (BENZALKONIUM CHLORIDE) LIQUID [WINCO FOODS, LLC]",https://dailymed.nlm.nih.gov/dailymed/drugInfo.cfm?setid=4b2042d2-cf4d-7fef-e063-6294a90a3286,,,,,,REVIEW,HIGH_MATCH_NO_EXPLICIT_RENAL_DOSING_TEXT
MED-0690,FOSFATO DE POTASIO,FOSFATO DE POTASIO,NO_RENAL_CONTENT,0,0,0,AMBIGUOUS_DAILYMED_MATCH,MEDIUM,FOSFATO DE POTASIO,Veneno de Abeja Aceite de Vibora,9.752972116221802,a6c4889c-e7a9-44b9-bd9a-70fd6e8c4825,2,"Jan 16, 2025","VENENO DE ABEJA ACEITE DE VIBORA BRAND (METHYL SALICYLATE) OINTMENT [MIRAMAR COSMETICS, INC DBA MIRAMAR LAB]",https://dailymed.nlm.nih.gov/dailymed/drugInfo.cfm?setid=a6c4889c-e7a9-44b9-bd9a-70fd6e8c4825,,,,,,REVIEW,AMBIGUOUS_DAILYMED_MATCH
MED-0691,"CLORURO DE SODIO 0,9%",CLORURO DE SODIO 0 9,NO_RENAL_CONTENT,0,0,0,AMBIGUOUS_DAILYMED_MATCH,MEDIUM,"CLORURO DE SODIO 0,9%",Acetato de sodio,16.45457909901937,6ec9e61c-2c26-402f-8604-f446b2e34058,12,"Jul 24, 2026","PLASMA-LYTE A (SODIUM CHLORIDE, SODIUM GLUCONATE, SODIUM ACETATE, POTASSIUM CHLORIDE AND MAGNESIUM CHLORIDE) INJECTION, SOLUTION [BAXTER HEALTHCARE CORPORATION]",https://dailymed.nlm.nih.gov/dailymed/drugInfo.cfm?setid=6ec9e61c-2c26-402f-8604-f446b2e34058,,,,,,REVIEW,AMBIGUOUS_DAILYMED_MATCH
MED-0692,ALBÚMINA HUMANA,ALBUMINA HUMANA,NO_RENAL_CONTENT,0,0,0,AMBIGUOUS_DAILYMED_MATCH,MEDIUM,ALBÚMINA HUMANA,,9.059276580810547,57c5a5a5-bbd1-27c3-e063-6294a90a7453,2,"Aug 03, 2026","LYOPHILIZED AMNION WITH ALBUMIN (HUMAN AMNIOTIC MEMBRANE) POWDER, FOR SOLUTION [GUANGZHOU YILONG COSMETICS.,LTD]",https://dailymed.nlm.nih.gov/dailymed/drugInfo.cfm?setid=57c5a5a5-bbd1-27c3-e063-6294a90a7453,,,,,,REVIEW,AMBIGUOUS_DAILYMED_MATCH
MED-0693,MANITOL,MANITOL,NO_RENAL_CONTENT,0,0,0,HIGH_MATCH_NO_EXPLICIT_RENAL_DOSING_TEXT,HIGH,MANITOL,mannitol,100.0,5b44e248-4b7b-4777-954a-921c7b309944,8,"Jun 22, 2026",SORBITOL-MANNITOL (SORBITOL AND MANNITOL) IRRIGANT [ICU MEDICAL INC.],https://dailymed.nlm.nih.gov/dailymed/drugInfo.cfm?setid=5b44e248-4b7b-4777-954a-921c7b309944,,,,,,REVIEW,HIGH_MATCH_NO_EXPLICIT_RENAL_DOSING_TEXT
MED-0698,VASOPRESINA,VASOPRESINA,NO_RENAL_CONTENT,0,0,0,HIGH_MATCH_NO_EXPLICIT_RENAL_DOSING_TEXT,HIGH,VASOPRESINA,Vasopressin,8.423294067382812,53372911-5a55-dfac-e063-6394a90ae2f6,4,"Aug 19, 2026","VASOPRESSIN INJECTION [HF ACQUISITION CO LLC, DBA HEALTHFIRST]",https://dailymed.nlm.nih.gov/dailymed/drugInfo.cfm?setid=53372911-5a55-dfac-e063-6394a90ae2f6,,,,,,REVIEW,HIGH_MATCH_NO_EXPLICIT_RENAL_DOSING_TEXT
MED-0699,CEFTAZIDIMA/AVIBACTAM,CEFTAZIDIMA AVIBACTAM,NO_RENAL_CONTENT,0,0,0,AMBIGUOUS_DAILYMED_MATCH,MEDIUM,CEFTAZIDIMA/AVIBACTAM,avibactam / ceftazidime,14.53128433227539,d9c2803f-dc9c-4b19-b4a3-8303bc8c15fd,25,"Aug 11, 2026","AVYCAZ (CEFTAZIDIME, AVIBACTAM) POWDER, FOR SOLUTION [ALLERGAN, INC.]",https://dailymed.nlm.nih.gov/dailymed/drugInfo.cfm?setid=d9c2803f-dc9c-4b19-b4a3-8303bc8c15fd,,,,,,REVIEW,AMBIGUOUS_DAILYMED_MATCH
MED-0702,ANFOTERICINA B LIPOSOMAL,ANFOTERICINA B LIPOSOMAL,NO_RENAL_CONTENT,0,0,0,AMBIGUOUS_DAILYMED_MATCH,MEDIUM,ANFOTERICINA B LIPOSOMAL,,14.13328514099121,02aadef1-390b-4270-b56d-33452eb89dde,3,"Apr 22, 2026","AMPHOTERICIN B INJECTABLE, LIPOSOMAL [SUN PHARMACEUTICAL INDUSTRIES, INC.]",https://dailymed.nlm.nih.gov/dailymed/drugInfo.cfm?setid=02aadef1-390b-4270-b56d-33452eb89dde,,,,,,REVIEW,AMBIGUOUS_DAILYMED_MATCH
MED-0704,NITROPRUSIATO DE SODIO,NITROPRUSIATO DE SODIO,NO_RENAL_CONTENT,0,0,0,AMBIGUOUS_DAILYMED_MATCH,MEDIUM,NITROPRUSIATO DE SODIO,Acetato de sodio,16.45457909901937,cb6d23ff-3ec5-445a-acbe-f88fd57949bf,10,"Aug 24, 2026","TROPHAMINE (ISOLEUCINE, LEUCINE, LYSINE ACETATE, METHIONINE, PHENYLALANINE, THREONINE, TRYPTOPHAN, VALINE, CYSTEINE HYDROCHLORIDE, HISTIDINE, TYROSINE, N-ACETYL-TYROSINE, ALANINE, ARGININE, PROLINE, SERINE, GLYCINE, ASPARTIC ACID, GLUTAMIC ACID, AND TAURINE) SOLUTION [B. BRAUN MEDICAL INC.]",https://dailymed.nlm.nih.gov/dailymed/drugInfo.cfm?setid=cb6d23ff-3ec5-445a-acbe-f88fd57949bf,,,,,,REVIEW,AMBIGUOUS_DAILYMED_MATCH
MED-0707,ATOVACUONA/PROGUANIL,ATOVACUONA PROGUANIL,NO_RENAL_CONTENT,0,0,0,AMBIGUOUS_DAILYMED_MATCH,MEDIUM,ATOVACUONA/PROGUANIL,atovaquone / proguanil,14.406488418579102,57d74d71-8cf8-4b10-9420-22954fae623c,10,"Sep 18, 2026","ATOVAQUONE AND PROGUANIL HYDROCHLORIDE TABLET, FILM COATED [MYLAN PHARMACEUTICALS INC.]",https://dailymed.nlm.nih.gov/dailymed/drugInfo.cfm?setid=57d74d71-8cf8-4b10-9420-22954fae623c,,,,,,REVIEW,AMBIGUOUS_DAILYMED_MATCH
MED-0709,CLOXACILINA,CLOXACILINA,NO_RENAL_CONTENT,0,0,0,HIGH_MATCH_NO_EXPLICIT_RENAL_DOSING_TEXT,HIGH,CLOXACILINA,cloxacillin,100.0,0fc4b59b-30b4-480f-bad9-460e30209a35,6,"Nov 15, 2024",ORBENIN-DC (CLOXACILLIN BENZATHINE) SUSPENSION [MERCK SHARP & DOHME CORP.],https://dailymed.nlm.nih.gov/dailymed/drugInfo.cfm?setid=0fc4b59b-30b4-480f-bad9-460e30209a35,,,,,,REVIEW,HIGH_MATCH_NO_EXPLICIT_RENAL_DOSING_TEXT
MED-0712,GRISEOFULVINA,GRISEOFULVINA,NO_RENAL_CONTENT,0,0,0,HIGH_MATCH_NO_EXPLICIT_RENAL_DOSING_TEXT,HIGH,GRISEOFULVINA,griseofulvin,100.0,f21314eb-3581-4e06-9fe7-8239cc80ba11,8,"Sep 18, 2026","ULTRAMICROSIZE GRISEOFULVIN (ULTRAMICROSIZE GRISEOFULVIN TABLETS) TABLET, COATED [AMNEAL PHARMACEUTICALS OF NEW YORK LLC]",https://dailymed.nlm.nih.gov/dailymed/drugInfo.cfm?setid=f21314eb-3581-4e06-9fe7-8239cc80ba11,,,,,,REVIEW,HIGH_MATCH_NO_EXPLICIT_RENAL_DOSING_TEXT
MED-0714,IVERMECTINA,IVERMECTINA,NO_RENAL_CONTENT,0,0,0,HIGH_MATCH_NO_EXPLICIT_RENAL_DOSING_TEXT,HIGH,IVERMECTINA,ivermectin,100.0,347e3018-cb70-4104-961a-f9159c41cecc,7,"Sep 09, 2026",IVERMECTIN PASTE [FAST SOLD LLC],https://dailymed.nlm.nih.gov/dailymed/drugInfo.cfm?setid=347e3018-cb70-4104-961a-f9159c41cecc,,,,,,REVIEW,HIGH_MATCH_NO_EXPLICIT_RENAL_DOSING_TEXT
MED-0715,JOSAMICINA,JOSAMICINA,NO_RENAL_CONTENT,0,0,0,RXNORM_MATCH_NO_DAILYMED_SPL,MEDIUM,JOSAMICINA,josamycin,100.0,,,,,,,,,,,REVIEW,RXNORM_MATCH_NO_DAILYMED_SPL
MED-0716,MICONAZOL,MICONAZOL,NO_RENAL_CONTENT,0,0,0,HIGH_MATCH_NO_EXPLICIT_RENAL_DOSING_TEXT,HIGH,MICONAZOL,miconazole,100.0,5b1945f3-84ba-f3dc-e063-6294a90ab8a0,2,"Sep 18, 2026","RADTHARY GROIN ANTIFUNGAL CREAM (MICONAZOLE NITRATE 2% GROIN ANTIFUNGAL CREAM) CREAM [WENZHOU YUYUAN PHARMACEUTICAL CO., LTD.]",https://dailymed.nlm.nih.gov/dailymed/drugInfo.cfm?setid=5b1945f3-84ba-f3dc-e063-6294a90ab8a0,,,,,,REVIEW,HIGH_MATCH_NO_EXPLICIT_RENAL_DOSING_TEXT
MED-0717,MIDECAMICINA,MIDECAMICINA,NO_RENAL_CONTENT,0,0,0,RXNORM_MATCH_NO_DAILYMED_SPL,MEDIUM,MIDECAMICINA,Midecamycin,10.348793029785156,,,,,,,,,,,REVIEW,RXNORM_MATCH_NO_DAILYMED_SPL
MED-0719,AMBROXOL,AMBROXOL,NO_RENAL_CONTENT,0,0,0,HIGH_MATCH_NO_EXPLICIT_RENAL_DOSING_TEXT,HIGH,AMBROXOL,ambroxol,100.0,db0eef87-9709-4604-89d1-e5027160723d,1,"Jan 15, 2019","AMBROXOL HCI, EP8.0 POWDER [AX PHARMACEUTICAL CORP]",https://dailymed.nlm.nih.gov/dailymed/drugInfo.cfm?setid=db0eef87-9709-4604-89d1-e5027160723d,,,,,,REVIEW,HIGH_MATCH_NO_EXPLICIT_RENAL_DOSING_TEXT
MED-0720,CLOPERASTINA,CLOPERASTINA,NO_RENAL_CONTENT,0,0,0,HIGH_MATCH_NO_EXPLICIT_RENAL_DOSING_TEXT,HIGH,CLOPERASTINA,cloperastine,100.0,7b3a3bbb-a7c5-ce1c-e053-2991aa0acba3,1,"Nov 23, 2018","FACOL CLASSIC ONE (ACETAMINOPHEN, GUAIFENESIN, PSEUDOEPHEDRINE HYDROCHLORIDE, DL-METHYLEPHEDRINE HYDROCHLORIDE, CLOPERASTINE HYDROCHLORIDE, CHLORPHENIRAMINE MALEATE) CAPSULE [OASIS TRADING]",https://dailymed.nlm.nih.gov/dailymed/drugInfo.cfm?setid=7b3a3bbb-a7c5-ce1c-e053-2991aa0acba3,,,,,,REVIEW,HIGH_MATCH_NO_EXPLICIT_RENAL_DOSING_TEXT
MED-0722,DEXCLORFENIRAMINA,DEXCLORFENIRAMINA,NO_RENAL_CONTENT,0,0,0,AMBIGUOUS_DAILYMED_MATCH,MEDIUM,DEXCLORFENIRAMINA,dexchlorpheniramine,100.0,5025c99f-b946-e2e0-e063-6394a90a13fb,1,"Apr 28, 2026","POLY-HIST DM (DEXCHLORPHENIRAMINE MALEATE AND DEXTROMETHORPHAN HBR) LIQUID [POLY PHARMACEUTICALS, INC.]",https://dailymed.nlm.nih.gov/dailymed/drugInfo.cfm?setid=5025c99f-b946-e2e0-e063-6394a90a13fb,,,,,,REVIEW,AMBIGUOUS_DAILYMED_MATCH
MED-0723,EBASTINA,EBASTINA,NO_RENAL_CONTENT,0,0,0,RXNORM_MATCH_NO_DAILYMED_SPL,MEDIUM,EBASTINA,ebastine,100.0,,,,,,,,,,,REVIEW,RXNORM_MATCH_NO_DAILYMED_SPL
MED-0724,KETOTIFENO,KETOTIFENO,NO_RENAL_CONTENT,0,0,0,HIGH_MATCH_NO_EXPLICIT_RENAL_DOSING_TEXT,HIGH,KETOTIFENO,ketotifen,100.0,7d0146a9-5073-4e24-954f-75b84affadc2,4,"Sep 02, 2026",EYE ITCH RELIEF (KETOTIFEN FUMARATE) SOLUTION/ DROPS [CVS PHARMACY],https://dailymed.nlm.nih.gov/dailymed/drugInfo.cfm?setid=7d0146a9-5073-4e24-954f-75b84affadc2,,,,,,REVIEW,HIGH_MATCH_NO_EXPLICIT_RENAL_DOSING_TEXT
MED-0725,LEVODROPROPIZINA,LEVODROPROPIZINA,NO_RENAL_CONTENT,0,0,0,RXNORM_MATCH_NO_DAILYMED_SPL,LOW,LEVODROPROPIZINA,"dipropizine, (S)-isomer",100.0,,,,,,,,,,,REVIEW,RXNORM_MATCH_NO_DAILYMED_SPL
MED-0726,LISDEXANFETAMINA,LISDEXANFETAMINA,NO_RENAL_CONTENT,0,0,0,AMBIGUOUS_DAILYMED_MATCH,MEDIUM,LISDEXANFETAMINA,,8.36176872253418,c11cb3b6-3dff-477b-a249-b4c3118edc5f,25,"Sep 10, 2026",LISDEXAMFETAMINE DIMESYLATE (LISDEXAMFETAMINE) CAPSULE [AMNEAL PHARMACEUTICALS LLC],https://dailymed.nlm.nih.gov/dailymed/drugInfo.cfm?setid=c11cb3b6-3dff-477b-a249-b4c3118edc5f,,,,,,REVIEW,AMBIGUOUS_DAILYMED_MATCH
MED-0728,POLIETILENGLICOL 4000,POLIETILENGLICOL 4000,NO_RENAL_CONTENT,0,0,0,NO_RXNORM_MATCH,NONE,,,0.0,,,,,,,,,POLIETILENGLICOL 4000,,REVIEW,NO_RXNORM_MATCH
MED-0729,RACECADOTRILO,RACECADOTRILO,NO_RENAL_CONTENT,0,0,0,RXNORM_MATCH_NO_DAILYMED_SPL,MEDIUM,RACECADOTRILO,racecadotril,100.0,,,,,,,,,,,REVIEW,RXNORM_MATCH_NO_DAILYMED_SPL
MED-0730,ACETATO DE RETINOL,ACETATO DE RETINOL,NO_RENAL_CONTENT,0,0,0,HIGH_MATCH_NO_EXPLICIT_RENAL_DOSING_TEXT,HIGH,ACETATE DE RETINOL,retinol acetate,15.723409652709961,201eeecd-e759-42b8-b5c2-b19465d98332,1,"May 27, 2026","BLEMISH DOTS - RETINOL (10 PATCHES) (SALICYLIC ACID 0.5%) PATCH [MELON BIO-TECH (THAILAND) CO., LTD.]",https://dailymed.nlm.nih.gov/dailymed/drugInfo.cfm?setid=201eeecd-e759-42b8-b5c2-b19465d98332,,,,,,REVIEW,HIGH_MATCH_NO_EXPLICIT_RENAL_DOSING_TEXT
MED-0731,ÁCIDO AZELAICO,ACIDO AZELAICO,NO_RENAL_CONTENT,0,0,0,HIGH_MATCH_NO_EXPLICIT_RENAL_DOSING_TEXT,HIGH,ACID AZELAICO,Ácido azelaico,8.218109893798829,55b03daa-b6d4-9edf-e063-6394a90ac4d1,1,"Jul 06, 2026","10% AZELAIC ACID (AZELAIC ACID CREAM) CREAM 14% AZELAIC ACID (AZELAIC ACID) CREAM [GUANGZHOU ARIEL MEDICAL TECHNOLOGY CO., LTD.]",https://dailymed.nlm.nih.gov/dailymed/drugInfo.cfm?setid=55b03daa-b6d4-9edf-e063-6394a90ac4d1,,,,,,REVIEW,HIGH_MATCH_NO_EXPLICIT_RENAL_DOSING_TEXT
MED-0732,ÁCIDO FUSÍDICO,ACIDO FUSIDICO,NO_RENAL_CONTENT,0,0,0,HIGH_MATCH_NO_EXPLICIT_RENAL_DOSING_TEXT,HIGH,ACID FUSIDICO,Acido fusidico,8.218109893798829,94586c4c-da34-47e0-e053-2a95a90a144c,1,"Oct 08, 2019","FUCIDIN (SODIUM FUSIDATE) OINTMENT [LYDIA CO., LTD.]",https://dailymed.nlm.nih.gov/dailymed/drugInfo.cfm?setid=94586c4c-da34-47e0-e053-2a95a90a144c,,,,,,REVIEW,HIGH_MATCH_NO_EXPLICIT_RENAL_DOSING_TEXT
MED-0733,ADAPALENO,ADAPALENO,NO_RENAL_CONTENT,0,0,0,HIGH_MATCH_NO_EXPLICIT_RENAL_DOSING_TEXT,HIGH,ADAPALENO,adapalene,100.0,2c1cdc03-087d-43b0-b0b3-503a35398a53,3,"Aug 31, 2026",ADAPALENE GEL [WALGREENS],https://dailymed.nlm.nih.gov/dailymed/drugInfo.cfm?setid=2c1cdc03-087d-43b0-b0b3-503a35398a53,,,,,,REVIEW,HIGH_MATCH_NO_EXPLICIT_RENAL_DOSING_TEXT
MED-0734,ADAPALENO/PERÓXIDO DE BENZOILO,ADAPALENO PEROXIDO DE BENZOILO,NO_RENAL_CONTENT,0,0,0,HIGH_MATCH_NO_EXPLICIT_RENAL_DOSING_TEXT,HIGH,ADAPALENO/PERÓXIDO DE BENZOILO,Peróxido de benzoilo,25.9174747467041,25e4ee12-f43a-4c87-9e34-64e91d06a368,1,"Aug 03, 2026",ADAPALENE AND BENZOYL PEROXIDE GEL [AUROBINDO PHARMA LIMITED],https://dailymed.nlm.nih.gov/dailymed/drugInfo.cfm?setid=25e4ee12-f43a-4c87-9e34-64e91d06a368,,,,,,REVIEW,HIGH_MATCH_NO_EXPLICIT_RENAL_DOSING_TEXT
MED-0736,BECLOMETASONA,BECLOMETASONA,NO_RENAL_CONTENT,0,0,0,AMBIGUOUS_DAILYMED_MATCH,MEDIUM,BECLOMETASONA,,7.98501443862915,cada897a-264e-450d-ae00-36e7fe747080,17,"Sep 14, 2026","QVAR REDIHALER (BECLOMETHASONE DIPROPIONATE HFA) AEROSOL, METERED [TEVA RESPIRATORY, LLC]",https://dailymed.nlm.nih.gov/dailymed/drugInfo.cfm?setid=cada897a-264e-450d-ae00-36e7fe747080,,,,,,REVIEW,AMBIGUOUS_DAILYMED_MATCH
MED-0737,BETAMETASONA,BETAMETASONA,NO_RENAL_CONTENT,0,0,0,HIGH_MATCH_NO_EXPLICIT_RENAL_DOSING_TEXT,HIGH,BETAMETASONA,betamethasone,100.0,7cacf0ec-3db9-48be-9a76-93ed4a1f042c,3,"Sep 02, 2026",BETAMETHASONE DIPROPIONATE CREAM [REMEDYREPACK INC.],https://dailymed.nlm.nih.gov/dailymed/drugInfo.cfm?setid=7cacf0ec-3db9-48be-9a76-93ed4a1f042c,,,,,,REVIEW,HIGH_MATCH_NO_EXPLICIT_RENAL_DOSING_TEXT
MED-0738,BETAMETASONA/ÁCIDO FUSÍDICO,BETAMETASONA ACIDO FUSIDICO,NO_RENAL_CONTENT,0,0,0,AMBIGUOUS_DAILYMED_MATCH,LOW,BETAMETASONA/ÁCIDO FUSÍDICO,Acido fusidico,15.40086555480957,94586c4c-da34-47e0-e053-2a95a90a144c,1,"Oct 08, 2019","FUCIDIN (SODIUM FUSIDATE) OINTMENT [LYDIA CO., LTD.]",https://dailymed.nlm.nih.gov/dailymed/drugInfo.cfm?setid=94586c4c-da34-47e0-e053-2a95a90a144c,,,,,,REVIEW,AMBIGUOUS_DAILYMED_MATCH
MED-0739,BETAMETASONA/CLOTRIMAZOL,BETAMETASONA CLOTRIMAZOL,NO_RENAL_CONTENT,0,0,0,AMBIGUOUS_DAILYMED_MATCH,MEDIUM,BETAMETASONA/CLOTRIMAZOL,betamethasone / clotrimazole,13.172435760498047,55db730a-df6d-4950-9c26-91b06bdcef36,15,"Jul 31, 2026","CLOTRIMAZOLE AND BETAMETHASONE DIPROPIONATE CREAM [E. FOUGERA & CO. A DIVISION OF FOUGERA PHARMACEUTICALS, LLC]",https://dailymed.nlm.nih.gov/dailymed/drugInfo.cfm?setid=55db730a-df6d-4950-9c26-91b06bdcef36,,,,,,REVIEW,AMBIGUOUS_DAILYMED_MATCH
MED-0740,BETAMETASONA/GENTAMICINA,BETAMETASONA GENTAMICINA,NO_RENAL_CONTENT,0,0,0,HIGH_MATCH_NO_EXPLICIT_RENAL_DOSING_TEXT,HIGH,BETAMETASONA/GENTAMICINA,Gentamicina,9.889425277709961,d387b7de-0dee-49d8-b66a-73aabbda9959,10,"May 21, 2026","OTOMAX (GENTAMICIN SULFATE, BETAMETHASONE VALERATE, AND CLOTRIMAZOLE) OINTMENT [MERCK SHARP & DOHME CORP.]",https://dailymed.nlm.nih.gov/dailymed/drugInfo.cfm?setid=d387b7de-0dee-49d8-b66a-73aabbda9959,,,,,,REVIEW,HIGH_MATCH_NO_EXPLICIT_RENAL_DOSING_TEXT
MED-0741,CICLOPIROX,CICLOPIROX,NO_RENAL_CONTENT,0,0,0,HIGH_MATCH_NO_EXPLICIT_RENAL_DOSING_TEXT,HIGH,CICLOPIROX,ciclopirox,100.0,eef13684-751f-47e1-b75e-3401a0e6e20f,24,"Sep 10, 2026","CICLOPIROX SHAMPOO [ACTAVIS PHARMA, INC.]",https://dailymed.nlm.nih.gov/dailymed/drugInfo.cfm?setid=eef13684-751f-47e1-b75e-3401a0e6e20f,,,,,,REVIEW,HIGH_MATCH_NO_EXPLICIT_RENAL_DOSING_TEXT
MED-0742,CIPROFLOXACINO/FLUOCINOLONA,CIPROFLOXACINO FLUOCINOLONA,NO_RENAL_CONTENT,0,0,0,HIGH_MATCH_NO_EXPLICIT_RENAL_DOSING_TEXT,HIGH,CIPROFLOXACINO/FLUOCINOLONA,ciprofloxacin / fluocinolone,10.26744270324707,dc17b816-b97f-4c44-9f05-b41f76ab3a52,5,"Oct 11, 2024",OTOVEL (CIPROFLOXACIN AND FLUOCINOLONE ACETONIDE) SOLUTION [WRASER LLC],https://dailymed.nlm.nih.gov/dailymed/drugInfo.cfm?setid=dc17b816-b97f-4c44-9f05-b41f76ab3a52,,,,,,REVIEW,HIGH_MATCH_NO_EXPLICIT_RENAL_DOSING_TEXT
MED-0743,CLINDAMICINA/PERÓXIDO DE BENZOILO,CLINDAMICINA PEROXIDO DE BENZOILO,NO_RENAL_CONTENT,0,0,0,HIGH_MATCH_NO_EXPLICIT_RENAL_DOSING_TEXT,HIGH,CLINDAMICINA/PERÓXIDO DE BENZOILO,Peróxido de benzoilo,25.9174747467041,e19de12c-f29b-42ab-9e81-1af8e4a66643,3,"Jun 08, 2026",CLINDAMYCIN AND BENZOYL PEROXIDE GEL [NORTHSTAR RXLLC],https://dailymed.nlm.nih.gov/dailymed/drugInfo.cfm?setid=e19de12c-f29b-42ab-9e81-1af8e4a66643,,,,,,REVIEW,HIGH_MATCH_NO_EXPLICIT_RENAL_DOSING_TEXT
MED-0744,CLINDAMICINA/TRETINOÍNA,CLINDAMICINA TRETINOINA,NO_RENAL_CONTENT,0,0,0,HIGH_MATCH_NO_EXPLICIT_RENAL_DOSING_TEXT,HIGH,CLINDAMICINA/TRETINOÍNA,Tretinoina,9.889425277709961,78c329f9-f0c9-486d-9e54-0123699fb9e1,10,"May 11, 2026","ZIANA (CLINDAMYCIN PHOSPHATE AND TRETINOIN) GEL [BAUSCH HEALTH US, LLC]",https://dailymed.nlm.nih.gov/dailymed/drugInfo.cfm?setid=78c329f9-f0c9-486d-9e54-0123699fb9e1,,,,,,REVIEW,HIGH_MATCH_NO_EXPLICIT_RENAL_DOSING_TEXT
MED-0745,CLIOQUINOL/BECLOMETASONA,CLIOQUINOL BECLOMETASONA,NO_RENAL_CONTENT,0,0,0,RXNORM_MATCH_NO_DAILYMED_SPL,LOW,CLIOQUINOL/BECLOMETASONA,beclomethasone / clioquinol,13.103233337402344,,,,,,,,,,,REVIEW,RXNORM_MATCH_NO_DAILYMED_SPL
MED-0746,CLOBETASONA,CLOBETASONA,NO_RENAL_CONTENT,0,0,0,RXNORM_MATCH_NO_DAILYMED_SPL,MEDIUM,CLOBETASONA,clobetasone,100.0,,,,,,,,,,,REVIEW,RXNORM_MATCH_NO_DAILYMED_SPL
MED-0747,CLORTETRACICLINA,CLORTETRACICLINA,NO_RENAL_CONTENT,0,0,0,AMBIGUOUS_DAILYMED_MATCH,MEDIUM,CLORTETRACICLINA,chlortetracycline,100.0,95195fbf-daec-44fb-a42c-14fdcdce7a88,1,"Sep 17, 2026",CHLORONEX SOLUBLE (CHLORTETRACYCLINE HYDROCHLORIDE) POWDER [PHARMGATE ANIMAL HEALTH],https://dailymed.nlm.nih.gov/dailymed/drugInfo.cfm?setid=95195fbf-daec-44fb-a42c-14fdcdce7a88,,,,,,REVIEW,AMBIGUOUS_DAILYMED_MATCH
MED-0748,DEXAMETASONA/TOBRAMICINA,DEXAMETASONA TOBRAMICINA,NO_RENAL_CONTENT,0,0,0,HIGH_MATCH_NO_EXPLICIT_RENAL_DOSING_TEXT,HIGH,DEXAMETASONA/TOBRAMICINA,Tobramicina,9.889425277709961,fa3d2fda-6857-4ef1-8dae-a2877f7569af,1,"Jul 06, 2026",TOBRAMYCIN AND DEXAMETHASONE SUSPENSION/ DROPS [SPORTPHARM LLC],https://dailymed.nlm.nih.gov/dailymed/drugInfo.cfm?setid=fa3d2fda-6857-4ef1-8dae-a2877f7569af,,,,,,REVIEW,HIGH_MATCH_NO_EXPLICIT_RENAL_DOSING_TEXT
MED-0749,FLUOCINOLONA,FLUOCINOLONA,NO_RENAL_CONTENT,0,0,0,HIGH_MATCH_NO_EXPLICIT_RENAL_DOSING_TEXT,HIGH,FLUOCINOLONA,fluocinolone,100.0,30b0013a-d289-4230-8f50-0a0ff05f4b5e,102,"Jun 22, 2026",FLUOCINOLONE ACETONIDE OIL [BRYANT RANCH PREPACK],https://dailymed.nlm.nih.gov/dailymed/drugInfo.cfm?setid=30b0013a-d289-4230-8f50-0a0ff05f4b5e,,,,,,REVIEW,HIGH_MATCH_NO_EXPLICIT_RENAL_DOSING_TEXT
MED-0750,FLUOROMETOLONA,FLUOROMETOLONA,NO_RENAL_CONTENT,0,0,0,HIGH_MATCH_NO_EXPLICIT_RENAL_DOSING_TEXT,HIGH,FLUOROMETOLONA,fluorometholone,100.0,af59c420-789d-4c05-b3fc-c3f855bcac24,12,"Aug 27, 2026","FLUOROMETHOLONE SOLUTION/ DROPS [PACIFIC PHARMA, INC.]",https://dailymed.nlm.nih.gov/dailymed/drugInfo.cfm?setid=af59c420-789d-4c05-b3fc-c3f855bcac24,,,,,,REVIEW,HIGH_MATCH_NO_EXPLICIT_RENAL_DOSING_TEXT
MED-0751,GRAMICIDINA/POLIMIXINA B/NEOMICINA,GRAMICIDINA POLIMIXINA B NEOMICINA,NO_RENAL_CONTENT,0,0,0,AMBIGUOUS_DAILYMED_MATCH,LOW,GRAMICIDINA/POLIMIXINA B/NEOMICINA,Polimixina B,17.152475357055664,c68818b2-d849-41d2-be07-731244afbbac,3,"Sep 10, 2026",POLYMYXIN B SULFATE AND TRIMETHOPRIM SULFATE SOLUTION/ DROPS [REMEDYREPACK INC.],https://dailymed.nlm.nih.gov/dailymed/drugInfo.cfm?setid=c68818b2-d849-41d2-be07-731244afbbac,,,,,,REVIEW,AMBIGUOUS_DAILYMED_MATCH
MED-0752,HIDROCORTISONA ACEPONATO,HIDROCORTISONA ACEPONATO,NO_RENAL_CONTENT,0,0,0,HIGH_MATCH_NO_EXPLICIT_RENAL_DOSING_TEXT,HIGH,HIDROCORTISONA ACEPONATO,Hidrocortisona,9.889425277709961,506aab0d-9308-4d60-90b3-7d64952fff36,7,"Sep 02, 2026",HYDROCORTISONE TABLET [AMERICAN HEALTH PACKAGING],https://dailymed.nlm.nih.gov/dailymed/drugInfo.cfm?setid=506aab0d-9308-4d60-90b3-7d64952fff36,,,,,,REVIEW,HIGH_MATCH_NO_EXPLICIT_RENAL_DOSING_TEXT
MED-0753,HIDROCORTISONA/ÁCIDO FUSÍDICO,HIDROCORTISONA ACIDO FUSIDICO,NO_RENAL_CONTENT,0,0,0,RXNORM_MATCH_NO_DAILYMED_SPL,LOW,HIDROCORTISONA/ÁCIDO FUSÍDICO,fusidate / hydrocortisone,10.558032989501953,,,,,,,,,,,REVIEW,RXNORM_MATCH_NO_DAILYMED_SPL
MED-0754,HIDROCORTISONA BUTIRATO,HIDROCORTISONA BUTIRATO,NO_RENAL_CONTENT,0,0,0,HIGH_MATCH_NO_EXPLICIT_RENAL_DOSING_TEXT,HIGH,HIDROCORTISONA BUTIRATO,Hidrocortisona,9.889425277709961,506aab0d-9308-4d60-90b3-7d64952fff36,7,"Sep 02, 2026",HYDROCORTISONE TABLET [AMERICAN HEALTH PACKAGING],https://dailymed.nlm.nih.gov/dailymed/drugInfo.cfm?setid=506aab0d-9308-4d60-90b3-7d64952fff36,,,,,,REVIEW,HIGH_MATCH_NO_EXPLICIT_RENAL_DOSING_TEXT
MED-0755,HIDROCORTISONA/MICONAZOL,HIDROCORTISONA MICONAZOL,NO_RENAL_CONTENT,0,0,0,AMBIGUOUS_DAILYMED_MATCH,MEDIUM,HIDROCORTISONA/MICONAZOL,hydrocortisone / miconazole,12.477798461914062,464a33c3-6d16-0cfd-e063-6294a90abf4b,3,"Aug 31, 2026","GEMBOOXT RINGWORM CREAM (MICONAZOLE NITRATE, HYDROCORTISONE) CREAM [GUANGDONG QUADRANT ECOLOGICAL TECHNOLOGY CO., LTD.]",https://dailymed.nlm.nih.gov/dailymed/drugInfo.cfm?setid=464a33c3-6d16-0cfd-e063-6294a90abf4b,,,,,,REVIEW,AMBIGUOUS_DAILYMED_MATCH
MED-0756,HIDROCORTISONA/OXITETRACICLINA,HIDROCORTISONA OXITETRACICLINA,NO_RENAL_CONTENT,0,0,0,AMBIGUOUS_DAILYMED_MATCH,LOW,HIDROCORTISONA/OXITETRACICLINA,Oxitetraciclina,9.889425277709961,387bfdde-3d30-44d0-a5be-c20321225027,8,"Aug 19, 2026","OXYTETRACYCLINE POWDER [HEBEI SHENGXUE DACHENG PHARMACEUTICAL CO., LTD.]",https://dailymed.nlm.nih.gov/dailymed/drugInfo.cfm?setid=387bfdde-3d30-44d0-a5be-c20321225027,,,,,,REVIEW,AMBIGUOUS_DAILYMED_MATCH
MED-0757,HIDRÓXIDO DE POTASIO,HIDROXIDO DE POTASIO,NO_RENAL_CONTENT,0,0,0,AMBIGUOUS_DAILYMED_MATCH,MEDIUM,HIDRÓXIDO DE POTASIO,Hidroxido de magnesio,16.63476339975993,54638c77-acad-4212-b38f-db353ed59ad2,4,"Sep 14, 2026","ANTACID MINT (ALUMINUM HYDROXIDE, MAGNESIUM HYDROXIDE, DIMETHICONE) SUSPENSION [CHAIN DRUG MARKETING ASSOCIATION]",https://dailymed.nlm.nih.gov/dailymed/drugInfo.cfm?setid=54638c77-acad-4212-b38f-db353ed59ad2,,,,,,REVIEW,AMBIGUOUS_DAILYMED_MATCH
MED-0758,IDOXURIDINA,IDOXURIDINA,NO_RENAL_CONTENT,0,0,0,HIGH_MATCH_NO_EXPLICIT_RENAL_DOSING_TEXT,HIGH,IDOXURIDINA,idoxuridine,100.0,da91f89d-6e64-4097-97e4-c05c55fb7175,5,"Jan 12, 2026","IDOXURIDINE POWDER [DARMERICA, LLC]",https://dailymed.nlm.nih.gov/dailymed/drugInfo.cfm?setid=da91f89d-6e64-4097-97e4-c05c55fb7175,,,,,,REVIEW,HIGH_MATCH_NO_EXPLICIT_RENAL_DOSING_TEXT
MED-0759,LEVOCABASTINA,LEVOCABASTINA,NO_RENAL_CONTENT,0,0,0,RXNORM_MATCH_NO_DAILYMED_SPL,MEDIUM,LEVOCABASTINA,levocabastine,100.0,,,,,,,,,,,REVIEW,RXNORM_MATCH_NO_DAILYMED_SPL
MED-0760,MUPIROCINA,MUPIROCINA,NO_RENAL_CONTENT,0,0,0,HIGH_MATCH_NO_EXPLICIT_RENAL_DOSING_TEXT,HIGH,MUPIROCINA,mupirocin,100.0,831060e6-17ef-b0a0-e053-2991aa0aeb4f,4,"Aug 24, 2026","MUPIROCIN OINTMENT [NUCARE PHARMACEUTICALS,INC.]",https://dailymed.nlm.nih.gov/dailymed/drugInfo.cfm?setid=831060e6-17ef-b0a0-e053-2991aa0aeb4f,,,,,,REVIEW,HIGH_MATCH_NO_EXPLICIT_RENAL_DOSING_TEXT
MED-0761,NEDOCROMILO,NEDOCROMILO,NO_RENAL_CONTENT,0,0,0,RXNORM_MATCH_NO_DAILYMED_SPL,MEDIUM,NEDOCROMILO,nedocromil,100.0,,,,,,,,,,,REVIEW,RXNORM_MATCH_NO_DAILYMED_SPL
MED-0762,OLOPATADINA,OLOPATADINA,NO_RENAL_CONTENT,0,0,0,HIGH_MATCH_NO_EXPLICIT_RENAL_DOSING_TEXT,HIGH,OLOPATADINA,olopatadine,100.0,5b26b7d7-7328-7b9a-e063-6294a90ac784,1,"Sep 14, 2026",OLOPATADINE HYDROCHLORIDE SOLUTION [YYBA CORP],https://dailymed.nlm.nih.gov/dailymed/drugInfo.cfm?setid=5b26b7d7-7328-7b9a-e063-6294a90ac784,,,,,,REVIEW,HIGH_MATCH_NO_EXPLICIT_RENAL_DOSING_TEXT
MED-0763,OXICONAZOL,OXICONAZOL,NO_RENAL_CONTENT,0,0,0,HIGH_MATCH_NO_EXPLICIT_RENAL_DOSING_TEXT,HIGH,OXICONAZOL,oxiconazole,100.0,aa368d2b-a5d2-49dd-86e1-5693b68b46f4,5,"Apr 02, 2026","OXICONAZOLE NITRATE CREAM [E. FOUGERA & CO. A DIVISION OF FOUGERA PHARMACEUTICALS, LLC]",https://dailymed.nlm.nih.gov/dailymed/drugInfo.cfm?setid=aa368d2b-a5d2-49dd-86e1-5693b68b46f4,,,,,,REVIEW,HIGH_MATCH_NO_EXPLICIT_RENAL_DOSING_TEXT
MED-0764,OZENOXACINO,OZENOXACINO,NO_RENAL_CONTENT,0,0,0,RXNORM_MATCH_NO_DAILYMED_SPL,MEDIUM,OZENOXACINO,ozenoxacin,100.0,,,,,,,,,,,REVIEW,RXNORM_MATCH_NO_DAILYMED_SPL
MED-0765,PERMETRINA,PERMETRINA,NO_RENAL_CONTENT,0,0,0,HIGH_MATCH_NO_EXPLICIT_RENAL_DOSING_TEXT,HIGH,PERMETRINA,Permethrin,7.629708290100098,4ddc2aef-daef-13a9-e063-6394a90af3e3,17,"Sep 18, 2026",KAKSHAL PERMETHRIN (PERMETHRIN) LOTION [KAKSHAL],https://dailymed.nlm.nih.gov/dailymed/drugInfo.cfm?setid=4ddc2aef-daef-13a9-e063-6394a90af3e3,,,,,,REVIEW,HIGH_MATCH_NO_EXPLICIT_RENAL_DOSING_TEXT
MED-0766,PERÓXIDO DE BENZOILO,PEROXIDO DE BENZOILO,NO_RENAL_CONTENT,0,0,0,AMBIGUOUS_DAILYMED_MATCH,MEDIUM,PERÓXIDO DE BENZOILO,benzoyl peroxide,100.0,2dfc025a-8eac-4e05-a1fe-dc22914002bb,2,"Sep 18, 2026",CLINDAMYCIN PHOSPHATE AND BENZOYL PEROXIDE GEL [PADAGIS ISRAEL PHARMACEUTICALS LTD],https://dailymed.nlm.nih.gov/dailymed/drugInfo.cfm?setid=2dfc025a-8eac-4e05-a1fe-dc22914002bb,,,,,,REVIEW,AMBIGUOUS_DAILYMED_MATCH
MED-0767,PIMECROLIMUS,PIMECROLIMUS,NO_RENAL_CONTENT,0,0,0,HIGH_MATCH_NO_EXPLICIT_RENAL_DOSING_TEXT,HIGH,PIMECROLIMUS,pimecrolimus,100.0,6601e43e-ce7d-446a-8568-8e7b24b86f06,4,"May 21, 2026",PIMECROLIMUS CREAM [OCEANSIDE PHARMACEUTICALS],https://dailymed.nlm.nih.gov/dailymed/drugInfo.cfm?setid=6601e43e-ce7d-446a-8568-8e7b24b86f06,,,,,,REVIEW,HIGH_MATCH_NO_EXPLICIT_RENAL_DOSING_TEXT
MED-0768,PREDNICARBATO,PREDNICARBATO,NO_RENAL_CONTENT,0,0,0,RXNORM_MATCH_NO_DAILYMED_SPL,MEDIUM,PREDNICARBATO,prednicarbate,100.0,,,,,,,,,,,REVIEW,RXNORM_MATCH_NO_DAILYMED_SPL
MED-0769,SULFADIAZINA ARGÉNTICA,SULFADIAZINA ARGENTICA,NO_RENAL_CONTENT,0,0,0,HIGH_MATCH_NO_EXPLICIT_RENAL_DOSING_TEXT,HIGH,SULFADIAZINA ARGÉNTICA,Sulfadiazina,9.889425277709961,1b3b32b6-0f0a-4655-b2de-9862069323d2,19,"Jun 24, 2026","SULFADIAZINE SODIUM POWDER [LETCO MEDICAL, LLC]",https://dailymed.nlm.nih.gov/dailymed/drugInfo.cfm?setid=1b3b32b6-0f0a-4655-b2de-9862069323d2,,,,,,REVIEW,HIGH_MATCH_NO_EXPLICIT_RENAL_DOSING_TEXT
MED-0770,RINGER LACTATO,RINGER LACTATO,NO_RENAL_CONTENT,0,0,0,AMBIGUOUS_DAILYMED_MATCH,MEDIUM,RINGER LACTATE,,13.477235306274416,4a41e10a-20c2-4971-ae08-c66fce89e9c1,6,"Mar 25, 2026","LACTATED RINGERS (LACTATED RINGERS) INJECTION, SOLUTION [A & G PHARMACEUTICALS, INC.]",https://dailymed.nlm.nih.gov/dailymed/drugInfo.cfm?setid=4a41e10a-20c2-4971-ae08-c66fce89e9c1,,,,,,REVIEW,AMBIGUOUS_DAILYMED_MATCH
MED-0771,VITAMINA E (TOCOFEROL),VITAMINA E TOCOFEROL,NO_RENAL_CONTENT,0,0,0,AMBIGUOUS_DAILYMED_MATCH,MEDIUM,VITAMINA E (TOCOFEROL),,11.029962539672852,64dc75e2-e2a5-c4c4-e053-2991aa0a0cde,2,"Feb 12, 2018",ACNE C-PATCH (VITAMIN E) PATCH [NEOBIOTECH GLOBAL CORPORATION],https://dailymed.nlm.nih.gov/dailymed/drugInfo.cfm?setid=64dc75e2-e2a5-c4c4-e053-2991aa0a0cde,,,,,,REVIEW,AMBIGUOUS_DAILYMED_MATCH
MED-0772,AMINOFILINA,AMINOFILINA,NO_RENAL_CONTENT,0,0,0,AMBIGUOUS_DAILYMED_MATCH,LOW,AMINOFILINA,aminophylline,100.0,819207a2-0c37-b275-e053-2a91aa0afb36,8,"Jun 22, 2026","AMINOPHYLLINE INJECTION, SOLUTION [HF ACQUISITION CO LLC, DBA HEALTHFIRST]",https://dailymed.nlm.nih.gov/dailymed/drugInfo.cfm?setid=819207a2-0c37-b275-e053-2a91aa0afb36,,,,,,REVIEW,AMBIGUOUS_DAILYMED_MATCH
MED-0773,SALES DE REHIDRATACIÓN ORAL (SRO),SALES DE REHIDRATACION ORAL SRO,NO_RENAL_CONTENT,0,0,0,AMBIGUOUS_DAILYMED_MATCH,LOW,SALES DE REHIDRATACIÓN ORAL (SRO),DES,10.523117065429688,a3b4b25d-0ddb-4531-badb-f1ba3168ac07,14,"Sep 18, 2026","DESIPRAMINE HYDROCHLORIDE (DESIPRAMINE) TABLET, FILM COATED [AMNEAL PHARMACEUTICALS LLC]",https://dailymed.nlm.nih.gov/dailymed/drugInfo.cfm?setid=a3b4b25d-0ddb-4531-badb-f1ba3168ac07,,,,,,REVIEW,AMBIGUOUS_DAILYMED_MATCH
MED-0775,ARTESUNATO,ARTESUNATO,NO_RENAL_CONTENT,0,0,0,RXNORM_MATCH_NO_DAILYMED_SPL,MEDIUM,ARTESUNATO,artesunate,100.0,,,,,,,,,,,REVIEW,RXNORM_MATCH_NO_DAILYMED_SPL
MED-0777,PENICILINA G BENZATINA,PENICILINA G BENZATINA,NO_RENAL_CONTENT,0,0,0,AMBIGUOUS_DAILYMED_MATCH,MEDIUM,PENICILINA G BENZATINA,Penicillin G Benzathine,10.67695426940918,012d46f1-d0a0-4676-a879-cd320297ab16,35,"Jul 24, 2026","BICILLIN L-A (PENICILLIN G BENZATHINE) INJECTION, SUSPENSION [PFIZER LABORATORIES DIV PFIZER INC]",https://dailymed.nlm.nih.gov/dailymed/drugInfo.cfm?setid=012d46f1-d0a0-4676-a879-cd320297ab16,,,,,,REVIEW,AMBIGUOUS_DAILYMED_MATCH
MED-0778,ÁCIDO SALICÍLICO,ACIDO SALICILICO,NO_RENAL_CONTENT,0,0,0,HIGH_MATCH_NO_EXPLICIT_RENAL_DOSING_TEXT,HIGH,ÁCIDO SALICÍLICO,salicylic acid,100.0,5b2c616d-78df-4fe8-e063-6394a90ad3d3,2,"Sep 18, 2026","LIXUHYA LIQUID SKIN WART CORN REMOVER (SALICYLIC ACID 40% LIQUID SKIN WART CORN REMOVER) LIQUID [HUBEI MINXIN PHARMACEUTICAL CO., LTD.]",https://dailymed.nlm.nih.gov/dailymed/drugInfo.cfm?setid=5b2c616d-78df-4fe8-e063-6394a90ad3d3,,,,,,REVIEW,HIGH_MATCH_NO_EXPLICIT_RENAL_DOSING_TEXT
MED-0780,CITRATO DE CAFEÍNA,CITRATO DE CAFEINA,NO_RENAL_CONTENT,0,0,0,AMBIGUOUS_DAILYMED_MATCH,MEDIUM,CITRATE DE CAFEINA,Caffeine Citrate,11.217935562133789,5f38c395-0093-4afd-89ec-f96e5dc0934a,10,"Aug 10, 2026",CAFFEINE CITRATE SOLUTION [SAGENT PHARMACEUTICALS],https://dailymed.nlm.nih.gov/dailymed/drugInfo.cfm?setid=5f38c395-0093-4afd-89ec-f96e5dc0934a,,,,,,REVIEW,AMBIGUOUS_DAILYMED_MATCH
MED-0781,COTRIMOXAZOL,COTRIMOXAZOL,NO_RENAL_CONTENT,0,0,0,NO_RXNORM_MATCH,NONE,,,0.0,,,,,,,,,COTRIMOXAZOL,,REVIEW,NO_RXNORM_MATCH
MED-0782,DORNASA ALFA,DORNASA ALFA,NO_RENAL_CONTENT,0,0,0,HIGH_MATCH_NO_EXPLICIT_RENAL_DOSING_TEXT,HIGH,DORNASA ALFA,dornase alfa,100.0,d8c78a7e-ff99-48f3-8952-643ec2ea0f86,24,"Dec 22, 2025","PULMOZYME (DORNASE ALFA) SOLUTION [GENENTECH, INC.]",https://dailymed.nlm.nih.gov/dailymed/drugInfo.cfm?setid=d8c78a7e-ff99-48f3-8952-643ec2ea0f86,,,,,,REVIEW,HIGH_MATCH_NO_EXPLICIT_RENAL_DOSING_TEXT
MED-0783,ÓXIDO NÍTRICO INHALADO,OXIDO NITRICO INHALADO,NO_RENAL_CONTENT,0,0,0,HIGH_MATCH_NO_EXPLICIT_RENAL_DOSING_TEXT,HIGH,ÓXIDO NÍTRICO INHALADO,óxido nítrico,16.589784622192383,ca3c681c-5e5b-34d0-5917-549529afa65d,5,"Jan 11, 2023","NEURO 3 (OXITRIPTAN, ACETYLCHOLINESTERASE HUMAN, CHOLINE CHLORIDE, DOPAMINE, GLUTAMIC ACID, GLYCINE, HISTIDINE, LEVODOPA, MALVIN, MELANIN SYNTHETIC (TYROSINE, PEROXIDE), NITRIC OXIDE, NOREPINEPHRINE, OCTOPAMINE, O-METHYL SEROTONIN, PHENYLALANINE, SEROTONIN, TAURINE, TRYPTOPHAN, TYROSINE) SPRAY [VIATREXX BIO INCORPORATED]",https://dailymed.nlm.nih.gov/dailymed/drugInfo.cfm?setid=ca3c681c-5e5b-34d0-5917-549529afa65d,,,,,,REVIEW,HIGH_MATCH_NO_EXPLICIT_RENAL_DOSING_TEXT
MED-0785,SURFACTANTE PULMONAR PORCINO,SURFACTANTE PULMONAR PORCINO,NO_RENAL_CONTENT,0,0,0,AMBIGUOUS_DAILYMED_MATCH,LOW,SURFACTANTE PULMONAR PORCINO,Lobaria pulmonaria extract,8.031367562611898,681e553d-3f0a-400f-8611-18ca58b3d880,2,"Aug 31, 2026","COLD AND FLU RELIEF (ACONITUM NAPELLUS, ALLIUM CEPA, ECHINACEA (ANGUSTIFOLIA), EUPHRASIA OFFICINALIS, GELSEMIUM SEMPERVIRENS, SANGUINARIA CANADENSIS, STICTA PULMONARIA) LIQUID [NATURALCARE]",https://dailymed.nlm.nih.gov/dailymed/drugInfo.cfm?setid=681e553d-3f0a-400f-8611-18ca58b3d880,,,,,,REVIEW,AMBIGUOUS_DAILYMED_MATCH
MED-0787,BUTILESCOPOLAMINA,BUTILESCOPOLAMINA,NO_RENAL_CONTENT,0,0,0,AMBIGUOUS_DAILYMED_MATCH,MEDIUM,BUTILESCOPOLAMINA,butylscopolamine,100.0,f9605d6f-e276-4c12-8a58-1a0c8e67f1c9,4,"Aug 24, 2026","BUTYLSCOPOLAMINE BROMIDE POWDER [DARMERICA, LLC]",https://dailymed.nlm.nih.gov/dailymed/drugInfo.cfm?setid=f9605d6f-e276-4c12-8a58-1a0c8e67f1c9,,,,,,REVIEW,AMBIGUOUS_DAILYMED_MATCH
MED-0788,FLUTICASONA/FORMOTEROL,FLUTICASONA/FORMOTEROL,NO_RENAL_CONTENT,0,0,0,AMBIGUOUS_DAILYMED_MATCH,LOW,FLUTICASONA/FORMOTEROL,,12.698448181152344,2d9bf685-8886-4865-834b-2748af124b79,3,"Dec 12, 2025","FORMOTEROL FUMARATE INHALATION SOLUTION (FORMOTEROL FUMARATE DIHYDRATE) SOLUTION [RITEDOSE PHARMACEUTICALS, LLC]",https://dailymed.nlm.nih.gov/dailymed/drugInfo.cfm?setid=2d9bf685-8886-4865-834b-2748af124b79,,,,,,REVIEW,AMBIGUOUS_DAILYMED_MATCH
MED-0790,FLUTICASONA/VILANTEROL,FLUTICASONA/VILANTEROL,NO_RENAL_CONTENT,0,0,0,AMBIGUOUS_DAILYMED_MATCH,MEDIUM,FLUTICASONA/VILANTEROL,fluticasone / vilanterol,13.653966903686523,b5a81d5a-4648-4c7a-951d-33c014a63c7e,15,"Sep 02, 2026","TRELEGY ELLIPTA (FLUTICASONE FUROATE, UMECLIDINIUM BROMIDE AND VILANTEROL TRIFENATATE) POWDER [GLAXOSMITHKLINE LLC]",https://dailymed.nlm.nih.gov/dailymed/drugInfo.cfm?setid=b5a81d5a-4648-4c7a-951d-33c014a63c7e,,,,,,REVIEW,AMBIGUOUS_DAILYMED_MATCH
MED-0791,INSULINA ASPART/INSULINA ASPART-PROTAMINA,INSULINA ASPART/INSULINA ASPART-PROTAMINA,NO_RENAL_CONTENT,0,0,0,AMBIGUOUS_DAILYMED_MATCH,MEDIUM,INSULINA ASPART/INSULINA ASPART-PROTAMINA,,18.39021110534668,fc94baa4-3606-48bc-a781-9617ab6960ef,8,"Jun 17, 2026","INSULIN ASPART PROTAMINE AND INSULIN ASPART MIX 70/30 (INSULIN ASPART) INJECTION, SUSPENSION [NOVO NORDISK PHARMA, INC.]",https://dailymed.nlm.nih.gov/dailymed/drugInfo.cfm?setid=fc94baa4-3606-48bc-a781-9617ab6960ef,,,,,,REVIEW,AMBIGUOUS_DAILYMED_MATCH
MED-0795,LAURILSULFOACETATO DE SODIO/CITRATO TRISODICO,LAURILSULFOACETATO DE SODIO/CITRATO TRISODICO,NO_RENAL_CONTENT,0,0,0,AMBIGUOUS_DAILYMED_MATCH,LOW,LAURILSULFOACETATO DE SODIO/CITRATO TRISODICO,Acetato de sodio,16.68153881072998,cb6d23ff-3ec5-445a-acbe-f88fd57949bf,10,"Aug 24, 2026","TROPHAMINE (ISOLEUCINE, LEUCINE, LYSINE ACETATE, METHIONINE, PHENYLALANINE, THREONINE, TRYPTOPHAN, VALINE, CYSTEINE HYDROCHLORIDE, HISTIDINE, TYROSINE, N-ACETYL-TYROSINE, ALANINE, ARGININE, PROLINE, SERINE, GLYCINE, ASPARTIC ACID, GLUTAMIC ACID, AND TAURINE) SOLUTION [B. BRAUN MEDICAL INC.]",https://dailymed.nlm.nih.gov/dailymed/drugInfo.cfm?setid=cb6d23ff-3ec5-445a-acbe-f88fd57949bf,,,,,,REVIEW,AMBIGUOUS_DAILYMED_MATCH
MED-0797,LUMACAFTOR/IVACAFTOR,LUMACAFTOR/IVACAFTOR,NO_RENAL_CONTENT,0,0,0,AMBIGUOUS_DAILYMED_MATCH,MEDIUM,LUMACAFTOR/IVACAFTOR,ivacaftor / lumacaftor,100.0,3fc1c40e-cfac-47a1-9e1a-61ead3570600,24,"Mar 31, 2026","ORKAMBI (LUMACAFTOR AND IVACAFTOR) TABLET, FILM COATED ORKAMBI (LUMACAFTOR AND IVACAFTOR) GRANULE [VERTEX PHARMACEUTICALS INCORPORATED]",https://dailymed.nlm.nih.gov/dailymed/drugInfo.cfm?setid=3fc1c40e-cfac-47a1-9e1a-61ead3570600,,,,,,REVIEW,AMBIGUOUS_DAILYMED_MATCH
MED-0798,MACROGOL 3350/ELECTROLITOS,MACROGOL 3350/ELECTROLITOS,NO_RENAL_CONTENT,0,0,0,AMBIGUOUS_DAILYMED_MATCH,LOW,MACROGOL 3350/ELECTROLITOS,PEG-3350/ELECTROLYTES (MOVIPREP) PWDR,8.978248274960476,8ff46193-2a3b-4de0-9572-775dda8cd8b2,46,"Dec 24, 2025","MOVIPREP (POLYETHYLENE GLYCOL 3350, SODIUM SULFATE, SODIUM CHLORIDE, POTASSIUM CHLORIDE, ASCORBIC ACID, SODIUM ASCORBATE) KIT [SALIX PHARMACEUTICALS, INC.]",https://dailymed.nlm.nih.gov/dailymed/drugInfo.cfm?setid=8ff46193-2a3b-4de0-9572-775dda8cd8b2,,,,,,REVIEW,AMBIGUOUS_DAILYMED_MATCH
MED-0799,MACROGOL 3350/SODIO SULFATO,MACROGOL 3350/SODIO SULFATO,NO_RENAL_CONTENT,0,0,0,AMBIGUOUS_DAILYMED_MATCH,MEDIUM,MACROGOL 3350/SODIO SULFATO,,11.012216567993164,79f930fa-5674-4f30-8ae8-9448d6243797,14,"Aug 11, 2026","PLENVU (POLYETHYLENE GLYCOL 3350, SODIUM SULFATE, SODIUM CHLORIDE, POTASSIUM CHLORIDE, ASCORBIC ACID, SODIUM ASCORBATE) KIT [SALIX PHARMACEUTICALS, INC]",https://dailymed.nlm.nih.gov/dailymed/drugInfo.cfm?setid=79f930fa-5674-4f30-8ae8-9448d6243797,,,,,,REVIEW,AMBIGUOUS_DAILYMED_MATCH
MED-0800,MACROGOL 4000/SODIO SULFATO,MACROGOL 4000/SODIO SULFATO,NO_RENAL_CONTENT,0,0,0,AMBIGUOUS_DAILYMED_MATCH,LOW,MACROGOL 4000/SODIO SULFATO,,11.220869064331055,595243fe-a4b1-479a-99d6-a084a4181891,103,"Jul 15, 2026","MORPHINE SULFATE TABLET, FILM COATED, EXTENDED RELEASE [BRYANT RANCH PREPACK]",https://dailymed.nlm.nih.gov/dailymed/drugInfo.cfm?setid=595243fe-a4b1-479a-99d6-a084a4181891,,,,,,REVIEW,AMBIGUOUS_DAILYMED_MATCH
MED-0801,MACROGOL 4000/SODIO SULFATO/SODIO FOSFATO,MACROGOL 4000/SODIO SULFATO/SODIO FOSFATO,NO_RENAL_CONTENT,0,0,0,AMBIGUOUS_DAILYMED_MATCH,LOW,MACROGOL 4000/SODIO SULFATO/SODIO FOSFATO,,14.198903858184813,3059c2da-d4a7-4aea-828c-20e671cb875c,9,"Dec 23, 2022","GANCICLOVIR (GANCICLOVIR SODIUM) INJECTION, SOLUTION [PHARMASCIENCE INC.]",https://dailymed.nlm.nih.gov/dailymed/drugInfo.cfm?setid=3059c2da-d4a7-4aea-828c-20e671cb875c,,,,,,REVIEW,AMBIGUOUS_DAILYMED_MATCH
MED-0802,PANCREATINA/DIMETICONA,PANCREATINA/DIMETICONA,NO_RENAL_CONTENT,0,0,0,HIGH_MATCH_NO_EXPLICIT_RENAL_DOSING_TEXT,HIGH,PANCREATINA/DIMETICONA,Pancreatin,9.022516250610352,212f5059-da04-595d-e063-6394a90acc64,2,"Sep 04, 2024","FESTAL PLUS (CELLULASE AP3 , PANCREATIN, SIMETHICONE) TABLET [LYDIA CO., LTD.]",https://dailymed.nlm.nih.gov/dailymed/drugInfo.cfm?setid=212f5059-da04-595d-e063-6394a90acc64,,,,,,REVIEW,HIGH_MATCH_NO_EXPLICIT_RENAL_DOSING_TEXT
MED-0803,PARAFINA LIQUIDA/PICOSULFATO SODICO,PARAFINA LIQUIDA/PICOSULFATO SODICO,NO_RENAL_CONTENT,0,0,0,AMBIGUOUS_DAILYMED_MATCH,MEDIUM,PARAFINA LIQUIDA/PICOSULFATO SODIUM,Sodium Picosulfate,11.715234756469727,e95fff66-4ec0-4001-a727-33e66a5ec7d5,6,"Apr 17, 2026","CLENPIQ (SODIUM PICOSULFATE, MAGNESIUM OXIDE, AND ANHYDROUS CITRIC ACID) LIQUID [FERRING PHARMACEUTICALS INC.]",https://dailymed.nlm.nih.gov/dailymed/drugInfo.cfm?setid=e95fff66-4ec0-4001-a727-33e66a5ec7d5,,,,,,REVIEW,AMBIGUOUS_DAILYMED_MATCH
MED-0804,PICOSULFATO SODICO/CITRATO DE MAGNESIO,PICOSULFATO SODICO/CITRATO DE MAGNESIO,NO_RENAL_CONTENT,0,0,0,AMBIGUOUS_DAILYMED_MATCH,MEDIUM,PICOSULFATO SODICO/CITRATO DE MAGNESIUM,CITRIC ACID/SODIUM PICOSULFATE/MAGNESIUM OXIDE,10.653259727049887,b759dc12-2dc1-4ef4-a375-1a61630d54d6,1,"Aug 12, 2022","SODIUM PICOSULFATE, MAGNESIUM OXIDE AND ANHYDROUS CITRIC ACID (SODIUM PICOSULFATE, MAGNESIUM OXIDE AND ANHYDROUS CITRIC ACID) POWDER, METERED [CAMBER PHARMACEUTICALS, INC.]",https://dailymed.nlm.nih.gov/dailymed/drugInfo.cfm?setid=b759dc12-2dc1-4ef4-a375-1a61630d54d6,,,,,,REVIEW,AMBIGUOUS_DAILYMED_MATCH
MED-0805,SALBUTAMOL/BECLOMETASONA,SALBUTAMOL/BECLOMETASONA,NO_RENAL_CONTENT,0,0,0,AMBIGUOUS_DAILYMED_MATCH,LOW,SALBUTAMOL/BECLOMETASONA,,7.98501443862915,4e13e70f-f550-4603-bbfb-346f80df3c4f,3,"Aug 03, 2026","TRIMBOW (BECLOMETHASONE DIPROPIONATE/FORMOTEROL FUMARATE/GLYCOPYRROLATE) AEROSOL, METERED [CHIESI USA, INC.]",https://dailymed.nlm.nih.gov/dailymed/drugInfo.cfm?setid=4e13e70f-f550-4603-bbfb-346f80df3c4f,,,,,,REVIEW,AMBIGUOUS_DAILYMED_MATCH
MED-0806,SALES DE MAGNESIO (CARBONATO/FOSFATO/OXIDO),SALES DE MAGNESIO (CARBONATO/FOSFATO/OXIDO),NO_RENAL_CONTENT,0,0,0,AMBIGUOUS_DAILYMED_MATCH,MEDIUM,SALES DE MAGNESIO (CARBONATO/FOSFATO/OXIDO),Magnesio carbonato,16.51432228088379,175d9f0f-266a-4dc2-865f-d1ebd4ddac51,9,"Sep 02, 2026","KROGER EXTRA STRENGTH (ALUMINUM HYDROXIDE AND MAGNESIUM CARBONATE) TABLET, CHEWABLE [THE KROGER CO.,]",https://dailymed.nlm.nih.gov/dailymed/drugInfo.cfm?setid=175d9f0f-266a-4dc2-865f-d1ebd4ddac51,,,,,,REVIEW,AMBIGUOUS_DAILYMED_MATCH
MED-0807,SODIO SULFATO/SODIO FOSFATO,SODIO SULFATO/SODIO FOSFATO,NO_RENAL_CONTENT,0,0,0,AMBIGUOUS_DAILYMED_MATCH,MEDIUM,SODIO SULFATO/SODIO FOSFATO,sodio hidróxido,15.529317855834961,11f10a47-1c42-40e4-89d8-bb000fef497c,3,"Sep 10, 2026","DEXAMETHASONE SODIUM PHOSPHATE INJECTION, SOLUTION [REMEDYREPACK INC.]",https://dailymed.nlm.nih.gov/dailymed/drugInfo.cfm?setid=11f10a47-1c42-40e4-89d8-bb000fef497c,,,,,,REVIEW,AMBIGUOUS_DAILYMED_MATCH
MED-0808,RETINOL/GENTAMICINA/METIONINA,RETINOL/GENTAMICINA/METIONINA,NO_RENAL_CONTENT,0,0,0,AMBIGUOUS_DAILYMED_MATCH,LOW,RETINOL/GENTAMICINA/METIONINA,retinol,13.231901168823242,1f47e508-58dd-fab4-e063-6394a90a668a,3,"May 29, 2026","BROTEGE GOOD BOY PROTECTION SPF 15 AND RETINOL DAILY MOISTURIZER (BENZOPHENONE-3, BUTYLE METHOXYDIBENZOYLMETHANE, ETHYLHEXYL SALICYLATE, OCTOCRYLENE) CREAM [SPA DE SOLEIL]",https://dailymed.nlm.nih.gov/dailymed/drugInfo.cfm?setid=1f47e508-58dd-fab4-e063-6394a90a668a,,,,,,REVIEW,AMBIGUOUS_DAILYMED_MATCH
MED-0809,BECLOMETASONA/NEOMICINA,BECLOMETASONA/NEOMICINA,NO_RENAL_CONTENT,0,0,0,AMBIGUOUS_DAILYMED_MATCH,LOW,BECLOMETASONA/NEOMICINA,Neomicina,9.889425277709961,5f17fae0-c6ea-452e-b84f-066caf2a95fc,7,"Aug 06, 2026","NEOMYCIN AND POLYMYXIN B SULFATES AND HYDROCORTISONE OTIC SUSPENSION (NEOMYCIN AND POLYMYXIN B SULFATES AND HYDROCORTISONE OTIC) SUSPENSION [PREFERRED PHARMACEUTICALS, INC.]",https://dailymed.nlm.nih.gov/dailymed/drugInfo.cfm?setid=5f17fae0-c6ea-452e-b84f-066caf2a95fc,,,,,,REVIEW,AMBIGUOUS_DAILYMED_MATCH
MED-0810,ESPIRAMICINA/METRONIDAZOL,ESPIRAMICINA/METRONIDAZOL,NO_RENAL_CONTENT,0,0,0,RXNORM_MATCH_NO_DAILYMED_SPL,LOW,ESPIRAMICINA/METRONIDAZOL,metronidazole / spiramycin,12.938621520996094,,,,,,,,,,,REVIEW,RXNORM_MATCH_NO_DAILYMED_SPL
MED-0811,CARBONATO DE CALCIO/COLECALCIFEROL,CARBONATO DE CALCIO/COLECALCIFEROL,NO_RENAL_CONTENT,0,0,0,AMBIGUOUS_DAILYMED_MATCH,LOW,CARBONATO DE CALCIO/COLECALCIFEROL,Carbonato de calcio,24.491132736206055,59382400-cde6-4234-b570-1580a8177279,8,"Sep 14, 2026","EXTRA STRENGTH ANTACID FRESHMINT (CALCIUM CARBONATE, MAGNESIUM HYDROXIDE) TABLET, CHEWABLE [DISCOUNT DRUG MART]",https://dailymed.nlm.nih.gov/dailymed/drugInfo.cfm?setid=59382400-cde6-4234-b570-1580a8177279,,,,,,REVIEW,AMBIGUOUS_DAILYMED_MATCH
MED-0812,CEFTOLOZANO/TAZOBACTAM,CEFTOLOZANO/TAZOBACTAM,NO_RENAL_CONTENT,0,0,0,AMBIGUOUS_DAILYMED_MATCH,MEDIUM,CEFTOLOZANO/TAZOBACTAM,ceftolozane / tazobactam,13.890962600708008,70ac1d90-eff3-4f0b-9f46-5846c571b32f,23,"May 28, 2026","ZERBAXA (CEFTOLOZANE AND TAZOBACTAM) INJECTION, POWDER, LYOPHILIZED, FOR SOLUTION [MERCK SHARP & DOHME LLC]",https://dailymed.nlm.nih.gov/dailymed/drugInfo.cfm?setid=70ac1d90-eff3-4f0b-9f46-5846c571b32f,,,,,,REVIEW,AMBIGUOUS_DAILYMED_MATCH
MED-0813,ABATACEPT,ABATACEPT,NO_RENAL_CONTENT,0,0,0,HIGH_MATCH_NO_EXPLICIT_RENAL_DOSING_TEXT,HIGH,ABATACEPT,abatacept,100.0,0836c6ac-ee37-5640-2fed-a3185a0b16eb,35,"Nov 18, 2025","ORENCIA (ABATACEPT) INJECTION, POWDER, LYOPHILIZED, FOR SOLUTION ORENCIA (ABATACEPT) INJECTION, SOLUTION [E.R. SQUIBB & SONS, L.L.C.]",https://dailymed.nlm.nih.gov/dailymed/drugInfo.cfm?setid=0836c6ac-ee37-5640-2fed-a3185a0b16eb,,,,,,REVIEW,HIGH_MATCH_NO_EXPLICIT_RENAL_DOSING_TEXT
MED-0815,ACENOCUMAROL,ACENOCUMAROL,NO_RENAL_CONTENT,0,0,0,RXNORM_MATCH_NO_DAILYMED_SPL,MEDIUM,ACENOCUMAROL,acenocoumarol,100.0,,,,,,,,,,,REVIEW,RXNORM_MATCH_NO_DAILYMED_SPL
MED-0816,ACEPONATO DE METILPREDNISOLONA,ACEPONATO DE METILPREDNISOLONA,NO_RENAL_CONTENT,0,0,0,AMBIGUOUS_DAILYMED_MATCH,MEDIUM,ACEPONATO DE METILPREDNISOLONA,methylprednisolone aceponate,100.0,f98314ea-a4e4-4f78-987b-3e9b45a08bb4,10,"Jul 15, 2026","METHYLPREDNISOLONE ACETATE INJECTION, SUSPENSION [SAGENT PHARMACEUTICALS]",https://dailymed.nlm.nih.gov/dailymed/drugInfo.cfm?setid=f98314ea-a4e4-4f78-987b-3e9b45a08bb4,,,,,,REVIEW,AMBIGUOUS_DAILYMED_MATCH
MED-0819,ACETATO DE ZINC,ACETATO DE ZINC,NO_RENAL_CONTENT,0,0,0,HIGH_MATCH_NO_EXPLICIT_RENAL_DOSING_TEXT,HIGH,ACETATE DE ZINC,Zinc Acetate,12.770938873291016,b5b810b8-97c0-4ed5-bd30-17dc01e08d61,4,"Sep 16, 2026","CLEAR ANTI-ITCH (PRAMOXINE HCL, ZINC ACETATE) LOTION [NICE-PAK PRODUCTS, LLC]",https://dailymed.nlm.nih.gov/dailymed/drugInfo.cfm?setid=b5b810b8-97c0-4ed5-bd30-17dc01e08d61,,,,,,REVIEW,HIGH_MATCH_NO_EXPLICIT_RENAL_DOSING_TEXT
MED-0820,ACETILCOLINA,ACETILCOLINA,NO_RENAL_CONTENT,0,0,0,AMBIGUOUS_DAILYMED_MATCH,MEDIUM,ACETILCOLINA,,8.553964614868164,ec9fdbfe-9c4d-427c-9243-df155fa4e7d3,4,"Mar 20, 2026","ACETYLCHOLINE CHLORIDE LIQUID [BIOACTIVE NUTRITIONAL, INC.]",https://dailymed.nlm.nih.gov/dailymed/drugInfo.cfm?setid=ec9fdbfe-9c4d-427c-9243-df155fa4e7d3,,,,,,REVIEW,AMBIGUOUS_DAILYMED_MATCH
MED-0821,ÁCIDO ESPAGLÚMICO,ÁCIDO ESPAGLÚMICO,NO_RENAL_CONTENT,0,0,0,AMBIGUOUS_DAILYMED_MATCH,MEDIUM,ÁCIDO ESPAGLÚMICO,ácido glutámico,6.192080187797546,cb6d23ff-3ec5-445a-acbe-f88fd57949bf,10,"Aug 24, 2026","TROPHAMINE (ISOLEUCINE, LEUCINE, LYSINE ACETATE, METHIONINE, PHENYLALANINE, THREONINE, TRYPTOPHAN, VALINE, CYSTEINE HYDROCHLORIDE, HISTIDINE, TYROSINE, N-ACETYL-TYROSINE, ALANINE, ARGININE, PROLINE, SERINE, GLYCINE, ASPARTIC ACID, GLUTAMIC ACID, AND TAURINE) SOLUTION [B. BRAUN MEDICAL INC.]",https://dailymed.nlm.nih.gov/dailymed/drugInfo.cfm?setid=cb6d23ff-3ec5-445a-acbe-f88fd57949bf,,,,,,REVIEW,AMBIGUOUS_DAILYMED_MATCH
MED-0823,ÁCIDO PARAAMINOSALICÍLICO (PAS),ÁCIDO PARAAMINOSALICÍLICO (PAS),NO_RENAL_CONTENT,0,0,0,HIGH_MATCH_NO_EXPLICIT_RENAL_DOSING_TEXT,HIGH,ÁCIDO PARAAMINOSALICÍLICO (PAS),PAS,6.538886070251465,5510edcf-3a01-d8f0-e063-6294a90aced5,3,"Aug 17, 2026","DEEP REST SLEEP PROBLEMS (COFFEA CRUDA 9C, CRATAEGUS 3C, IGNATIA AMARA 9C, PASSIFLORA INCARNATA 3C, TILIA EUROPAEA 3C, VALERIANA OFFICINALIS 3C) SPRAY [SEVENE USA]",https://dailymed.nlm.nih.gov/dailymed/drugInfo.cfm?setid=5510edcf-3a01-d8f0-e063-6294a90aced5,,,,,,REVIEW,HIGH_MATCH_NO_EXPLICIT_RENAL_DOSING_TEXT
MED-0825,ACTH/CORTICOTROPINA,ACTH/CORTICOTROPINA,NO_RENAL_CONTENT,0,0,0,HIGH_MATCH_NO_EXPLICIT_RENAL_DOSING_TEXT,HIGH,ACTH/CORTICOTROPINA,ACTH,12.429376602172852,7b48ddec-e815-45f4-9ca0-5c0daaf56f30,29,"Jul 22, 2026",ACTHAR (REPOSITORY CORTICOTROPIN) INJECTION ACTHAR (REPOSITORY CORTICOTROPIN) INJECTION [MALLINCKRODT ARD LLC],https://dailymed.nlm.nih.gov/dailymed/drugInfo.cfm?setid=7b48ddec-e815-45f4-9ca0-5c0daaf56f30,,,,,,REVIEW,HIGH_MATCH_NO_EXPLICIT_RENAL_DOSING_TEXT
MED-0826,ACTINOMICINA D,ACTINOMICINA D,NO_RENAL_CONTENT,0,0,0,AMBIGUOUS_DAILYMED_MATCH,MEDIUM,ACTINOMICINA D,Actinomycin D,11.468133926391602,ffb3d51f-8e14-4006-ab27-04277392be64,1,"Jun 27, 2022","ACTINOMYCIN D (DACTINOMYCIN) POWDER [SUZHOU QIANYUAN BIOTECHNOLOGY CO., LTD.]",https://dailymed.nlm.nih.gov/dailymed/drugInfo.cfm?setid=ffb3d51f-8e14-4006-ab27-04277392be64,,,,,,REVIEW,AMBIGUOUS_DAILYMED_MATCH
MED-0829,AGALSIDASA ALFA,AGALSIDASA ALFA,NO_RENAL_CONTENT,0,0,0,HIGH_MATCH_NO_EXPLICIT_RENAL_DOSING_TEXT,HIGH,AGALSIDASA ALFA,Agalsidase alfa,12.297607421875,ef0577e6-6779-4d76-9816-85e84aa560a5,1,"Sep 02, 2024",ALPHA GALACTOSIDASE CAPSULE [TARGET CORPORATION],https://dailymed.nlm.nih.gov/dailymed/drugInfo.cfm?setid=ef0577e6-6779-4d76-9816-85e84aa560a5,,,,,,REVIEW,HIGH_MATCH_NO_EXPLICIT_RENAL_DOSING_TEXT
MED-0831,AJMALINA,AJMALINA,NO_RENAL_CONTENT,0,0,0,RXNORM_MATCH_NO_DAILYMED_SPL,MEDIUM,AJMALINA,ajmaline,8.738752365112305,,,,,,,,,,,REVIEW,RXNORM_MATCH_NO_DAILYMED_SPL
MED-0832,ALEMTUZUMAB,ALEMTUZUMAB,NO_RENAL_CONTENT,0,0,0,HIGH_MATCH_NO_EXPLICIT_RENAL_DOSING_TEXT,HIGH,ALEMTUZUMAB,alemtuzumab,100.0,4f5f7255-7abc-4328-bd1a-ceaf139ef3e0,21,"Nov 19, 2025",CAMPATH (ALEMTUZUMAB) INJECTION [GENZYME CORPORATION],https://dailymed.nlm.nih.gov/dailymed/drugInfo.cfm?setid=4f5f7255-7abc-4328-bd1a-ceaf139ef3e0,,,,,,REVIEW,HIGH_MATCH_NO_EXPLICIT_RENAL_DOSING_TEXT
MED-0833,ALFACALCIDOL,ALFACALCIDOL,NO_RENAL_CONTENT,0,0,0,RXNORM_MATCH_NO_DAILYMED_SPL,MEDIUM,ALFACALCIDOL,alfacalcidol,100.0,,,,,,,,,,,REVIEW,RXNORM_MATCH_NO_DAILYMED_SPL
MED-0834,ALIMEMAZINA,ALIMEMAZINA,NO_RENAL_CONTENT,0,0,0,AMBIGUOUS_DAILYMED_MATCH,LOW,ALIMEMAZINA,trimeprazine,100.0,f6bd7e7d-723f-40ab-a33a-6bb88c65084b,1,"Nov 17, 2025",TRIMEPRAZINE WITH PREDNISOLONE TABLET [COVETRUS NORTH AMERICA],https://dailymed.nlm.nih.gov/dailymed/drugInfo.cfm?setid=f6bd7e7d-723f-40ab-a33a-6bb88c65084b,,,,,,REVIEW,AMBIGUOUS_DAILYMED_MATCH
MED-0835,ALMAGATO,ALMAGATO,NO_RENAL_CONTENT,0,0,0,HIGH_MATCH_NO_EXPLICIT_RENAL_DOSING_TEXT,HIGH,ALMAGATO,almagate,3.9721856117248535,448d1c72-2308-4041-8ba6-dd1e0802cc47,8,"Nov 17, 2025","EQUATE EXTRA STRENGTH ANTACID (ALUMINUM HYDROXIDE AND MAGNESIUM CARBONATE) TABLET, CHEWABLE [WAL-MART STORES,INC]",https://dailymed.nlm.nih.gov/dailymed/drugInfo.cfm?setid=448d1c72-2308-4041-8ba6-dd1e0802cc47,,,,,,REVIEW,HIGH_MATCH_NO_EXPLICIT_RENAL_DOSING_TEXT
MED-0837,ALPROSTADIL,ALPROSTADIL,NO_RENAL_CONTENT,0,0,0,HIGH_MATCH_NO_EXPLICIT_RENAL_DOSING_TEXT,HIGH,ALPROSTADIL,alprostadil,100.0,930f8c02-46a8-4cff-a484-660468ab23c3,4,"Aug 25, 2026","PROSTIN VR PEDIATRIC (ALPROSTADIL) INJECTION, SOLUTION [PHARMACIA & UPJOHN COMPANY LLC]",https://dailymed.nlm.nih.gov/dailymed/drugInfo.cfm?setid=930f8c02-46a8-4cff-a484-660468ab23c3,,,,,,REVIEW,HIGH_MATCH_NO_EXPLICIT_RENAL_DOSING_TEXT
MED-0838,AMODIAQUINA,AMODIAQUINA,NO_RENAL_CONTENT,0,0,0,RXNORM_MATCH_NO_DAILYMED_SPL,MEDIUM,AMODIAQUINA,amodiaquine,100.0,,,,,,,,,,,REVIEW,RXNORM_MATCH_NO_DAILYMED_SPL
MED-0839,AMOROLFINA,AMOROLFINA,NO_RENAL_CONTENT,0,0,0,RXNORM_MATCH_NO_DAILYMED_SPL,MEDIUM,AMOROLFINA,amorolfine,100.0,,,,,,,,,,,REVIEW,RXNORM_MATCH_NO_DAILYMED_SPL
MED-0840,AMSACRINA,AMSACRINA,NO_RENAL_CONTENT,0,0,0,RXNORM_MATCH_NO_DAILYMED_SPL,MEDIUM,AMSACRINA,amsacrine,8.776399612426758,,,,,,,,,,,REVIEW,RXNORM_MATCH_NO_DAILYMED_SPL
MED-0843,ANTICUERPOS ANTIDIGOXINA,ANTICUERPOS ANTIDIGOXINA,NO_RENAL_CONTENT,0,0,0,NO_RXNORM_MATCH,NONE,,,0.0,,,,,,,,,ANTICUERPOS ANTIDIGOXINA,,REVIEW,NO_RXNORM_MATCH
MED-0844,ANTIMONIATO DE MEGLUMINA,ANTIMONIATO DE MEGLUMINA,NO_RENAL_CONTENT,0,0,0,RXNORM_MATCH_NO_DAILYMED_SPL,MEDIUM,ANTIMONIATO DE MEGLUMINA,meglumine antimoniate,100.0,,,,,,,,,,,REVIEW,RXNORM_MATCH_NO_DAILYMED_SPL
MED-0845,ANTITROMBINA III,ANTITROMBINA III,NO_RENAL_CONTENT,0,0,0,HIGH_MATCH_NO_EXPLICIT_RENAL_DOSING_TEXT,HIGH,ANTITROMBINA III,"antithrombin III, human",100.0,b2a9f856-3ef7-8da4-920c-f738e4f1f7d7,31,"Sep 01, 2025","THROMBATE III (ANTITHROMBIN III (HUMAN)) KIT THROMBATE III (ANTITHROMBIN III (HUMAN)) KIT [GRIFOLS USA, LLC]",https://dailymed.nlm.nih.gov/dailymed/drugInfo.cfm?setid=b2a9f856-3ef7-8da4-920c-f738e4f1f7d7,,,,,,REVIEW,HIGH_MATCH_NO_EXPLICIT_RENAL_DOSING_TEXT
MED-0847,ARGININA,ARGININA,NO_RENAL_CONTENT,0,0,0,HIGH_MATCH_NO_EXPLICIT_RENAL_DOSING_TEXT,HIGH,ARGININA,arginine,100.0,65ffc962-7538-41ea-9afb-4af5fbce4c5b,15,"Sep 14, 2026","CLINISOL (LYSINE, LEUCINE, PHENYLALANINE, VALINE, HISTIDINE, ISOLEUCINE, METHIONINE, THREONINE, TRYPTOPHAN, ALANINE, ARGININE, GLYCINE, PROLINE, GLUTAMIC ACID, SERINE, ASPARTIC ACID, TYROSINE) INJECTION, SOLUTION [BAXTER HEALTHCARE CORPORATION]",https://dailymed.nlm.nih.gov/dailymed/drugInfo.cfm?setid=65ffc962-7538-41ea-9afb-4af5fbce4c5b,,,,,,REVIEW,HIGH_MATCH_NO_EXPLICIT_RENAL_DOSING_TEXT
MED-0848,ASPARAGINASA,ASPARAGINASA,NO_RENAL_CONTENT,0,0,0,HIGH_MATCH_NO_EXPLICIT_RENAL_DOSING_TEXT,HIGH,ASPARAGINASA,Asparaginase,9.261392593383789,857e53aa-1098-4dad-b654-0276cdd43e03,7,"Jul 03, 2025","RYLAZE (ASPARAGINASE ERWINIA CHRYSANTHEMI (RECOMBINANT)-RYWN) INJECTION [JAZZ PHARMACEUTICALS, INC.]",https://dailymed.nlm.nih.gov/dailymed/drugInfo.cfm?setid=857e53aa-1098-4dad-b654-0276cdd43e03,,,,,,REVIEW,HIGH_MATCH_NO_EXPLICIT_RENAL_DOSING_TEXT
MED-0849,ASPARAGINASA PEGILADA,ASPARAGINASA PEGILADA,NO_RENAL_CONTENT,0,0,0,HIGH_MATCH_NO_EXPLICIT_RENAL_DOSING_TEXT,HIGH,ASPARAGINASA PEGILADA,Asparaginase,9.261392593383789,857e53aa-1098-4dad-b654-0276cdd43e03,7,"Jul 03, 2025","RYLAZE (ASPARAGINASE ERWINIA CHRYSANTHEMI (RECOMBINANT)-RYWN) INJECTION [JAZZ PHARMACEUTICALS, INC.]",https://dailymed.nlm.nih.gov/dailymed/drugInfo.cfm?setid=857e53aa-1098-4dad-b654-0276cdd43e03,,,,,,REVIEW,HIGH_MATCH_NO_EXPLICIT_RENAL_DOSING_TEXT
MED-0850,ASPARAGINASA-ERWINIA,ASPARAGINASA-ERWINIA,NO_RENAL_CONTENT,0,0,0,AMBIGUOUS_DAILYMED_MATCH,MEDIUM,ASPARAGINASA-ERWINIA,,14.401234753926595,857e53aa-1098-4dad-b654-0276cdd43e03,7,"Jul 03, 2025","RYLAZE (ASPARAGINASE ERWINIA CHRYSANTHEMI (RECOMBINANT)-RYWN) INJECTION [JAZZ PHARMACEUTICALS, INC.]",https://dailymed.nlm.nih.gov/dailymed/drugInfo.cfm?setid=857e53aa-1098-4dad-b654-0276cdd43e03,,,,,,REVIEW,AMBIGUOUS_DAILYMED_MATCH
MED-0852,ATOVACUONA,ATOVACUONA,NO_RENAL_CONTENT,0,0,0,AMBIGUOUS_DAILYMED_MATCH,MEDIUM,ATOVACUONA,atovaquone,100.0,57d74d71-8cf8-4b10-9420-22954fae623c,10,"Sep 18, 2026","ATOVAQUONE AND PROGUANIL HYDROCHLORIDE TABLET, FILM COATED [MYLAN PHARMACEUTICALS INC.]",https://dailymed.nlm.nih.gov/dailymed/drugInfo.cfm?setid=57d74d71-8cf8-4b10-9420-22954fae623c,,,,,,REVIEW,AMBIGUOUS_DAILYMED_MATCH
MED-0854,BACITRACINA,BACITRACINA,NO_RENAL_CONTENT,0,0,0,HIGH_MATCH_NO_EXPLICIT_RENAL_DOSING_TEXT,HIGH,BACITRACINA,bacitracin,100.0,5b14499e-e45c-7c05-e063-6294a90a1cc2,1,"Sep 11, 2026","TRIPLE ANTIBIOTIC (BACITRACIN ZINC, NEOMYCIN SULFATE, AND POLYMYXIN B SULFATE) OINTMENT [NUCARE PHARMACEUTICAL, INC.]",https://dailymed.nlm.nih.gov/dailymed/drugInfo.cfm?setid=5b14499e-e45c-7c05-e063-6294a90a1cc2,,,,,,REVIEW,HIGH_MATCH_NO_EXPLICIT_RENAL_DOSING_TEXT
MED-0855,BAMBUTEROL,BAMBUTEROL,NO_RENAL_CONTENT,0,0,0,RXNORM_MATCH_NO_DAILYMED_SPL,MEDIUM,BAMBUTEROL,bambuterol,100.0,,,,,,,,,,,REVIEW,RXNORM_MATCH_NO_DAILYMED_SPL
MED-0860,BETAÍNA ANHIDRA,BETAÍNA ANHIDRA,NO_RENAL_CONTENT,0,0,0,HIGH_MATCH_NO_EXPLICIT_RENAL_DOSING_TEXT,HIGH,BETAÍNA ANHIDRA,betaine,100.0,6f14fa40-97ab-4ec5-b66b-793d6d1abac9,18,"Sep 15, 2026","ENBRACE HR (LEVOMEFOLATE MAGNESIUM, LEUCOVORIN, FOLIC ACID, FERROUS CYSTEINE GLYCINATE, MAGNESIUM ASCORBATE, ZINC ASCORBATE, COCARBOXYLASE, FLAVIN ADENINE DINUCLEOTIDE, NADH, PYRIDOXAL PHOSPHATE ANHYDROUS, COBAMAMIDE, BETAINE, MAGNESIUM L-THREONATE, 1,2-DOCOSAHEXANOYL-SN-GLYCERO-3-PHOSPHOSERINE CALCIUM, 1,2-ICOSAPENTOYL-SN-GLYCERO-3-PHOSPHOSERINE CALCIUM, AND PHOSPHATIDYL SERINE) CAPSULE, DELAYED RELEASE PELLETS [JAYMAC PHARMACEUTICALS, LLC]",https://dailymed.nlm.nih.gov/dailymed/drugInfo.cfm?setid=6f14fa40-97ab-4ec5-b66b-793d6d1abac9,,,,,,REVIEW,HIGH_MATCH_NO_EXPLICIT_RENAL_DOSING_TEXT
MED-0861,BEVACIZUMAB,BEVACIZUMAB,NO_RENAL_CONTENT,0,0,0,HIGH_MATCH_NO_EXPLICIT_RENAL_DOSING_TEXT,HIGH,BEVACIZUMAB,bevacizumab,100.0,7f9a3014-b3d4-4943-a83a-92a77d8f947c,2,"Sep 15, 2026","LYTENAVA (BEVACIZUMAB-VIKG) INJECTION [OUTLOOK THERAPEUTICS, INC.]",https://dailymed.nlm.nih.gov/dailymed/drugInfo.cfm?setid=7f9a3014-b3d4-4943-a83a-92a77d8f947c,,,,,,REVIEW,HIGH_MATCH_NO_EXPLICIT_RENAL_DOSING_TEXT
MED-0862,BIFONAZOL,BIFONAZOL,NO_RENAL_CONTENT,0,0,0,RXNORM_MATCH_NO_DAILYMED_SPL,MEDIUM,BIFONAZOL,bifonazole,100.0,,,,,,,,,,,REVIEW,RXNORM_MATCH_NO_DAILYMED_SPL
MED-0863,BIOTINA,BIOTINA,NO_RENAL_CONTENT,0,0,0,HIGH_MATCH_NO_EXPLICIT_RENAL_DOSING_TEXT,HIGH,BIOTINA,biotin,100.0,371e914f-e65a-4ad5-aeb6-54d8c7ab6838,7,"Sep 10, 2026","TARON-C DHA (FERROUS FUMARATE, IRON, ASCORBIC ACID, FOLIC ACID, THIAMINE MONONITRATE, RIBOFLAVIN, NIACIN, CALCIUM PANTOTHENATE, PYRIDOXINE HYDROCHLORIDE, BIOTIN, CYANOCOBALAMIN, CUPRIC SULFATE, MAGNESIUM SULFATE, ZINC SULFATE, AND OMEGA-3 FATTY ACIDS) CAPSULE [TRIGEN LABORATORIES, LLC]",https://dailymed.nlm.nih.gov/dailymed/drugInfo.cfm?setid=371e914f-e65a-4ad5-aeb6-54d8c7ab6838,,,,,,REVIEW,HIGH_MATCH_NO_EXPLICIT_RENAL_DOSING_TEXT
MED-0864,BISMUTO SUBCITRATO,BISMUTO SUBCITRATO,NO_RENAL_CONTENT,0,0,0,AMBIGUOUS_DAILYMED_MATCH,MEDIUM,BISMUTO SUBCITRATO,BISMUTH SUBCITRATE,9.71413803100586,5cdacbf5-67be-42eb-bd54-8acc32ea1abc,4,"Jul 01, 2026","PYLERA (BISMUTH SUBCITRATE POTASSIUM, METRONIDAZOLE, AND TETRACYCLINE HYDROCHLORIDE) CAPSULE [H2-PHARMA, LLC]",https://dailymed.nlm.nih.gov/dailymed/drugInfo.cfm?setid=5cdacbf5-67be-42eb-bd54-8acc32ea1abc,,,,,,REVIEW,AMBIGUOUS_DAILYMED_MATCH
MED-0868,CALCITONINA,CALCITONINA,NO_RENAL_CONTENT,0,0,0,AMBIGUOUS_DAILYMED_MATCH,MEDIUM,CALCITONINA,,8.45857048034668,3a54aad3-33ef-06de-f314-abbd7facb7df,4,"Jan 11, 2023","ARTHROS (ANTI-INTERLEUKIN-1.ALPHA. IMMUNOGLOBULIN G RABBIT, .ALPHA.-KETOGLUTARIC ACID, .ALPHA.-LIPOIC ACID, APOMORPHINE, BOS TAURUS JOINT CAPSULE, SUS SCROFA JOINT CAPSULE, ASCORBIC ACID, BOS TAURUS ADRENAL GLAND, SUS SCROFA ADRENAL GLAND, BRAIN-DERIVED NEUROTROPHIC FACTOR HUMAN, METENKEFALIN, ERSOFERMIN, BOS TAURUS SOLAR PLEXUS, SUS SCROFA SOLAR PLEXUS, CALCITONIN, BOS TAURUS CARTILAGE, SUS SCROFA CARTILAGE, COLCHICUM AUTUMNALE BULB, PORK COLLAGEN, BOS TAURUS RED BLOOD CELL, SUS SCROFA RED BLOOD CELL) SPRAY [VIATREXX BIO INCORPORATED]",https://dailymed.nlm.nih.gov/dailymed/drugInfo.cfm?setid=3a54aad3-33ef-06de-f314-abbd7facb7df,,,,,,REVIEW,AMBIGUOUS_DAILYMED_MATCH
MED-0869,CANAKINUMAB,CANAKINUMAB,NO_RENAL_CONTENT,0,0,0,HIGH_MATCH_NO_EXPLICIT_RENAL_DOSING_TEXT,HIGH,CANAKINUMAB,canakinumab,100.0,62c57cc4-28c9-406f-821d-1d48370968f2,3,"Jun 11, 2026",GUNA-SLEEP (AVENA SATIVA FLOWERING TOP - CANAKINUMAB - CHAMOMILE - HELLEBORUS NIGER ROOT - MELATONIN - MELISSA OFFICINALIS - PULSATILLA VULGARIS - SEROTONIN - STRYCHNOS IGNATII SEED - SUS SCROFA PINEAL GLAND - VALERIAN -) SOLUTION/ DROPS [GUNA SPA],https://dailymed.nlm.nih.gov/dailymed/drugInfo.cfm?setid=62c57cc4-28c9-406f-821d-1d48370968f2,,,,,,REVIEW,HIGH_MATCH_NO_EXPLICIT_RENAL_DOSING_TEXT
MED-0871,CAPREOMICINA,CAPREOMICINA,NO_RENAL_CONTENT,0,0,0,RXNORM_MATCH_NO_DAILYMED_SPL,MEDIUM,CAPREOMICINA,capreomycin,100.0,,,,,,,,,,,REVIEW,RXNORM_MATCH_NO_DAILYMED_SPL
MED-0872,CARBIMAZOL,CARBIMAZOL,NO_RENAL_CONTENT,0,0,0,HIGH_MATCH_NO_EXPLICIT_RENAL_DOSING_TEXT,HIGH,CARBIMAZOL,carbimazole,100.0,a6d39e3f-e46a-45ec-9fce-aca5ff418770,1,"Jul 30, 2025",CARBIMAZOLE POWDER [EVEREEN SHANGHAI BIOTECHNOLOGY LTD.],https://dailymed.nlm.nih.gov/dailymed/drugInfo.cfm?setid=a6d39e3f-e46a-45ec-9fce-aca5ff418770,,,,,,REVIEW,HIGH_MATCH_NO_EXPLICIT_RENAL_DOSING_TEXT
MED-0873,CARBOCISTEÍNA,CARBOCISTEÍNA,NO_RENAL_CONTENT,0,0,0,RXNORM_MATCH_NO_DAILYMED_SPL,MEDIUM,CARBOCISTEÍNA,carbocysteine,100.0,,,,,,,,,,,REVIEW,RXNORM_MATCH_NO_DAILYMED_SPL
MED-0876,CEFONICID,CEFONICID,NO_RENAL_CONTENT,0,0,0,RXNORM_MATCH_NO_DAILYMED_SPL,MEDIUM,CEFONICID,cefonicid,100.0,,,,,,,,,,,REVIEW,RXNORM_MATCH_NO_DAILYMED_SPL
MED-0877,CEFTAROLINA,CEFTAROLINA,NO_RENAL_CONTENT,0,0,0,AMBIGUOUS_DAILYMED_MATCH,MEDIUM,CEFTAROLINA,,9.420669555664062,9ec2cc88-fbec-a5aa-df85-ecff7350d813,1,"Sep 15, 2026","CEFTAROLINE FOSAMIL INJECTION, POWDER, LYOPHILIZED, FOR SOLUTION [APOTEX CORP.]",https://dailymed.nlm.nih.gov/dailymed/drugInfo.cfm?setid=9ec2cc88-fbec-a5aa-df85-ecff7350d813,,,,,,REVIEW,AMBIGUOUS_DAILYMED_MATCH
MED-0880,CICLOPENTOLATO,CICLOPENTOLATO,NO_RENAL_CONTENT,0,0,0,HIGH_MATCH_NO_EXPLICIT_RENAL_DOSING_TEXT,HIGH,CICLOPENTOLATO,cyclopentolate,100.0,8268b70f-3f10-48dd-bb24-baaeb27a1325,13,"May 19, 2025","CYCLOMYDRIL (CYCLOPENTOLATE HYDROCHLORIDE AND PHENYLEPHRINE HYDROCHLORIDE) SOLUTION/ DROPS [ALCON LABORATORIES, INC.]",https://dailymed.nlm.nih.gov/dailymed/drugInfo.cfm?setid=8268b70f-3f10-48dd-bb24-baaeb27a1325,,,,,,REVIEW,HIGH_MATCH_NO_EXPLICIT_RENAL_DOSING_TEXT
MED-0881,CICLOSERINA,CICLOSERINA,NO_RENAL_CONTENT,0,0,0,AMBIGUOUS_DAILYMED_MATCH,MEDIUM,CICLOSERINA,cycloserine,100.0,8e7e2665-7a3d-3f54-9f92-5fe845f02ef9,3,"Jul 31, 2024","CYCLOSERINE CAPSULE [DR. REDDY&RSQUO;S LABORATORIES, INC.]",https://dailymed.nlm.nih.gov/dailymed/drugInfo.cfm?setid=8e7e2665-7a3d-3f54-9f92-5fe845f02ef9,,,,,,REVIEW,AMBIGUOUS_DAILYMED_MATCH
MED-0882,CIDOFOVIR (CDV),CIDOFOVIR (CDV),NO_RENAL_CONTENT,0,0,0,HIGH_MATCH_NO_EXPLICIT_RENAL_DOSING_TEXT,HIGH,CIDOFOVIR (CDV),Cidofovir,14.200811386108398,00747bd8-ac58-43ff-be46-7317c822cd24,6,"Apr 09, 2025",CIDOFOVIR DIHYDRATE POWDER [AX PHARMACEUTICAL CORP],https://dailymed.nlm.nih.gov/dailymed/drugInfo.cfm?setid=00747bd8-ac58-43ff-be46-7317c822cd24,,,,,,REVIEW,HIGH_MATCH_NO_EXPLICIT_RENAL_DOSING_TEXT
MED-0883,CIMETIDINA,CIMETIDINA,NO_RENAL_CONTENT,0,0,0,HIGH_MATCH_NO_EXPLICIT_RENAL_DOSING_TEXT,HIGH,CIMETIDINA,cimetidine,100.0,81dbc581-aa51-46bf-8b69-6d926de2f583,3,"Aug 20, 2026","ACID REDUCER (CIMETIDINE) TABLET, FILM COATED [AMAZON.COM SERVICES LLC]",https://dailymed.nlm.nih.gov/dailymed/drugInfo.cfm?setid=81dbc581-aa51-46bf-8b69-6d926de2f583,,,,,,REVIEW,HIGH_MATCH_NO_EXPLICIT_RENAL_DOSING_TEXT
MED-0884,CIPROHEPTADINA,CIPROHEPTADINA,NO_RENAL_CONTENT,0,0,0,HIGH_MATCH_NO_EXPLICIT_RENAL_DOSING_TEXT,HIGH,CIPROHEPTADINA,cyproheptadine,100.0,9c0b47c0-ecd2-450f-9dcb-c262db92866e,6,"Aug 21, 2026","CYPROHEPTADINE HYDROCHLORIDE TABLET [TRUPHARMA, LLC]",https://dailymed.nlm.nih.gov/dailymed/drugInfo.cfm?setid=9c0b47c0-ecd2-450f-9dcb-c262db92866e,,,,,,REVIEW,HIGH_MATCH_NO_EXPLICIT_RENAL_DOSING_TEXT
MED-0887,CITARABINA,CITARABINA,NO_RENAL_CONTENT,0,0,0,AMBIGUOUS_DAILYMED_MATCH,MEDIUM,CITARABINA,cytarabine,100.0,21e8e8e6-3f85-4fdd-8452-c9d14d2ef69a,17,"Aug 31, 2026","CYTARABINE INJECTION, SOLUTION [HOSPIRA, INC.]",https://dailymed.nlm.nih.gov/dailymed/drugInfo.cfm?setid=21e8e8e6-3f85-4fdd-8452-c9d14d2ef69a,,,,,,REVIEW,AMBIGUOUS_DAILYMED_MATCH
MED-0888,CLEBOPRIDA,CLEBOPRIDA,NO_RENAL_CONTENT,0,0,0,RXNORM_MATCH_NO_DAILYMED_SPL,MEDIUM,CLEBOPRIDA,clebopride,100.0,,,,,,,,,,,REVIEW,RXNORM_MATCH_NO_DAILYMED_SPL
MED-0891,CLORAZEPATO DIPOTÁSICO,CLORAZEPATO DIPOTÁSICO,NO_RENAL_CONTENT,0,0,0,AMBIGUOUS_DAILYMED_MATCH,MEDIUM,CLORAZEPATO DIPOTÁSICO,,9.13273811340332,7b59a3ab-3dff-4458-a63a-ef0d9e0d996d,9,"Sep 15, 2026","CLORAZEPATE DIPOTASSIUM TABLET [PD-RX PHARMACEUTICALS, INC.]",https://dailymed.nlm.nih.gov/dailymed/drugInfo.cfm?setid=7b59a3ab-3dff-4458-a63a-ef0d9e0d996d,,,,,,REVIEW,AMBIGUOUS_DAILYMED_MATCH
MED-0893,CLORPROMAZINA,CLORPROMAZINA,NO_RENAL_CONTENT,0,0,0,HIGH_MATCH_NO_EXPLICIT_RENAL_DOSING_TEXT,HIGH,CLORPROMAZINA,chlorpromazine,100.0,9709ffde-7034-42be-97be-f5f39eeacf72,4,"Sep 07, 2026","CHLORPROMAZINE HYDROCHLORIDE TABLET, FILM COATED [REMEDYREPACK INC.]",https://dailymed.nlm.nih.gov/dailymed/drugInfo.cfm?setid=9709ffde-7034-42be-97be-f5f39eeacf72,,,,,,REVIEW,HIGH_MATCH_NO_EXPLICIT_RENAL_DOSING_TEXT
MED-0895,COLISTINA,COLISTINA,NO_RENAL_CONTENT,0,0,0,HIGH_MATCH_NO_EXPLICIT_RENAL_DOSING_TEXT,HIGH,COLISTINA,colistin,100.0,9c6fc1c7-3350-42ae-b999-aca48e704bb1,6,"Dec 08, 2025","CORTISPORIN TC (COLISTIN SULFATE, NEOMYCIN SULFATE, THONZONIUM BROMIDE AND HYDROCORTISONE ACETATE) SUSPENSION [ENDO USA, INC.]",https://dailymed.nlm.nih.gov/dailymed/drugInfo.cfm?setid=9c6fc1c7-3350-42ae-b999-aca48e704bb1,,,,,,REVIEW,HIGH_MATCH_NO_EXPLICIT_RENAL_DOSING_TEXT
MED-0896,COMPLEJO COAGULANTE ANTIINHIBIDOR,COMPLEJO COAGULANTE ANTIINHIBIDOR,NO_RENAL_CONTENT,0,0,0,AMBIGUOUS_DAILYMED_MATCH,MEDIUM,COMPLEJO COAGULANTE ANTIINHIBIDOR,ANTIINHIBITOR COAGULANT COMPLEX,10.284807205200195,752604e5-4ea2-44f4-83ed-1569373f6412,30,"Dec 10, 2025","FEIBA (ANTI-INHIBITOR COAGULANT COMPLEX) KIT [TAKEDA PHARMACEUTICALS AMERICA, INC.]",https://dailymed.nlm.nih.gov/dailymed/drugInfo.cfm?setid=752604e5-4ea2-44f4-83ed-1569373f6412,,,,,,REVIEW,AMBIGUOUS_DAILYMED_MATCH
MED-0897,COMPLEJO HIDROXIAPATITA OSEÍNA,COMPLEJO HIDROXIAPATITA OSEÍNA,NO_RENAL_CONTENT,0,0,0,AMBIGUOUS_DAILYMED_MATCH,MEDIUM,COMPLEJO HIDROXIAPATITA OSEÍNA,Complera,8.811325073242188,9176bf31-c889-47bd-861c-f2d3fc37ab8d,10,"Jul 25, 2025","COMPLERA ACCESS (EMTRICITABINE, RILPIVIRINE HYDROCHLORIDE, AND TENOFOVIR DISOPROXIL FUMARATE) TABLET, FILM COATED [GILEAD SCIENCES, INC.]",https://dailymed.nlm.nih.gov/dailymed/drugInfo.cfm?setid=9176bf31-c889-47bd-861c-f2d3fc37ab8d,,,,,,REVIEW,AMBIGUOUS_DAILYMED_MATCH
MED-0898,CROMOCARBO,CROMOCARBO,NO_RENAL_CONTENT,0,0,0,RXNORM_MATCH_NO_DAILYMED_SPL,MEDIUM,CROMOCARBO,chromocarb diethylamine,7.829639015865326,,,,,,,,,,,REVIEW,RXNORM_MATCH_NO_DAILYMED_SPL
MED-0899,CROMOGLICATO (NEBULIZADO),CROMOGLICATO (NEBULIZADO),NO_RENAL_CONTENT,0,0,0,AMBIGUOUS_DAILYMED_MATCH,MEDIUM,CROMOGLICATO (NEBULIZADO),Cromoglycic acid,6.290412425994873,b32851c3-cd97-4be4-a09c-1deab1d6966b,7,"Aug 04, 2026",CROMOLYN SODIUM SOLUTION/ DROPS [SANDOZ INC],https://dailymed.nlm.nih.gov/dailymed/drugInfo.cfm?setid=b32851c3-cd97-4be4-a09c-1deab1d6966b,,,,,,REVIEW,AMBIGUOUS_DAILYMED_MATCH
MED-0905,DELAMANIDA,DELAMANIDA,NO_RENAL_CONTENT,0,0,0,NO_RXNORM_MATCH,NONE,,,0.0,,,,,,,,,DELAMANIDA,,REVIEW,NO_RXNORM_MATCH
MED-0907,DESRAZOXANO,DESRAZOXANO,NO_RENAL_CONTENT,0,0,0,AMBIGUOUS_DAILYMED_MATCH,MEDIUM,DESRAZOXANO,Dexrazoxane,8.549064636230469,cb72203a-0b09-42d5-bf51-7f479feb3adb,2,"Aug 17, 2026",DEXRAZOXANE KIT [EUGIA US LLC],https://dailymed.nlm.nih.gov/dailymed/drugInfo.cfm?setid=cb72203a-0b09-42d5-bf51-7f479feb3adb,,,,,,REVIEW,AMBIGUOUS_DAILYMED_MATCH
MED-0909,DICICLOVERINA,DICICLOVERINA,NO_RENAL_CONTENT,0,0,0,AMBIGUOUS_DAILYMED_MATCH,LOW,DICICLOVERINA,dicyclomine,100.0,c0a6db32-1061-4721-b5ea-0082ff41acbf,7,"Sep 17, 2026","DICYCLOMINE HYDROCHLORIDE TABLET [PD-RX PHARMACEUTICALS, INC.]",https://dailymed.nlm.nih.gov/dailymed/drugInfo.cfm?setid=c0a6db32-1061-4721-b5ea-0082ff41acbf,,,,,,REVIEW,AMBIGUOUS_DAILYMED_MATCH
MED-0910,DICLOROACETATO SÓDICO,DICLOROACETATO SÓDICO,NO_RENAL_CONTENT,0,0,0,HIGH_MATCH_NO_EXPLICIT_RENAL_DOSING_TEXT,HIGH,DICLOROACETATO SODIUM,sodium dichloroacetate,11.965278625488281,1def4cbc-74bd-8e71-e063-6294a90a4c0f,1,"Jul 24, 2024",DCL ZOMA (ZOMA SHAMPOO) LOTION/SHAMPOO [MILBAR LABORATORIES],https://dailymed.nlm.nih.gov/dailymed/drugInfo.cfm?setid=1def4cbc-74bd-8e71-e063-6294a90a4c0f,,,,,,REVIEW,HIGH_MATCH_NO_EXPLICIT_RENAL_DOSING_TEXT
MED-0911,DIETILCARBAMAZINA,DIETILCARBAMAZINA,NO_RENAL_CONTENT,0,0,0,HIGH_MATCH_NO_EXPLICIT_RENAL_DOSING_TEXT,HIGH,DIETILCARBAMAZINA,diethylcarbamazine,100.0,4a80076e-2837-42a8-b51c-a1729fc754e6,1,"Sep 03, 2020","DIETHYLCARBAMAZINE CITRATE POWDER [BLUEBAY SHANDONG CO.,LTD]",https://dailymed.nlm.nih.gov/dailymed/drugInfo.cfm?setid=4a80076e-2837-42a8-b51c-a1729fc754e6,,,,,,REVIEW,HIGH_MATCH_NO_EXPLICIT_RENAL_DOSING_TEXT
MED-0912,DIFLORASONA,DIFLORASONA,NO_RENAL_CONTENT,0,0,0,HIGH_MATCH_NO_EXPLICIT_RENAL_DOSING_TEXT,HIGH,DIFLORASONA,diflorasone,100.0,b20c9420-8fb4-4a49-93f0-c0e4074d6d71,7,"Sep 25, 2025","DIFLORASONE DIACETATE CREAM [SUN PHARMACEUTICAL INDUSTRIES, INC.]",https://dailymed.nlm.nih.gov/dailymed/drugInfo.cfm?setid=b20c9420-8fb4-4a49-93f0-c0e4074d6d71,,,,,,REVIEW,HIGH_MATCH_NO_EXPLICIT_RENAL_DOSING_TEXT
MED-0913,DIHIDROARTEMISININA,DIHIDROARTEMISININA,NO_RENAL_CONTENT,0,0,0,AMBIGUOUS_DAILYMED_MATCH,MEDIUM,DIHIDROARTEMISININA,methyl-dihydroartemisinine,6.052288153656758,7866ec19-dfac-47d4-a53f-511a12643cbf,25,"Mar 30, 2026",COARTEM (ARTEMETHER AND LUMEFANTRINE) TABLET [NOVARTIS PHARMACEUTICALS CORPORATION],https://dailymed.nlm.nih.gov/dailymed/drugInfo.cfm?setid=7866ec19-dfac-47d4-a53f-511a12643cbf,,,,,,REVIEW,AMBIGUOUS_DAILYMED_MATCH
MED-0914,DIHIDROEMETINA,DIHIDROEMETINA,NO_RENAL_CONTENT,0,0,0,RXNORM_MATCH_NO_DAILYMED_SPL,MEDIUM,DIHIDROEMETINA,dehydroemetine hydrochloride,7.886027319145203,,,,,,,,,,,REVIEW,RXNORM_MATCH_NO_DAILYMED_SPL
MED-0915,DIMERCAPROL,DIMERCAPROL,NO_RENAL_CONTENT,0,0,0,HIGH_MATCH_NO_EXPLICIT_RENAL_DOSING_TEXT,HIGH,DIMERCAPROL,dimercaprol,100.0,bee9a137-160f-47e8-a551-ca461ae4f51e,5,"Jul 04, 2022",BAL (DIMERCAPROL) INJECTION [AKORN],https://dailymed.nlm.nih.gov/dailymed/drugInfo.cfm?setid=bee9a137-160f-47e8-a551-ca461ae4f51e,,,,,,REVIEW,HIGH_MATCH_NO_EXPLICIT_RENAL_DOSING_TEXT
MED-0917,DISOPIRAMIDA,DISOPIRAMIDA,NO_RENAL_CONTENT,0,0,0,AMBIGUOUS_DAILYMED_MATCH,MEDIUM,DISOPIRAMIDA,disopyramide,100.0,e2aa1642-d262-4520-bc6a-9fd3ad795677,22,"Aug 25, 2026","NORPACE (DISOPYRAMIDE PHOSPHATE) CAPSULE, GELATIN COATED NORPACE CR (DISOPYRAMIDE PHOSPHATE) CAPSULE, EXTENDED RELEASE [PFIZER LABORATORIES DIV PFIZER INC]",https://dailymed.nlm.nih.gov/dailymed/drugInfo.cfm?setid=e2aa1642-d262-4520-bc6a-9fd3ad795677,,,,,,REVIEW,AMBIGUOUS_DAILYMED_MATCH
MED-0918,DORIPENEM,DORIPENEM,NO_RENAL_CONTENT,0,0,0,RXNORM_MATCH_NO_DAILYMED_SPL,MEDIUM,DORIPENEM,doripenem,100.0,,,,,,,,,,,REVIEW,RXNORM_MATCH_NO_DAILYMED_SPL
MED-0920,ECONAZOL,ECONAZOL,NO_RENAL_CONTENT,0,0,0,HIGH_MATCH_NO_EXPLICIT_RENAL_DOSING_TEXT,HIGH,ECONAZOL,econazole,100.0,64d82b8b-d749-4bfe-ba3e-25836d54e115,1,"Jul 06, 2026","ECONAZOLE NITRATE CREAM [ENCUBE ETHICALS, INC.]",https://dailymed.nlm.nih.gov/dailymed/drugInfo.cfm?setid=64d82b8b-d749-4bfe-ba3e-25836d54e115,,,,,,REVIEW,HIGH_MATCH_NO_EXPLICIT_RENAL_DOSING_TEXT
MED-0922,EFLORNITINA,EFLORNITINA,NO_RENAL_CONTENT,0,0,0,AMBIGUOUS_DAILYMED_MATCH,MEDIUM,EFLORNITINA,,8.56297492980957,6716d8cc-66e6-4cee-935c-ccb85ed984f5,7,"Mar 30, 2026","IWILFIN (EFLORNITHINE HYDROCHLORIDE) TABLET [USWM, LLC]",https://dailymed.nlm.nih.gov/dailymed/drugInfo.cfm?setid=6716d8cc-66e6-4cee-935c-ccb85ed984f5,,,,,,REVIEW,AMBIGUOUS_DAILYMED_MATCH
MED-0923,ELOSULFASA ALFA,ELOSULFASA ALFA,NO_RENAL_CONTENT,0,0,0,AMBIGUOUS_DAILYMED_MATCH,MEDIUM,ELOSULFASA ALFA,,12.375923156738281,0caa2565-12b2-0ad0-1f9a-273e81c3d4cc,38,"Nov 18, 2025","VIMIZIM (ELOSULFASE ALFA) INJECTION, SOLUTION, CONCENTRATE [BIOMARIN PHARMACEUTICAL INC.]",https://dailymed.nlm.nih.gov/dailymed/drugInfo.cfm?setid=0caa2565-12b2-0ad0-1f9a-273e81c3d4cc,,,,,,REVIEW,AMBIGUOUS_DAILYMED_MATCH
MED-0924,EMEDASTINA OFTÁLMICA,EMEDASTINA OFTÁLMICA,NO_RENAL_CONTENT,0,0,0,RXNORM_MATCH_NO_DAILYMED_SPL,MEDIUM,EMEDASTINA OFTÁLMICA,Emedastina,9.889425277709961,,,,,,,,,,,REVIEW,RXNORM_MATCH_NO_DAILYMED_SPL
MED-0925,ENFUVIRTIDA,ENFUVIRTIDA,NO_RENAL_CONTENT,0,0,0,RXNORM_MATCH_NO_DAILYMED_SPL,MEDIUM,ENFUVIRTIDA,enfuvirtide,100.0,,,,,,,,,,,REVIEW,RXNORM_MATCH_NO_DAILYMED_SPL
MED-0926,ENOXIMONA,ENOXIMONA,NO_RENAL_CONTENT,0,0,0,RXNORM_MATCH_NO_DAILYMED_SPL,MEDIUM,ENOXIMONA,enoximone,100.0,,,,,,,,,,,REVIEW,RXNORM_MATCH_NO_DAILYMED_SPL
MED-0927,EPINASTINA,EPINASTINA,NO_RENAL_CONTENT,0,0,0,HIGH_MATCH_NO_EXPLICIT_RENAL_DOSING_TEXT,HIGH,EPINASTINA,epinastine,100.0,0d4ee45c-e58f-4b7c-b389-898f5c27f54d,7,"Mar 26, 2025","EPINASTINE HYDROCHLORIDE SOLUTION/ DROPS [SOMERSET THERAPEUTICS, LLC]",https://dailymed.nlm.nih.gov/dailymed/drugInfo.cfm?setid=0d4ee45c-e58f-4b7c-b389-898f5c27f54d,,,,,,REVIEW,HIGH_MATCH_NO_EXPLICIT_RENAL_DOSING_TEXT
MED-0931,EPOPROSTENOL,EPOPROSTENOL,NO_RENAL_CONTENT,0,0,0,HIGH_MATCH_NO_EXPLICIT_RENAL_DOSING_TEXT,HIGH,EPOPROSTENOL,epoprostenol,100.0,47f64fcd-cbf7-457a-9548-661fb10ff7e0,5,"Jan 07, 2026","EPOPROSTENOL INJECTION, POWDER, LYOPHILIZED, FOR SOLUTION [GLAND PHARMA LIMITED]",https://dailymed.nlm.nih.gov/dailymed/drugInfo.cfm?setid=47f64fcd-cbf7-457a-9548-661fb10ff7e0,,,,,,REVIEW,HIGH_MATCH_NO_EXPLICIT_RENAL_DOSING_TEXT
MED-0935,ETANERCEPT,ETANERCEPT,NO_RENAL_CONTENT,0,0,0,HIGH_MATCH_NO_EXPLICIT_RENAL_DOSING_TEXT,HIGH,ETANERCEPT,etanercept,100.0,a002b40c-097d-47a5-957f-7a7b1807af7f,218,"May 20, 2026",ENBREL (ETANERCEPT) KIT ENBREL (ETANERCEPT) SOLUTION [IMMUNEX CORPORATION],https://dailymed.nlm.nih.gov/dailymed/drugInfo.cfm?setid=a002b40c-097d-47a5-957f-7a7b1807af7f,,,,,,REVIEW,HIGH_MATCH_NO_EXPLICIT_RENAL_DOSING_TEXT
MED-0936,ETANOL,ETANOL,NO_RENAL_CONTENT,0,0,0,HIGH_MATCH_NO_EXPLICIT_RENAL_DOSING_TEXT,HIGH,ETANOL,ethanol,100.0,34795eba-9ec4-6401-e063-6394a90af428,3,"Aug 17, 2026",AFCO 5511 SANIFECT E3 (ETHANOL) LIQUID [ZEP INC.],https://dailymed.nlm.nih.gov/dailymed/drugInfo.cfm?setid=34795eba-9ec4-6401-e063-6394a90af428,,,,,,REVIEW,HIGH_MATCH_NO_EXPLICIT_RENAL_DOSING_TEXT
MED-0937,ETIONAMIDA,ETIONAMIDA,NO_RENAL_CONTENT,0,0,0,RXNORM_MATCH_NO_DAILYMED_SPL,MEDIUM,ETIONAMIDA,ethionamide,100.0,,,,,,,,,,,REVIEW,RXNORM_MATCH_NO_DAILYMED_SPL
MED-0943,FACTOR VIIA RECOMBINANTE EPTACOG ALFA ACTIVADO,FACTOR VIIA RECOMBINANTE EPTACOG ALFA ACTIVADO,NO_RENAL_CONTENT,0,0,0,HIGH_MATCH_NO_EXPLICIT_RENAL_DOSING_TEXT,HIGH,FACTOR VIIA RECOMBINANTE EPTACOG ALFA ACTIVADO,factor VIIa,16.967134475708008,b23ad666-8ce0-4e0b-9eff-c6983ac5f7e6,11,"Feb 11, 2026",SEVENFACT (COAGULATION FACTOR VIIA RECOMBINANT HUMAN) KIT [LABORATOIRE FRAN&CCEDIL;AIS DU FRACTIONNEMENT ET DES BIOTECHNOLOGIES SOCI&EACUTE;T&EACUTE; ANONYME (LFB S.A.)],https://dailymed.nlm.nih.gov/dailymed/drugInfo.cfm?setid=b23ad666-8ce0-4e0b-9eff-c6983ac5f7e6,,,,,,REVIEW,HIGH_MATCH_NO_EXPLICIT_RENAL_DOSING_TEXT
MED-0944,FACTOR VIII/FACTOR VON WILLEBRAND,FACTOR VIII/FACTOR VON WILLEBRAND,NO_RENAL_CONTENT,0,0,0,HIGH_MATCH_NO_EXPLICIT_RENAL_DOSING_TEXT,HIGH,FACTOR VIII/FACTOR VON WILLEBRAND,factor VIII / von Willebrand factor,100.0,a8ef06b8-b041-054e-e58d-fd8a994a8071,26,"Jul 16, 2026","WILATE - VON WILLEBRAND FACTOR/COAGULATION FACTOR VIII COMPLEX (HUMAN) (VON WILLEBRAND FACTOR/COAGULATION FACTOR VIII COMPLEX (HUMAN)) POWDER, FOR SOLUTION [OCTAPHARMA USA INC]",https://dailymed.nlm.nih.gov/dailymed/drugInfo.cfm?setid=a8ef06b8-b041-054e-e58d-fd8a994a8071,,,,,,REVIEW,HIGH_MATCH_NO_EXPLICIT_RENAL_DOSING_TEXT
MED-0945,FACTOR VIIIR MOROCTOCOG ALFA,FACTOR VIIIR MOROCTOCOG ALFA,NO_RENAL_CONTENT,0,0,0,HIGH_MATCH_NO_EXPLICIT_RENAL_DOSING_TEXT,HIGH,FACTOR VIIIR MOROCTOCOG ALFA,Moroctocog alfa,18.203310012817383,5a7aea94-654c-4113-9014-c3137de0a931,29,"Aug 28, 2026","ALPHANATE (ANTIHEMOPHILIC FACTOR/VON WILLEBRAND FACTOR COMPLEX (HUMAN)) KIT [GRIFOLS USA, LLC]",https://dailymed.nlm.nih.gov/dailymed/drugInfo.cfm?setid=5a7aea94-654c-4113-9014-c3137de0a931,,,,,,REVIEW,HIGH_MATCH_NO_EXPLICIT_RENAL_DOSING_TEXT
MED-0946,FACTOR XI-HEMOLEVEN,FACTOR XI-HEMOLEVEN,NO_RENAL_CONTENT,0,0,0,HIGH_MATCH_NO_EXPLICIT_RENAL_DOSING_TEXT,HIGH,FACTOR XI-HEMOLEVEN,factor X,10.746912431716918,ad20e6ff-98bc-47e6-aa00-7fb441edd2b0,15,"Apr 27, 2026",COAGADEX (COAGULATION FACTOR X HUMAN) KIT [BIO PRODUCTS LABORATORY LTD],https://dailymed.nlm.nih.gov/dailymed/drugInfo.cfm?setid=ad20e6ff-98bc-47e6-aa00-7fb441edd2b0,,,,,,REVIEW,HIGH_MATCH_NO_EXPLICIT_RENAL_DOSING_TEXT
MED-0947,FACTOR XIII-FIBROGAMMIN P,FACTOR XIII-FIBROGAMMIN P,NO_RENAL_CONTENT,0,0,0,AMBIGUOUS_DAILYMED_MATCH,MEDIUM,FACTOR XIII-FIBROGAMMIN P,,17.106578826904297,96f1b658-01b0-43a7-9aba-693271389a78,14,"Sep 28, 2020",CORIFACT (FACTOR XIII CONCENTRATE (HUMAN)) KIT [CSL BEHRING GMBH],https://dailymed.nlm.nih.gov/dailymed/drugInfo.cfm?setid=96f1b658-01b0-43a7-9aba-693271389a78,,,,,,REVIEW,AMBIGUOUS_DAILYMED_MATCH
MED-0948,FENILACETATO SÓDICO Y BENZOATO SÓDICO,FENILACETATO SÓDICO Y BENZOATO SÓDICO,NO_RENAL_CONTENT,0,0,0,AMBIGUOUS_DAILYMED_MATCH,MEDIUM,FENILACETATO SODIUM Y BENZOATO SODIUM,Sodium Benzoate,12.192451477050781,d20768fe-4516-483a-a082-ff1df9ad1d99,1,"Dec 09, 2025","SODIUM PHENYLACETATE AND SODIUM BENZOATE INJECTION, SOLUTION, CONCENTRATE [NAVINTA LLC]",https://dailymed.nlm.nih.gov/dailymed/drugInfo.cfm?setid=d20768fe-4516-483a-a082-ff1df9ad1d99,,,,,,REVIEW,AMBIGUOUS_DAILYMED_MATCH
MED-0949,FENILBUTAZONA,FENILBUTAZONA,NO_RENAL_CONTENT,0,0,0,AMBIGUOUS_DAILYMED_MATCH,MEDIUM,FENILBUTAZONA,phenylbutazone,100.0,5eeb16db-1e20-4c7e-9745-2ac66afe030e,16,"Apr 30, 2026","PHENYLBUTAZONE POWDER [LETCO MEDICAL, LLC]",https://dailymed.nlm.nih.gov/dailymed/drugInfo.cfm?setid=5eeb16db-1e20-4c7e-9745-2ac66afe030e,,,,,,REVIEW,AMBIGUOUS_DAILYMED_MATCH
MED-0950,FENILBUTIRATO,FENILBUTIRATO,NO_RENAL_CONTENT,0,0,0,NO_RXNORM_MATCH,NONE,,,0.0,,,,,,,,,FENILBUTIRATO,,REVIEW,NO_RXNORM_MATCH
MED-0951,FENILBUTIRATO DE GLICEROL,FENILBUTIRATO DE GLICEROL,NO_RENAL_CONTENT,0,0,0,AMBIGUOUS_DAILYMED_MATCH,MEDIUM,FENILBUTIRATO DE GLICEROL,Veneno de Abeja Aceite de Vibora,9.752972116221802,a6c4889c-e7a9-44b9-bd9a-70fd6e8c4825,2,"Jan 16, 2025","VENENO DE ABEJA ACEITE DE VIBORA BRAND (METHYL SALICYLATE) OINTMENT [MIRAMAR COSMETICS, INC DBA MIRAMAR LAB]",https://dailymed.nlm.nih.gov/dailymed/drugInfo.cfm?setid=a6c4889c-e7a9-44b9-bd9a-70fd6e8c4825,,,,,,REVIEW,AMBIGUOUS_DAILYMED_MATCH
MED-0952,FENOXIBENZAMINA,FENOXIBENZAMINA,NO_RENAL_CONTENT,0,0,0,AMBIGUOUS_DAILYMED_MATCH,MEDIUM,FENOXIBENZAMINA,phenoxybenzamine,100.0,1d2108fa-4352-4f3f-9314-732ed8b6394c,1,"Aug 26, 2026","PHENOXYBENZAMINE HYDROCHLORIDE CAPSULE [RISING PHARMA HOLDINGS, INC.]",https://dailymed.nlm.nih.gov/dailymed/drugInfo.cfm?setid=1d2108fa-4352-4f3f-9314-732ed8b6394c,,,,,,REVIEW,AMBIGUOUS_DAILYMED_MATCH
MED-0953,FENTICONAZOL,FENTICONAZOL,NO_RENAL_CONTENT,0,0,0,RXNORM_MATCH_NO_DAILYMED_SPL,MEDIUM,FENTICONAZOL,fenticonazole nitrate,100.0,,,,,,,,,,,REVIEW,RXNORM_MATCH_NO_DAILYMED_SPL
MED-0954,FENTOLAMINA,FENTOLAMINA,NO_RENAL_CONTENT,0,0,0,AMBIGUOUS_DAILYMED_MATCH,MEDIUM,FENTOLAMINA,phentolamine,100.0,96bb1e53-c2cc-4e60-a21a-db0269c371bf,7,"Jul 01, 2026","RYZUMVI (PHENTOLAMINE MESYLATE) SOLUTION/ DROPS [OYSTER POINT PHARMA, INC.]",https://dailymed.nlm.nih.gov/dailymed/drugInfo.cfm?setid=96bb1e53-c2cc-4e60-a21a-db0269c371bf,,,,,,REVIEW,AMBIGUOUS_DAILYMED_MATCH
MED-0956,FIBRINÓGENO HUMANO,FIBRINÓGENO HUMANO,NO_RENAL_CONTENT,0,0,0,AMBIGUOUS_DAILYMED_MATCH,MEDIUM,FIBRINÓGENO HUMANO,,8.854286193847656,1b470116-54bc-4ef8-ae46-2fba06c3368b,5,"Aug 24, 2026","FESILTY (FIBRINOGEN, HUMAN-CHMT) KIT [GRIFOLS USA LLC]",https://dailymed.nlm.nih.gov/dailymed/drugInfo.cfm?setid=1b470116-54bc-4ef8-ae46-2fba06c3368b,,,,,,REVIEW,AMBIGUOUS_DAILYMED_MATCH
MED-0959,FISOSTIGMINA,FISOSTIGMINA,NO_RENAL_CONTENT,0,0,0,RXNORM_MATCH_NO_DAILYMED_SPL,LOW,FISOSTIGMINA,fluostigmine,4.08176326751709,,,,,,,,,,,REVIEW,RXNORM_MATCH_NO_DAILYMED_SPL
MED-0962,FLUOCINONIDA,FLUOCINONIDA,NO_RENAL_CONTENT,0,0,0,HIGH_MATCH_NO_EXPLICIT_RENAL_DOSING_TEXT,HIGH,FLUOCINONIDA,fluocinonide,100.0,9bad56f2-6070-44fc-a39d-bb00280057f0,104,"Jun 03, 2026",FLUOCINONIDE (FLUOCINONIDE ) OINTMENT [BRYANT RANCH PREPACK],https://dailymed.nlm.nih.gov/dailymed/drugInfo.cfm?setid=9bad56f2-6070-44fc-a39d-bb00280057f0,,,,,,REVIEW,HIGH_MATCH_NO_EXPLICIT_RENAL_DOSING_TEXT
MED-0963,FLUOCORTINA,FLUOCORTINA,NO_RENAL_CONTENT,0,0,0,RXNORM_MATCH_NO_DAILYMED_SPL,MEDIUM,FLUOCORTINA,fluocortin butyl ester / isoconazole,6.186630945263661,,,,,,,,,,,REVIEW,RXNORM_MATCH_NO_DAILYMED_SPL
MED-0964,FLUORACILO,FLUORACILO,NO_RENAL_CONTENT,0,0,0,HIGH_MATCH_NO_EXPLICIT_RENAL_DOSING_TEXT,HIGH,FLUORACILO,Fluouracil,2.152756690979004,b268684b-487f-4716-a2e8-6e6d3e117b14,1,"Sep 07, 2026","FLUOROURACIL INJECTION, SOLUTION [HERITAGE PHARMACEUTICALS INC. D/B/A AVET PHARMACEUTICALS INC.]",https://dailymed.nlm.nih.gov/dailymed/drugInfo.cfm?setid=b268684b-487f-4716-a2e8-6e6d3e117b14,,,,,,REVIEW,HIGH_MATCH_NO_EXPLICIT_RENAL_DOSING_TEXT
MED-0965,FLUTRIMAZOL,FLUTRIMAZOL,NO_RENAL_CONTENT,0,0,0,RXNORM_MATCH_NO_DAILYMED_SPL,MEDIUM,FLUTRIMAZOL,flutrimazole,100.0,,,,,,,,,,,REVIEW,RXNORM_MATCH_NO_DAILYMED_SPL
MED-0968,FOSFATO CÁLCICO,FOSFATO CÁLCICO,NO_RENAL_CONTENT,0,0,0,HIGH_MATCH_NO_EXPLICIT_RENAL_DOSING_TEXT,HIGH,PHOSPHATE CALCIUM,calcium phosphate,100.0,6f14fa40-97ab-4ec5-b66b-793d6d1abac9,18,"Sep 15, 2026","ENBRACE HR (LEVOMEFOLATE MAGNESIUM, LEUCOVORIN, FOLIC ACID, FERROUS CYSTEINE GLYCINATE, MAGNESIUM ASCORBATE, ZINC ASCORBATE, COCARBOXYLASE, FLAVIN ADENINE DINUCLEOTIDE, NADH, PYRIDOXAL PHOSPHATE ANHYDROUS, COBAMAMIDE, BETAINE, MAGNESIUM L-THREONATE, 1,2-DOCOSAHEXANOYL-SN-GLYCERO-3-PHOSPHOSERINE CALCIUM, 1,2-ICOSAPENTOYL-SN-GLYCERO-3-PHOSPHOSERINE CALCIUM, AND PHOSPHATIDYL SERINE) CAPSULE, DELAYED RELEASE PELLETS [JAYMAC PHARMACEUTICALS, LLC]",https://dailymed.nlm.nih.gov/dailymed/drugInfo.cfm?setid=6f14fa40-97ab-4ec5-b66b-793d6d1abac9,,,,,,REVIEW,HIGH_MATCH_NO_EXPLICIT_RENAL_DOSING_TEXT
MED-0969,GALSULFASA,GALSULFASA,NO_RENAL_CONTENT,0,0,0,HIGH_MATCH_NO_EXPLICIT_RENAL_DOSING_TEXT,HIGH,GALSULFASA,galsulfase,100.0,59341250-deac-ed71-3823-a4f5d64dbd77,39,"Dec 12, 2024",NAGLAZYME (GALSULFASE) SOLUTION [BIOMARIN PHARMACEUTICAL INC.],https://dailymed.nlm.nih.gov/dailymed/drugInfo.cfm?setid=59341250-deac-ed71-3823-a4f5d64dbd77,,,,,,REVIEW,HIGH_MATCH_NO_EXPLICIT_RENAL_DOSING_TEXT
MED-0972,GLICEROL,GLICEROL,NO_RENAL_CONTENT,0,0,0,AMBIGUOUS_DAILYMED_MATCH,MEDIUM,GLICEROL,,8.356552124023438,e83b2dd3-a9a0-40bc-ade4-6cd4db433b06,20,"Sep 15, 2026","ENLYTE (LEUCOVORIN, FOLIC ACID, LEVOMEFOLATE MAGNESIUM, FERROUS CYSTEINE GLYCINATE, 1,2-DOCOSAHEXANOYL-SN-GLYCERO-3-PHOSPHOSERINE CALCIUM, 1,2-ICOSAPENTOYL-SN-GLYCERO-3-PHOSPHOSERINE CALCIUM, PHOSPHATIDYL SERINE, PYRIDOXAL 5-PHOSPHATE, FLAVIN ADENINE DINUCLEOTIDE, NADH, COBAMAMIDE, COCARBOXYLASE (THIAMINE PYROPHOSPHATE), MAGNESIUM ASCORBATE, ZINC ASCORBATE, MAGNESIUM L-THREONATE AND BETAINE) CAPSULE, DELAYED RELEASE PELLETS [JAYMAC PHARMA]",https://dailymed.nlm.nih.gov/dailymed/drugInfo.cfm?setid=e83b2dd3-a9a0-40bc-ade4-6cd4db433b06,,,,,,REVIEW,AMBIGUOUS_DAILYMED_MATCH
MED-0973,GLICOPIRROLATO,GLICOPIRROLATO,NO_RENAL_CONTENT,0,0,0,AMBIGUOUS_DAILYMED_MATCH,MEDIUM,GLICOPIRROLATO,Glycopyrrolate,3.269803524017334,5d7a742e-2bcf-4db4-a07c-f669938e4068,2,"Sep 18, 2026",GLYCOPYRROLATE TABLET [REMEDYREPACK INC.],https://dailymed.nlm.nih.gov/dailymed/drugInfo.cfm?setid=5d7a742e-2bcf-4db4-a07c-f669938e4068,,,,,,REVIEW,AMBIGUOUS_DAILYMED_MATCH
MED-0974,GLICOPIRRONIO,GLICOPIRRONIO,NO_RENAL_CONTENT,0,0,0,AMBIGUOUS_DAILYMED_MATCH,MEDIUM,GLICOPIRRONIO,glycopyrronium,100.0,5b372650-e56e-47a5-93e2-c0c292017059,5,"May 22, 2026",QBREXZA (GLYCOPYRRONIUM) CLOTH [JOURNEY MEDICAL CORPORATION],https://dailymed.nlm.nih.gov/dailymed/drugInfo.cfm?setid=5b372650-e56e-47a5-93e2-c0c292017059,,,,,,REVIEW,AMBIGUOUS_DAILYMED_MATCH
MED-0975,GLUBIONATO CÁLCICO (GLUCOBIONATO O LACTOGLUCONATO CÁLCICO),GLUBIONATO CÁLCICO (GLUCOBIONATO O LACTOGLUCONATO CÁLCICO),NO_RENAL_CONTENT,0,0,0,AMBIGUOUS_DAILYMED_MATCH,MEDIUM,GLUBIONATO CÁLCICO (GLUCOBIONATO O LACTOGLUCONATO CÁLCICO),Sacarato calcico,16.31328821182251,e6d531ec-fcdc-49f6-b0c4-878d3952827f,17,"Sep 14, 2026","CALCIUM GLUCONATE IN SODIUM CHLORIDE (CALCIUM GLUCONATE) INJECTION, SOLUTION [WG CRITICAL CARE, LLC]",https://dailymed.nlm.nih.gov/dailymed/drugInfo.cfm?setid=e6d531ec-fcdc-49f6-b0c4-878d3952827f,,,,,,REVIEW,AMBIGUOUS_DAILYMED_MATCH
MED-0977,GOLIMUMAB,GOLIMUMAB,NO_RENAL_CONTENT,0,0,0,HIGH_MATCH_NO_EXPLICIT_RENAL_DOSING_TEXT,HIGH,GOLIMUMAB,golimumab,100.0,f86cb4a7-c358-4136-ae57-b32bda9bba00,42,"Jan 23, 2026","SIMPONI (GOLIMUMAB) INJECTION, SOLUTION [JANSSEN BIOTECH, INC.]",https://dailymed.nlm.nih.gov/dailymed/drugInfo.cfm?setid=f86cb4a7-c358-4136-ae57-b32bda9bba00,,,,,,REVIEW,HIGH_MATCH_NO_EXPLICIT_RENAL_DOSING_TEXT
MED-0979,HIDRATO DE CLORAL,HIDRATO DE CLORAL,NO_RENAL_CONTENT,0,0,0,AMBIGUOUS_DAILYMED_MATCH,MEDIUM,HIDRATO DE CLORAL,Veneno de Abeja Aceite de Vibora,9.752972116221802,a6c4889c-e7a9-44b9-bd9a-70fd6e8c4825,2,"Jan 16, 2025","VENENO DE ABEJA ACEITE DE VIBORA BRAND (METHYL SALICYLATE) OINTMENT [MIRAMAR COSMETICS, INC DBA MIRAMAR LAB]",https://dailymed.nlm.nih.gov/dailymed/drugInfo.cfm?setid=a6c4889c-e7a9-44b9-bd9a-70fd6e8c4825,,,,,,REVIEW,AMBIGUOUS_DAILYMED_MATCH
MED-0980,HIDROCLORURO DE L-LISINA,HIDROCLORURO DE L-LISINA,NO_RENAL_CONTENT,0,0,0,RXNORM_MATCH_NO_DAILYMED_SPL,MEDIUM,HIDROCLORURO DE L-LISINA,sangre de grado,11.288510180664062,,,,,,,,,,,REVIEW,RXNORM_MATCH_NO_DAILYMED_SPL
MED-0982,HIERRO CARBOXIMALTOSA,HIERRO CARBOXIMALTOSA,NO_RENAL_CONTENT,0,0,0,AMBIGUOUS_DAILYMED_MATCH,MEDIUM,HIERRO CARBOXIMALTOSA,Ferric Carboxymaltose,8.066849708557129,d6a5cd2d-86bd-4042-974f-46e14d65fc2d,3,"Sep 10, 2026","FERRIC CARBOXYMALTOSE INJECTION, SOLUTION [MYLAN INSTITUTIONAL LLC]",https://dailymed.nlm.nih.gov/dailymed/drugInfo.cfm?setid=d6a5cd2d-86bd-4042-974f-46e14d65fc2d,,,,,,REVIEW,AMBIGUOUS_DAILYMED_MATCH
MED-0983,IDEBENONA,IDEBENONA,NO_RENAL_CONTENT,0,0,0,HIGH_MATCH_NO_EXPLICIT_RENAL_DOSING_TEXT,HIGH,IDEBENONA,idebenone,100.0,46e854cb-6694-4e57-b6e4-15684dfab80b,1,"Jan 02, 2018","LYCOGEL BREATHABLE BALM (OCTINOXATE,OXYBENZONE,OCTISALATE AND AVOBENZONE) CREAM [QUURA MEDICAL B.V]",https://dailymed.nlm.nih.gov/dailymed/drugInfo.cfm?setid=46e854cb-6694-4e57-b6e4-15684dfab80b,,,,,,REVIEW,HIGH_MATCH_NO_EXPLICIT_RENAL_DOSING_TEXT
MED-0984,IDURSULFASA,IDURSULFASA,NO_RENAL_CONTENT,0,0,0,HIGH_MATCH_NO_EXPLICIT_RENAL_DOSING_TEXT,HIGH,IDURSULFASA,idursulfase,100.0,60cba843-5aab-4dd7-96dc-66648d413be3,25,"Apr 18, 2025","ELAPRASE (IDURSULFASE) SOLUTION, CONCENTRATE [TAKEDA PHARMACEUTICALS AMERICA, INC.]",https://dailymed.nlm.nih.gov/dailymed/drugInfo.cfm?setid=60cba843-5aab-4dd7-96dc-66648d413be3,,,,,,REVIEW,HIGH_MATCH_NO_EXPLICIT_RENAL_DOSING_TEXT
MED-0985,IFOSFAMIDA,IFOSFAMIDA,NO_RENAL_CONTENT,0,0,0,HIGH_MATCH_NO_EXPLICIT_RENAL_DOSING_TEXT,HIGH,IFOSFAMIDA,ifosfamide,100.0,98798c5e-8384-4990-a1b5-60dfb1e667bb,2,"Sep 07, 2026","IFOSFAMIDE (IFOSFAMIDE FOR INJECTION) POWDER, FOR SOLUTION [STERIMAX INC.]",https://dailymed.nlm.nih.gov/dailymed/drugInfo.cfm?setid=98798c5e-8384-4990-a1b5-60dfb1e667bb,,,,,,REVIEW,HIGH_MATCH_NO_EXPLICIT_RENAL_DOSING_TEXT
MED-0987,IMIGLUCERASA,IMIGLUCERASA,NO_RENAL_CONTENT,0,0,0,HIGH_MATCH_NO_EXPLICIT_RENAL_DOSING_TEXT,HIGH,IMIGLUCERASA,imiglucerase,100.0,df60f030-866b-4374-a31f-8ae3f6b45c38,28,"Aug 31, 2026","CEREZYME (IMIGLUCERASE) INJECTION, POWDER, LYOPHILIZED, FOR SOLUTION [GENZYME CORPORATION]",https://dailymed.nlm.nih.gov/dailymed/drugInfo.cfm?setid=df60f030-866b-4374-a31f-8ae3f6b45c38,,,,,,REVIEW,HIGH_MATCH_NO_EXPLICIT_RENAL_DOSING_TEXT
MED-0997,INTERFERÓN ALFA-2B,INTERFERÓN ALFA-2B,NO_RENAL_CONTENT,0,0,0,RXNORM_MATCH_NO_DAILYMED_SPL,MEDIUM,INTERFERÓN ALFA-2B,interferon alfa-2b,100.0,,,,,,,,,,,REVIEW,RXNORM_MATCH_NO_DAILYMED_SPL
MED-0998,INTERFERÓN GAMMA-1B,INTERFERÓN GAMMA-1B,NO_RENAL_CONTENT,0,0,0,HIGH_MATCH_NO_EXPLICIT_RENAL_DOSING_TEXT,HIGH,INTERFERÓN GAMMA-1B,interferon gamma-1b,100.0,b99bb9ea-339c-4476-8e3c-e1fcbcfd5cda,3,"Jun 12, 2026",GUNA-PROSTATE (ALDESLEUKIN - BARIUM CARBONATE - CHASTE TREE - CHIMAPHILA UMBELLATA - CLEMATIS VITALBA - CONIUM MACULATUM FLOWERING TOP - DELPHINIUM STAPHISAGRIA SEED - DIGITALIS - FERRIC PICRATE - HUMAN INTERLEUKIN-10 (NONGLYCOSYLATED) - INTERFERON GAMMA-1B - MELATONIN - SAW PALMETTO - SELENIUM - SUS SCROFA PROSTATE - THUJA OCCIDENTALIS TWIG - TRANSFORMING GROWTH FACTOR BETA-1 - ZINC -) SOLUTION/ DROPS [GUNA SPA],https://dailymed.nlm.nih.gov/dailymed/drugInfo.cfm?setid=b99bb9ea-339c-4476-8e3c-e1fcbcfd5cda,,,,,,REVIEW,HIGH_MATCH_NO_EXPLICIT_RENAL_DOSING_TEXT
MED-0999,INTERLEUCINA 2,INTERLEUCINA 2,NO_RENAL_CONTENT,0,0,0,AMBIGUOUS_DAILYMED_MATCH,MEDIUM,INTERLEUCINA 2,Interleukin-2 aldesleukin,7.062653935036828,b99bb9ea-339c-4476-8e3c-e1fcbcfd5cda,3,"Jun 12, 2026",GUNA-PROSTATE (ALDESLEUKIN - BARIUM CARBONATE - CHASTE TREE - CHIMAPHILA UMBELLATA - CLEMATIS VITALBA - CONIUM MACULATUM FLOWERING TOP - DELPHINIUM STAPHISAGRIA SEED - DIGITALIS - FERRIC PICRATE - HUMAN INTERLEUKIN-10 (NONGLYCOSYLATED) - INTERFERON GAMMA-1B - MELATONIN - SAW PALMETTO - SELENIUM - SUS SCROFA PROSTATE - THUJA OCCIDENTALIS TWIG - TRANSFORMING GROWTH FACTOR BETA-1 - ZINC -) SOLUTION/ DROPS [GUNA SPA],https://dailymed.nlm.nih.gov/dailymed/drugInfo.cfm?setid=b99bb9ea-339c-4476-8e3c-e1fcbcfd5cda,,,,,,REVIEW,AMBIGUOUS_DAILYMED_MATCH
MED-1000,IPECACUANA,IPECACUANA,NO_RENAL_CONTENT,0,0,0,HIGH_MATCH_NO_EXPLICIT_RENAL_DOSING_TEXT,HIGH,IPECACUANA,ipecacuanha,8.563222885131836,33b00f06-3202-4904-855c-cdfaa93677a4,2,"Aug 31, 2026","VERTIFIX (ARGENTUM NITRICUM, BRYONIA (ALBA), CAUSTICUM, COCCULUS INDICUS, GELSEMIUM SEMPERVIRENS, IPECACUANHA, NUX VOMICA, PETROLEUM, SULPHUR, TABACUM) TABLET [NATURALCARE]",https://dailymed.nlm.nih.gov/dailymed/drugInfo.cfm?setid=33b00f06-3202-4904-855c-cdfaa93677a4,,,,,,REVIEW,HIGH_MATCH_NO_EXPLICIT_RENAL_DOSING_TEXT
MED-1002,ISOPRENALINA/ISOPROTERENOL,ISOPRENALINA/ISOPROTERENOL,NO_RENAL_CONTENT,0,0,0,AMBIGUOUS_DAILYMED_MATCH,LOW,ISOPRENALINA/ISOPROTERENOL,,12.907564163208008,f724120d-da28-4065-9e05-d7dd6afbb546,7,"Jan 18, 2024","ISOPROTERENOL (ISOPROTERENOL HYDROCHLORIDE) INJECTION, SOLUTION [CIPLA USA INC.]",https://dailymed.nlm.nih.gov/dailymed/drugInfo.cfm?setid=f724120d-da28-4065-9e05-d7dd6afbb546,,,,,,REVIEW,AMBIGUOUS_DAILYMED_MATCH
MED-1005,KANAMICINA,KANAMICINA,NO_RENAL_CONTENT,0,0,0,AMBIGUOUS_DAILYMED_MATCH,MEDIUM,KANAMICINA,,8.528936386108398,f5907c54-b6ba-4285-8a61-b528d134ae55,2,"Jan 31, 2022","KANAMYCIN SULFATES (KANAMYCIN SULFATE) POWDER [KDG IMPRESA LLC, AQION]",https://dailymed.nlm.nih.gov/dailymed/drugInfo.cfm?setid=f5907c54-b6ba-4285-8a61-b528d134ae55,,,,,,REVIEW,AMBIGUOUS_DAILYMED_MATCH
MED-1006,L-CARNITINA,L-CARNITINA,NO_RENAL_CONTENT,0,0,0,AMBIGUOUS_DAILYMED_MATCH,MEDIUM,L-CARNITINA,,11.742387771606445,e3564733-8b88-4753-9077-9d74004d8ec9,3,"Aug 27, 2026","ELECTROLYTE PLUS (KALI MURIATICUM, L-ARGININE, L-CARNITINE, L-LEUCINE, L-ORNITHINE, L-VALINE, MAGNESIA MURIATICA, ASCORBICUM ACIDUM, BORAX, CHROMIUM OXYDATUM, FERRUM MURIATICUM, KALI CARBONICUM, MAGNESIUM GLUCONICUM DIHYDRICUM, NATRUM MURIATICUM, ZINCUM GLUCONICUM, CUPRUM METALLICUM, KALI PHOSPHORICUM, NICCOLUM METALLICUM, SELENIUM METALLICUM, VANADIUM METALLICUM, CALCAREA CARBONICA, CALCAREA PHOSPHORICA, MANGANUM CARBONICUM) LIQUID [DESERET BIOLOGICALS, INC.]",https://dailymed.nlm.nih.gov/dailymed/drugInfo.cfm?setid=e3564733-8b88-4753-9077-9d74004d8ec9,,,,,,REVIEW,AMBIGUOUS_DAILYMED_MATCH
MED-1007,L-CITRULINA,L-CITRULINA,NO_RENAL_CONTENT,0,0,0,AMBIGUOUS_DAILYMED_MATCH,MEDIUM,L-CITRULINA,,12.533039093017578,1ca5d57d-7cf0-4b9a-afa0-767dca99864d,4,"Apr 03, 2024","VASCUFLOW (MELATONIN, L-ARGININE, L-CITRULLINE, UBIDECARENONUM, SQUALENE, CALCAREA CARBONICA, CHOLESTERINUM, COUMARINUM, FORMALINUM, GELSEMIUM SEMPERVIRENS, ALPHA-LIPOICUM ACIDUM, MERCURIUS CORROSIVUS, PLUMBUM METALLICUM, PANTOTHENIC ACID, GLONOINUM, LYCOPODIUM CLAVATUM, PHOSPHORUS, BERBERIS VULGARIS, RED YEAST RICE, NITRIC OXIDE, PROTEUS (MORGANI), RHUS TOX) LIQUID [DESERET BIOLOGICALS, INC.]",https://dailymed.nlm.nih.gov/dailymed/drugInfo.cfm?setid=1ca5d57d-7cf0-4b9a-afa0-767dca99864d,,,,,,REVIEW,AMBIGUOUS_DAILYMED_MATCH
MED-1008,LACTITOL,LACTITOL,NO_RENAL_CONTENT,0,0,0,HIGH_MATCH_NO_EXPLICIT_RENAL_DOSING_TEXT,HIGH,LACTITOL,lactitol,100.0,dd303ff8-0deb-4292-bfd8-5bda91f86d51,4,"Dec 11, 2024",VAGISIL ANTI-ITCH CREME REGULAR STRENGTH (BENZOCAINE AND RESORCINOL) CREAM [COMBE INCORPORATED],https://dailymed.nlm.nih.gov/dailymed/drugInfo.cfm?setid=dd303ff8-0deb-4292-bfd8-5bda91f86d51,,,,,,REVIEW,HIGH_MATCH_NO_EXPLICIT_RENAL_DOSING_TEXT
MED-1009,LARONIDASA,LARONIDASA,NO_RENAL_CONTENT,0,0,0,HIGH_MATCH_NO_EXPLICIT_RENAL_DOSING_TEXT,HIGH,LARONIDASA,laronidase,100.0,a80ac249-cae4-41f3-88bb-344088b20e60,39,"Sep 16, 2026","ALDURAZYME (LARONIDASE) INJECTION, SOLUTION, CONCENTRATE [GENZYME CORPORATION]",https://dailymed.nlm.nih.gov/dailymed/drugInfo.cfm?setid=a80ac249-cae4-41f3-88bb-344088b20e60,,,,,,REVIEW,HIGH_MATCH_NO_EXPLICIT_RENAL_DOSING_TEXT
MED-1010,LENOGRASTIM,LENOGRASTIM,NO_RENAL_CONTENT,0,0,0,HIGH_MATCH_NO_EXPLICIT_RENAL_DOSING_TEXT,HIGH,LENOGRASTIM,lenograstim,100.0,23886c49-5992-4a59-af52-e24eb3c9fbc5,8,"Jan 13, 2025",CITOMIX (ALDESLEUKIN - BINETRAKIN - CANAKINUMAB - CENTELLA ASIATICA - CRANBERRY - HUMAN INTERLEUKIN-6 (NONGLYCOSYLATED) - INTERFERON GAMMA-1B - LENOGRASTIM - PINEAPPLE - SUS SCROFA BONE MARROW - SUS SCROFA SMALL INTESTINE MUCOSA LYMPH FOLLICLE - SUS SCROFA THYMUS -) PELLET [GUNA SPA],https://dailymed.nlm.nih.gov/dailymed/drugInfo.cfm?setid=23886c49-5992-4a59-af52-e24eb3c9fbc5,,,,,,REVIEW,HIGH_MATCH_NO_EXPLICIT_RENAL_DOSING_TEXT
MED-1011,LEVOSIMENDÁN,LEVOSIMENDÁN,NO_RENAL_CONTENT,0,0,0,RXNORM_MATCH_NO_DAILYMED_SPL,MEDIUM,LEVOSIMENDÁN,levosimendan,100.0,,,,,,,,,,,REVIEW,RXNORM_MATCH_NO_DAILYMED_SPL
MED-1013,LODOXAMIDA OFTÁLMICA,LODOXAMIDA OFTÁLMICA,NO_RENAL_CONTENT,0,0,0,RXNORM_MATCH_NO_DAILYMED_SPL,MEDIUM,LODOXAMIDA OFTÁLMICA,Lodoxamida,9.889425277709961,,,,,,,,,,,REVIEW,RXNORM_MATCH_NO_DAILYMED_SPL
MED-1016,MAGNESIO HIDRÓXIDO,MAGNESIO HIDRÓXIDO,NO_RENAL_CONTENT,0,0,0,HIGH_MATCH_NO_EXPLICIT_RENAL_DOSING_TEXT,HIGH,MAGNESIO HIDRÓXIDO,magnesium hydroxide,100.0,817b4ac8-b90f-4ca9-bd8c-6400eb3d74e2,1,"Sep 16, 2026",KROGER EXTRA STRENGTH ANTACID LIQUID (ALUMINUM HYDROXIDE AND MAGNESIUM CARBONATE) LIQUID [KROGER COMPANY],https://dailymed.nlm.nih.gov/dailymed/drugInfo.cfm?setid=817b4ac8-b90f-4ca9-bd8c-6400eb3d74e2,,,,,,REVIEW,HIGH_MATCH_NO_EXPLICIT_RENAL_DOSING_TEXT
MED-1020,MELARSOPROL,MELARSOPROL,NO_RENAL_CONTENT,0,0,0,NO_RXNORM_MATCH,NONE,,,0.0,,,,,,,,,MELARSOPROL,,REVIEW,NO_RXNORM_MATCH
MED-1023,METILCELULOSA,METILCELULOSA,NO_RENAL_CONTENT,0,0,0,AMBIGUOUS_DAILYMED_MATCH,MEDIUM,METILCELULOSA,methylcellulose,100.0,56c7f197-f01a-4611-a761-cda18da6eed0,5,"Sep 10, 2026","DRX CHOICE FIBER THERAPY (METHYLCELLULOSE) POWDER, FOR SOLUTION [RARITAN PHARMACEUTICALS INC]",https://dailymed.nlm.nih.gov/dailymed/drugInfo.cfm?setid=56c7f197-f01a-4611-a761-cda18da6eed0,,,,,,REVIEW,AMBIGUOUS_DAILYMED_MATCH
MED-1024,METILNALTREXONA,METILNALTREXONA,NO_RENAL_CONTENT,0,0,0,AMBIGUOUS_DAILYMED_MATCH,MEDIUM,METILNALTREXONA,,8.551492691040039,c488fb7c-0a5b-487c-b452-996809d1cb99,68,"May 20, 2026","RELISTOR (METHYLNALTREXONE BROMIDE) TABLET RELISTOR (METHYLNALTREXONE BROMIDE) INJECTION, SOLUTION [SALIX PHARMACEUTICALS, INC.]",https://dailymed.nlm.nih.gov/dailymed/drugInfo.cfm?setid=c488fb7c-0a5b-487c-b452-996809d1cb99,,,,,,REVIEW,AMBIGUOUS_DAILYMED_MATCH
MED-1025,METOXI-POLIETILENGLICOL-EPOETINA BETA,METOXI-POLIETILENGLICOL-EPOETINA BETA,NO_RENAL_CONTENT,0,0,0,AMBIGUOUS_DAILYMED_MATCH,MEDIUM,METOXI-POLIETILENGLICOL-EPOETINA BETA,Epoetin beta,12.011274337768555,22c56f2a-f73c-60e7-e054-00144ff88e88,10,"Aug 17, 2026","MIRCERA (METHOXY POLYETHYLENE GLYCOL-EPOETIN BETA) INJECTION, SOLUTION [VIFOR (INTERNATIONAL) INC.]",https://dailymed.nlm.nih.gov/dailymed/drugInfo.cfm?setid=22c56f2a-f73c-60e7-e054-00144ff88e88,,,,,,REVIEW,AMBIGUOUS_DAILYMED_MATCH
MED-1027,MIFAMURTIDA,MIFAMURTIDA,NO_RENAL_CONTENT,0,0,0,NO_RXNORM_MATCH,NONE,,,0.0,,,,,,,,,MIFAMURTIDA,,REVIEW,NO_RXNORM_MATCH
MED-1030,MIVACURIO,MIVACURIO,NO_RENAL_CONTENT,0,0,0,RXNORM_MATCH_NO_DAILYMED_SPL,MEDIUM,MIVACURIO,mivacurium Injection,8.397250385284424,,,,,,,,,,,REVIEW,RXNORM_MATCH_NO_DAILYMED_SPL
MED-1031,MIZOLASTINA,MIZOLASTINA,NO_RENAL_CONTENT,0,0,0,RXNORM_MATCH_NO_DAILYMED_SPL,MEDIUM,MIZOLASTINA,mizolastine,100.0,,,,,,,,,,,REVIEW,RXNORM_MATCH_NO_DAILYMED_SPL
MED-1032,MUROMONAB / OK-T3,MUROMONAB / OK-T3,NO_RENAL_CONTENT,0,0,0,RXNORM_MATCH_NO_DAILYMED_SPL,MEDIUM,MUROMONAB / OK-T3,Muromonab,12.704069137573242,,,,,,,,,,,REVIEW,RXNORM_MATCH_NO_DAILYMED_SPL
MED-1034,NAFAZOLINA OFTÁLMICA,NAFAZOLINA OFTÁLMICA,NO_RENAL_CONTENT,0,0,0,HIGH_MATCH_NO_EXPLICIT_RENAL_DOSING_TEXT,HIGH,NAFAZOLINA OFTÁLMICA,Nafazolina,9.889425277709961,30cade3d-208f-8594-e063-6394a90ad2a0,2,"Dec 19, 2025",NAFASOLINA (NAPHAZOLINE HYDROCHLORIDE) SOLUTION/ DROPS [DORAL PHARMAMEDICS INC DBA AG MARIN PHARMACEUTICALS],https://dailymed.nlm.nih.gov/dailymed/drugInfo.cfm?setid=30cade3d-208f-8594-e063-6394a90ad2a0,,,,,,REVIEW,HIGH_MATCH_NO_EXPLICIT_RENAL_DOSING_TEXT
MED-1036,NATALIZUMAB,NATALIZUMAB,NO_RENAL_CONTENT,0,0,0,HIGH_MATCH_NO_EXPLICIT_RENAL_DOSING_TEXT,HIGH,NATALIZUMAB,natalizumab,100.0,ef653c36-dd4b-4e71-9d2d-40b8fea24b67,13,"Jan 23, 2026",TYRUKO (NATALIZUMAB-SZTN) INJECTION [SANDOZ INC],https://dailymed.nlm.nih.gov/dailymed/drugInfo.cfm?setid=ef653c36-dd4b-4e71-9d2d-40b8fea24b67,,,,,,REVIEW,HIGH_MATCH_NO_EXPLICIT_RENAL_DOSING_TEXT
MED-1040,NESIRITIDA,NESIRITIDA,NO_RENAL_CONTENT,0,0,0,RXNORM_MATCH_NO_DAILYMED_SPL,MEDIUM,NESIRITIDA,nesiritide,8.71699333190918,,,,,,,,,,,REVIEW,RXNORM_MATCH_NO_DAILYMED_SPL
MED-1041,NICLOSAMIDA,NICLOSAMIDA,NO_RENAL_CONTENT,0,0,0,RXNORM_MATCH_NO_DAILYMED_SPL,MEDIUM,NICLOSAMIDA,niclosamide,8.664041519165039,,,,,,,,,,,REVIEW,RXNORM_MATCH_NO_DAILYMED_SPL
MED-1043,NOMEGESTROL,NOMEGESTROL,NO_RENAL_CONTENT,0,0,0,RXNORM_MATCH_NO_DAILYMED_SPL,MEDIUM,NOMEGESTROL,nomegestrol,100.0,,,,,,,,,,,REVIEW,RXNORM_MATCH_NO_DAILYMED_SPL
MED-1044,NORELGESTROMINA,NORELGESTROMINA,NO_RENAL_CONTENT,0,0,0,HIGH_MATCH_NO_EXPLICIT_RENAL_DOSING_TEXT,HIGH,NORELGESTROMINA,norelgestromin,100.0,e92741f4-87fe-429f-b5b5-c558ed5f4fa9,1,"Jul 31, 2026",GWYN LO (NORELGESTROMIN AND ETHINYL ESTRADIOL) PATCH [VIATRIS SPECIALTY LLC],https://dailymed.nlm.nih.gov/dailymed/drugInfo.cfm?setid=e92741f4-87fe-429f-b5b5-c558ed5f4fa9,,,,,,REVIEW,HIGH_MATCH_NO_EXPLICIT_RENAL_DOSING_TEXT
MED-1046,OCTOCOG ALFA,OCTOCOG ALFA,NO_RENAL_CONTENT,0,0,0,AMBIGUOUS_DAILYMED_MATCH,LOW,OCTOCOG ALFA,"antihemophilic factor, human recombinant",100.0,51f19873-a63f-4229-9477-5da4ecf31cde,13,"Jun 30, 2023","AFSTYLA ANTIHEMOPHILIC FACTOR (RECOMBINANT), SINGLE CHAIN (ANTIHEMOPHILIC FACTOR, HUMAN RECOMBINANT) KIT [CSL BEHRING LENGNAU AG]",https://dailymed.nlm.nih.gov/dailymed/drugInfo.cfm?setid=51f19873-a63f-4229-9477-5da4ecf31cde,,,,,,REVIEW,AMBIGUOUS_DAILYMED_MATCH
MED-1048,OFLOXACINO,OFLOXACINO,NO_RENAL_CONTENT,0,0,0,HIGH_MATCH_NO_EXPLICIT_RENAL_DOSING_TEXT,HIGH,OFLOXACINO,ofloxacin,100.0,b7e1903e-5e4a-45b0-ae78-23c2b3c1bcf4,1,"Sep 18, 2026",OFLOXACIN SOLUTION [REMEDYREPACK INC.],https://dailymed.nlm.nih.gov/dailymed/drugInfo.cfm?setid=b7e1903e-5e4a-45b0-ae78-23c2b3c1bcf4,,,,,,REVIEW,HIGH_MATCH_NO_EXPLICIT_RENAL_DOSING_TEXT
MED-1049,OMALIZUMAB,OMALIZUMAB,NO_RENAL_CONTENT,0,0,0,HIGH_MATCH_NO_EXPLICIT_RENAL_DOSING_TEXT,HIGH,OMALIZUMAB,omalizumab,100.0,dbd8709f-1636-45d9-ba94-5a3bc5f22f84,6,"Sep 02, 2026","OMLYCLO (OMALIZUMAB-IGEC) INJECTION [CELLTRION USA, INC.]",https://dailymed.nlm.nih.gov/dailymed/drugInfo.cfm?setid=dbd8709f-1636-45d9-ba94-5a3bc5f22f84,,,,,,REVIEW,HIGH_MATCH_NO_EXPLICIT_RENAL_DOSING_TEXT
MED-1050,ORITAVANCINA,ORITAVANCINA,NO_RENAL_CONTENT,0,0,0,AMBIGUOUS_DAILYMED_MATCH,MEDIUM,ORITAVANCINA,,8.636653900146484,5e755c40-6e73-4572-b474-4d8a131693d1,7,"Dec 22, 2025","KIMYRSA (ORITAVANCIN DIPHOSPHATE) INJECTION, POWDER, LYOPHILIZED, FOR SOLUTION [MELINTA THERAPEUTICS, LLC]",https://dailymed.nlm.nih.gov/dailymed/drugInfo.cfm?setid=5e755c40-6e73-4572-b474-4d8a131693d1,,,,,,REVIEW,AMBIGUOUS_DAILYMED_MATCH
MED-1052,OXAMNIQUINA,OXAMNIQUINA,NO_RENAL_CONTENT,0,0,0,RXNORM_MATCH_NO_DAILYMED_SPL,MEDIUM,OXAMNIQUINA,oxamniquine,8.698184967041016,,,,,,,,,,,REVIEW,RXNORM_MATCH_NO_DAILYMED_SPL
MED-1053,OXIBATO SÓDICO,OXIBATO SÓDICO,NO_RENAL_CONTENT,0,0,0,AMBIGUOUS_DAILYMED_MATCH,MEDIUM,OXIBATO SÓDICO,Ascorbato sódico,7.683528709411621,a10ff759-eba7-414b-bb98-f17fbb6e6b57,4,"Aug 29, 2025","MULTIVITAMIN WITH FLUORIDE (SODIUM FLUORIDE) TABLET, CHEWABLE [WINDER LABORATORIES, LLC]",https://dailymed.nlm.nih.gov/dailymed/drugInfo.cfm?setid=a10ff759-eba7-414b-bb98-f17fbb6e6b57,,,,,,REVIEW,AMBIGUOUS_DAILYMED_MATCH
MED-1054,OXIBUPROCAÍNA,OXIBUPROCAÍNA,NO_RENAL_CONTENT,0,0,0,AMBIGUOUS_DAILYMED_MATCH,LOW,OXIBUPROCAÍNA,benoxinate,100.0,1797c5ef-66c4-4cf8-b62d-b484242be2ee,3,"May 14, 2025",FLUORESCEIN SODIUM AND BENOXINATE HYDROCHLORIDE SOLUTION/ DROPS [BAUSCH & LOMB INCORPORATED],https://dailymed.nlm.nih.gov/dailymed/drugInfo.cfm?setid=1797c5ef-66c4-4cf8-b62d-b484242be2ee,,,,,,REVIEW,AMBIGUOUS_DAILYMED_MATCH
MED-1055,OXITETRACICLINA,OXITETRACICLINA,NO_RENAL_CONTENT,0,0,0,AMBIGUOUS_DAILYMED_MATCH,MEDIUM,OXITETRACICLINA,oxytetracycline,100.0,eb83ae41-c32b-47dd-8459-506b33ccb6ba,10,"Sep 14, 2026",PENNOX 343 (OXYTETRACYCLINE HYDROCHLORIDE) POWDER [PHARMGATE ANIMAL HEALTH],https://dailymed.nlm.nih.gov/dailymed/drugInfo.cfm?setid=eb83ae41-c32b-47dd-8459-506b33ccb6ba,,,,,,REVIEW,AMBIGUOUS_DAILYMED_MATCH
MED-1056,PAMIDRONATO,PAMIDRONATO,NO_RENAL_CONTENT,0,0,0,AMBIGUOUS_DAILYMED_MATCH,MEDIUM,PAMIDRONATO,,8.506845474243164,9b6a9a3b-71c9-4dcb-b857-5d1de25c3a23,24,"May 15, 2026","PAMIDRONATE DISODIUM INJECTION, SOLUTION [HOSPIRA, INC.]",https://dailymed.nlm.nih.gov/dailymed/drugInfo.cfm?setid=9b6a9a3b-71c9-4dcb-b857-5d1de25c3a23,,,,,,REVIEW,AMBIGUOUS_DAILYMED_MATCH
MED-1057,PAROMOMICINA,PAROMOMICINA,NO_RENAL_CONTENT,0,0,0,HIGH_MATCH_NO_EXPLICIT_RENAL_DOSING_TEXT,HIGH,PAROMOMICINA,paromomycin,100.0,a725f022-ec3c-430d-8021-96c861b9893c,3,"Nov 18, 2025",HUMATIN (PAROMOMYCIN SULFATE) CAPSULE [WAYLIS THERAPEUTICS LLC],https://dailymed.nlm.nih.gov/dailymed/drugInfo.cfm?setid=a725f022-ec3c-430d-8021-96c861b9893c,,,,,,REVIEW,HIGH_MATCH_NO_EXPLICIT_RENAL_DOSING_TEXT
MED-1059,PENCICLOVIR,PENCICLOVIR,NO_RENAL_CONTENT,0,0,0,HIGH_MATCH_NO_EXPLICIT_RENAL_DOSING_TEXT,HIGH,PENCICLOVIR,penciclovir,100.0,dfbd90ed-4135-486a-807b-27c668154b2e,7,"May 04, 2026",PENCICLOVIR CREAM [TORRENT PHARMACEUTICALS LIMITED],https://dailymed.nlm.nih.gov/dailymed/drugInfo.cfm?setid=dfbd90ed-4135-486a-807b-27c668154b2e,,,,,,REVIEW,HIGH_MATCH_NO_EXPLICIT_RENAL_DOSING_TEXT
MED-1060,PENICILAMINA (D-PENICILAMINA),PENICILAMINA (D-PENICILAMINA),NO_RENAL_CONTENT,0,0,0,HIGH_MATCH_NO_EXPLICIT_RENAL_DOSING_TEXT,HIGH,PENICILAMINA (D-PENICILAMINA),penicilamina,19.530506134033203,312922a2-f87b-46d3-bc07-8846f910b948,2,"Sep 10, 2026",D-PENICILLAMINE POWDER [AX PHARMACEUTICAL CORP],https://dailymed.nlm.nih.gov/dailymed/drugInfo.cfm?setid=312922a2-f87b-46d3-bc07-8846f910b948,,,,,,REVIEW,HIGH_MATCH_NO_EXPLICIT_RENAL_DOSING_TEXT
MED-1065,PIPERAQUINA,PIPERAQUINA,NO_RENAL_CONTENT,0,0,0,NO_RXNORM_MATCH,NONE,,,0.0,,,,,,,,,PIPERAQUINA,,REVIEW,NO_RXNORM_MATCH
MED-1066,PIRIDOXAL FOSFATO,PIRIDOXAL FOSFATO,NO_RENAL_CONTENT,0,0,0,HIGH_MATCH_NO_EXPLICIT_RENAL_DOSING_TEXT,HIGH,PIRIDOXAL FOSFATO,Piridoxal,9.889425277709961,8c17ee80-ceac-53e9-e053-2995a90a8193,1,"Sep 19, 2019","DERMAMED NUTRITION FOR TROUBLED SKIN (MULTIVITAMIN AND MINERALS) CAPSULE, GELATIN COATED [DERMAMED]",https://dailymed.nlm.nih.gov/dailymed/drugInfo.cfm?setid=8c17ee80-ceac-53e9-e053-2995a90a8193,,,,,,REVIEW,HIGH_MATCH_NO_EXPLICIT_RENAL_DOSING_TEXT
MED-1067,PIZOTIFENO,PIZOTIFENO,NO_RENAL_CONTENT,0,0,0,RXNORM_MATCH_NO_DAILYMED_SPL,LOW,PIZOTIFENO,pizotyline,100.0,,,,,,,,,,,REVIEW,RXNORM_MATCH_NO_DAILYMED_SPL
MED-1068,PLANTAGO OVATA,PLANTAGO OVATA,NO_RENAL_CONTENT,0,0,0,HIGH_MATCH_NO_EXPLICIT_RENAL_DOSING_TEXT,HIGH,PLANTAGO OVATA,Plantago ovata seed,16.35993680062294,0c07e6e9-18c1-20da-e063-6294a90aa3c8,1,"Dec 13, 2023",CLARIFYING TONER (SALICYLIC ACID) LIQUID [ALLURE LABS],https://dailymed.nlm.nih.gov/dailymed/drugInfo.cfm?setid=0c07e6e9-18c1-20da-e063-6294a90aa3c8,,,,,,REVIEW,HIGH_MATCH_NO_EXPLICIT_RENAL_DOSING_TEXT
MED-1069,PODOFILOTOXINA,PODOFILOTOXINA,NO_RENAL_CONTENT,0,0,0,NO_RXNORM_MATCH,NONE,,,0.0,,,,,,,,,PODOFILOTOXINA,,REVIEW,NO_RXNORM_MATCH
MED-1070,PRAZIQUANTEL,PRAZIQUANTEL,NO_RENAL_CONTENT,0,0,0,HIGH_MATCH_NO_EXPLICIT_RENAL_DOSING_TEXT,HIGH,PRAZIQUANTEL,praziquantel,100.0,a8fd1e0e-0533-43cc-96cd-ac413f75d6e0,3,"Sep 18, 2026",OZIPCO (PRAZIQUANTEL) LIQUID [FAST SOLD LLC],https://dailymed.nlm.nih.gov/dailymed/drugInfo.cfm?setid=a8fd1e0e-0533-43cc-96cd-ac413f75d6e0,,,,,,REVIEW,HIGH_MATCH_NO_EXPLICIT_RENAL_DOSING_TEXT
MED-1071,PROCARBAZINA,PROCARBAZINA,NO_RENAL_CONTENT,0,0,0,HIGH_MATCH_NO_EXPLICIT_RENAL_DOSING_TEXT,HIGH,PROCARBAZINA,procarbazine,100.0,1aa75a3a-18c9-49e1-91a6-293d0b7da756,9,"Sep 25, 2024","MATULANE (PROCARBAZINE HYDROCHLORIDE) CAPSULE [LEADIANT BIOSCIENCES, INC.]",https://dailymed.nlm.nih.gov/dailymed/drugInfo.cfm?setid=1aa75a3a-18c9-49e1-91a6-293d0b7da756,,,,,,REVIEW,HIGH_MATCH_NO_EXPLICIT_RENAL_DOSING_TEXT
MED-1073,PROPIFENAZONA,PROPIFENAZONA,NO_RENAL_CONTENT,0,0,0,AMBIGUOUS_DAILYMED_MATCH,MEDIUM,PROPIFENAZONA,propyphenazone,100.0,7cb69565-a84f-ec6e-e053-2991aa0a59e6,1,"Dec 11, 2018","GEWORIN (ACETAMINOPHEN, CAFFEINE ANHYDROUS, ISOPROPYLANTIPYRINE) TABLET [OASIS TRADING]",https://dailymed.nlm.nih.gov/dailymed/drugInfo.cfm?setid=7cb69565-a84f-ec6e-e053-2991aa0a59e6,,,,,,REVIEW,AMBIGUOUS_DAILYMED_MATCH
MED-1074,PROTIONAMIDA,PROTIONAMIDA,NO_RENAL_CONTENT,0,0,0,RXNORM_MATCH_NO_DAILYMED_SPL,MEDIUM,PROTIONAMIDA,prothionamide,100.0,,,,,,,,,,,REVIEW,RXNORM_MATCH_NO_DAILYMED_SPL
MED-1077,REBOXETINA,REBOXETINA,NO_RENAL_CONTENT,0,0,0,RXNORM_MATCH_NO_DAILYMED_SPL,MEDIUM,REBOXETINA,reboxetine,100.0,,,,,,,,,,,REVIEW,RXNORM_MATCH_NO_DAILYMED_SPL
MED-1079,RESINCALCIO,RESINCALCIO,NO_RENAL_CONTENT,0,0,0,NO_RXNORM_MATCH,NONE,,,0.0,,,,,,,,,RESINCALCIO,,REVIEW,NO_RXNORM_MATCH
MED-1080,RESINSODIO,RESINSODIO,NO_RENAL_CONTENT,0,0,0,NO_RXNORM_MATCH,NONE,,,0.0,,,,,,,,,RESINSODIO,,REVIEW,NO_RXNORM_MATCH
MED-1081,RETAPAMULINA,RETAPAMULINA,NO_RENAL_CONTENT,0,0,0,HIGH_MATCH_NO_EXPLICIT_RENAL_DOSING_TEXT,HIGH,RETAPAMULINA,retapamulin,100.0,9fae06b5-bbd5-400a-a7a6-3a4e238361f8,1,"Oct 09, 2010","ALTABAX (RETAPAMULIN) OINTMENT [PHYSICIANS TOTAL CARE, INC.]",https://dailymed.nlm.nih.gov/dailymed/drugInfo.cfm?setid=9fae06b5-bbd5-400a-a7a6-3a4e238361f8,,,,,,REVIEW,HIGH_MATCH_NO_EXPLICIT_RENAL_DOSING_TEXT
MED-1086,ROMIPLOSTIM,ROMIPLOSTIM,NO_RENAL_CONTENT,0,0,0,HIGH_MATCH_NO_EXPLICIT_RENAL_DOSING_TEXT,HIGH,ROMIPLOSTIM,romiplostim,100.0,c45f9a58-37c1-4f76-8e36-97d38c577037,162,"Jun 26, 2026","NPLATE (ROMIPLOSTIM) INJECTION, POWDER, LYOPHILIZED, FOR SOLUTION [AMGEN, INC]",https://dailymed.nlm.nih.gov/dailymed/drugInfo.cfm?setid=c45f9a58-37c1-4f76-8e36-97d38c577037,,,,,,REVIEW,HIGH_MATCH_NO_EXPLICIT_RENAL_DOSING_TEXT
MED-1088,ROXITROMICINA,ROXITROMICINA,NO_RENAL_CONTENT,0,0,0,RXNORM_MATCH_NO_DAILYMED_SPL,MEDIUM,ROXITROMICINA,roxithromycin,100.0,,,,,,,,,,,REVIEW,RXNORM_MATCH_NO_DAILYMED_SPL
MED-1089,SAPROPTERINA DIHIDROCLORURO,SAPROPTERINA DIHIDROCLORURO,NO_RENAL_CONTENT,0,0,0,HIGH_MATCH_NO_EXPLICIT_RENAL_DOSING_TEXT,HIGH,SAPROPTERINA DIHIDROCLORURO,Sapropterina,9.889425277709961,c4d92cce-e899-4f14-b19c-5e17f9922215,3,"Aug 07, 2026",SAPROPTERIN DIHYDROCHLORIDE TABLET [HIKMA PHARMACEUTICALS USA INC.],https://dailymed.nlm.nih.gov/dailymed/drugInfo.cfm?setid=c4d92cce-e899-4f14-b19c-5e17f9922215,,,,,,REVIEW,HIGH_MATCH_NO_EXPLICIT_RENAL_DOSING_TEXT
MED-1092,SEBELIPASA,SEBELIPASA,NO_RENAL_CONTENT,0,0,0,HIGH_MATCH_NO_EXPLICIT_RENAL_DOSING_TEXT,HIGH,SEBELIPASA,Sebelipasa alfa,8.214000838851929,83a77b9d-42f0-4645-8420-786285da7326,11,"Jul 31, 2025","KANUMA (SEBELIPASE ALFA) INJECTION, SOLUTION, CONCENTRATE [ALEXION PHARMACEUTICALS, INC.]",https://dailymed.nlm.nih.gov/dailymed/drugInfo.cfm?setid=83a77b9d-42f0-4645-8420-786285da7326,,,,,,REVIEW,HIGH_MATCH_NO_EXPLICIT_RENAL_DOSING_TEXT
MED-1094,SERTACONAZOL,SERTACONAZOL,NO_RENAL_CONTENT,0,0,0,HIGH_MATCH_NO_EXPLICIT_RENAL_DOSING_TEXT,HIGH,SERTACONAZOL,sertaconazole,100.0,c6fa8dc4-2620-474e-a9b4-6657d9cbfa96,2,"Apr 09, 2026","ERTACZO (SERTACONAZOLE NITRATE) CREAM [CORAL WAY PHARMA, LLC]",https://dailymed.nlm.nih.gov/dailymed/drugInfo.cfm?setid=c6fa8dc4-2620-474e-a9b4-6657d9cbfa96,,,,,,REVIEW,HIGH_MATCH_NO_EXPLICIT_RENAL_DOSING_TEXT
MED-1095,SIROLIMUS/RAPAMICINA,SIROLIMUS/RAPAMICINA,NO_RENAL_CONTENT,0,0,0,AMBIGUOUS_DAILYMED_MATCH,LOW,SIROLIMUS/RAPAMICINA,Sirolimus,13.384700775146484,0f9bb784-53e2-46f9-a65d-1c6c2a230eaf,10,"Sep 14, 2026","FYARRO (SIROLIMUS) INJECTION, POWDER, LYOPHILIZED, FOR SUSPENSION [AADI BIOSCIENCE, INC.]",https://dailymed.nlm.nih.gov/dailymed/drugInfo.cfm?setid=0f9bb784-53e2-46f9-a65d-1c6c2a230eaf,,,,,,REVIEW,AMBIGUOUS_DAILYMED_MATCH
MED-1096,SODIO FOSFATO,SODIO FOSFATO,NO_RENAL_CONTENT,0,0,0,AMBIGUOUS_DAILYMED_MATCH,MEDIUM,SODIO FOSFATO,calcio fosfato,8.152878952026366,c7ea84ee-5844-4b14-9792-2c45729fccab,9,"Apr 11, 2025","NERVE TONIC (CALCIUM PHOSPHATE, IRON, POTASSIUM PHOSPHATE, UNSPECIFIED FORM, MAGNESIUM PHOSPHATE, DIBASIC TRIHYDRATE, AND SODIUM PHOSPHATE) TABLET [HYLAND'S INC.]",https://dailymed.nlm.nih.gov/dailymed/drugInfo.cfm?setid=c7ea84ee-5844-4b14-9792-2c45729fccab,,,,,,REVIEW,AMBIGUOUS_DAILYMED_MATCH
MED-1098,SOMATOSTATINA,SOMATOSTATINA,NO_RENAL_CONTENT,0,0,0,RXNORM_MATCH_NO_DAILYMED_SPL,MEDIUM,SOMATOSTATINA,somatostatin,100.0,,,,,,,,,,,REVIEW,RXNORM_MATCH_NO_DAILYMED_SPL
MED-1099,SULTIAMO,SULTIAMO,NO_RENAL_CONTENT,0,0,0,RXNORM_MATCH_NO_DAILYMED_SPL,MEDIUM,SULTIAMO,sulthiame,100.0,,,,,,,,,,,REVIEW,RXNORM_MATCH_NO_DAILYMED_SPL
MED-1100,SURAMINA,SURAMINA,NO_RENAL_CONTENT,0,0,0,RXNORM_MATCH_NO_DAILYMED_SPL,MEDIUM,SURAMINA,suramin,9.659564971923828,,,,,,,,,,,REVIEW,RXNORM_MATCH_NO_DAILYMED_SPL
MED-1103,TEICOPLANINA,TEICOPLANINA,NO_RENAL_CONTENT,0,0,0,RXNORM_MATCH_NO_DAILYMED_SPL,MEDIUM,TEICOPLANINA,teicoplanin,100.0,,,,,,,,,,,REVIEW,RXNORM_MATCH_NO_DAILYMED_SPL
MED-1105,TENIPÓSIDO,TENIPÓSIDO,NO_RENAL_CONTENT,0,0,0,RXNORM_MATCH_NO_DAILYMED_SPL,MEDIUM,TENIPÓSIDO,teniposide,100.0,,,,,,,,,,,REVIEW,RXNORM_MATCH_NO_DAILYMED_SPL
MED-1106,TENOFOVIR ALAFENAMIDA,TENOFOVIR ALAFENAMIDA,NO_RENAL_CONTENT,0,0,0,AMBIGUOUS_DAILYMED_MATCH,MEDIUM,TENOFOVIR ALAFENAMIDA,,14.340579986572266,664cb8f0-1f65-441b-b0d9-ba3d798be309,26,"Sep 14, 2026","BIKTARVY (BICTEGRAVIR SODIUM, EMTRICITABINE, AND TENOFOVIR ALAFENAMIDE FUMARATE) TABLET [GILEAD SCIENCES, INC.]",https://dailymed.nlm.nih.gov/dailymed/drugInfo.cfm?setid=664cb8f0-1f65-441b-b0d9-ba3d798be309,,,,,,REVIEW,AMBIGUOUS_DAILYMED_MATCH
MED-1108,TETRIZOLINA OFTÁLMICA,TETRIZOLINA OFTÁLMICA,NO_RENAL_CONTENT,0,0,0,HIGH_MATCH_NO_EXPLICIT_RENAL_DOSING_TEXT,HIGH,TETRIZOLINA OFTÁLMICA,Tetrizolina,9.889425277709961,eb8e5beb-4454-58c2-e053-2a95a90a66e0,4,"Jan 02, 2026","EQUATE ORIGINAL EYE DROPS (TETRAHYDROZOLINE HCL) SOLUTION/ DROPS [WALMART, INC.]",https://dailymed.nlm.nih.gov/dailymed/drugInfo.cfm?setid=eb8e5beb-4454-58c2-e053-2a95a90a66e0,,,,,,REVIEW,HIGH_MATCH_NO_EXPLICIT_RENAL_DOSING_TEXT
MED-1109,TIAPRIDA,TIAPRIDA,NO_RENAL_CONTENT,0,0,0,RXNORM_MATCH_NO_DAILYMED_SPL,MEDIUM,TIAPRIDA,tiapride,100.0,,,,,,,,,,,REVIEW,RXNORM_MATCH_NO_DAILYMED_SPL
MED-1110,TIGECICLINA,TIGECICLINA,NO_RENAL_CONTENT,0,0,0,AMBIGUOUS_DAILYMED_MATCH,MEDIUM,TIGECICLINA,tigecycline,100.0,50605463-2dc2-4b27-bc51-4d87bb9a8539,21,"Jul 27, 2026","TIGECYCLINE INJECTION, POWDER, LYOPHILIZED, FOR SOLUTION [SANDOZ INC]",https://dailymed.nlm.nih.gov/dailymed/drugInfo.cfm?setid=50605463-2dc2-4b27-bc51-4d87bb9a8539,,,,,,REVIEW,AMBIGUOUS_DAILYMED_MATCH
MED-1112,TIOCONAZOL,TIOCONAZOL,NO_RENAL_CONTENT,0,0,0,HIGH_MATCH_NO_EXPLICIT_RENAL_DOSING_TEXT,HIGH,TIOCONAZOL,tioconazole,100.0,587e42b4-cbdc-4a03-afae-f9e5e6605937,2,"Sep 07, 2026",MONISTAT TIOCONAZOLE 1 (TIOCONAZOLE) OINTMENT [INSIGHT PHARMACEUTICALS LLC],https://dailymed.nlm.nih.gov/dailymed/drugInfo.cfm?setid=587e42b4-cbdc-4a03-afae-f9e5e6605937,,,,,,REVIEW,HIGH_MATCH_NO_EXPLICIT_RENAL_DOSING_TEXT
MED-1113,TIOPENTAL,TIOPENTAL,NO_RENAL_CONTENT,0,0,0,RXNORM_MATCH_NO_DAILYMED_SPL,LOW,TIOPENTAL,,9.223989486694336,,,,,,,,,,,REVIEW,RXNORM_MATCH_NO_DAILYMED_SPL
MED-1115,TIPRANAVIR (TPV),TIPRANAVIR (TPV),NO_RENAL_CONTENT,0,0,0,AMBIGUOUS_DAILYMED_MATCH,MEDIUM,TIPRANAVIR (TPV),,14.26530647277832,08982e49-d2eb-4b25-b01a-1be52fd669ef,19,"Jun 20, 2025","APTIVUS (TIPRANAVIR) CAPSULE, LIQUID FILLED [BOEHRINGER INGELHEIM PHARMACEUTICALS, INC.]",https://dailymed.nlm.nih.gov/dailymed/drugInfo.cfm?setid=08982e49-d2eb-4b25-b01a-1be52fd669ef,,,,,,REVIEW,AMBIGUOUS_DAILYMED_MATCH
MED-1119,TOLNAFTATO,TOLNAFTATO,NO_RENAL_CONTENT,0,0,0,HIGH_MATCH_NO_EXPLICIT_RENAL_DOSING_TEXT,HIGH,TOLNAFTATO,tolnaftate,100.0,5add276c-ff33-7a41-e063-6394a90aa8af,3,"Sep 16, 2026","TOLNAFTATE 1% ANTIFUNGAL SOAPS (TOLNAFTATE) SOAP [SHENZHEN SHANGMEI TIANTIANBAODAN E-COMMERCE CO., LTD]",https://dailymed.nlm.nih.gov/dailymed/drugInfo.cfm?setid=5add276c-ff33-7a41-e063-6394a90aa8af,,,,,,REVIEW,HIGH_MATCH_NO_EXPLICIT_RENAL_DOSING_TEXT
MED-1123,TOXINA BOTULÍNICA A,TOXINA BOTULÍNICA A,NO_RENAL_CONTENT,0,0,0,AMBIGUOUS_DAILYMED_MATCH,MEDIUM,TOXINA BOTULÍNICA A,botulinum toxin type A,100.0,3aaa6e14-a3f7-4fb2-b9f9-d3a9c3ae1f74,12,"Jan 08, 2026","DAXXIFY (BOTULINUM TOXIN TYPE A) INJECTION, POWDER, LYOPHILIZED, FOR SOLUTION [REVANCE THERAPEUTICS, INC.]",https://dailymed.nlm.nih.gov/dailymed/drugInfo.cfm?setid=3aaa6e14-a3f7-4fb2-b9f9-d3a9c3ae1f74,,,,,,REVIEW,AMBIGUOUS_DAILYMED_MATCH
MED-1125,TRIHEXIFENIDILO,TRIHEXIFENIDILO,NO_RENAL_CONTENT,0,0,0,AMBIGUOUS_DAILYMED_MATCH,MEDIUM,TRIHEXIFENIDILO,trihexyphenidyl,100.0,b60ef86c-b8b6-4530-baaf-d4671ce961af,13,"Jul 24, 2026",TRIHEXYPHENIDYL HYDROCHLORIDE TABLET [REMEDYREPACK INC.],https://dailymed.nlm.nih.gov/dailymed/drugInfo.cfm?setid=b60ef86c-b8b6-4530-baaf-d4671ce961af,,,,,,REVIEW,AMBIGUOUS_DAILYMED_MATCH
MED-1127,TRIPELENAMINA HIDROCLORURO,TRIPELENAMINA HIDROCLORURO,NO_RENAL_CONTENT,0,0,0,AMBIGUOUS_DAILYMED_MATCH,MEDIUM,TRIPELENAMINA HIDROCLORURO,,8.464990615844727,2010c3e9-a34e-421c-b436-821245aecb6e,2,"Feb 25, 2022","RE-COVR (TRIPELENNAMINE HYDROCHLORIDE) INJECTION [KINETIC TECHNOLOGIES, LLC]",https://dailymed.nlm.nih.gov/dailymed/drugInfo.cfm?setid=2010c3e9-a34e-421c-b436-821245aecb6e,,,,,,REVIEW,AMBIGUOUS_DAILYMED_MATCH
MED-1129,TROFOSFAMIDA,TROFOSFAMIDA,NO_RENAL_CONTENT,0,0,0,RXNORM_MATCH_NO_DAILYMED_SPL,MEDIUM,TROFOSFAMIDA,trofosfamide,10.416915893554688,,,,,,,,,,,REVIEW,RXNORM_MATCH_NO_DAILYMED_SPL
MED-1130,TROPICAMIDA,TROPICAMIDA,NO_RENAL_CONTENT,0,0,0,HIGH_MATCH_NO_EXPLICIT_RENAL_DOSING_TEXT,HIGH,TROPICAMIDA,tropicamide,100.0,6d3a2f19-25f6-4903-8b2b-3823591f74a7,1,"Sep 14, 2026",TROPICAMIDE SOLUTION/ DROPS [SPORTPHARM LLC],https://dailymed.nlm.nih.gov/dailymed/drugInfo.cfm?setid=6d3a2f19-25f6-4903-8b2b-3823591f74a7,,,,,,REVIEW,HIGH_MATCH_NO_EXPLICIT_RENAL_DOSING_TEXT
MED-1131,URAPIDIL,URAPIDIL,NO_RENAL_CONTENT,0,0,0,RXNORM_MATCH_NO_DAILYMED_SPL,MEDIUM,URAPIDIL,urapidil,100.0,,,,,,,,,,,REVIEW,RXNORM_MATCH_NO_DAILYMED_SPL
MED-1132,UROQUINASA,UROQUINASA,NO_RENAL_CONTENT,0,0,0,AMBIGUOUS_DAILYMED_MATCH,MEDIUM,UROQUINASA,urokinase,100.0,bfe5cfb9-591d-4df8-12a3-6555cde3185d,1,"Aug 13, 2008","KINLYTIC (UROKINASE) INJECTION, POWDER, LYOPHILIZED, FOR SOLUTION [IMARX THERAPEUTICS, INC.]",https://dailymed.nlm.nih.gov/dailymed/drugInfo.cfm?setid=bfe5cfb9-591d-4df8-12a3-6555cde3185d,,,,,,REVIEW,AMBIGUOUS_DAILYMED_MATCH
MED-1133,USTEKINUMAB,USTEKINUMAB,NO_RENAL_CONTENT,0,0,0,HIGH_MATCH_NO_EXPLICIT_RENAL_DOSING_TEXT,HIGH,USTEKINUMAB,ustekinumab,100.0,23b486eb-f48d-47d4-815e-1313d4ebfbfa,9,"Sep 10, 2026","USTEKINUMAB INJECTION, SOLUTION USTEKINUMAB SOLUTION [JANSSEN BIOTECH, INC.]",https://dailymed.nlm.nih.gov/dailymed/drugInfo.cfm?setid=23b486eb-f48d-47d4-815e-1313d4ebfbfa,,,,,,REVIEW,HIGH_MATCH_NO_EXPLICIT_RENAL_DOSING_TEXT
MED-1134,VEDOLIZUMAB,VEDOLIZUMAB,NO_RENAL_CONTENT,0,0,0,HIGH_MATCH_NO_EXPLICIT_RENAL_DOSING_TEXT,HIGH,VEDOLIZUMAB,vedolizumab,100.0,6e94621c-1a95-4af9-98d1-52b9e6f1949c,26,"May 13, 2026","ENTYVIO (VEDOLIZUMAB) INJECTION, POWDER, LYOPHILIZED, FOR SOLUTION ENTYVIO PEN (VEDOLIZUMAB) INJECTION, SOLUTION ENTYVIO (VEDOLIZUMAB) INJECTION, SOLUTION [TAKEDA PHARMACEUTICALS AMERICA, INC.]",https://dailymed.nlm.nih.gov/dailymed/drugInfo.cfm?setid=6e94621c-1a95-4af9-98d1-52b9e6f1949c,,,,,,REVIEW,HIGH_MATCH_NO_EXPLICIT_RENAL_DOSING_TEXT
MED-1135,VELAGLUCERASA ALFA,VELAGLUCERASA ALFA,NO_RENAL_CONTENT,0,0,0,HIGH_MATCH_NO_EXPLICIT_RENAL_DOSING_TEXT,HIGH,VELAGLUCERASA ALFA,velaglucerase alfa,100.0,ca02f7a4-ae4f-43c1-a06a-259fe4fcf9cf,27,"Dec 11, 2024","VPRIV (VELAGLUCERASE ALFA) INJECTION, POWDER, LYOPHILIZED, FOR SOLUTION [TAKEDA PHARMACEUTICALS AMERICA, INC.]",https://dailymed.nlm.nih.gov/dailymed/drugInfo.cfm?setid=ca02f7a4-ae4f-43c1-a06a-259fe4fcf9cf,,,,,,REVIEW,HIGH_MATCH_NO_EXPLICIT_RENAL_DOSING_TEXT
MED-1136,VESTRONIDASA ALFA,VESTRONIDASA ALFA,NO_RENAL_CONTENT,0,0,0,AMBIGUOUS_DAILYMED_MATCH,MEDIUM,VESTRONIDASA ALFA,,12.358631134033203,925d4e21-fd98-474d-a34d-a0b3558ed750,17,"Dec 04, 2025",MEPSEVII (VESTRONIDASE ALFA) INJECTION [ULTRAGENYX PHARMACEUTICAL INC.],https://dailymed.nlm.nih.gov/dailymed/drugInfo.cfm?setid=925d4e21-fd98-474d-a34d-a0b3558ed750,,,,,,REVIEW,AMBIGUOUS_DAILYMED_MATCH
MED-1139,VINDESINA,VINDESINA,NO_RENAL_CONTENT,0,0,0,RXNORM_MATCH_NO_DAILYMED_SPL,MEDIUM,VINDESINA,vindesine,100.0,,,,,,,,,,,REVIEW,RXNORM_MATCH_NO_DAILYMED_SPL
MED-1140,VINORELBINA,VINORELBINA,NO_RENAL_CONTENT,0,0,0,HIGH_MATCH_NO_EXPLICIT_RENAL_DOSING_TEXT,HIGH,VINORELBINA,vinorelbine,100.0,10a70995-e04d-4044-b1dc-c9aa27460397,10,"Sep 18, 2024","VINORELBINE INJECTION, SOLUTION [SAGENT PHARMACEUTICALS]",https://dailymed.nlm.nih.gov/dailymed/drugInfo.cfm?setid=10a70995-e04d-4044-b1dc-c9aa27460397,,,,,,REVIEW,HIGH_MATCH_NO_EXPLICIT_RENAL_DOSING_TEXT
MED-1144,DIFENIDOL,DIFENIDOL,NO_RENAL_CONTENT,0,0,0,RXNORM_MATCH_NO_DAILYMED_SPL,MEDIUM,DIFENIDOL,diphenidol,100.0,,,,,,,,,,,REVIEW,RXNORM_MATCH_NO_DAILYMED_SPL
MED-0056,ANASTRAZOL,ANASTRAZOL,HAS_PUBLISHED_NONAUTO_RULE,1,0,0,AMBIGUOUS_DAILYMED_MATCH,MEDIUM,ANASTRAZOL,Anastrozole,8.546680450439453,1d1d5818-1594-4f54-90a9-ae9a9afcdc67,105,"Aug 21, 2026",ANASTROZOLE TABLET [BRYANT RANCH PREPACK],https://dailymed.nlm.nih.gov/dailymed/drugInfo.cfm?setid=1d1d5818-1594-4f54-90a9-ae9a9afcdc67,,,,,,REVIEW,AMBIGUOUS_DAILYMED_MATCH
MED-0107,CARBONATO DE LITIO,CARBONATO DE LITIO,HAS_PUBLISHED_NONAUTO_RULE,1,0,0,AMBIGUOUS_DAILYMED_MATCH,MEDIUM,CARBONATO DE LITIO,Carbonato de calcio,16.897342109680174,59382400-cde6-4234-b570-1580a8177279,8,"Sep 14, 2026","EXTRA STRENGTH ANTACID FRESHMINT (CALCIUM CARBONATE, MAGNESIUM HYDROXIDE) TABLET, CHEWABLE [DISCOUNT DRUG MART]",https://dailymed.nlm.nih.gov/dailymed/drugInfo.cfm?setid=59382400-cde6-4234-b570-1580a8177279,,,,,,REVIEW,AMBIGUOUS_DAILYMED_MATCH
MED-0110,CEFALEXINA,CEFALEXINA,HAS_AUTOMATIC_RULE,10,10,0,AMBIGUOUS_DAILYMED_MATCH,MEDIUM,CEFALEXINA,cephalexin,100.0,9fc5cfb0-7ba0-4669-b79c-270b6a9ff573,2,"Sep 16, 2026",CEPHALEXIN (CEPHALEXIN) FOR SUSPENSION [REMEDYREPACK INC.],https://dailymed.nlm.nih.gov/dailymed/drugInfo.cfm?setid=9fc5cfb0-7ba0-4669-b79c-270b6a9ff573,,,,,,REVIEW,AMBIGUOUS_DAILYMED_MATCH
MED-0123,CICLOSPORINA,CICLOSPORINA,HAS_PUBLISHED_NONAUTO_RULE,1,0,0,AMBIGUOUS_DAILYMED_MATCH,MEDIUM,CICLOSPORINA,cyclosporine,100.0,5baaf78c-90f6-abcf-52c8-814490f3cf9f,10,"Sep 11, 2026","CYCLOSPORINE, MODFIED (CYCLOSPORINE) CAPSULE, LIQUID FILLED [APOTEX CORP.]",https://dailymed.nlm.nih.gov/dailymed/drugInfo.cfm?setid=5baaf78c-90f6-abcf-52c8-814490f3cf9f,,,,,,REVIEW,AMBIGUOUS_DAILYMED_MATCH
MED-0208,DORAVIRINA,DORAVIRINA,HAS_PUBLISHED_NONAUTO_RULE,1,0,0,AMBIGUOUS_DAILYMED_MATCH,MEDIUM,DORAVIRINA,,8.545501708984375,76ce1f00-28c0-4314-bd2c-d473fe3d0970,21,"Jul 13, 2026","PIFELTRO (DORAVIRINE) TABLET, FILM COATED [MERCK SHARP & DOHME LLC]",https://dailymed.nlm.nih.gov/dailymed/drugInfo.cfm?setid=76ce1f00-28c0-4314-bd2c-d473fe3d0970,,,,,,REVIEW,AMBIGUOUS_DAILYMED_MATCH
MED-0296,HIDROXIUREA,HIDROXIUREA,HAS_AUTOMATIC_RULE,3,3,0,AMBIGUOUS_DAILYMED_MATCH,MEDIUM,HIDROXIUREA,Hydroxyurea,8.487018585205078,e76fd60e-7644-48c5-9857-3608a045000b,8,"Jun 08, 2026",HYDROXYUREA CAPSULE [MAJOR PHARMACEUTICALS],https://dailymed.nlm.nih.gov/dailymed/drugInfo.cfm?setid=e76fd60e-7644-48c5-9857-3608a045000b,,,,,,REVIEW,AMBIGUOUS_DAILYMED_MATCH
MED-0435,OLAPARIB,OLAPARIB,HAS_PUBLISHED_NONAUTO_RULE,1,0,0,HIGH_MATCH_NO_EXPLICIT_RENAL_DOSING_TEXT,HIGH,OLAPARIB,olaparib,100.0,9d25e526-6b0d-4e86-b0f0-b8bfed20c7ac,2,"Apr 02, 2026",OLAPARIB POWDER [EVEREEN SHANGHAI BIOTECHNOLOGY LTD.],https://dailymed.nlm.nih.gov/dailymed/drugInfo.cfm?setid=9d25e526-6b0d-4e86-b0f0-b8bfed20c7ac,,,,,,REVIEW,HIGH_MATCH_NO_EXPLICIT_RENAL_DOSING_TEXT
MED-0520,SEMAGLUTIDA,SEMAGLUTIDA,HAS_PUBLISHED_NONAUTO_RULE,1,0,0,AMBIGUOUS_DAILYMED_MATCH,MEDIUM,SEMAGLUTIDA,,8.351524353027344,27f15fac-7d98-4114-a2ec-92494a91da98,14,"Aug 19, 2026","OZEMPIC (ORAL SEMAGLUTIDE) TABLET RYBELSUS (ORAL SEMAGLUTIDE) TABLET [NOVO NORDISK PHARMACEUTICAL INDUSTRIES, LP]",https://dailymed.nlm.nih.gov/dailymed/drugInfo.cfm?setid=27f15fac-7d98-4114-a2ec-92494a91da98,,,,,,REVIEW,AMBIGUOUS_DAILYMED_MATCH
MED-0579,TOLTERODINA L-TARTRATO,TOLTERODINA L-TARTRATO,HAS_PUBLISHED_NONAUTO_RULE,1,0,0,AMBIGUOUS_DAILYMED_MATCH,MEDIUM,TOLTERODINA L TARTRATE,,12.994390286445618,bbbee85a-e5e2-24ec-e053-2995a90acfd8,14,"Aug 07, 2026","TOLTERODINE TARTRATE CAPSULE, EXTENDED RELEASE [SLATE RUN PHARMACEUTICALS, LLC]",https://dailymed.nlm.nih.gov/dailymed/drugInfo.cfm?setid=bbbee85a-e5e2-24ec-e053-2995a90acfd8,,,,,,REVIEW,AMBIGUOUS_DAILYMED_MATCH
