med_id,generic_name,normalized_name,previous_status,previous_rules,previous_auto,previous_verified_biblio,harvest_status,match_confidence,matched_term,rxnorm_name,rxnorm_score,setid,spl_version,published_date,label_title,source_url,renal_section_titles,renal_text,rule_type,query_trace,error,v2_decision,v2_reason,v3_decision,v3_reason,v3_supporting_rxcui
MED-0173,DARUNAVIR,DARUNAVIR,NO_RENAL_CONTENT,0,0,0,HIGH_MATCH_RENAL_EVIDENCE,HIGH,DARUNAVIR,darunavir,100.0,632293b0-d220-444e-8a5b-2ee8c225b66d,3,"Sep 18, 2026",DARUNAVIR TABLET [AMERICAN HEALTH PACKAGING],https://dailymed.nlm.nih.gov/dailymed/drugInfo.cfm?setid=632293b0-d220-444e-8a5b-2ee8c225b66d,8.7 Renal Impairment | 7.3 Established and Other Potentially Significant Drug Interactions | 12.3 Pharmacokinetics,"8.7 Renal Impairment: Population pharmacokinetic analysis showed that the pharmacokinetics of darunavir were not significantly affected in HIV-infected subjects with moderate renal impairment (CrCL between 30-60 mL/min, n=20). No pharmacokinetic data are available in HIV-1-infected patients with severe renal impairment or end stage renal disease; however, because the renal clearance of darunavir is limited, a decrease in total body clearance is not expected in patients with renal impairment. As darunavir and ritonavir are highly bound to plasma proteins, it is unlikely that they will be significantly removed by hemodialysis or peritoneal dialysis [see Clinical Pharmacology (12.3) ] .

7.3 Established and Other Potentially Significant Drug Interactions: Table 10 provides dosing recommendations as a result of drug interactions with darunavir/ritonavir. These recommendations are based on either drug interaction studies or predicted interactions due to the expected magnitude of interaction and potential for serious adverse events or loss of efficacy. The table includes examples of potentially significant interactions but is not all inclusive [see Contraindications (4) and Clinical Pharmacology (12.3) )] , and therefore the label of each drug that is co-administered with darunavir/ritonavir should be consulted for information related to the route of metabolism, interaction pathways, potential risks, and specific actions to be taken with regard to co-administration. Table 10: Established and Other Potentially Significant Drug Interactions: Alterations in Dose or Regimen May be Recommended Based on Drug Interaction Studies or Predicted Interaction (see Contraindications (4) for a complete list of examples of contraindicated drugs) [see Clinical Pharmacology (12.3) for Magnitude of Interaction, Tables 15 and 16] Concomitant Drug Class Drug Name Examples Effect on Concentration of Darunavir Or Concomitant Drug Clinical Comment HIV-1-Antiviral Agents: Nucleoside Reverse Transcriptase Inhibitors (NRTIs) didanosine ↔ darunavir ↔ didanosine Didanosine should be administered one hour before or two hours after darunavir/ritonavir (which are administered with food). HIV-1-Antiviral Agents: HIV-Protease Inhibitors (PIs) indinavir (The reference regimen for indinavir was indinavir/ritonavir 800/100 mg twice daily.) ↑ darunavir ↑ indinavir The appropriate dose of indinavir in combination with darunavir/ritonavir has not been established. lopinavir/ritonavir ↓ darunavir ↔ lopinavir Appropriate doses of the combination have not been established. Hence, it is not recommended to co-administer lopinavir/ritonavir and darunavir, with or without ritonavir. saquinavir ↓ darunavir ↔ saquinavir Appropriate doses of the combination have not been established. Hence, it is not recommended to co-administer saquinavir and darunavir, with or without ritonavir. Other HIV protease inhibitors, except atazanavir [see Drug Interactions (7.4) ] As co-administration with darunavir/ritonavir has not been studied, co-administration is not recommended. HIV-1-Antiviral Agents: CCR5 co-receptor antagonists maraviroc ↑ maraviroc When used in combination with darunavir/ritonavir, the dose of maraviroc should be 150 mg twice daily. Other Agents Alpha 1-adrenoreceptor antagonist: alfuzosin ↑ alfuzosin Co-administration is contraindicated due to potential for serious and/or life-threatening reactions such as hypotension. Antibacterial: clarithromycin ↔ darunavir ↑ clarithromycin No dose adjustment of the combination is required for patients with normal renal function. For co-administration of clarithromycin and darunavir/ritonavir in patients with renal impairment, the following dose adjustments should be considered: For subjects with CLcr of 30-60 mL/min, the dose of clarithromycin should be reduced by 50%. For subjects with CLcr of <30 mL/min, the dose of clarithromycin should be reduced by 75%. Anticoagulants: Direct Oral Anticoagulants (DOACs) apixaban ↑ apixaban Due to potentially increased bleeding risk, dosing recommendations for co-administration of apixaban with darunavir/ritonavir depend on the apixaban dose. Refer to apixaban dosing instructions for co-administration with P-gp and strong CYP3A inhibitors in apixaban prescribing information. rivaroxaban ↑ rivaroxaban Co-administration of darunavir/ritonavir and rivaroxaban is not recommended because it may lead to an increased bleeding risk. dabigatran etexilate edoxaban ↑ dabigatran ↑ edoxaban Refer to the dabigatran etexilate or edoxaban prescribing information for recommendations regarding co-administration. The specific recommendations are based on indication, renal function, and effect of the co-administered P-gp inhibitors on the concentration of dabigatran or edoxaban. Clinical monitoring is recommended when a DOAC not affected by CYP3A4 but transported by P-gp, including dabigatran etexilate and edoxaban, is co-administered with darunavir/ritonavir. Other Anticoagulants warfarin ↑ warfarin ↑ darunavir Warfarin concentrations are decreased when co-administered with darunavir/ritonavir. It is recommended that the international normalized ratio (INR) be monitored when warfarin is combined with darunavir/ritonavir. Anticonvulsants: carbamazepine ↔ darunavir ↑ carbamazepine The dose of either darunavir/ritonavir or carbamazepine does not need to be adjusted when initiating co-administration with darunavir/ritonavir and carbamazepine. Clinical monitoring of carbamazepine concentrations and its dose titration is recommended to achieve the desired clinical response. clonazepam ↑ clonazepam Clinical monitoring of anticonvulsants that are metabolized by CYP3A is recommended. phenobarbital, phenytoin ↔ darunavir ↓ phenytoin ↓ phenobarbital Phenytoin and phenobarbital levels should be monitored when co-administering with darunavir/ritonavir. Antidepressants: Selective Serotonin Reuptake Inhibitors (SSRIs ): paroxetine, sertraline ↓ paroxetine ↓ sertraline If either sertraline or paroxetine is initiated in patients receiving darunavir/ritonavir, dose titrating the SSRI based on a clinical assessment of antidepressant response is recommended. Monitor for antidepressant response in patients on a stable dose of sertraline or paroxetine who start treatment with darunavir/ritonavir. Tricyclic Antidepressants (TCAs): amitriptyline, desipramine, imipramine, nortriptyline ↑ amitriptyline ↑ desipramine ↑ imipramine ↑ nortriptyline Use a lower dose of the tricyclic antidepressants and trazodone due to potential increased adverse events such as nausea, dizziness, hypotension and syncope. Other: trazodone ↑ trazodone Antifungals: itraconazole, isavuconazole, ketoconazole, posaconazole ↑ darunavir ↑ itraconazole ↑ isavuconazole ↑ ketoconazole ↔ posaconazole Monitor for increased darunavir/ritonavir and/or antifungal adverse events with concomitant use of these antifungals. When co-administration is required, the daily dose of ketoconazole or itraconazole should not exceed 200 mg with monitoring for increased antifungal adverse events. voriconazole ↓ voriconazole Voriconazole is not recommended for patients receiving darunavir/ritonavir unless an assessment comparing predicted benefit to risk ratio justifies the use of voriconazole. Anti-gout: colchicine ↑ colchicine Co-administration is contraindicated in patients with renal and/or hepatic impairment due to potential for serious and/or life-threatening reactions. For patients without renal or hepatic impairment: Treatment of gout-flares – co-administration of colchicine in patients on darunavir/ritonavir: 0.6 mg (1 tablet) × 1 dose, followed by 0.3 mg (half tablet) 1 hour later. Treatment course to be repeated no earlier than 3 days. Prophylaxis of gout-flares – co-administration of colchicine in patients on darunavir/ritonavir: If the original regimen was 0.6 mg twice a day, the regimen should be adjusted to 0.3 mg once a day. If the original regimen was 0.6 mg once a day, the regimen should be adjusted to 0.3 mg once every other day. Treatment of familial Mediterranean fever – co-administration of colchicine in patients on darunavir/ritonavir: maximum daily dose of 0.6 mg (may be given as 0.3 mg twice a day). Antimalarial: artemether/lumefantrine ↓ artemether ↓ dihydroartemisinin ↑ lumefantrine ↔ darunavir The combination of darunavir/ritonavir and artemether/lumefantrine can be used without dose adjustments. However, the combination should be used with caution as increased lumefantrine exposure may increase the risk of QT prolongation. Antimycobacterials: rifampin ↓ darunavir Co-administration is contraindicated due to potential for loss of therapeutic effect and development of resistance. rifabutin (The reference regimen for rifabutin was 300 mg once daily.) ↑ darunavir ↑ rifabutin ↑ 25- O -desacetylrifabutin Dose reduction of rifabutin by at least 75% of the usual dose (300 mg once daily) is recommended (i.e., a maximum dose of 150 mg every other day). Increased monitoring for adverse events is warranted in patients receiving this combination and further dose reduction of rifabutin may be necessary. rifapentine ↓ darunavir Co-administration of darunavir/ritonavir with rifapentine is not recommended. Antineoplastics: dasatinib, nilotinib ↑ antineoplastics A decrease in the dosage or an adjustment of the dosing interval of dasatinib and nilotinib may be necessary for patients. Please refer to the dasatinib and nilotinib prescribing information for dosing instructions. vinblastine, vincristine For vincristine and vinblastine, consideration should be given to temporarily withholding the ritonavir-containing antiretroviral regimen in patients who develop significant hematologic or gastrointestinal side effects when darunavir/ritonavir is administered concurrently with vincristine or vinblastine. If the antiretroviral regimen must be withheld for a prolonged period, consideration should be given to initiating a revised regimen that does not include a CYP3A or P-gp inhibitor. Antipsychotics: lurasidone ↑ lurasidone Co-administration is contraindicated due to potential for serious and/or life-threatening reactions. pimozide ↑ pimozide Co-administration is contraindicated due to potential for serious and/or life-threatening reactions such as cardiac arrhythmias. quetiapine ↑ quetiapine Initiation of darunavir with ritonavir in patients taking quetiapine: Consider alternative antiretroviral therapy to avoid increases in quetiapine exposures. If co‑administration is necessary, reduce the quetiapine dose to 1/6 of the current dose and monitor for quetiapine-associated adverse reactions. Refer to the quetiapine prescribing information for recommendations on adverse reaction monitoring. Initiation of quetiapine in patients taking darunavir with ritonavir : Refer to the quetiapine prescribing information for initial dosing and titration of quetiapine. e.g. perphenazine, risperidone, thioridazine ↑ antipsychotics A decrease in the dose of antipsychotics that are metabolized by CYP3A or CYP2D6 may be needed when co-administered with darunavir/ritonavir. β-Blockers: e.g. carvedilol, metoprolol, timolol ↑ beta-blockers Clinical monitoring of patients is recommended. A dose decrease may be needed for these drugs when co-administered with darunavir/ritonavir and a lower dose of the beta blocker should be considered. Calcium Channel Blockers: amlodipine, diltiazem, felodipine, nicardipine, nifedipine, verapamil ↑ calcium channel blockers Clinical monitoring of patients is recommended. Cardiac Disorders : ranolazine, ivabradine ↑ ranolazine ↑ ivabradine Co-administration is contraindicated due to potential for serious and/or life-threatening reactions. dronedarone ↑ dronedarone Co-administration is contraindicated due to potential for serious and/or life-threatening reactions such as cardiac arrhythmias. Other antiarrhythmics e.g. amiodarone, bepridil, disopyramide, flecainide, lidocaine (systemic), mexiletine, propafenone, quinidine ↑ antiarrhy…",NO_AJUSTE,,,ACCEPT,STRICT_NO_ADJUSTMENT,REJECT,DAILYMED_SETID_NOT_MAPPED_TO_EXACT_RXNORM_CONCEPT,460132
MED-0327,LACOSAMIDA,LACOSAMIDA,NO_RENAL_CONTENT,0,0,0,HIGH_MATCH_RENAL_EVIDENCE,HIGH,LACOSAMIDA,lacosamide,100.0,28a594e7-e89b-4d2c-b508-11a5f74700d3,3,"Sep 18, 2026","LACOSAMIDE TABLET, FILM COATED [REMEDYREPACK INC.]",https://dailymed.nlm.nih.gov/dailymed/drugInfo.cfm?setid=28a594e7-e89b-4d2c-b508-11a5f74700d3,2.4 Dosage Information for Patients with Renal Impairment | 8.6 Renal Impairment | 8.5 Geriatric Use | 10 OVERDOSAGE,"2.4 Dosage Information for Patients with Renal Impairment: For patients with mild to moderate renal impairment, no dosage adjustment is necessary. For patients with severe renal impairment [creatinine clearance (CL CR ) less than 30 mL/min as estimated by the Cockcroft-Gault equation for adults; CL CR less than 30 mL/min/1.73m 2 as estimated by the Schwartz equation for pediatric patients] or end-stage renal disease, a reduction of 25% of the maximum dosage is recommended. In all patients with renal impairment, dose initiation and titration should be based on clinical response and tolerability. Hemodialysis Lacosamide is effectively removed from plasma by hemodialysis. Following a 4-hour hemodialysis treatment, dosage supplementation of up to 50% should be considered. Concomitant Strong CYP3A4 or CYP2C9 Inhibitors Dose reduction may be necessary in patients with renal impairment who are taking strong inhibitors of CYP3A4 and CYP2C9 [ see Drug Interactions (7.1) , Use in Specific Populations (8.6) , and Clinical Pharmacology (12.3) ].

8.6 Renal Impairment: No dose adjustment is necessary in patients with mild to moderate renal impairment (CL CR ≥30 mL/min). In patients with severe renal impairment (CL CR <30 mL/min as estimated by the Cockcroft-Gault equation for adults; CL CR less than 30 mL/min/1.73m 2 as estimated by the Schwartz equation for pediatric patients) and in those with end-stage renal disease, a reduction of 25% of the maximum dosage is recommended [see Dosage and Administration (2.4) and Clinical Pharmacology (12.3) ] . In all patients with renal impairment, dose initiation and titration should be based on clinical response and tolerability. Lacosamide is effectively removed from plasma by hemodialysis. Dosage supplementation of up to 50% following hemodialysis should be considered.

8.5 Geriatric Use: There were insufficient numbers of elderly patients enrolled in partial-onset seizure trials (n=18) to adequately determine whether they respond differently from younger patients. No lacosamide dose adjustment based on age is necessary. In elderly patients, dose titration should be performed with caution, usually starting at the lower end of the dosing range, reflecting the greater frequency of decreased hepatic function, decreased renal function, increased cardiac conduction abnormalities, and polypharmacy [ see Dosage and Administration (2.1 , 2.4 , 2.5) and Clinical Pharmacology (12.3) ].

10 OVERDOSAGE: Events reported after an intake of more than 800 mg (twice the maximum recommended daily dosage) of lacosamide include dizziness, nausea, and seizures (generalized tonic-clonic seizures, status epilepticus). Cardiac conduction disorders, confusion, decreased level of consciousness, cardiogenic shock, cardiac arrest, and coma have also been observed. Fatalities have occurred following lacosamide overdoses of several grams. There is no specific antidote for overdose with lacosamide. Standard decontamination procedures should be followed. General supportive care of the patient is indicated including monitoring of vital signs and observation of the clinical status of patient. A Certified Poison Control Center should be contacted for up to date information on the management of overdose with lacosamide. Standard hemodialysis procedures result in significant clearance of lacosamide (reduction of systemic exposure by 50% in 4 hours). Hemodialysis may be indicated based on the patient's clinical state or in patients with significant renal impairment.",NO_AJUSTE,,,ACCEPT,STRICT_NO_ADJUSTMENT,REJECT,DAILYMED_SETID_NOT_MAPPED_TO_EXACT_RXNORM_CONCEPT,623400
MED-0824,ÁCIDO ZOLEDRÓNICO,ÁCIDO ZOLEDRÓNICO,NO_RENAL_CONTENT,0,0,0,HIGH_MATCH_RENAL_EVIDENCE,HIGH,ÁCIDO ZOLEDRÓNICO,zoledronic acid,100.0,f94a5c9e-74bc-d09e-cd65-394b2a5de2ad,21,"Sep 16, 2026","ZOLEDRONIC ACID (ZOLEDRONIC ACID ) INJECTION, SOLUTION [DR.REDDY'S LABORATORIES LTD]",https://dailymed.nlm.nih.gov/dailymed/drugInfo.cfm?setid=f94a5c9e-74bc-d09e-cd65-394b2a5de2ad,5.3 Renal Impairment | 8.6 Renal Impairment | 7.4 Drugs Primarily Excreted by the Kidney | 2.7 Laboratory Testing and Oral Examination Prior to Administration,"5.3 Renal Impairment: A single dose of zoledronic acid injection should not exceed 5 mg and the duration of infusion should be no less than 15 minutes [see Dosage and Administration ( 2 ) ] . Zoledronic acid injection is contraindicated in patients with creatinine clearance less than 35 mL/min and in those with evidence of acute renal impairment. [See Contraindications (4) ] . If history or physical signs suggest dehydration, zoledronic acid injection therapy should be withheld until normovolemic status has been achieved [See Adverse Reactions (6.2) ] . Zoledronic acid injection should be used with caution in patients with chronic renal impairment. Acute renal impairment, including renal failure, has been observed following the administration of zoledronic acid, especially in patients with preexisting renal compromise, advanced age, concomitant nephrotoxic medications, concomitant diuretic therapy, or severe dehydration occurring before or after zoledronic acid injection administration. Acute renal failure (ARF) has been observed in patients after a single administration. Rare reports of hospitalization and/or dialysis or fatal outcome occurred in patients with underlying moderate to severe renal impairment or with any of the risk factors described in this section [see Adverse Reactions (6.2) ] . Renal impairment may lead to increased exposure of concomitant medications and/or their metabolites that are primarily renally excreted [see Drug Interactions (7.4) ] . Creatinine clearance should be calculated based on actual body weight using Cockcroft-Gault formula before each zoledronic acid injection dose. Transient increase in serum creatinine may be greater in patients with impaired renal function; interim monitoring of creatinine clearance should be performed in at-risk patients. Elderly patients and those receiving diuretic therapy are at increased risk of acute renal failure. These patients should have their fluid status assessed and be appropriately hydrated prior to administration of zoledronic acid injection. Zoledronic acid injection should be used with caution with other nephrotoxic drugs [see Drug Interactions (7.3) ] . Consider monitoring creatinine clearance in patients at-risk for ARF who are taking concomitant medications that are primarily excreted by the kidney [see Drug Interactions (7.4) ] .

8.6 Renal Impairment: Zoledronic acid injection is contraindicated in patients with creatinine clearance less than 35 mL/min and in those with evidence of acute renal impairment. There are no safety or efficacy data to support the adjustment of the zoledronic acid injection dose based on baseline renal function. Therefore, no dosage adjustment is required in patients with a creatinine clearance of greater than or equal to 35 mL/min [see Warnings and Precautions ( 5.3 ) , Clinical Pharmacology ( 12.3) ] . Risk of acute renal failure may increase with underlying renal disease and dehydration secondary to fever, sepsis, gastrointestinal losses, diuretic therapy, advanced age, etc. [see Adverse Reactions (6.2) ] .

7.4 Drugs Primarily Excreted by the Kidney: Renal impairment has been observed following the administration of zoledronic acid in patients with preexisting renal compromise or other risk factors [see Warnings and Precautions (5.3) ] . In patients with renal impairment, the exposure to concomitant medications that are primarily renally excreted (e.g., digoxin) may increase. Consider monitoring serum creatinine in patients at risk for renal impairment who are taking concomitant medications that are primarily excreted by the kidney.

2.7 Laboratory Testing and Oral Examination Prior to Administration: Prior to administration of each dose of zoledronic acid injection, obtain a serum creatinine and creatinine clearance should be calculated based on actual body weight using Cockcroft-Gault formula before each zoledronic acid injection dose. Zoledronic acid injection is contraindicated in patients with creatinine clearance less than 35 mL/min and in those with evidence of acute renal impairment. A 5 mg dose of zoledronic acid injection administered intravenously is recommended for patients with creatinine clearance greater than or equal to 35 mL/min. There are no safety or efficacy data to support the adjustment of the zoledronic acid injection dose based on baseline renal function. Therefore, no dose adjustment is required in patients with creatinine clearance greater than or equal to 35 mL/min [see Contraindications (4) , Warnings and Precautions (5.3) ] . A routine oral examination should be performed by the prescriber prior to initiation of zoledronic acid injection treatment [see Warnings and Precautions (5.4) ] .",NO_AJUSTE,,,ACCEPT,STRICT_NO_ADJUSTMENT,REJECT,DAILYMED_SETID_NOT_MAPPED_TO_EXACT_RXNORM_CONCEPT,77655
MED-1017,MALATIÓN,MALATIÓN,NO_RENAL_CONTENT,0,0,0,HIGH_MATCH_RENAL_EVIDENCE,HIGH,MALATIÓN,malate,100.0,a9479e5f-914f-46ca-95c1-327c66457e47,5,"Sep 02, 2026","SUNITINIB MALATE CAPSULE [TEVA PHARMACEUTICALS USA, INC.]",https://dailymed.nlm.nih.gov/dailymed/drugInfo.cfm?setid=a9479e5f-914f-46ca-95c1-327c66457e47,2.6 Dosage Modification for End-Stage Renal Disease Patients on Hemodialysis | 8.7 Renal Impairment | 14.2 Renal Cell Carcinoma | 1.2 Advanced Renal Cell Carcinoma,"2.6 Dosage Modification for End-Stage Renal Disease Patients on Hemodialysis: No starting dose adjustment is required in patients with end-stage renal disease (ESRD) on hemodialysis. However, given the decreased exposure compared to patients with normal renal function, subsequent doses may be increased gradually up to 2-fold based on safety and tolerability [see Clinical Pharmacology ( 12.3 )] .

8.7 Renal Impairment: No dose adjustment is recommended in patients with mild (CLcr 50 to 80 mL/min), moderate (CLcr 30 to <50 mL/min), or severe (CLcr <30 mL/min) renal impairment who are not on dialysis [see Clinical Pharmacology ( 12.3 )] . No dose adjustment is recommended for patients with end-stage renal disease (ESRD) on hemodialysis [see Clinical Pharmacology ( 12.3 )] .

14.2 Renal Cell Carcinoma: Treatment-Naïve Study 3 (NCT#00083889) was a multi-center, international, randomized study comparing single-agent sunitinib malate with interferon alfa was conducted in patients with treatment-naïve RCC. The objective was to compare PFS in patients receiving sunitinib malate versus patients receiving interferon alfa. Other endpoints included ORR, OS, and safety. Seven hundred fifty (750) patients were randomized (1:1) to receive either 50 mg sunitinib malate once daily on Schedule 4/2 or to receive interferon alfa administered subcutaneously at 9 million international units (MIU) 3 times a week. Patients were treated until disease progression or withdrawal from the study. The ITT population included 750 patients, 375 randomized to sunitinib malate and 375 randomized to interferon alfa. Demographics were comparable between the sunitinib malate and interferon alfa groups with regard to age (59% versus 67% <65 years for sunitinib malate versus interferon alfa, respectively), sex (male: 71% versus 72%), race (White: 94% versus 91%, Asian: 2% versus 3%, Black: 1% versus 2%, remainder not reported), and performance status (ECOG 0: 62% versus 61%, ECOG 1: 38% each arm, ECOG 2: 0 versus 1%). Prior treatment included nephrectomy (91% versus 89%) and radiotherapy (14% each arm). The most common site of metastases present at screening was the lung (78% versus 80%, respectively), followed by the lymph nodes (58% versus 53%, respectively) and bone (30% each arm); the majority of the patients had multiple (2 or more) metastatic sites at baseline (80% versus 77%, respectively). There was a statistically significant advantage for sunitinib malate over interferon alfa in the endpoint of PFS (see Table 11 and Figure 2). In the prespecified stratification factors of lactate dehydrogenase (LDH) (>1.5 ULN versus ≤1.5 ULN), ECOG performance status (0 versus 1), and prior nephrectomy (yes versus no), the hazard ratio favored sunitinib malate over interferon alfa. The ORR was higher in the sunitinib malate arm (see Table 11). Table 11. Treatment-Naïve RCC Efficacy Results (Interim Analysis) from Study 3 Efficacy Parameter Sunitinib Malate (N=375) Interferon Alfa (N=375) p-value (log-rank test) HR (95% CI) Progression-free survival a 47.3 22.0 <0.000001 b 0.415 [median, weeks (95% CI)] (42.6, 50.7) (16.4, 24.0) (0.320, 0.539) Objective response rate a 27.5 5.3 <0.001 c NA [%, (95% CI)] (23.0, 32.3) (3.3, 8.1) Abbreviations: CI=confidence interval; HR=hazard ratio; N=number of patients; NA=not applicable; RCC=renal cell carcinoma. a Assessed by blinded core radiology laboratory; 90 patients’ scans had not been read at time of analysis. b A comparison is considered statistically significant if the p-value is <0.0042 (O’Brien Fleming stopping boundary). c Pearson chi-square test. Figure 2. Kaplan-Meier Curve of PFS in Treatment-Naïve RCC Study 3 (Intent-to-Treat Population) Abbreviations: CI=confidence interval; IFN-α=interferon-alfa; N=number of patients; PFS=progression-free survival; RCC=renal cell carcinoma. At the protocol-specified final analysis of OS, the median OS was 114.6 weeks for the sunitinib malate arm and 94.9 weeks for the interferon alfa arm (HR=0.821; 95% CI: 0.673, 1.001). The median OS for the interferon alfa arm includes 25 patients who discontinued interferon alfa treatment because of disease progression and crossed over to treatment with sunitinib malate as well as 121 patients (32%) on the interferon alfa arm who received post-study cancer treatment with sunitinib malate. Cytokine-Refractory The use of single-agent sunitinib malate in the treatment of cytokine-refractory RCC was investigated in 2 single-arm, multi-center studies. All patients enrolled into these studies experienced failure of prior cytokine-based therapy. In Study 4 (NCT#00077974), failure of prior cytokine therapy was based on radiographic evidence of disease progression defined by response evaluation criteria in solid tumors (RECIST) or World Health Organization (WHO) criteria during or within 9 months of completion of 1 cytokine therapy treatment (interferon alfa, interleukin-2, or interferon alfa plus interleukin-2; patients who were treated with interferon alfa alone must have received treatment for at least 28 days). In Study 5 (NCT#00054886), failure of prior cytokine therapy was defined as disease progression or unacceptable treatment-related toxicity. The endpoint for both studies was ORR. Duration of response (DR) was also evaluated. One hundred and six patients (106) were enrolled into Study 4 and 63 patients were enrolled into Study 5. Patients received 50 mg sunitinib malate on Schedule 4/2. Therapy was continued until the patients met withdrawal criteria or had progressive disease. The baseline age, sex, race, and ECOG performance statuses of the patients were comparable between Studies 4 and 5. Approximately 86% to 94% of patients in the 2 studies were White. Men comprised 65% of the pooled population. The median age was 57 years and ranged from 24 to 87 years in the studies. All patients had an ECOG performance status <2 at the screening visit. The baseline malignancy and prior treatment history of the patients were comparable between Studies 4 and 5. Across the 2 studies, 95% of the pooled population of patients had at least some component of clear-cell histology. All patients in Study 4 were required to have a histological clear-cell component. Most patients enrolled in the studies (97% of the pooled population) had undergone nephrectomy; prior nephrectomy was required for patients enrolled in Study 4. All patients had received 1 previous cytokine regimen. Metastatic disease present at the time of study entry included lung metastases in 81% of patients. Liver metastases were more common in Study 4 (27% versus 16% in Study 5) and bone metastases were more common in Study 5 (51% versus 25% in Study 4); 52% of patients in the pooled population had at least 3 metastatic sites. Patients with known brain metastases or leptomeningeal disease were excluded from both studies. The ORR and DR data from Studies 4 and 5 are provided in Table 12. There were 36 PRs in Study 4 as assessed by a core radiology laboratory for an ORR of 34.0% (95% CI: 25.0%, 43.8%). There were 23 PRs in Study 5 as assessed by the investigators for an ORR of 36.5% (95% CI: 24.7%, 49.6%). The majority (>90%) of objective disease responses were observed during the first 4 cycles; the latest reported response was observed in Cycle 10. DR data from Study 4 is premature as only 9 of 36 patients (25%) responding to treatment had experienced disease progression or died at the time of the data cutoff. Table 12. Cytokine-Refractory RCC Efficacy Results from Study 4 and Study 5 Efficacy Parameter Study 4 (N=106) Study 5 (N=63) Objective response rate [%, (95% CI)] 34.0 a (25.0, 43.8) 36.5 b (24.7, 49.6) Duration of response [median, weeks (95% CI)] NR* (42.0, *) 54 b (34.3, 70.1) *Data not mature enough to determine upper confidence limit. Abbreviations: CI=confidence interval; N=number of patients; NR=not reached; RCC=renal cell carcinoma. a Assessed by blinded core radiology laboratory. b Assessed by investigators. Adjuvant Treatment In the adjuvant treatment setting, sunitinib malate was investigated in S-TRAC (NCT#00375674), a multi-center, international, randomized, double-blind, placebo-controlled, trial in patients with high risk of recurrent RCC following nephrectomy. Patients were required to have clear cell histology and high risk of recurrence defined as ≥T3 and/or N+ tumors. Six hundred fifteen (615) patients were randomized 1:1 to receive either 50 mg sunitinib malate once daily on Schedule 4/2 or placebo. Patients were treated for 9 cycles (approximately 1 year), or until disease recurrence, unacceptable toxicity, or withdrawal of consent. Demographics were generally comparable between the sunitinib malate and placebo arms with regard to age (median age 58 years), sex (73% male), and race (84% White, 12% Asian and 4% Other). At randomization, most patients had an ECOG performance status of 0 (74% sunitinib malate and 72% placebo). The remainder of the patients had an ECOG performance status of 1; 1 patient on sunitinib malate had a performance status of 2. The major efficacy outcome measure was disease-free survival (DFS) in patients receiving sunitinib malate versus placebo as assessed by blinded independent central review (BICR). Overall survival was an additional endpoint. There was a statistically significant improvement in DFS in patients who were treated with sunitinib malate compared to placebo (Table 13 and Figure 3). Prespecified subgroup analyses are presented in Table 14. At the time of the DFS analysis, overall survival data were not mature, with 141/615 (23%) patient deaths. Table 13. Disease-free Survival Results as Assessed by BICR in Adjuvant RCC (Intent to Treat Population) from S-TRAC Sunitinib Malate N=309 Placebo N=306 p-value a HR a (95% CI) Median DFS [years (95% CI)] 6.8 (5.8, NR) 5.6 (3.8, 6.6) 0.03 0.76 (0.59, 0.98) DFS Events 113 (36.6%) 144 (47.1%) 5 Year DFS Rate 59.3% 51.3% a P-value based on log-rank test stratified by University of California Los Angeles Integrated Staging System (UISS) prognostic group; HR based on a Cox proportional hazard model stratified by UISS prognostic group Abbreviations: BICR=blinded independent central review; CI=confidence interval; DFS=disease-free survival; HR=hazard ratio; N=number of patients; RCC=renal cell carcinoma. Table 14. Disease-free Survival by Baseline Disease Characteristics Number of Events/Total n/N Median DFS [years (95% CI)] HR a (95% CI) Sunitinib Malate Placebo Sunitinib Malate Placebo T3 Intermediate b 35/115 46/112 NR (5.2, NR) 6.4 (4.7, NR) 0.82 (0.53, 1.28) T3 High c 63/165 79/166 6.8 (5.0, NR) 5.3 (2.9, NR) 0.77 (0.55, 1.07) T4/Node Positive d 15/29 19/28 3.5 (1.2, NR) 1.7 (0.4, 3.0) 0.62 (0.31, 1.23) Abbreviations: CI=confidence interval; DFS=disease-free survival; HR=hazard ratio; N=number of patients; n=number of events; NR=not reached a HR based on a Cox proportional hazards model b T3 Intermediate: T3, N0 or NX, M0, any Fuhrman’s grade, ECOG PS 0 OR T3, N0 or NX, M0, Fuhrman’s grade 1, ECOG PS ≥1 c T3 High: T3, N0 or NX, M0, Fuhrman’s grade ≥2, ECOG PS ≥1 d T4/Node Positive: T4, N0 or NX, M0, any Fuhrman’s grade, any ECOG PS OR Any T, N1-2, M0, any Fuhrman’s grade, any ECOG PS Figure 3. Kaplan-Meier Curve of Disease-free Survival as Assessed by BICR (Intent-to-Treat Population) Abbreviations: BICR=blinded independent central review; CI=confidence interval; N=number of patients.

1.2 Advanced Renal Cell Carcinoma: Sunitinib malate capsules are indicated for the treatment of adult patients with advanced renal cell carcinoma (RCC).",NO_AJUSTE,,,ACCEPT,STRICT_NO_ADJUSTMENT,REJECT,RXNORM_RESOLVED_TO_COUNTERION_NOT_DRUG,
MED-0251,FAMOTIDINA,FAMOTIDINA,HAS_AUTOMATIC_RULE,6,6,0,HIGH_MATCH_RENAL_EVIDENCE,HIGH,FAMOTIDINA,famotidine,100.0,2cdd1a75-5d68-7f9d-e063-6294a90aeee3,3,"Sep 18, 2026","FAMOTIDINE TABLET, FILM COATED [NUCARE PHARMACEUTICALS, INC.]",https://dailymed.nlm.nih.gov/dailymed/drugInfo.cfm?setid=2cdd1a75-5d68-7f9d-e063-6294a90aeee3,2.2 Dosage in Renal Impairment | 8.6 Renal Impairment | 2.1 Recommended Dosage | 5.1 Central Nervous System Adverse Reactions,"2.2 Dosage in Renal Impairment: Dosage adjustments of famotidine tablets are recommended for patients with moderate to severe renal impairment (creatinine clearance less than 60 mL/min) [see Use in Specific Populations 8.6 )] . Table 2 shows the recommended maximum dosage of famotidine 20 mg or 40 mg tablets for patients with renal impairment, by indication. Use the lowest effective dose. Some dosage adjustments may require switching to other formulations of famotidine (e.g., oral suspension, lower dose tablet). Table 2: Recommended Maximum Dosage of Famotidine Tablets in Adult and Pediatric Patients 40 kg and Greater with Moderate and Severe Renal Impairment Indication Recommended Maximum Dosages Creatinine clearance 30 to 60 mL/minute Creatinine clearance less than 30 mL/minute Active duodenal ulcer (DU) 20 mg once daily; or 40 mg every other day 20 mg every other day a Active gastric ulcer 20 mg once daily; or 40 mg every other day 20 mg every other day a Symptomatic nonerosive GERD 20 mg once daily 20 mg every other day a Erosive esophagitis diagnosed by endoscopy b 20 mg once daily; or 40 mg every other day b 20 mg every other day a,b 40 mg once daily b 20 mg once daily b Pathological hypersecretory conditions c Avoid use d Reduction of the risk of DU recurrence c 20 mg every other day a (see footnote) e a An alternate dosage regimen is 10 mg once daily. Since 20 mg or 40 mg tablet strength cannot be used for this dosage regimen, use an alternate famotidine formulation. b Dosage adjustments for renal impairment are provided for both dosing regimens (20 mg twice daily and 40 mg twice daily) which showed effectiveness for the treatment of erosive esophagitis in clinical trials [see Clinical Studies ( 14.4 )]. c In pediatric patients, the safety and effectiveness of famotidine tablets have not been established for the reduction of the risk of duodenal ulcer recurrence or for treatment of pathological hypersecretory conditions [see Use in Specific Populations ( 8.4 )]. d Doses required to treat pathological hypersecretory conditions may exceed the maximum doses evaluated in patients with impaired renal function. The risk for increased adverse reactions in renally impaired patients treated with famotidine tablets for pathological hypersecretory conditions is unknown. e Recommended dosage regimen is 10 mg every other day. Since 20 mg or 40 mg tablet strength cannot be used for this dosage regimen, use an alternate famotidine formulation.

8.6 Renal Impairment: CNS adverse reactions and prolonged QT intervals have been reported in patients with moderate and severe renal impairment [see Warnings and Precautions ( 5.1 )]. The clearance of famotidine is reduced in adults with moderate and severe renal impairment compared to adults with normal renal function [see Clinical Pharmacology ( 12.3 )]. No dosage adjustment is needed in patients with mild renal impairment (creatinine clearance greater than or equal to 60 mL/minute). Dosage reduction is recommended in adult and pediatric patients greater than or equal to 40 kg with moderate or severe renal impairment (creatinine clearance less than 60 mL/minute) [see Dosage and Administration ( 2.2 )].

2.1 Recommended Dosage: Table 1 shows the recommended dosage of famotidine 20 mg and 40 mg tablets in adult and pediatric patients weighing 40 kg and greater with normal renal function. The use of famotidine 20 mg and 40 mg tablets is not recommended in pediatric patients weighing less than 40 kg because the lowest available strength (20 mg) exceeds the recommended dose for these patients. Use another famotidine formulation for pediatric patients weighing less than 40 kg. Table 1: Recommended Dosage and Duration of Famotidine Tablets in Adult and Pediatric Patients 40 kg and Greater with Normal Renal Function Indication Recommended Dosage Recommended Duration Active duodenal ulcer (DU) 40 mg once daily; or 20 mg twice daily a Up to 8 weeks b,c Active gastric ulcer 40 mg once daily Up to 8 weeks c Symptomatic nonerosive GERD 20 mg twice daily Up to 6 weeks c Erosive esophagitis diagnosed by endoscopy 20 mg twice daily; or 40 mg twice daily a Up to 12 weeks Pathological hypersecretory conditions d Starting dosage: 20 mg every 6 hours; adjust dosage to individual patient needs Maximum dosage 160 mg every 6 hours As clinically indicated Reduction of the risk of DU recurrence d 20 mg once daily 1 year c or as clinically indicated a Both dosages demonstrated effectiveness in clinical trials [see Clinical Studies ( 14 )]. b In clinical trials, the majority of patients healed within 4 weeks. For patients who do not heal after 4 weeks, consider an additional 2 to 4 weeks of treatment [see Clinical Studies ( 14.1 )]. c Longer treatment durations have not been studied in clinical trials [see Clinical Studies ( 14.1 , 14.2 , 14.3 )]. d In pediatric patients, the safety and effectiveness of famotidine tablets have not been established for the reduction of the risk of duodenal ulcer recurrence or for treatment of pathological hypersecretory conditions [see Use in Specific Populations ( 8.4 )].

5.1 Central Nervous System Adverse Reactions: Central nervous system (CNS) adverse reactions, including confusion, delirium, hallucinations, disorientation, agitation, seizures, and lethargy, have been reported in elderly patients and patients with moderate and severe renal impairment treated with famotidine. Since famotidine blood levels are higher in patients with renal impairment than in patients with normal renal function, dosage adjustments are recommended in patients with renal impairment [see Dosage and Administration ( 2.2 ), Clinical Pharmacology ( 12.3 )].",NO_AJUSTE,,,ACCEPT,STRICT_NO_ADJUSTMENT,REJECT,DAILYMED_SETID_NOT_MAPPED_TO_EXACT_RXNORM_CONCEPT,4278
MED-0276,GABAPENTINA,GABAPENTINA,HAS_AUTOMATIC_RULE,5,4,0,HIGH_MATCH_RENAL_EVIDENCE,HIGH,GABAPENTINA,gabapentin,100.0,0ad67a07-59d0-4aaa-906b-befbbad8af31,2,"Sep 18, 2026","GABAPENTIN TABLET, COATED [PROFICIENT RX LP]",https://dailymed.nlm.nih.gov/dailymed/drugInfo.cfm?setid=0ad67a07-59d0-4aaa-906b-befbbad8af31,2.3 Dosage Adjustment in Patients with Renal Impairment | 8.6 Renal Impairment | 2.4 Dosage in Elderly | 8.5 Geriatric Use,"2.3 Dosage Adjustment in Patients with Renal Impairment: Dosage adjustment in patients 12 years of age and older with renal impairment or undergoing hemodialysis is recommended, as follows (see dosing recommendations above for effective doses in each indication): TABLE 1. Gabapentin Dosage Based on Renal Function Renal Function Creatinine Clearance (mL/min) Total Daily Dose Range (mg/day) Dosage Regimen (mg) TID = Three times a day; BID = Two times a day; QD = Single daily dose ≥ 60 900 to 3,600 300 TID 400 TID 600 TID 800 TID 1,200 TID > 30 to 59 400 to 1,400 200 BID 300 BID 400 BID 500 BID 700 BID > 15 to 29 200 to 700 200 QD 300 QD 400 QD 500 QD 700 QD 15 For patients with creatinine clearance < 15 mL/min, reduce daily dose in proportion to creatinine clearance (e.g., patients with a creatinine clearance of 7.5 mL/min should receive one-half the daily dose that patients with a creatinine clearance of 15 mL/min receive). 100 to 300 100 QD 125 QD 150 QD 200 QD 300 QD Post-Hemodialysis Supplemental Dose (mg) Patients on hemodialysis should receive maintenance doses based on estimates of creatinine clearance as indicated in the upper portion of the table and a supplemental post-hemodialysis dose administered after each 4 hours of hemodialysis as indicated in the lower portion of the table. Hemodialysis 125 150 200 250 350 Creatinine clearance (CLCr) is difficult to measure in outpatients. In patients with stable renal function, creatinine clearance can be reasonably well estimated using the equation of Cockcroft and Gault: CLCr = [140 − age (years) ] × weight (kg) ( × 0.85 for female patients) 72 × serum creatinine (mg/dL) The use of gabapentin in patients less than 12 years of age with compromised renal function has not been studied.

8.6 Renal Impairment: Dosage adjustment in adult patients with compromised renal function is necessary [see and ] . Pediatric patients with renal insufficiency have not been studied. Dosage adjustment in patients undergoing hemodialysis is necessary [see and ] .

2.4 Dosage in Elderly: Because elderly patients are more likely to have decreased renal function, care should be taken in dose selection, and dose should be adjusted based on creatinine clearance values in these patients.

8.5 Geriatric Use: The total number of patients treated with gabapentin in controlled clinical trials in patients with postherpetic neuralgia was 336, of which 102 (30%) were 65 to 74 years of age, and 168 (50%) were 75 years of age and older. There was a larger treatment effect in patients 75 years of age and older compared to younger patients who received the same dosage. Since gabapentin is almost exclusively eliminated by renal excretion, the larger treatment effect observed in patients ≥ 75 years may be a consequence of increased gabapentin exposure for a given dose that results from an age-related decrease in renal function. However, other factors cannot be excluded. The types and incidence of adverse reactions were similar across age groups except for peripheral edema and ataxia, which tended to increase in incidence with age. Clinical studies of gabapentin in epilepsy did not include sufficient numbers of subjects aged 65 and over to determine whether they responded differently from younger subjects. Other reported clinical experience has not identified differences in responses between the elderly and younger patients. In general, dose selection for an elderly patient should be cautious, usually starting at the low end of the dosing range, reflecting the greater frequency of decreased hepatic, renal, or cardiac function, and of concomitant disease or other drug therapy. This drug is known to be substantially excreted by the kidney, and the risk of toxic reactions to this drug may be greater in patients with impaired renal function. Because elderly patients are more likely to have decreased renal function, care should be taken in dose selection, and dose should be adjusted based on creatinine clearance values in these patients [see , Adverse Reactions (6) , and ] .",PRECAUCION,,,ACCEPT,STRICT_RENAL_DOSING,REJECT,DAILYMED_SETID_NOT_MAPPED_TO_EXACT_RXNORM_CONCEPT,25480
MED-0350,LISINOPRIL,LISINOPRIL,HAS_PUBLISHED_NONAUTO_RULE,1,0,0,HIGH_MATCH_RENAL_EVIDENCE,HIGH,LISINOPRIL,lisinopril,100.0,c57e8bc8-ff50-431e-9c1a-384503584d02,2,"Sep 16, 2026",LISINOPRIL TABLET [REMEDYREPACK INC.],https://dailymed.nlm.nih.gov/dailymed/drugInfo.cfm?setid=c57e8bc8-ff50-431e-9c1a-384503584d02,2.4 Dose in Patients with Renal Impairment | 8.7 Renal Impairment | 5.3 Impaired Renal Function | 5.4 Hypotension,"2.4 Dose in Patients with Renal Impairment: No dose adjustment of lisinopril is required in patients with creatinine clearance >30 mL/min. In patients with creatinine clearance ≥10 mL/min and ≤30 mL/min, reduce the initial dose of lisinopril to half of the usual recommended dose i.e., hypertension, 5 mg; systolic heart failure, 2.5 mg and acute MI, 2.5 mg. Up titrate as tolerated to a maximum of 40 mg daily. For patients on hemodialysis or creatinine clearance <10 mL/min, the recommended initial dose is 2.5 mg once daily [see Use in Specific Populations (8.7) and Clinical Pharmacology (12.3) ] .

8.7 Renal Impairment: Dose adjustment of lisinopril is required in patients undergoing hemodialysis or whose creatinine clearance is ≤30 mL/min. No dose adjustment of lisinopril is required in patients with creatinine clearance >30 mL/min [see Dosage and Administration (2.4) and Clinical Pharmacology (12.3) ] .

5.3 Impaired Renal Function: Monitor renal function periodically in patients treated with lisinopril. Changes in renal function including acute renal failure can be caused by drugs that inhibit the renin-angiotensin system. Patients whose renal function may depend in part on the activity of the renin-angiotensin system (e.g., patients with renal artery stenosis, chronic kidney disease, severe congestive heart failure, post-myocardial infarction or volume depletion) may be at particular risk of developing acute renal failure on lisinopril. Consider withholding or discontinuing therapy in patients who develop a clinically significant decrease in renal function on lisinopril [see Adverse Reactions (6.1) , Drug Interactions (7.4) ] .

5.4 Hypotension: Lisinopril can cause symptomatic hypotension, sometimes complicated by oliguria, progressive azotemia, acute renal failure or death. Patients at risk of excessive hypotension include those with the following conditions or characteristics: heart failure with systolic blood pressure below 100 mmHg, ischemic heart disease, cerebrovascular disease, hyponatremia, high dose diuretic therapy, renal dialysis, or severe volume and/or salt depletion of any etiology. In these patients, lisinopril should be started under very close medical supervision and such patients should be followed closely for the first two weeks of treatment and whenever the dose of lisinopril and/or diuretic is increased. Avoid use of lisinopril in patients who are hemodynamically unstable after acute MI. Symptomatic hypotension is also possible in patients with severe aortic stenosis or hypertrophic cardiomyopathy. Surgery/Anesthesia In patients undergoing major surgery or during anesthesia with agents that produce hypotension, lisinopril may block angiotensin II formation secondary to compensatory renin release. If hypotension occurs and is considered to be due to this mechanism, it can be corrected by volume expansion.",NO_AJUSTE,,,ACCEPT,STRICT_NO_ADJUSTMENT,REJECT,DAILYMED_SETID_NOT_MAPPED_TO_EXACT_RXNORM_CONCEPT,29046
MED-0357,LOSARTAN,LOSARTAN,HAS_PUBLISHED_NONAUTO_RULE,1,0,0,HIGH_MATCH_RENAL_EVIDENCE,HIGH,LOSARTAN,losartan,100.0,498f26a1-5030-4f9b-9599-07d50e912d41,10,"Sep 17, 2026","LOSARTAN POTASSIUM 50 MG (LOSARTAN POTASSIUM) TABLET, FILM COATED [PD-RX PHARMACEUTICALS, INC.]",https://dailymed.nlm.nih.gov/dailymed/drugInfo.cfm?setid=498f26a1-5030-4f9b-9599-07d50e912d41,8.7 Renal Impairment | 5.3 Renal Function Deterioration | 8.1 Pregnancy | 10 OVERDOSAGE,"8.7 Renal Impairment: Patients with renal insufficiency have elevated plasma concentrations of losartan and its active metabolite compared to subjects with normal renal function. No dose adjustment is necessary in patients with renal impairment unless a patient with renal impairment is also volume depleted [see Dosage and Administration (2.3), Warnings and Precautions (5.3) and Clinical Pharmacology (12.3)].

5.3 Renal Function Deterioration: Changes in renal function including acute renal failure can be caused by drugs that inhibit the renin-angiotensin system and by diuretics. Patients whose renal function may depend in part on the activity of the renin-angiotensin system (e.g., patients with renal artery stenosis, chronic kidney disease, severe congestive heart failure, or volume depletion) may be at particular risk of developing acute renal failure on losartan potassium. Monitor renal function periodically in these patients. Consider withholding or discontinuing therapy in patients who develop a clinically significant decrease in renal function on losartan potassium [see Drug Interactions (7.3) and Use in Specific Populations (8.7)].

8.1 Pregnancy: Risk Summary Losartan potassium can cause fetal harm when administered to a pregnant woman. Use of drugs that act on the renin-angiotensin system during the second and third trimesters of pregnancy reduces fetal renal function and increases fetal and neonatal morbidity and death. Most epidemiologic studies examining fetal abnormalities after exposure to antihypertensive use in the first trimester have not distinguished drugs affecting the renin-angiotensin system from other antihypertensive agents. When pregnancy is detected, discontinue losartan potassium as soon as possible (see Clinical Considerations). The estimated background risk of major birth defects and miscarriage for the indicated population is unknown. All pregnancies have a background risk of birth defect, loss, or other adverse outcomes. In the U.S. general population, the estimated background risk of major birth defects and miscarriage in clinically recognized pregnancies is 2% to 4% and 15% to 20%, respectively. Clinical Considerations Disease-associated Maternal and/or Embryo/Fetal Risk Hypertension in pregnancy increases the maternal risk for pre-eclampsia, gestational diabetes, premature delivery, and delivery complications (e.g., need for cesarean section, post-partum hemorrhage). Hypertension increases the fetal risk for intrauterine growth restriction and intrauterine death. Pregnant women with hypertension should be carefully monitored and managed accordingly. Fetal/Neonatal Adverse Reactions Oligohydramnios in pregnant women who use drugs affecting the renin-angiotensin system in the second and third trimesters of pregnancy can result in the following: reduced fetal renal function leading to anuria and renal failure, fetal lung hypoplasia, skeletal deformations, including skull hypoplasia, hypotension, and death. In the unusual case that there is no appropriate alternative to therapy with drugs affecting the renin-angiotensin system for a particular patient, apprise the mother of the potential risk to the fetus. In patients taking losartan potassium during pregnancy, perform serial ultrasound examinations to assess the intra-amniotic environment. Fetal testing may be appropriate, based on the week of gestation. If oligohydramnios is observed, discontinue losartan potassium, unless it is considered lifesaving for the mother. Patients and physicians should be aware, however, that oligohydramnios may not appear until after the fetus has sustained irreversible injury. Closely observe neonates with histories of in utero exposure to losartan potassium for hypotension, oliguria, and hyperkalemia. In neonates with a history of in utero exposure to losartan potassium, if oliguria or hypotension occurs, support blood pressure and renal perfusion. Exchange transfusions or dialysis may be required as a means of reversing hypotension and replacing renal function. Data Animal Data Losartan potassium was administered orally to rats during the period of late gestation through lactation (Gestation Day 15 through Lactation Day 20) at doses of 10, 25, and 100 mg/kg/day. Losartan potassium has been shown to produce adverse effects in rat fetuses and neonates, including decreased body weight, delayed physical and behavioral development, mortality and renal toxicity. With the exception of neonatal weight gain (which was affected at doses as low as 10 mg/kg/day), doses associated with these effects exceeded 25 mg/kg/day (approximately three times the maximum recommended human dose of 100 mg on a mg/m 2 basis). These findings are attributed to drug exposure in late gestation and during lactation. Significant levels of losartan and its active metabolite were shown to be present in rat fetal plasma during late gestation and in rat milk.

10 OVERDOSAGE: Significant lethality was observed in mice and rats after oral administration of 1000 mg/kg and 2000 mg/kg, respectively, about 44 and 170 times the maximum recommended human dose on a mg/m 2 basis. Limited data are available in regard to overdosage in humans. The most likely manifestation of overdosage would be hypotension and tachycardia; bradycardia could occur from parasympathetic (vagal) stimulation. If symptomatic hypotension should occur, supportive treatment should be instituted. Neither losartan nor its active metabolite can be removed by hemodialysis.",NO_AJUSTE,,,ACCEPT,STRICT_NO_ADJUSTMENT,REJECT,DAILYMED_SETID_NOT_MAPPED_TO_EXACT_RXNORM_CONCEPT,52175
MED-0377,METFORMINA,METFORMINA,HAS_AUTOMATIC_RULE,3,3,0,HIGH_MATCH_RENAL_EVIDENCE,HIGH,METFORMINA,metformin,100.0,2737f784-07ad-4e5a-862f-beaea31d005e,2,"Sep 18, 2026","METFORMIN HYDROCHLORIDE TABLET, EXTENDED RELEASE [MACLEODS PHARMACEUTICALS LIMITED]",https://dailymed.nlm.nih.gov/dailymed/drugInfo.cfm?setid=2737f784-07ad-4e5a-862f-beaea31d005e,2.2 Recommendation for Use in Renal Impairment | 8.6 Renal Impairment | WARNING: LACTIC ACIDOSIS | 5.1 Lactic Acidosis,"2.2 Recommendation for Use in Renal Impairment: • Assess renal function prior to initiation of metformin hydrochloride extended-release tablets and periodically thereafter. • Metformin Hydrochloride Extended-Release Tablets is contraindicated in patients with an estimated glomerular filtration rate (eGFR) below 30 mL/minute/1.73 m 2 . • Initiation of metformin hydrochloride extended-release tablets in patients with an eGFR between 30 to 45 mL/minute/1.73 m 2 is not recommended. • In patients taking metformin hydrochloride extended-release tablets whose eGFR later falls below 45 mL/minute/1.73 m 2 , assess the benefit risk of continuing therapy. • Discontinue metformin hydrochloride extended-release tablets if the patient’s eGFR later falls below 30 mL/minute/1.73 m 2 [see Contraindications ( 4) and Warnings and Precautions (5.1 )].

8.6 Renal Impairment: Metformin is substantially excreted by the kidney, and the risk of metformin accumulation and lactic acidosis increases with the degree of renal impairment. Metformin hydrochloride extended-release tablet is contraindicated in severe renal impairment, patients with an estimated glomerular filtration rate (eGFR) below 30 mL/minute/1.73 m 2 . [ see Dosage and Administration ( 2.2), Contraindications ( 4), Warnings and Precautions ( 5.1) and Clinical Pharmacology ( 12.3)]

WARNING: LACTIC ACIDOSIS: Postmarketing cases of metformin-associated lactic acidosis have resulted in death, hypothermia, hypotension, and resistant bradyarrhythmias. The onset of metformin-associated lactic acidosis is often subtle, accompanied only by nonspecific symptoms such as malaise, myalgias, respiratory distress, somnolence, and abdominal pain. Metformin-associated lactic acidosis was characterized by elevated blood lactate levels (> 5 mmol/Liter), anion gap acidosis (without evidence of ketonuria or ketonemia), an increased lactate/pyruvate ratio, and metformin plasma levels generally >5 mcg/mL [see Warnings and Precautions ( 5.1 )]. Risk factors for metformin-associated lactic acidosis include renal impairment, concomitant use of certain drugs (e.g., carbonic anhydrase inhibitors such as topiramate), age 65 years old or greater, having a radiological study with contrast, surgery and other procedures, hypoxic states (e.g., acute congestive heart failure), excessive alcohol intake, hepatic impairment, and mitochondrial diseases [ see Warnings and Precautions ( 5.1 )] Steps to reduce the risk of and manage metformin-associated lactic acidosis in these high risk groups are provided in the full prescribing information [see Dosage and Administration ( 2.2), Contraindications ( 4 ), Warnings and Precautions ( 5.1), and Drug Interactions ( 7). If metformin-associated lactic acidosis is suspected, immediately discontinue metformin hydrochloride extended-release tablets and institute general supportive measures in a hospital setting. Prompt hemodialysis is recommended [see Warnings and Precautions ( 5.1)].

5.1 Lactic Acidosis: There have been postmarketing cases of metformin-associated lactic acidosis, including fatal cases. These cases had a subtle onset and were accompanied by nonspecific symptoms such as malaise, myalgias, abdominal pain, respiratory distress, or increased somnolence; however, hypothermia, hypotension and resistant bradyarrhythmias have occurred with severe acidosis. Metformin-associated lactic acidosis was characterized by elevated blood lactate concentrations (>5 mmol/Liter), anion gap acidosis (without evidence of ketonuria or ketonemia), and an increased lactate/pyruvate ratio; metformin plasma levels were generally >5 mcg/mL. Metformin decreases liver uptake of lactate increasing lactate blood levels which may increase the risk of lactic acidosis, especially in patients at risk. If metformin-associated lactic acidosis is suspected, general supportive measures should be instituted promptly in a hospital setting, along with immediate discontinuation of metformin hydrochloride extended-release tablets. In metformin hydrochloride extended-release tablets treated patients with a diagnosis or strong suspicion of lactic acidosis, prompt hemodialysis is recommended to correct the acidosis and remove accumulated metformin (metformin HCl is dialyzable, with a clearance of up to 170 mL/minute under good hemodynamic conditions). Hemodialysis has often resulted in reversal of symptoms and recovery. Educate patients and their families about the symptoms of lactic acidosis and if these symptoms occur instruct them to discontinue metformin hydrochloride extended-release tablets and report these symptoms to their healthcare provider. For each of the known and possible risk factors for metformin-associated lactic acidosis, recommendations to reduce the risk of and manage metformin-associated lactic acidosis are provided below: • Renal Impairment: The postmarketing metformin-associated lactic acidosis cases primarily occurred in patients with significant renal impairment. The risk of metformin accumulation and metformin-associated lactic acidosis increases with the severity of renal impairment because metformin is substantially excreted by the kidney. Clinical recommendations based upon the patient’s renal function include [ see Dosage and Administration ( 2.2 ) and Clinical Pharmacology ( 12.3)] •Before initiating metformin hydrochloride extended-release tablets, obtain an estimated glomerular filtration rate (eGFR). •Metformin Hydrochloride Extended-Release tablets is contraindicated in patients with an eGFR less than 30 mL/minute/1.73 m 2 [ see Contraindications ( 4)]. •Initiation of metformin hydrochloride extended-release tablets is not recommended in patients with eGFR between 30to 45 mL/minute/1.73 m 2 . •Obtain an eGFR at least annually in all patients taking metformin hydrochloride extended-release tablets. In patients at increased risk for the development of renal impairment (e.g., the elderly), renal function should be assessed more frequently. •In patients taking metformin hydrochloride extended-release tablets whose eGFR later falls below 45 mL/minute/1.73m 2 , assess the benefit and risk of continuing therapy. • Drug Interactions: The concomitant use of metformin hydrochloride extended-release tablets with specific drugs may increase the risk of metformin-associated lactic acidosis: those that impair renal function, result in significant hemodynamic change, interfere with acid-base balance or increase metformin accumulation [see Drug Interactions (7 )]. Therefore, consider more frequent monitoring of patients. • Age 65 or Greater: The risk of metformin-associated lactic acidosis increases with the patient’s age because elderly patients have a greater likelihood of having hepatic, renal, or cardiac impairment than younger patients. Assess renal function more frequently in elderly patients [see Use in Specific Populations ( 8.5)]. • Radiological Studies with Contrast: Administration of intravascular iodinated contrast agents in metformin-treated patients has led to an acute decrease in renal function and the occurrence of lactic acidosis. Stop metformin hydrochloride extended-release tablets at the time of, or prior to, an iodinated contrast imaging procedure in patients with an eGFR between 30 and 60 mL/minute/1.73 m 2 ; in patients with a history of hepatic impairment, alcoholism, or heart failure; or in patients who will be administered intra-arterial iodinated contrast. Re-evaluate eGFR 48 hours after the imaging procedure, and restart metformin hydrochloride extended-release tablets if renal function is stable. • Surgery and Other Procedures: Withholding of food and fluids during surgical or other procedures may increase the risk for volume depletion, hypotension and renal impairment. Metformin hydrochloride extended-release tablets should be temporarily discontinued while patients have restricted food and fluid intake. • Hypoxic States: Several of the postmarketing cases of metformin-associated lactic acidosis occurred in the setting of acute congestive heart failure (particularly when accompanied by hypoperfusion and hypoxemia). Cardiovascular collapse (shock), acute myocardial infarction, sepsis, and other conditions associated with hypoxemia have been associated with lactic acidosis and may also cause prerenal azotemia. When such events occur, discontinue metformin hydrochloride extended-release tablets. • Excessive Alcohol Intake: Alcohol potentiates the effect of metformin on lactate metabolism, and this may increase the risk of metformin-associated lactic acidosis. Warn patients against excessive alcohol intake while receiving metformin hydrochloride extended-release tablets. • Hepatic Impairment: Patients with hepatic impairment have developed cases of metformin-associated lactic acidosis. This may be due to impaired lactate clearance resulting in higher lactate blood levels. Therefore, avoid use of metformin hydrochloride extended-release tablets in patients with clinical or laboratory evidence of hepatic disease. • Mitochondrial Disease: Metformin may increase the risk of lactic acidosis in patients with mitochondrial diseases such as mitochondrial encephalomyopathy with lactic acidosis, and stroke-like episodes (MELA-S) syndrome and maternally inherited diabetes and deafness (MID-D). metformin hydrochloride extended-release tablets are not recommended in patients with mitochondrial diseases such as MELAS syndrome and MIDD. If a patient taking metformin hydrochloride extended-release tablets develops elevated lactic acid levels (with or without accompanying neurologic signs and symptoms), discontinue metformin hydrochloride extended-release tablets. Depending on the clinical context, consider evaluating the patients for MELAS, MIDD, or other mitochondrial disease.",PRECAUCION,,,ACCEPT,STRICT_NOT_RECOMMENDED,REJECT,DAILYMED_SETID_NOT_MAPPED_TO_EXACT_RXNORM_CONCEPT,6809
MED-0385,METOCLOPRAMIDA,METOCLOPRAMIDA,HAS_AUTOMATIC_RULE,4,4,0,HIGH_MATCH_RENAL_EVIDENCE,HIGH,METOCLOPRAMIDA,metoclopramide,100.0,c4828095-94e0-4f71-901c-93837974c658,3,"Sep 18, 2026",METOCLOPRAMIDE TABLET [REMEDYREPACK INC.],https://dailymed.nlm.nih.gov/dailymed/drugInfo.cfm?setid=c4828095-94e0-4f71-901c-93837974c658,"8.6 Renal Impairment | 2.1 Recommended Dosage for Symptomatic, Documented Gastroesophageal Reflux in Adults Who Fail Conventional Therapy | 2.2 Recommended Dosage for Acute and Recurrent Diabetic Gastroparesis in Adults | 8.5 Geriatric Use","8.6 Renal Impairment: The clearance of metoclopramide is decreased and the systemic exposure is increased in patients with moderate to severe renal impairment compared to patients with normal renal function, which may increase the risk of adverse reactions. Reduce the metoclopramide dosage in patients with moderate and severe renal impairment (creatinine clearance less than or equal to 60 mL/minute), including those receiving hemodialysis and continuous ambulatory peritoneal dialysis [see Dosage and Administration ( 2.1 , 2.2 ), Clinical Pharmacology ( 12.3 )].

2.1 Recommended Dosage for Symptomatic, Documented Gastroesophageal Reflux in Adults Who Fail Conventional Therapy: Metoclopramide tablets may be administered continuously or intermittently in patients with symptomatic, documented gastroesophageal reflux who fail to respond to conventional therapy: Continuous Dosing The recommended dosage of metoclopramide tablets is 10 to 15 mg orally four times daily. The maximum recommended daily oral dosage is 60 mg. Administer each metoclopramide dose thirty minutes before a meal and at bedtime. The recommended treatment duration is 4 to 12 weeks, as determined by endoscopic response. Use metoclopramide tablets for the shortest duration of treatment and periodically reassess the need for continued treatment. The maximum recommended duration of treatment is 12 weeks [see Warnings and Precautions ( 5.1 )] . Table 1 displays the recommended daily dosage and maximum daily dosage for adults and dosage adjustments for patients with moderate or severe hepatic impairment (Child-Pugh B or C), in patients with creatinine clearance less than 60 mL/minute, in cytochrome P450 2D6 (CYP2D6) poor metabolizers, and with concomitant use with strong CYP2D6 inhibitors. Intermittent Dosing If symptoms only occur intermittently or at specific times of the day, administer metoclopramide tablets as a single dose up to 20 mg prior to the provoking situation. Consider dosage reductions for the populations and situations in Table 1. Table 1. Recommended Dosage of Metoclopramide Tablets for Symptomatic, Documented Gastroesophageal Reflux in Adults Who Fail Conventional Therapy Recommended Dosage Maximum Recommended Daily Dosage Adult patients 10 to 15 mg four times daily (thirty minutes before each meal and at bedtime) 60 mg Mild hepatic impairment (Child-Pugh A) Elderly patients [see Use in Specific Populations ( 8.5 )] 5 mg 1 four times daily (thirty minutes before each meal and at bedtime) Moderate or severe hepatic impairment (Child-Pugh B or C) [see Use in Specific Populations ( 8.7 )] 5 mg four times daily (thirty minutes before each meal and at bedtime), or 10 mg taken three times daily 30 mg CYP2D6 poor metabolizers [see Use in Specific Populations ( 8.9 )] Concomitant use with strong CYP2D6 inhibitors (e.g., quinidine, bupropion, fluoxetine, and paroxetine) [see Drug Interactions ( 7.1 )] Moderate or severe renal impairment (creatinine clearance less than or equal to 60 mL/minute) [see Use in Specific Populations ( 8.6 )] Patients with End-Stage Renal Disease (ESRD ) including those treated with hemodialysis and continuous ambulatory peritoneal dialysis [see Use in Specific Populations ( 8.6 )] 5 mg four times daily (thirty minutes before each meal and at bedtime) or 10 mg twice daily 20 mg 1 Elderly patients may be more sensitive to the therapeutic or adverse effects of metoclopramide; therefore, consider a lower starting dosage of 5 mg four times daily with titration to the recommended adult dosage of 10 to 15 mg four times daily based upon response and tolerability.

2.2 Recommended Dosage for Acute and Recurrent Diabetic Gastroparesis in Adults: The recommended oral dosage of metoclopramide tablets for the relief of symptoms in adults with acute and recurrent diabetic gastroparesis is 10 mg four times daily. The maximum recommended daily dosage is 40 mg. Administer each dose thirty minutes before each meal and at bedtime. Use metoclopramide tablets for the shortest duration of treatment and periodically reassess the need for continued treatment. Avoid treatment with metoclopramide, including metoclopramide tablets, for longer than 12 weeks. If longer-term use is unavoidable, routinely monitor for signs and symptoms of TD [see Warnings and Precautions ( 5.1 )] . Table 2 displays the recommended daily dosage and maximum daily dosage for adults and dosage adjustments for patients with moderate or severe hepatic impairment (Child-Pugh B or C), in patients with creatinine clearance less than 60 mL/minute, in cytochrome P450 2D6 (CYP2D6) poor metabolizers, and with concomitant use with strong CYP2D6 inhibitors. If patients with diabetic gastroparesis have severe nausea or vomiting and are unable to take oral metoclopramide tablets, consider starting therapy with metoclopramide injection given intramuscularly or intravenously for up to 10 days (see the prescribing information for metoclopramide injection). After patients are able to take oral therapy, switch to metoclopramide tablets. Table 2. Recommended Metoclopramide Tablet Dosage in Adult Patients with Acute and Recurrent Diabetic Gastroparesis Recommended Dosage Maximum Recommended Daily Dosage Adult Patients 10 mg four times daily (30 minutes before each meal and at bedtime) 40 mg Mild hepatic impairment (Child-Pugh A) Elderly patients [see Use in Specific Populations ( 8.5 )] 5 mg 1 four times daily (30 minutes before each meal and at bedtime) Moderate or severe hepatic impairment (Child-Pugh B or C) [see Use in Specific Populations ( 8.7 )] 5 mg four times daily (30 minutes before each meal and at bedtime) 20 mg CYP2D6 poor metabolizers [see Use in Specific Populations ( 8.9 )] Concomitant use with strong CYP2D6 inhibitors (e.g., quinidine). Avoid use with bupropion, fluoxetine, and paroxetine [see Drug Interactions ( 7.1 )] Moderate or severe renal impairment (creatinine clearance less than 60 mL/minute) [see Use in Specific Populations ( 8.6 )] Patients with End-Stage Renal Disease (ESRD ) including those treated with hemodialysis and continuous ambulatory peritoneal dialysis [see Use in Specific Populations ( 8.6 )] 5 mg twice daily 10 mg 1 Elderly patients may be more sensitive to the therapeutic or adverse effects of metoclopramide; therefore, consider a lower dosage of 5 mg four times daily with titration to the recommended adult dosage of 10 mg four times daily based upon response and tolerability.

8.5 Geriatric Use: Metoclopramide is known to be substantially excreted by the kidney, and the risk of adverse reactions, including tardive dyskinesia (TD), may be greater in patients with impaired renal function [see Use in Specific Populations ( 8.6 ), Clinical Pharmacology ( 12.3 )] . Elderly patients are more likely to have decreased renal function and may be more sensitive to the therapeutic or adverse effects of metoclopramide; therefore, consider a reduced dosage of metoclopramide tablets in elderly patients [see Boxed Warning, Dosage and Administration ( 2.1 , 2.2 ), Warnings and Precautions ( 5.1 )].",PRECAUCION,,,ACCEPT,STRICT_NOT_RECOMMENDED,REJECT,DAILYMED_SETID_NOT_MAPPED_TO_EXACT_RXNORM_CONCEPT,6915
MED-0444,OXCARBAZEPINA,OXCARBAZEPINA,HAS_PUBLISHED_NONAUTO_RULE,1,0,0,HIGH_MATCH_RENAL_EVIDENCE,HIGH,OXCARBAZEPINA,oxcarbazepine,100.0,aa610e56-1d1d-11e1-8bc2-0800200c9a66,22,"Sep 17, 2026","OXTELLAR XR (OXCARBAZEPINE) TABLET [SUPERNUS PHARMACEUTICALS, INC.]",https://dailymed.nlm.nih.gov/dailymed/drugInfo.cfm?setid=aa610e56-1d1d-11e1-8bc2-0800200c9a66,2.3 Dosage Modifications in Adult Patients with Renal Impairment | 8.6 Renal Impairment | 8.5 Geriatric Use | Renal section,"2.3 Dosage Modifications in Adult Patients with Renal Impairment: In adult patients with severe renal impairment (creatinine clearance less than 30 mL/minute), initiate Oxtellar XR at one-half the usual starting dosage (300 mg/day). Subsequent dosage increases can be made at weekly intervals in increments of 300 mg to 450 mg/day to achieve the desired clinical response [see Use in Specific Populations (8.6) ].

8.6 Renal Impairment: There is a linear correlation between creatinine clearance and the renal clearance of MHD [see Clinical Pharmacology (12.3) and Dosage and Administration (2.3) ]. The pharmacokinetics of Oxtellar XR has not been evaluated in patients with renal impairment. In patients with severe renal impairment (creatinine clearance <30 mL/min) given immediate-release oxcarbazepine, the elimination half-life of MHD was prolonged with a corresponding two-fold increase in AUC [see Clinical Pharmacology (12.3) ]. In these patients initiate Oxtellar XR at a lower starting dosage and increase, if necessary, at a slower than usual rate until the desired clinical response is achieved [see Dosage and Administration (2.3) ] . In patients with end-stage renal disease on dialysis, it is recommended that immediate-release oxcarbazepine be used instead of Oxtellar XR.

8.5 Geriatric Use: Following administration of single (300 mg) and multiple (600 mg/day) doses of immediate-release oxcarbazepine to elderly volunteers (60-82 years of age), the maximum plasma concentrations and AUC values of MHD were 30%-60% higher than in younger volunteers (18-32 years of age). Comparisons of creatinine clearance in young and elderly volunteers indicate that the difference was due to age-related reductions in creatinine clearance. Consider starting at a lower dosage and lower titration [see Dosage and Administration (2.4) ] . Close monitoring of sodium levels is required in elderly patients at risk for hyponatremia [see Warnings and Precautions (5.1) ].

Renal section: Patients with Renal or Hepatic Impairment The effects of renal or hepatic impairment have not been studied for Oxtellar XR [see Use in Specific Populations (8.6 , 8.7) ] . Based on investigations with immediate-release oxcarbazepine, there is a linear correlation between creatinine clearance and the renal clearance of MHD. When immediate-release oxcarbazepine is administered as a single 300 mg dose in renally-impaired patients (creatinine clearance <30 mL/min), the elimination half-life of MHD is prolonged to 19 hours, with a two-fold increase in AUC. Dosage adjustment is recommended in these patients [see Dosage and Administration (2.3) and Use in Special Populations (8.6) ] . The pharmacokinetics and metabolism of immediate-release oxcarbazepine and MHD were evaluated in healthy volunteers and hepatically impaired subjects after a single 900 mg oral dose. Mild-to-moderate hepatic impairment did not affect the pharmacokinetics of immediate-release oxcarbazepine and MHD. The pharmacokinetics of oxcarbazepine and MHD have not been evaluated in severe hepatic impairment, and therefore it is not recommended in these patients [see Use in Specific Populations (8.7) ] .",PRECAUCION,,,ACCEPT,STRICT_NOT_RECOMMENDED,REJECT,DAILYMED_SETID_NOT_MAPPED_TO_EXACT_RXNORM_CONCEPT,32624
MED-0491,QUETIAPINA,QUETIAPINA,HAS_PUBLISHED_NONAUTO_RULE,1,0,0,HIGH_MATCH_RENAL_EVIDENCE,HIGH,QUETIAPINA,quetiapine,100.0,da3c9642-9f8d-422b-8e12-2036d68f78ca,43,"Sep 17, 2026","QUETIAPINE TABLET, FILM COATED [PD-RX PHARMACEUTICALS, INC.]",https://dailymed.nlm.nih.gov/dailymed/drugInfo.cfm?setid=da3c9642-9f8d-422b-8e12-2036d68f78ca,8.6 Renal Impairment | 12.3 Pharmacokinetics,"8.6 Renal Impairment: Clinical experience with quetiapine in patients with renal impairment is limited [see Clinical Pharmacology (12.3) ].

12.3 Pharmacokinetics: Adults Quetiapine activity is primarily due to the parent drug. The multiple-dose pharmacokinetics of quetiapine are dose-proportional within the proposed clinical dose range, and quetiapine accumulation is predictable upon multiple dosing. Elimination of quetiapine is mainly via hepatic metabolism with a mean terminal half-life of about 6 hours within the proposed clinical dose range. Steady-state concentrations are expected to be achieved within two days of dosing. Quetiapine is unlikely to interfere with the metabolism of drugs metabolized by cytochrome P450 enzymes. Children and Adolescents At steady-state the pharmacokinetics of the parent compound, in children and adolescents (10-17 years of age), were similar to adults. However, when adjusted for dose and weight, AUC and Cmax of the parent compound were 41% and 39% lower, respectively, in children and adolescents than in adults. For the active metabolite, norquetiapine, AUC and C max were 45% and 31% higher, respectively, in children and adolescents than in adults. When adjusted for dose and weight, the pharmacokinetics of the metabolite, norquetiapine, was similar between children and adolescents and adults [see Use in Specific Populations (8.4) ] . Absorption Quetiapine is rapidly absorbed after oral administration, reaching peak plasma concentrations in 1.5 hours. The tablet formulation is 100% bioavailable relative to solution. The bioavailability of quetiapine is marginally affected by administration with food, with C max and AUC values increased by 25% and 15%, respectively. Distribution Quetiapine is widely distributed throughout the body with an apparent volume of distribution of 10±4 L/kg. It is 83% bound to plasma proteins at therapeutic concentrations. In vitro , quetiapine did not affect the binding of warfarin or diazepam to human serum albumin. In turn, neither warfarin nor diazepam altered the binding of quetiapine. Metabolism and Elimination Following a single oral dose of 14C-quetiapine, less than 1% of the administered dose was excreted as unchanged drug, indicating that quetiapine is highly metabolized. Approximately 73% and 20% of the dose was recovered in the urine and feces, respectively. Quetiapine is extensively metabolized by the liver. The major metabolic pathways are sulfoxidation to the sulfoxide metabolite and oxidation to the parent acid metabolite; both metabolites are pharmacologically inactive. In vitro studies using human liver microsomes revealed that the cytochrome P450 3A4 isoenzyme is involved in the metabolism of quetiapine to its major, but inactive, sulfoxide metabolite and in the metabolism of its active metabolite N-desalkyl quetiapine. Age Oral clearance of quetiapine was reduced by 40% in elderly patients (≥ 65 years, n=9) compared to young patients (n=12), and dosing adjustment may be necessary [see Dosage and Administration (2.3) ]. Gender There is no gender effect on the pharmacokinetics of quetiapine. Race There is no race effect on the pharmacokinetics of quetiapine. Smoking Smoking has no effect on the oral clearance of quetiapine. Renal Insufficiency Patients with severe renal impairment (Clcr=10-30 mL/min/1.73 m2, n=8) had a 25% lower mean oral clearance than normal subjects (Clcr > 80 mL/min/1.73 m2, n=8), but plasma quetiapine concentrations in the subjects with renal insufficiency were within the range of concentrations seen in normal subjects receiving the same dose. Dosage adjustment is therefore not needed in these patients [see Use in Specific Populations (8.6) ] . Hepatic Insufficiency Hepatically impaired patients (n=8) had a 30% lower mean oral clearance of quetiapine than normal subjects. In two of the 8 hepatically impaired patients, AUC and C max were 3 times higher than those observed typically in healthy subjects. Since quetiapine is extensively metabolized by the liver, higher plasma levels are expected in the hepatically impaired population, and dosage adjustment may be needed [s ee Dosage and Administration (2.4) and Use in Specific Populations (8.7) ] . Drug-Drug Interaction Studies The in vivo assessments of effect of other drugs on the pharmacokinetics of quetiapine are summarized in Table 17 [see Dosage and Administration ( 2.5 and 2.6) and Drug Interactions (7.1) ] . Table 17: The Effect of Other Drugs on the Pharmacokinetics of Quetiapine Coadministered Drug Dose Schedules Effect on Quetiapine Pharmacokinetics Coadministered Drug Quetiapine Phenytoin 100 mg three times daily 250 mg three times daily 5-fold increase in oral clearance Divalproex 500 mg twice daily 150 mg twice daily 17% increase mean max plasma concentration at steady state. No effect on absorption or mean oral clearance Thioridazine 200 mg twice daily 300 mg twice daily 65% increase in oral clearance Cimetidine 400 mg three times daily for 4 days 150 mg three times daily 20% decrease in mean oral clearance Ketoconazole (potent CYP 3A4 inhibitor) 200 mg once daily for 4 days 25 mg single dose 84% decrease in oral clearance resulting in a 6.2-fold increase in AUC of quetiapine Fluoxetine 60 mg once daily 300 mg twice daily No change in steady state PK Imipramine 75 mg twice daily 300 mg twice daily No change in steady state PK Haloperidol 7.5 mg twice daily 300 mg twice daily No change in steady state PK Risperidone 3 mg twice daily 300 mg twice daily No change in steady state PK In vitro enzyme inhibition data suggest that quetiapine and 9 of its metabolites would have little inhibitory effect on in vivo metabolism mediated by cytochromes CYP 1A2, 2C9, 2C19, 2D6, and 3A4. Quetiapine at doses of 750 mg/day did not affect the single dose pharmacokinetics of antipyrine, lithium, or lorazepam (Table 18) [see Drug Interactions (7.2) ] . Table 18: The Effect of Quetiapine on the Pharmacokinetics of Other Drugs Coadministered drug Dose schedules Effect on other drugs pharmacokinetics Coadministered drug Quetiapine Lorazepam 2 mg, single dose 250 mg three times daily Oral clearance of lorazepam reduced by 20% Divalproex 500 mg twice daily 150 mg twice daily Cmax and AUC of free valproic acid at steady- state was decreased by 10-12% Lithium Up to 2400 mg/day given in twice daily doses 250 mg three times daily No effect on steady-state pharmacokinetics of lithium Antipyrine 1 g, single dose 250 mg three times daily No effect on clearance of antipyrine or urinary recovery of its metabolites",PRECAUCION,,,ACCEPT,STRICT_RENAL_DOSING_TEXT,REJECT,DAILYMED_SETID_NOT_MAPPED_TO_EXACT_RXNORM_CONCEPT,51272
MED-0492,RALTEGRAVIR,RALTEGRAVIR,HAS_PUBLISHED_NONAUTO_RULE,1,0,0,HIGH_MATCH_RENAL_EVIDENCE,HIGH,RALTEGRAVIR,raltegravir,100.0,7e659505-c902-4906-9461-1cc83e2236d2,27,"Sep 17, 2026","ISENTRESS (RALTEGRAVIR) TABLET, FILM COATED [A-S MEDICATION SOLUTIONS]",https://dailymed.nlm.nih.gov/dailymed/drugInfo.cfm?setid=7e659505-c902-4906-9461-1cc83e2236d2,8.7 Use in Patients with Renal Impairment | 2.1 General Dosing Recommendations | Renal section | Renal section,"8.7 Use in Patients with Renal Impairment: No dosage adjustment of ISENTRESS or ISENTRESS HD is necessary in patients with any degree of renal impairment [see Clinical Pharmacology (12.3) ]. The extent to which ISENTRESS may be dialyzable is unknown; therefore, dosing before a dialysis session should be avoided.

2.1 General Dosing Recommendations: Because the formulations have different pharmacokinetic profiles, do not substitute ISENTRESS chewable tablets or ISENTRESS for oral suspension for the ISENTRESS 400 mg film-coated tablet or the ISENTRESS HD 600 mg film-coated tablet. See specific dosing guidance for chewable tablets and the formulation for oral suspension. Because the extent to which ISENTRESS may be dialyzable is unknown, dosing before a dialysis session should be avoided [see Clinical Pharmacology (12.3) ] . ISENTRESS film-coated tablets must be swallowed whole. ISENTRESS chewable tablets may be chewed or swallowed whole. Maximum daily dose is 300 mg taken by mouth twice daily. For children who have difficulty chewing the 25 mg chewable tablet, the tablet may be crushed. Preparation of the crushed 25 mg chewable tablet: Place the tablet(s) in a small, clean cup. For each tablet, add a teaspoonful (~5 mL) of liquid (for example, water, juice, or breast milk). Within 2 minutes, the tablet(s) will absorb the liquid and fall apart. Using a spoon, crush any remaining pieces of the tablet(s). Immediately administer the entire dose orally. If any portion of the dose is left in the cup, add another teaspoonful (~5 mL) of liquid, swirl and administer immediately. ISENTRESS for oral suspension: See Instructions for Use for details on preparation and administration of ISENTRESS for oral suspension. Using the provided mixing cup, combine 10 mL of water and the entire contents of one packet of ISENTRESS for oral suspension and mix. Each single-use packet for oral suspension contains 100 mg of raltegravir which is suspended in 10 mL of water giving a final concentration of 10 mg per mL. Maximum daily dose is 100 mg taken by mouth twice daily. Gently swirl the mixing cup for 45 seconds in a circular motion to mix the powder into a uniform suspension. Do not shake. Once mixed, measure the prescribed dose volume of suspension with a syringe and administer the dose orally. The dose should be administered orally within 30 minutes of mixing. Discard any remaining suspension into the trash.

Renal section: Renal Impairment Renal clearance of unchanged drug is a minor pathway of elimination. The pharmacokinetics of a single 400-mg dose of raltegravir were not altered in patients with severe (24-hour creatinine clearance of <30 mL/min/1.73 m 2 ) renal impairment. No renal impairment study was conducted with ISENTRESS HD 1200 mg (2 × 600 mg) once daily. The extent to which ISENTRESS may be dialyzable is unknown.

Renal section: PATIENT INFORMATION This Patient Information has been approved by the U.S. Food and Drug Administration. Revised May 2022 ISENTRESS ® (eye sen tris) (raltegravir) film-coated tablets ISENTRESS ® (eye sen tris) (raltegravir) chewable tablets ISENTRESS ® HD (eye sen tris HD) (raltegravir) film-coated tablets ISENTRESS ® (eye sen tris) (raltegravir) for oral suspension What are ISENTRESS and ISENTRESS HD? ISENTRESS is a prescription medicine used with other HIV-1 medicines to treat Human Immunodeficiency Virus-1 (HIV-1) infection in adults, and in children weighing at least 4.4 pounds (2 kg). HIV is the virus that causes AIDS (Acquired Immune Deficiency Syndrome). ISENTRESS HD is a prescription medicine used with other HIV-1 medicines to treat HIV-1 infection in adults, and in children weighing at least 88 pounds (40 kg). ISENTRESS should not be used in children who weigh less than 4.4 pounds (2 kg). Before you take ISENTRESS or ISENTRESS HD, tell your doctor about all of your medical conditions, including if you: have liver problems have a history of a muscle disorder called rhabdomyolysis or myopathy have increased levels of creatine kinase in your blood have phenylketonuria (PKU). ISENTRESS chewable tablets contain phenylalanine as part of the artificial sweetener, aspartame. The artificial sweetener may be harmful to people with PKU. receive kidney dialysis treatment are pregnant or plan to become pregnant. It is not known if ISENTRESS or ISENTRESS HD can harm your unborn baby. Pregnancy Registry: There is a pregnancy registry for women who take ISENTRESS or ISENTRESS HD during pregnancy. The purpose of this registry is to collect information about the health of you and your baby. Talk to your doctor about how you can take part in this registry. are breastfeeding or plan to breastfeed. Do not breastfeed if you take ISENTRESS or ISENTRESS HD . You should not breastfeed if you have HIV-1 because of the risk of passing HIV-1 to your baby. It is not known if ISENTRESS or ISENTRESS HD can pass into your breast milk. Talk with your doctor about the best way to feed your baby. Tell your doctor about all the medicines you take, including prescription and over-the-counter medicines, vitamins, and herbal supplements. Some medicines interact with ISENTRESS and ISENTRESS HD. Keep a list of your medicines to show your doctor and pharmacist. You can ask your doctor or pharmacist for a list of medicines that interact with ISENTRESS and ISENTRESS HD. Do not start taking a new medicine without telling your doctor . Your doctor can tell you if it is safe to take ISENTRESS or ISENTRESS HD with other medicines. How should I take ISENTRESS or ISENTRESS HD? Take ISENTRESS or ISENTRESS HD exactly as prescribed by your doctor. Do not change your dose of ISENTRESS or ISENTRESS HD or stop your treatment without talking with your doctor first. Stay under the care of your doctor during treatment with ISENTRESS or ISENTRESS HD. ISENTRESS film-coated tablets and ISENTRESS HD film-coated tablets must be swallowed whole . ISENTRESS chewable tablets may be chewed or swallowed whole . For children who have trouble chewing the 25 mg chewable tablet, the tablet may be crushed and given as follows: Place the tablet(s) in a small, clean cup. For each tablet, add about 1 teaspoonful (5 mL) of liquid (for example, water, juice, or breast milk). Within 2 minutes, the tablet(s) will fall apart in the liquid. Using a spoon, crush any remaining pieces of the tablet(s). Give the child the entire mixture to swallow right away. If any of the dose is left in the cup, add another teaspoonful (5 mL) of liquid, swirl and give to the child right away. Do not switch between the film-coated tablet, the chewable tablet, or the oral suspension without talking with your doctor first. Do not switch between the ISENTRESS 400 mg film-coated tablet and the ISENTRESS HD 600 mg film-coated tablet if your prescribed dose is 1200 mg. Do not run out of ISENTRESS or ISENTRESS HD. The virus in your blood may increase and the virus may become harder to treat. Get a refill of your ISENTRESS or ISENTRESS HD from your doctor or pharmacy before you run out. Take ISENTRESS or ISENTRESS HD on a regular dosing schedule as instructed by your doctor. Do not miss doses. If you take too much ISENTRESS or ISENTRESS HD, call your doctor or go to the nearest hospital emergency room right away. If ISENTRESS for oral suspension is prescribed for your child, be sure to read the following information: Before giving the first dose of ISENTRESS for oral suspension, read the Instructions for Use booklet that comes with ISENTRESS for oral suspension for information about the correct way to mix and give a dose of ISENTRESS for oral suspension to your child. Keep the booklet and follow it each time you prepare the medicine . Bring this booklet to your child's appointments. Make sure your doctor shows you how to mix and give the right dose of ISENTRESS for oral suspension to your child. If you have questions about how to mix or give ISENTRESS for oral suspension, talk with your doctor or pharmacist. Give the dose of ISENTRESS for oral suspension within 30 minutes of mixing. If your child does not take all of the prescribed dose or spits some of it out, call your doctor to find out what to do. Your child's dose will change over time. Make sure you follow your doctor's instructions. Your doctor will tell you if and when to stop giving ISENTRESS to your child. What are the possible side effects of ISENTRESS or ISENTRESS HD? ISENTRESS and ISENTRESS HD can cause serious side effects including: Severe skin reactions and allergic reactions. Some people who take ISENTRESS or ISENTRESS HD develop severe skin reactions and allergic reactions that can be serious, and may be life-threatening or lead to death. If you develop a rash, call your doctor right away. If you develop a rash with any of the following symptoms, stop using ISENTRESS or ISENTRESS HD and call your doctor or get medical help right away: fever generally ill feeling extreme tiredness muscle or joint aches blisters or sores in mouth blisters or peeling of the skin redness or swelling of the eyes swelling of the mouth, lips, or face problems breathing Sometimes allergic reactions can affect body organs, such as your liver. Call your doctor right away if you have any of the following signs or symptoms of liver problems: yellowing of your skin or whites of your eyes dark or tea colored urine pale colored stools (bowel movements) nausea or vomiting loss of appetite pain, aching, or tenderness on the right side of your stomach area Changes in your immune system (Immune Reconstitution Syndrome) can happen when you start taking HIV-1 medicines. Your immune system may get stronger and begin to fight infections that have been hidden in your body for a long time. Tell your doctor right away if you start having new symptoms after starting your HIV-1 medicine. The most common side effects of ISENTRESS and ISENTRESS HD include: trouble sleeping headache dizziness nausea tiredness Less common side effects of ISENTRESS and ISENTRESS HD include: depression hepatitis genital herpes herpes zoster including shingles kidney failure kidney stones indigestion or stomach area pain vomiting suicidal thoughts and actions weakness Tell your doctor right away if you get unexplained muscle pain, tenderness, or weakness during treatment with ISENTRESS or ISENTRESS HD. These may be signs of a rare serious muscle problem that can lead to kidney problems. These are not all the possible side effects of ISENTRESS and ISENTRESS HD. Call your doctor for medical advice about side effects. You may report side effects to FDA at 1-800-FDA-1088. How should I store ISENTRESS and ISENTRESS HD? ISENTRESS and ISENTRESS HD film-coated tablets: Store ISENTRESS and ISENTRESS HD film-coated tablets at room temperature between 68°F to 77°F (20°C to 25°C). Store ISENTRESS and ISENTRESS HD film-coated tablets in the original package with the bottle tightly closed. Keep the drying agent (desiccant) in the ISENTRESS and ISENTRESS HD bottle to protect from moisture. ISENTRESS chewable tablets: Store ISENTRESS chewable tablets at room temperature between 68°F to 77°F (20°C to 25°C). Store ISENTRESS chewable tablets in the original package with the bottle tightly closed. Keep the drying agent (desiccant) in the bottle to protect from moisture. ISENTRESS for oral suspension: Store ISENTRESS for oral suspension at room temperature between 68°F to 77°F (20°C to 25°C). Store in the original container. Do not open the foil packet until ready for use. Keep ISENTRESS and all medicines out of the reach of children. General information about the safe and effective use of ISENTRESS and ISENTRESS HD Medicines are sometimes prescribed for purposes other than those listed in a Patient Information Leaflet. Do not use ISENTRESS or ISENTRESS HD for a condition for which it was not prescribed. Do not give ISENTRESS or ISENTRESS HD to other people, even if they have the same symptoms that you have. It may harm them. You can ask your doctor or pharmacist for informat…",NO_AJUSTE,,,ACCEPT,STRICT_NO_ADJUSTMENT,REJECT,DAILYMED_SETID_NOT_MAPPED_TO_EXACT_RXNORM_CONCEPT,719872
MED-0528,SITAGLIPTINA,SITAGLIPTINA,HAS_AUTOMATIC_RULE,3,3,0,HIGH_MATCH_RENAL_EVIDENCE,HIGH,SITAGLIPTINA,sitagliptin,100.0,983e9e14-e9bd-3136-e573-98b4dc67860b,3,"Sep 18, 2026","SITAGLIPTIN TABLET, FILM COATED [APOTEX CORP.]",https://dailymed.nlm.nih.gov/dailymed/drugInfo.cfm?setid=983e9e14-e9bd-3136-e573-98b4dc67860b,2.2 Recommendations for Use in Renal Impairment | 5.3 Acute Renal Failure | 8.6 Renal Impairment | 6.1 Clinical Trials Experience,"2.2 Recommendations for Use in Renal Impairment: Assess renal function prior to initiation of sitagliptin tablets and periodically thereafter. For patients with an estimated glomerular filtration rate [eGFR] greater than or equal to 45 mL/min/1.73 m 2 to less than 90 mL/min/1.73 m 2 , no dosage adjustment for sitagliptin tablets is required. For patients with moderate renal impairment (eGFR greater than or equal to 30 mL/min/1.73 m 2 to less than 45 mL/min/1.73 m 2 ), the dose of sitagliptin tablets is 50 mg once daily. For patients with severe renal impairment (eGFR less than 30 mL/min/1.73 m 2 ) or with end-stage renal disease (ESRD) requiring hemodialysis or peritoneal dialysis, the dose of sitagliptin tablets is 25 mg once daily. Sitagliptin tablets may be administered without regard to the timing of dialysis.

5.3 Acute Renal Failure: There have been postmarketing reports of worsening renal function, including acute renal failure, sometimes requiring dialysis. A subset of these reports involved patients with renal impairment, some of whom were prescribed inappropriate doses of sitagliptin. A return to baseline levels of renal impairment has been observed with supportive treatment and discontinuation of potentially causative agents. Consideration can be given to cautiously reinitiating sitagliptin if another etiology is deemed likely to have precipitated the acute worsening of renal function. Assessment of renal function is recommended prior to initiating sitagliptin tablets and periodically thereafter. A dosage adjustment is recommended in patients with moderate or severe renal impairment and in patients with ESRD requiring hemodialysis or peritoneal dialysis [See Dosage and Administration ( 2.2 ); Use in Specific Populations ( 8.6 )] .

8.6 Renal Impairment: Sitagliptin is excreted by the kidney, and sitagliptin exposure is increased in patients with renal impairment. Lower dosages are recommended in patients with eGFR less than 45 mL/min/1.73 m 2 (moderate and severe renal impairment, as well as in ESRD patients requiring dialysis). [See Dosage and Administration ( 2.2 ); Clinical Pharmacology ( 12.3 )] .

6.1 Clinical Trials Experience: Because clinical trials are conducted under widely varying conditions, adverse reaction rates observed in the clinical trials of a drug cannot be directly compared to rates in the clinical trials of another drug and may not reflect the rates observed in practice. In controlled clinical studies as both monotherapy and combination therapy with metformin, pioglitazone, or rosiglitazone and metformin, the overall incidence of adverse reactions, hypoglycemia, and discontinuation of therapy due to clinical adverse reactions with sitagliptin were similar to placebo. In combination with glimepiride, with or without metformin, the overall incidence of clinical adverse reactions with sitagliptin was higher than with placebo, in part related to a higher incidence of hypoglycemia (see Table 3); the incidence of discontinuation due to clinical adverse reactions was similar to placebo. Two placebo-controlled monotherapy studies, one of 18- and one of 24-week duration, included patients treated with sitagliptin 100 mg daily, sitagliptin 200 mg daily, and placebo. Five placebo-controlled add-on combination therapy studies were also conducted: one with metformin; one with pioglitazone; one with metformin and rosiglitazone; one with glimepiride (with or without metformin); and one with insulin (with or without metformin). In these trials, patients with inadequate glycemic control on a stable dose of the background therapy were randomized to add-on therapy with sitagliptin 100 mg daily or placebo. The adverse reactions, excluding hypoglycemia, reported regardless of investigator assessment of causality in ≥5% of patients treated with sitagliptin 100 mg daily and more commonly than in patients treated with placebo, are shown in Table 1 for the clinical trials of at least 18 weeks duration. Incidences of hypoglycemia are shown in Table 3. Table 1: Placebo-Controlled Clinical Studies of Sitagliptin Monotherapy or Add-on Combination Therapy with Pioglitazone, Metformin + Rosiglitazone, or Glimepiride +/- Metformin: Adverse Reactions (Excluding Hypoglycemia) Reported in ≥5% of Patients and More Commonly than in Patients Given Placebo, Regardless of Investigator Assessment of Causality Intent-to-treat population Number of Patients (%) Monotherapy (18 or 24 weeks) Sitagliptin 100 mg Placebo N = 443 N = 363 Nasopharyngitis 23 (5.2) 12 (3.3) Combination with Pioglitazone (24 weeks) Sitagliptin 100 mg + Pioglitazone Placebo + Pioglitazone N = 175 N = 178 Upper Respiratory Tract Infection 11 (6.3) 6 (3.4) Headache 9 (5.1) 7 (3.9) Combination with Metformin + Rosiglitazone (18 weeks) Slitagliptin 100 mg + Metformin + Rosiglitazone Placebo + Metformin + Rosiglitazone N = 181 N = 97 Upper Respiratory Tract Infection 10 (5.5) 5 (5.2) Nasopharyngitis 11 (6.1) 4 (4.1) Combination with Glimepiride (+/- Metformin) (24 weeks) Sitagliptin 100 mg + Glimepiride (+/- Metformin) Placebo + Glimepiride (+/- Metformin) N = 222 N = 219 Nasopharyngitis 14 (6.3) 10 (4.6) Headache 13 (5.9) 5 (2.3) In the 24-week study of patients receiving sitagliptin as add-on combination therapy with metformin, there were no adverse reactions reported regardless of investigator assessment of causality in ≥5% of patients and more commonly than in patients given placebo. In the 24-week study of patients receiving sitagliptin as add-on therapy to insulin (with or without metformin), there were no adverse reactions reported regardless of investigator assessment of causality in ≥5% of patients and more commonly than in patients given placebo, except for hypoglycemia (see Table 3). In the study of sitagliptin as add-on combination therapy with metformin and rosiglitazone (Table 1), through Week 54 the adverse reactions reported regardless of investigator assessment of causality in ≥5% of patients treated with sitagliptin and more commonly than in patients treated with placebo were: upper respiratory tract infection (sitagliptin, 15.5%; placebo, 6.2%), nasopharyngitis (11%, 9.3%), peripheral edema (8.3%, 5.2%), and headache (5.5%, 4.1%). In a pooled analysis of the two monotherapy studies, the add-on to metformin study, and the add-on to pioglitazone study, the incidence of selected gastrointestinal adverse reactions in patients treated with sitagliptin was as follows: abdominal pain (sitagliptin 100 mg, 2.3%; placebo, 2.1%), nausea (1.4%, 0.6%), and diarrhea (3%, 2.3%). In an additional, 24-week, placebo-controlled factorial study of initial therapy with sitagliptin in combination with metformin, the adverse reactions reported (regardless of investigator assessment of causality) in ≥5% of patients are shown in Table 2. Table 2: Initial Therapy with Combination of Sitagliptin and Metformin: Adverse Reactions Reported (Regardless of Investigator Assessment of Causality) in ≥5% of Patients Receiving Combination Therapy (and Greater than in Patients Receiving Metformin alone, Sitagliptin alone, and Placebo) Intent-to-treat population. Number of Patients (%) Placebo Sitagliptin 100 mg QD Metformin HCl 500 or 1,000 mg bid Data pooled for the patients given the lower and higher doses of metformin. Sitagliptin 50 mg bid + Metformin HCl 500 or 1,000 mg bid N = 176 N = 179 N = 364 N = 372 Upper Respiratory Infection 9 (5.1) 8 (4.5) 19 (5.2) 23 (6.2) Headache 5 (2.8) 2 (1.1) 14 (3.8) 22 (5.9) In a 24-week study of initial therapy with sitagliptin in combination with pioglitazone, there were no adverse reactions reported (regardless of investigator assessment of causality) in ≥5% of patients and more commonly than in patients given pioglitazone alone. No clinically meaningful changes in vital signs or in ECG (including in QTc interval) were observed in patients treated with sitagliptin. In a pooled analysis of 19 double-blind clinical trials that included data from 10,246 patients randomized to receive sitagliptin 100 mg/day (N=5,429) or corresponding (active or placebo) control (N=4,817), the incidence of acute pancreatitis was 0.1 per 100 patient-years in each group (4 patients with an event in 4,708 patient-years for sitagliptin and 4 patients with an event in 3,942 patient-years for control). Hypoglycemia In the above studies (N=9), adverse reactions of hypoglycemia were based on all reports of symptomatic hypoglycemia. A concurrent blood glucose measurement was not required although most (74%) reports of hypoglycemia were accompanied by a blood glucose measurement ≤70 mg/dL. When sitagliptin was coadministered with a sulfonylurea or with insulin, the percentage of patients with at least one adverse reaction of hypoglycemia was higher than in the corresponding placebo group (Table 3). Table 3: Incidence and Rate of Hypoglycemia Adverse reactions of hypoglycemia were based on all reports of symptomatic hypoglycemia; a concurrent glucose measurement was not required; intent-to-treat population. in Placebo-Controlled Clinical Studies when Sitagliptin was used as Add-On Therapy to Glimepiride (with or without Metformin) or Insulin (with or without Metformin), Regardless of Investigator Assessment of Causality Add-On to Glimepiride (+/- Metformin) (24 weeks) Sitagliptin 100 mg + Glimepiride (+/- Metformin) Placebo + Glimepiride (+/- Metformin) N = 222 N = 219 Overall (%) 27 (12.2) 4 (1.8) Rate (episodes/patient-year) Based on total number of events (i.e., a single patient may have had multiple events). 0.59 0.24 Severe (%) Severe events of hypoglycemia were defined as those events requiring medical assistance or exhibiting depressed level/loss of consciousness or seizure. 0 (0.0) 0 (0.0) Add-On to Insulin (+/- Metformin) (24 weeks) Sitagliptin 100 mg + Insulin (+/- Metformin) Placebo + Insulin (+/- Metformin) N = 322 N = 319 Overall (%) 50 (15.5) 25 (7.8) Rate (episodes/patient-year) 1.06 0.51 Severe (%) 2 (0.6) 1 (0.3) In a pooled analysis of the two monotherapy studies, the add-on to metformin study, and the add-on to pioglitazone study, the overall incidence of adverse reactions of hypoglycemia was 1.2% in patients treated with sitagliptin 100 mg and 0.9% in patients treated with placebo. In the study of sitagliptin as add-on combination therapy with metformin and rosiglitazone, the overall incidence of hypoglycemia was 2.2% in patients given add-on sitagliptin and 0% in patients given add-on placebo through Week 18. Through Week 54, the overall incidence of hypoglycemia was 3.9% in patients given add-on sitagliptin and 1% in patients given add-on placebo. In the 24-week, placebo-controlled factorial study of initial therapy with sitagliptin in combination with metformin, the incidence of hypoglycemia was 0.6% in patients given placebo, 0.6% in patients given sitagliptin alone, 0.8% in patients given metformin alone, and 1.6% in patients given sitagliptin in combination with metformin. In the study of sitagliptin as initial therapy with pioglitazone, one patient taking sitagliptin experienced a severe episode of hypoglycemia. There were no severe hypoglycemia episodes reported in other studies except in the study involving coadministration with insulin. In an additional, 30-week placebo-controlled, study of patients with type 2 diabetes inadequately controlled with metformin comparing the maintenance of sitagliptin 100 mg versus withdrawal of sitagliptin when initiating basal insulin therapy, the event rate and incidence of documented symptomatic hypoglycemia (blood glucose measurement ≤70 mg/dL) did not differ between the sitagliptin and placebo groups. Laboratory Tests Across clinical studies, the incidence of laboratory adverse reactions was similar in patients treated with sitagliptin 100 mg compared to patients treated with placebo. A small increase in white blood cell count (WBC) was observed due to an increase in neutrophils. This increase in WBC (of approximately 200 cells/microL vs placebo, in four p…",NO_AJUSTE,,,ACCEPT,STRICT_NO_ADJUSTMENT,REJECT,DAILYMED_SETID_NOT_MAPPED_TO_EXACT_RXNORM_CONCEPT,593411
MED-0553,TADALAFILO,TADALAFILO,HAS_PUBLISHED_NONAUTO_RULE,1,0,0,HIGH_MATCH_RENAL_EVIDENCE,HIGH,TADALAFILO,tadalafil,100.0,ad288e9d-020a-43a0-9c07-320c5c3bbc1e,3,"Sep 18, 2026",TADALAFIL TABLET [REMEDYREPACK INC.],https://dailymed.nlm.nih.gov/dailymed/drugInfo.cfm?setid=ad288e9d-020a-43a0-9c07-320c5c3bbc1e,5.7 Renal Impairment | 8.7 Renal Impairment | 2.6 Use in Specific Populations | 6.1 Clinical Trials Experience,"5.7 Renal Impairment: Tadalafil tablets for Use as Needed Tadalafil should be limited to 5 mg not more than once in every 72 hours in patients with creatinine clearance less than 30 mL/min or end-stage renal disease on hemodialysis. The starting dose of tadalafil in patients with creatinine clearance 30 mL/min to 50 mL/min should be 5 mg not more than once per day, and the maximum dose should be limited to 10 mg not more than once in every 48 hours. [see Use in Specific Populations ( 8.7 )] . Tadalafil tablets for Once Daily Use ED Due to increased tadalafil exposure (AUC), limited clinical experience, and the lack of ability to influence clearance by dialysis, tadalafil tablets for once daily use is not recommended in patients with creatinine clearance less than 30 mL/min [see Use in Specific Populations ( 8.7 )] . BPH and ED/BPH Due to increased tadalafil exposure (AUC), limited clinical experience, and the lack of ability to influence clearance by dialysis, tadalafil for once daily use is not recommended in patients with creatinine clearance less than 30 mL/min. In patients with creatinine clearance 30 mL/min to 50 mL/min, start dosing at 2.5 mg once daily, and increase the dose to 5 mg once daily based upon individual response [see Dosage and Administration ( 2.6 ), Use in Specific Populations ( 8.7 ), and Clinical Pharmacology ( 12.3 )] .

8.7 Renal Impairment: In clinical pharmacology studies using single-dose tadalafil (5 mg to 10 mg), tadalafil exposure (AUC) doubled in subjects with creatinine clearance 30 mL/min to 80 mL/min. In subjects with end-stage renal disease on hemodialysis, there was a two-fold increase in Cmax and 2.7-to 4.8-fold increase in AUC following single-dose administration of 10 mg or 20 mg tadalafil. Exposure to total methylcatechol (unconjugated plus glucuronide) was 2-to 4-fold higher in subjects with renal impairment, compared to those with normal renal function. Hemodialysis (performed between 24 and 30 hours post-dose) contributed negligibly to tadalafil or metabolite elimination. In a clinical pharmacology study (N=28) at a dose of 10 mg, back pain was reported as a limiting adverse event in male patients with creatinine clearance 30 mL/min to 50 mL/min. At a dose of 5 mg, the incidence and severity of back pain was not significantly different than in the general population. In patients on hemodialysis taking 10-or 20-mg tadalafil, there were no reported cases of back pain. [see Dosage and Administration ( 2.6 ) and Warnings and Precautions ( 5.7 )] .

2.6 Use in Specific Populations: Renal Impairment Tadalafil tablets for Use as Needed Creatinine clearance 30 mL/min to 50 mL/min: A starting dose of 5 mg not more than once per day is recommended, and the maximum dose is 10 mg not more than once in every 48 hours. Creatinine clearance less than 30 mL/min or on hemodialysis: The maximum dose is 5 mg not more than once in every 72 hours [see Warnings and Precautions ( 5.7 ) and Use in Specific Populations ( 8.7 )] . Tadalafil tablets for Once Daily Use Erectile Dysfunction Creatinine clearance less than 30 mL/min or on hemodialysis: Tadalafil tablets for once daily use is not recommended [see Warnings and Precautions ( 5.7 ) and Use in Specific Populations ( 8.7 )] . Benign Prostatic Hyperplasia and Erectile Dysfunction/Benign Prostatic Hyperplasia Creatinine clearance 30 mL/min to 50 mL/min: A starting dose of 2.5 mg is recommended. An increase to 5 mg may be considered based on individual response. Creatinine clearance less than 30 mL/min or on hemodialysis: Tadalafil tablets for once daily use is not recommended [see Warnings and Precautions ( 5.7 ) and Use in Specific Populations ( 8.7 )] . Hepatic Impairment Tadalafil tablets for Use as Needed Mild or moderate (Child Pugh Class A or B): The dose should not exceed 10 mg once per day. The use of tadalafil tablets once per day have not been extensively evaluated in patients with hepatic impairment and therefore, caution is advised. Severe (Child Pugh Class C): The use of tadalafil tablets are not recommended [see Warnings and Precautions ( 5.8 ) and Use in Specific Populations ( 8.6 )] . Tadalafil tablets for Once Daily Use Mild or moderate (Child Pugh Class A or B): Tadalafil tablets for once daily use has not been extensively evaluated in patients with hepatic impairment. Therefore, caution is advised if tadalafil tablets for once daily use is prescribed to these patients. Severe (Child Pugh Class C): The use of tadalafil tablets are not recommended [see Warnings and Precautions ( 5.8 ) and Use in Specific Populations ( 8.6 )] .

6.1 Clinical Trials Experience: Because clinical trials are conducted under widely varying conditions, adverse reaction rates observed in the clinical trials of a drug cannot be directly compared to rates in the clinical trials of another drug and may not reflect the rates observed in practice. Tadalafil was administered to over 9000 men during clinical trials worldwide. In trials of tadalafil tablets for once daily use, a total of 1434, 905, and 115 were treated for at least 6 months, 1 year, and 2 years, respectively. For tadalafil tablets for use as needed, over 1300 and 1000 subjects were treated for at least 6 months and 1 year, respectively. Tadalafil tablets for Use as Needed for ED In eight primary placebo-controlled clinical studies of 12 weeks duration, mean age was 59 years (range 22 to 88) and the discontinuation rate due to adverse events in patients treated with tadalafil 10 or 20 mg was 3.1%, compared to 1.4% in placebo treated patients. When taken as recommended in the placebo-controlled clinical trials, the following adverse reactions were reported ( see Table 1) for tadalafil tablets for use as needed: Table 1: Treatment-Emergent Adverse Reactions Reported by greater than or equal to 2% of Patients Treated with Tadalafil tablets (10 mg or 20 mg) and More Frequent on Drug than Placebo in the Eight Primary Placebo-Controlled Clinical Studies (Including a Study in Patients with Diabetes) for Tadalafil tablets for Use as Needed for ED a The term flushing includes: facial flushing and flushing Adverse Reaction Placebo (N=476) Tadalafil 5 mg (N=151) Tadalafil 10 mg (N=394) Tadalafil 20 mg (N=635) Headache 5% 11% 11% 15% Dyspepsia 1% 4% 8% 10% Back pain 3% 3% 5% 6% Myalgia 1% 1% 4% 3% Nasal congestion 1% 2% 3% 3% Flushing a 1% 2% 3% 3% Pain in limb 1% 1% 3% 3% Tadalafil tablets for Once Daily Use for ED In three placebo-controlled clinical trials of 12 or 24 weeks duration, mean age was 58 years (range 21 to 82) and the discontinuation rate due to adverse events in patients treated with tadalafil was 4.1%, compared to 2.8% in placebo-treated patients. The following adverse reactions were reported ( see Table 2) in clinical trials of 12 weeks duration: Table 2: Treatment-Emergent Adverse Reactions Reported by greater than or equal to 2% of Patients Treated with Tadalafil for Once Daily Use (2.5 mg or 5 mg) and More Frequent on Drug than Placebo in the Three Primary Placebo-Controlled Phase 3 Studies of 12 weeks Treatment Duration (Including a Study in Patients with Diabetes) for Tadalafil tablets for Once Daily Use for ED Adverse Reaction Placebo (N=248) Tadalafil 2.5 mg (N=196) Tadalafil 5 mg (N=304) Headache 5% 3% 6% Dyspepsia 2% 4% 5% Nasopharyngitis 4% 4% 3% Back pain 1% 3% 3% Upper respiratory tract infection 1% 3% 3% Flushing 1% 1% 3% Myalgia 1% 2% 2% Cough 0% 4% 2% Diarrhea 0% 1% 2% Nasal congestion 0% 2% 2% Pain in extremity 0% 1% 2% Urinary tract infection 0% 2% 0% Gastroesophageal reflux disease 0% 2% 1% Abdominal pain 0% 2% 1% The following adverse reactions were reported ( see Table 3) over 24 weeks treatment duration in one placebo-controlled clinical study: Table 3: Treatment-Emergent Adverse Reactions Reported by greater than or equal to 2% of Patients Treated with Tadalafil tablets for Once Daily Use (2.5 mg or 5 mg) and More Frequent on Drug than Placebo in One Placebo-Controlled Clinical Study of 24 Weeks Treatment Duration for Tadalafil tablets for Once Daily Use for ED Adverse Reaction Placebo (N=94) Tadalafil 2.5 mg (N=96) Tadalafil 5 mg (N=97) Nasopharyngitis 5% 6% 6% Gastroenteritis 2% 3% 5% Back pain 3% 5% 2% Upper respiratory tract infection 0% 3% 4% Dyspepsia 1% 4% 1% Gastroesophageal reflux disease 0% 3% 2% Myalgia 2% 4% 1% Hypertension 0% 1% 3% Nasal congestion 0% 0% 4% Tadalafil tablets for Once Daily Use for BPH and for ED and BPH In three placebo-controlled clinical trials of 12 weeks duration, two in patients with BPH and one in patients with ED and BPH, the mean age was 63 years (range 44 to 93) and the discontinuation rate due to adverse events in patients treated with tadalafil was 3.6% compared to 1.6% in placebo-treated patients. Adverse reactions leading to discontinuation reported by at least 2 patients treated with tadalafil included headache, upper abdominal pain, and myalgia. The following adverse reactions were reported ( see Table 4). Table 4: Treatment-Emergent Adverse Reactions Reported by greater than or equal to 1% of Patients Treated with Tadalafil tablets for Once Daily Use (5 mg) and More Frequent on Drug than Placebo in Three Placebo-Controlled Clinical Studies of 12 Weeks Treatment Duration, including Two Studies for Tadalafil tablets for Once Daily Use for BPH and One Study for ED and BPH Adverse Reaction Placebo (N=576) Tadalafil 5 mg (N=581) Headache 2.3% 4.1% Dyspepsia 0.2% 2.4% Back pain 1.4% 2.4% Nasopharyngitis 1.6% 2.1% Diarrhea 1.0% 1.4% Pain in extremity 0.0% 1.4% Myalgia 0.3% 1.2% Dizziness 0.5% 1.0% Additional, less frequent adverse reactions (less than 1%) reported in the controlled clinical trials of Tadalafil for BPH or ED and BPH included: gastroesophageal reflux disease, upper abdominal pain, nausea, vomiting, arthralgia, and muscle spasm. Back pain or myalgia was reported at incidence rates described in Tables 1 through 4. In tadalafil clinical pharmacology trials, back pain or myalgia generally occurred 12 to 24 hours after dosing and typically resolved within 48 hours. The back pain/myalgia associated with tadalafil treatment was characterized by diffuse bilateral lower lumbar, gluteal, thigh, or thoracolumbar muscular discomfort and was exacerbated by recumbency. In general, pain was reported as mild or moderate in severity and resolved without medical treatment, but severe back pain was reported with a low frequency (less than 5% of all reports). When medical treatment was necessary, acetaminophen or non-steroidal anti-inflammatory drugs were generally effective; however, in a small percentage of subjects who required treatment, a mild narcotic (e.g., codeine) was used. Overall, approximately 0.5% of all subjects treated with tadalafil for on demand use discontinued treatment as a consequence of back pain/myalgia. In the 1-year open label extension study, back pain and myalgia were reported in 5.5% and 1.3% of patients, respectively. Diagnostic testing, including measures for inflammation, muscle injury, or renal damage revealed no evidence of medically significant underlying pathology. Incidence rates for tadalafil for once daily use for ED, BPH and BPH/ED are described in Tables 2, 3 and 4. In studies of tadalafil for once daily use, adverse reactions of back pain and myalgia were generally mild or moderate with a discontinuation rate of less than 1% across all indications. Across placebo-controlled studies with tadalafil for use as needed for ED, diarrhea was reported more frequently inpatients 65 years of age and older who were treated with tadalafil (2.5% of patients) [see Use in Specific Populations ( 8.5 )] . Across all studies with any tadalafil dose, reports of changes in color vision were rare (less than 0.1% of patients). The following section identifies additional, less frequent events (less than 2%) reported in controlled clinical trials of tadalafil for once daily use or use as needed. A causal relationship of these events to tadalafil is uncertain. Excluded f…",PRECAUCION,,,ACCEPT,STRICT_NOT_RECOMMENDED,REJECT,DAILYMED_SETID_NOT_MAPPED_TO_EXACT_RXNORM_CONCEPT,358263
MED-0577,TIZANIDINA,TIZANIDINA,HAS_PUBLISHED_NONAUTO_RULE,1,0,0,HIGH_MATCH_RENAL_EVIDENCE,HIGH,TIZANIDINA,tizanidine,100.0,d7d5dce0-f8a2-404d-9e87-e2235f5d3268,3,"Sep 18, 2026","TIZANIDINE HYDROCHLORIDE CAPSULE [PD-RX PHARMACEUTICALS, INC.]",https://dailymed.nlm.nih.gov/dailymed/drugInfo.cfm?setid=d7d5dce0-f8a2-404d-9e87-e2235f5d3268,2.3 Recommended Dosage in Patients with Renal Impairment | 8.6 Renal Impairment | 8.5 Geriatric Use | 12.3 Pharmacokinetics,"2.3 Recommended Dosage in Patients with Renal Impairment: In patients with creatinine clearance < 25 mL/min, use lower individual doses during titration. If higher doses are required, individual doses rather than dosing frequency should be increased [see Use in Specific Populations ( 8.6 ) and Clinical Pharmacology ( 12.3 )] .

8.6 Renal Impairment: In patients with renal insufficiency (creatinine clearance < 25 mL/min), clearance of tizanidine was reduced [see Clinical Pharmacology ( 12.3 )] . In these patients, dosage reduction is recommended [see Dosage and Administration ( 2.3 )] . Because the risk of adverse reactions to tizanidine may be greater in patients with impaired renal function, monitor these patients closely for the onset or increase in severity of common adverse reactions [see Adverse Reactions ( 6.1 )] .

8.5 Geriatric Use: Tizanidine known to be substantially excreted by the kidney, and the risk of adverse reactions to this drug may be greater in patients with impaired renal function. Because elderly patients are more likely to have decreased renal function, care should be taken in dose selection, and it may be useful to monitor renal function. Clinical studies of tizanidine did not include sufficient numbers of subjects aged 65 and over to determine whether they respond differently than younger subjects. Cross-study comparison of pharmacokinetic data following single dose administration of 6 mg tizanidine showed that younger subjects cleared the drug four times faster than the elderly subjects. In elderly patients with renal insufficiency (creatinine clearance < 25 mL/min), tizanidine clearance is reduced by more than 50% compared to healthy elderly subjects; this would be expected to lead to a longer duration of clinical effect. During titration, the individual doses should be reduced. If higher doses are required, individual doses rather than dosing frequency should be increased. Monitor elderly patients because they may have an increased risk for adverse reactions associated with tizanidine.

12.3 Pharmacokinetics: Tizanidine has linear pharmacokinetics over the doses studied in clinical development [1 mg (half the recommended dosage) to 20 mg]. Tizanidine capsules and tablets are bioequivalent to each other under fasting conditions, but not under fed conditions (see Absorption, Effect of Food). Absorption Following oral administration, tizanidine is essentially completely absorbed. The absolute oral bioavailability of tizanidine is approximately 40% (CV = 24%), due to extensive first-pass hepatic metabolism. Effect of Food There are pharmacokinetic differences between tizanidine capsules and tizanidine tablets with respect to administration with food. A single dose of either two 4 mg tablets or two 4 mg capsules was administered under fed and fasting conditions in an open-label, four-period, randomized crossover study in 96 volunteers, of whom 81 were eligible for the statistical analysis. Pharmacokinetics under fed conditions were different than under fasting conditions and vary by dosage form. Tablets or Capsules - Fasting T max was 1.0 hours after dosing T ½ was approximately 2 hours. Tablets - Fed Mean C max was increased by approximately 30% Median T max was increased by 25 minutes, to 1 hour and 25 minutes. Extent of absorption was increased approximately 30% Capsules - Fed Mean C max was decreased by 20% (consequently, approximately 66% the Cmax for the tablet when administered with food) Median T max was increased 2 to 3 hours Extent of absorption was increased approximately 10% (consequently, approximately 80% of the amount absorbed from the tablet administered with food) Capsule Content Sprinkled on Applesauce Compared to administration of an intact capsule while fasting: C max and AUC was increased 15%–20% T max was decreased 15 minutes Figure 1: Mean Tizanidine Concentration vs. Time Profiles For Tizanidine Tablets and Tizanidine Capsules (2 X 4 mg) Under Fasted and Fed Conditions Distribution Tizanidine is extensively distributed throughout the body with a mean steady state volume of distribution of 2.4 L/kg (CV = 21%) following intravenous administration in healthy adult volunteers. Tizanidine is approximately 30% bound to plasma proteins. Elimination Metabolism Tizanidine has a half-life of approximately 2.5 hours (CV=33%). Approximately 95% of an administered dose is metabolized. The primary cytochrome P450 isoenzyme involved in tizanidine metabolism is CYP1A2. Tizanidine metabolites are not known to be active; their halflives range from 20 to 40 hours. Excretion Following single and multiple oral dosing of 14 C-tizanidine, an average of 60% and 20% of total radioactivity was recovered in the urine and feces, respectively. Specific Populations Geriatric Patients No specific pharmacokinetic study was conducted to investigate age effects. Cross study comparison of pharmacokinetic data following single dose administration of 6 mg tizanidine showed that younger subjects cleared the drug four times faster than the elderly subjects [see Use in Specific Populations ( 8.5 )]. Patients with Hepatic Impairment The influence of hepatic impairment on the pharmacokinetics of tizanidine has not been evaluated. Because tizanidine is extensively metabolized in the liver, hepatic impairment would be expected to have significant effects on pharmacokinetics of tizanidine [see Use in Specific Populations ( 8.7 )]. Patients with Renal Impairment Tizanidine clearance is reduced by more than 50% in elderly patients with renal insufficiency (creatinine clearance < 25 mL/min) compared to healthy elderly subjects; this would be expected to lead to a longer duration of clinical effect [see Use in Specific Populations ( 8.6 )] . Gender Effects No specific pharmacokinetic study was conducted to investigate gender effects. Retrospective analysis of pharmacokinetic data, however, following single and multiple dose administration of 4 mg Tizanidine showed that gender had no effect on the pharmacokinetics of tizanidine. Drug Interactions CYP1A2 Inhibitors The effects of coadministration of fluvoxamine or ciprofloxacin, both strong CYP1A2 inhibitors, on the pharmacokinetics of a single 4 mg dose of tizanidine was studied in 10 healthy subjects. The C max , AUC, and half-life of tizanidine increased by 12-fold, 33-fold, and 3-fold, respectively, with coadministration of fluvoxamine. The effect of ciprofloxacin on the pharmacokinetics of a single 4 mg dose of tizanidine was studied in 10 healthy subjects. The C max and AUC of tizanidine increased by 7-fold and 10-fold, respectively [see Contraindications ( 4 )]. There have been no clinical studies evaluating the effects of other CYP1A2 inhibitors on tizanidine [see Drug Interactions ( 7.2 )] . In vitro studies of cytochrome P450 isoenzymes using human liver microsomes indicate that neither tizanidine nor the major metabolites are likely to affect the metabolism of other drugs metabolized by cytochrome P450 isoenzymes. Oral Contraceptives No specific pharmacokinetic study was conducted to investigate interaction between oral contraceptives and tizanidine. Retrospective analysis of population pharmacokinetic data following single and multiple dose administration of 4 mg tizanidine, however, showed that women concurrently taking oral contraceptives had 50% lower clearance of tizanidine compared to women not on oral contraceptives [see Drug Interactions ( 7.3 )]. Acetaminophen Tizanidine delayed the T max of acetaminophen by 16 minutes. Acetaminophen did not affect the pharmacokinetics of tizanidine. Alcohol Alcohol increased the AUC of tizanidine by approximately 20% and 15%, respectively [see Drug Interactions ( 7.4 )] .",PRECAUCION,,,ACCEPT,STRICT_RENAL_DOSING,REJECT,DAILYMED_SETID_NOT_MAPPED_TO_EXACT_RXNORM_CONCEPT,57258
MED-0580,TOPIRAMATO,TOPIRAMATO,HAS_AUTOMATIC_RULE,2,2,0,HIGH_MATCH_RENAL_EVIDENCE,HIGH,TOPIRAMATO,topiramate,100.0,2dc7957e-a3e5-46bb-aa66-f3250f872f5e,30,"Sep 17, 2026","TROKENDI XR (TOPIRAMATE) CAPSULE, EXTENDED RELEASE [SUPERNUS PHARMACEUTICALS, INC.]",https://dailymed.nlm.nih.gov/dailymed/drugInfo.cfm?setid=2dc7957e-a3e5-46bb-aa66-f3250f872f5e,2.6 Dosage Modifications in Patients Undergoing Hemodialysis | 2.5 Dose Modifications in Patients With Renal Impairment | 8.6 Renal Impairment | 8.7 Patients Undergoing Hemodialysis,"2.6 Dosage Modifications in Patients Undergoing Hemodialysis: To avoid rapid drops in topiramate plasma concentration during hemodialysis, a supplemental dose of TROKENDI XR may be required. The actual adjustment should take into account 1) the duration of dialysis period, 2) the clearance rate of the dialysis system being used, and 3) the effective renal clearance of topiramate in the patient being dialyzed [see Use in Specific Populations (8.7) , Clinical Pharmacology (12.3) ] .

2.5 Dose Modifications in Patients With Renal Impairment: In patients with renal impairment (creatinine clearance less than 70 mL/min/1.73 m 2 ), one-half of the usual adult dose of TROKENDI XR is recommended [see Use in Specific Populations (8.5 , 8.6) , Clinical Pharmacology (12.3) ] .

8.6 Renal Impairment: The clearance of topiramate is reduced in patients with moderate (creatinine clearance 30 to 69 mL/min/1.73m 2 ) and severe (creatinine clearance less than 30 mL/min/1.73m 2 ) renal impairment. A dosage adjustment is recommended in patients with moderate or severe renal impairment [see Dosage and Administration (2.5) and Clinical Pharmacology (12.3) ] .

8.7 Patients Undergoing Hemodialysis: Topiramate is cleared by hemodialysis at a rate that is 4 to 6 times greater than in a normal individual. A dosage adjustment may be required [see Dosage and Administration (2.6) and Clinical Pharmacology (12.3) ] .",PRECAUCION,,,ACCEPT,STRICT_RENAL_DOSING,REJECT,DAILYMED_SETID_NOT_MAPPED_TO_EXACT_RXNORM_CONCEPT,38404
