med_id,generic_name,prior_resolution,renal_biblio_verificada_2025,ajuste_renal,renal_biblio_ocr_indice,drugsfda_status,drugsfda_application_number,drugsfda_identity_score,hc_status,hc_reason,hc_drug_code,hc_din,hc_product_name,hc_monograph_url,hc_monograph_date,hc_renal_text,ema_status,ema_reason,ema_product_page,ema_pdf_url,ema_renal_text,v5_resolution,v5_primary_source,v5_reason,global_resolution,global_primary_source,global_current_resolved,hc_product_status
MED-0006,ACECLOFENACO,UNRESOLVED,False,False,False,NO_EXACT_IDENTITY_MATCH,,,NO_EXACT_DPD_PRODUCT,,,,,,,,NO_EXACT_EMA_PRODUCT,,,,,UNRESOLVED,,,UNRESOLVED,,False,
MED-0007,ACETATO DE CIPROTERONA,UNRESOLVED,False,False,False,NO_EXACT_IDENTITY_MATCH,,,NO_EXACT_DPD_PRODUCT,,,,,,,,NO_EXACT_EMA_PRODUCT,,,,,UNRESOLVED,,,UNRESOLVED,,False,
MED-0008,ACETATO DE CLORMADINONA,UNRESOLVED,False,False,False,NO_EXACT_IDENTITY_MATCH,,,NO_EXACT_DPD_PRODUCT,,,,,,,,NO_EXACT_EMA_PRODUCT,,,,,UNRESOLVED,,,UNRESOLVED,,False,
MED-0009,ACETATO DE INDACATEROL,UNRESOLVED,False,False,False,EXACT_IDENTITY_CORROBORATED,NDA022383,100.0,EXACT_PRODUCT_NO_EXPLICIT_RENAL_ACTION,RENAL_MENTION_WITHOUT_EXPLICIT_DOSING_ACTION,86250,02376938,ONBREZ BREEZHALER,https://pdf.hres.ca/dpd_pm/00060396.PDF,2023-05-12," 2-adrenergic stimulants i.e., angina, hypertension or hypotension, tachycardia, with rates up to 200 bpm, tremor, palpitations, nervousness, headache, nausea, dry mouth, vomiting, drowsiness, muscle cramps, ventricular arrhythmias, metabolic acidosis, fatigue, malaise, insomnia , hypokalaemia and hyperglycaemia. As with all inhaled sympathomimetic medications, cardiac arrest and even death may be associated with an overdose of ONBREZ BREEZHALER. Supportive and symptomatic treatment is indicated. In serious cases, patients should be hospitalised. There is insufficient evidence to determine if dialysis is beneficial for overdosage of ONBREZ BREEZHALER. Cardiac monitoring is recommended in cases of overdosage. Use of cardioselective beta-blockers may be considered, but only under the supervision of a physician and with extreme caution since the use of beta -adrenergic blockers may provoke bronchospasm. For management of a suspected drug overdose, contact your regional poison control centre. 6 DOSAGE FORMS, STRENGTHS, COMPOSITION AND PACKAGING Table 1 – Dosage Forms, Strengths, Composition and Packaging. ONBREZ BREEZHALER hard gelatin capsules for inhalation 75 mcg. 75 mcg ONBREZ BREEZHALER contains: aluminum blister -packaged 75 mcg indacaterol natural transparent uncolored capsule with black product code “IDL 75” printed above a bar on one side of the capsule and the symbol printed on the other side, and one ONBREZ BREEZHALER inhalation device. Unit Dose (blister pack), Box of 10 or 30 (strips of 10). Each capsule contains 97 mcg indacaterol maleate equivalent to 75 mcg indacaterol and lactose monohydrate. 7 WARNINGS AND PRECAUTIONS Please see the Serious Warnings and Precautions Box at the beginning of Part I: Health Professional Information. General ONBREZ BREEZHALER is only indicated for COPD. ONBREZ BREEZHALER should not be used in asthma due to the absence of long-term safety and efficacy data in asthma with ONBREZ BREEZHALER. It has been shown that long -acting beta2-adrenergic agonists may increase the risk of asthma - related death. Data from a 28 -week, large placebo-controlled US study comparing the safety of Route of Administration Dosage Form / Strength/Composition Non-medicinal Ingredients Inhalation 75 mcg indacaterol per capsule Gelatin (capsule shell) and lactose monohydrate Onbrez Breezhaler Product Monograph Page 9 of 35 swallowing, swelling of tong
---
swallowing, swelling of tongue, lips and face, urticaria, skin rash) occur, ONBREZ BREEZHALER should be discontinued immediately and alternative therapy instituted. The patient should N OT be re -challenged with ONBREZ BREEZHALER (see CONTRAINDICATIONS). 7.1 Special Populations Hepatic Impairment: Patients with mild and moderate hepatic impairment did not show any relevant changes in Cmax or AUC. Furthermore, protein binding did not differ be tween mild and moderate hepatically impaired subjects and their healthy controls. Studies in subjects with severe hepatic impairment were not performed. Renal Impairment: Due to the very low contribution of the urinary pathway to total body elimination, a study in renally impaired subjects was not performed. 7.1.1 Pregnant Women No clinical data on exposed pregnancies in COPD patients are available. Studies in animals have shown reproductive toxicity associated with an increased incidence of one type of skelet al abnormality in rabbits. The potential risk for humans is unknown. Because there are no adequate and well -controlled studies in pregnant women, indacaterol should be used during pregnancy only if the expected benefit justifies the potential risk to the fetus. Labour and delivery: Like other beta2-adrenergic agonists, ONBREZ BREEZHALER may inhibit labor due to a relaxant effect on uterine smooth muscle. 7.1.2 Breast-feeding It is not known whether indacaterol passes into human breast milk. Because many drugs a re excreted in human milk, and because indacaterol has been detected in the milk of lactating rats, the use of ONBREZ BREEZHALER by breast -feeding women should only be considered if the expected benefit to the woman is greater than any possible risk to the infant. 7.1.3 Pediatrics ONBREZ BREEZHALER should not be used in patients under 18 years of age. The safety and effectiveness of ONBREZ BREEZHALER in patients under 18 years of age have not been established. 7.1.4 Geriatrics No adjustment of ONBREZ BREEZHALER dosage in geriatric patients is warranted. Of the total number of patients who received ONBREZ BREEZHALER in the clinical studies from the pooled 3-month database, 239 were <65 years, 153 were 65–74 years and 57 were ≥75 years of age. No overall differences in effectiveness were observed, and in the 3-month pooled data, the adverse drug reaction profile was similar in the older population compared to the patient p",NO_EXACT_EMA_PRODUCT,,,,,NO_EXPLICIT_RENAL_RECOMMENDATION_FOUND,,,NO_EXPLICIT_RENAL_RECOMMENDATION_FOUND,,False,Cancelled Post Market
MED-0010,ACETATO DE LISINA,UNRESOLVED,False,False,False,NO_EXACT_IDENTITY_MATCH,,,NO_EXACT_DPD_PRODUCT,,,,,,,,NO_EXACT_EMA_PRODUCT,,,,,UNRESOLVED,,,UNRESOLVED,,False,
MED-0011,ACETATO DE MEDROXIPROGESTERONA,UNRESOLVED,False,False,False,NO_EXACT_IDENTITY_MATCH,,,NO_EXACT_DPD_PRODUCT,,,,,,,,NO_EXACT_EMA_PRODUCT,,,,,UNRESOLVED,,,UNRESOLVED,,False,
MED-0012,ACETATO DE NOMEGESTROL,UNRESOLVED,False,False,False,NO_EXACT_IDENTITY_MATCH,,,NO_EXACT_DPD_PRODUCT,,,,,,,,NO_EXACT_EMA_PRODUCT,,,,,UNRESOLVED,,,UNRESOLVED,,False,
MED-0014,ACETAZOLAMIDA,UNRESOLVED,False,False,False,NO_EXACT_IDENTITY_MATCH,,,NO_EXACT_DPD_PRODUCT,,,,,,,,NO_EXACT_EMA_PRODUCT,,,,,UNRESOLVED,,,UNRESOLVED,,False,
MED-0015,ACETILCISTEINA,UNRESOLVED,False,False,False,NO_EXACT_IDENTITY_MATCH,,,NO_EXACT_DPD_PRODUCT,,,,,,,,NO_EXACT_EMA_PRODUCT,,,,,UNRESOLVED,,,UNRESOLVED,,False,
MED-0016,ACETONIDO DE TRIAMCINOLONA,UNRESOLVED,False,False,False,NO_EXACT_IDENTITY_MATCH,,,NO_EXACT_DPD_PRODUCT,,,,,,,,NO_EXACT_EMA_PRODUCT,,,,,UNRESOLVED,,,UNRESOLVED,,False,
MED-0018,ÁCIDO ACETIL SALICILICO,UNRESOLVED,False,False,False,NO_EXACT_IDENTITY_MATCH,,,NO_EXACT_DPD_PRODUCT,,,,,,,,NO_EXACT_EMA_PRODUCT,,,,,UNRESOLVED,,,UNRESOLVED,,False,
MED-0019,ACIDO ALFA LIPOICO,UNRESOLVED,False,False,False,NO_EXACT_IDENTITY_MATCH,,,NO_EXACT_DPD_PRODUCT,,,,,,,,NO_EXACT_EMA_PRODUCT,,,,,UNRESOLVED,,,UNRESOLVED,,False,
MED-0020,ACIDO ALGINICO,UNRESOLVED,False,False,False,NO_EXACT_IDENTITY_MATCH,,,NO_EXACT_DPD_PRODUCT,,,,,,,,NO_EXACT_EMA_PRODUCT,,,,,UNRESOLVED,,,UNRESOLVED,,False,
MED-0021,ACIDO ASCORBICO,UNRESOLVED,False,False,False,NO_EXACT_IDENTITY_MATCH,,,NO_EXACT_DPD_PRODUCT,,,,,,,,NO_EXACT_EMA_PRODUCT,,,,,UNRESOLVED,,,UNRESOLVED,,False,
MED-0023,ACIDO CITRICO,UNRESOLVED,False,False,False,NO_EXACT_IDENTITY_MATCH,,,NO_EXACT_DPD_PRODUCT,,,,,,,,NO_EXACT_EMA_PRODUCT,,,,,UNRESOLVED,,,UNRESOLVED,,False,
MED-0024,ÁCIDO CLAVULÁNICO,UNRESOLVED,False,False,False,NO_EXACT_IDENTITY_MATCH,,,NO_EXACT_DPD_PRODUCT,,,,,,,,NO_EXACT_EMA_PRODUCT,,,,,UNRESOLVED,,,UNRESOLVED,,False,
MED-0025,ACIDO COLICO,UNRESOLVED,False,False,False,NO_EXACT_IDENTITY_MATCH,,,NO_EXACT_DPD_PRODUCT,,,,,,,,NO_EXACT_EMA_PRODUCT,,,,,UNRESOLVED,,,UNRESOLVED,,False,
MED-0026,ACIDO DECOSA HEXAENOICO,UNRESOLVED,False,False,False,NO_EXACT_IDENTITY_MATCH,,,NO_EXACT_DPD_PRODUCT,,,,,,,,NO_EXACT_EMA_PRODUCT,,,,,UNRESOLVED,,,UNRESOLVED,,False,
MED-0027,ÁCIDO FENOFIBRICO,UNRESOLVED,False,False,False,NO_EXACT_IDENTITY_MATCH,,,NO_EXACT_DPD_PRODUCT,,,,,,,,NO_EXACT_EMA_PRODUCT,,,,,UNRESOLVED,,,UNRESOLVED,,False,
MED-0028,ÁCIDO FOLICO,UNRESOLVED,False,False,False,NO_EXACT_IDENTITY_MATCH,,,NO_EXACT_DPD_PRODUCT,,,,,,,,NO_EXACT_EMA_PRODUCT,,,,,UNRESOLVED,,,UNRESOLVED,,False,
MED-0031,ACIDO OROTICO ANHIDRO,UNRESOLVED,False,False,False,NO_EXACT_IDENTITY_MATCH,,,NO_EXACT_DPD_PRODUCT,,,,,,,,NO_EXACT_EMA_PRODUCT,,,,,UNRESOLVED,,,UNRESOLVED,,False,
MED-0032,ACIDO PIPEMIDICO,UNRESOLVED,False,False,False,NO_EXACT_IDENTITY_MATCH,,,NO_EXACT_DPD_PRODUCT,,,,,,,,NO_EXACT_EMA_PRODUCT,,,,,UNRESOLVED,,,UNRESOLVED,,False,
MED-0034,ACIDO TOLFENAMICO,UNRESOLVED,False,False,False,NO_EXACT_IDENTITY_MATCH,,,NO_EXACT_DPD_PRODUCT,,,,,,,,NO_EXACT_EMA_PRODUCT,,,,,UNRESOLVED,,,UNRESOLVED,,False,
MED-0036,ACIDO URSODESOXICOLICO,UNRESOLVED,False,False,False,NO_EXACT_IDENTITY_MATCH,,,NO_EXACT_DPD_PRODUCT,,,,,,,,NO_EXACT_EMA_PRODUCT,,,,,UNRESOLVED,,,UNRESOLVED,,False,
MED-0038,ÁCIDOS OMEGA 3 ETIL ESTER 84%(EQUIVALENTE A 465 MG DE ÁCIDO EIC...,UNRESOLVED,False,False,False,NO_EXACT_IDENTITY_MATCH,,,NO_EXACT_DPD_PRODUCT,,,,,,,,NO_EXACT_EMA_PRODUCT,,,,,UNRESOLVED,,,UNRESOLVED,,False,
MED-0040,AGOMELATINA,UNRESOLVED,False,False,False,NO_EXACT_IDENTITY_MATCH,,,NO_EXACT_DPD_PRODUCT,,,,,,,,NO_EXACT_EMA_PRODUCT,,,,,UNRESOLVED,,,UNRESOLVED,,False,
MED-0041,ALBENDAZOL,UNRESOLVED,False,False,False,NO_EXACT_IDENTITY_MATCH,,,EXACT_PRODUCT_NO_EXPLICIT_RENAL_ACTION,NO_RENAL_TEXT,13030,01904779,VALBAZEN,https://health-products.canada.ca/dpd-bdpp/info?code=13030&lang=eng,,,NO_EXACT_EMA_PRODUCT,,,,,NO_EXPLICIT_RENAL_RECOMMENDATION_FOUND,,,NO_EXPLICIT_RENAL_RECOMMENDATION_FOUND,,False,Marketed
MED-0044,ALIZAPRIDA,UNRESOLVED,False,False,False,NO_EXACT_IDENTITY_MATCH,,,NO_EXACT_DPD_PRODUCT,,,,,,,,NO_EXACT_EMA_PRODUCT,,,,,UNRESOLVED,,,UNRESOLVED,,False,
MED-0046,ALPRAZOLAM,UNRESOLVED,False,False,False,EXACT_IDENTITY_CORROBORATED,ANDA078449,100.0,EXACT_PRODUCT_NO_EXPLICIT_RENAL_ACTION,RENAL_MENTION_WITHOUT_EXPLICIT_DOSING_ACTION,67530,02243611,APO-ALPRAZ,https://pdf.hres.ca/dpd_pm/00063539.PDF,2001-04-16,"Page 11 of 41 Renal Renal Impairment: If treatment is necessary in patients with renal function, therapy should be initiated at a very low dose and the dosage increased only to the extent that it is compatible with the degree of residual function of these organs. Such patients should be followed closely and have periodic laboratory assessments. (see and DOSAGE AND ADMINISTRATION and ACTION AND CLINICAL PHARMACOLOGY). Falls and fractures There have been reports of falls and fractures among benzodiazepine users due to adverse reactions such as sedation, dizziness and ataxia. The risk is increased in those taking concomitant sedatives (including alcoholic beverages), the elderly or debilitated patients. Special Populations Pregnant Women: APO-ALPRAZ and APO-ALPRAZ TS are not recommended for use during pregnancy. Teratogenic Effects: Benzodiazepines can potentially cause fetal harm when administered to pregnant women. Because of experience with other members of the benzodiazepine class, alprazolam is assumed to be capable of causing an increased risk of congenital abnormalities when administered to a pregnant woman during the first trimester. Because use of these drugs is rarely a matter of urgency, the administration of APO-ALPRAZ or APO-ALPRAZ TS is rarely justified in women of child-bearing potential. Women of child-bearing potential should be warned to consult their physician regarding the discontinuation of the drug due to the potential hazard to the fetus if they are pregnant or intend to become pregnant (see TOXICOLOGY). Nonteratogenic effects: It should be considered that the child born of a mother who is receiving benzodiazepines may be at some risk for withdrawal symptoms from the drug during the postnatal period. Also, neonatal flaccidity and respiratory problems have been reported in children born
---
Page 11 of 41 Renal Renal Impairment: If treatment is necessary in patients with renal function, therapy should be initiated at a very low dose and the dosage increased only to the extent that it is compatible with the degree of residual function of these organs. Such patients should be followed closely and have periodic laboratory assessments. (see and DOSAGE AND ADMINISTRATION and ACTION AND CLINICAL PHARMACOLOGY). Falls and fractures There have been reports of falls and fractures among benzodiazepine users due to adverse reactions such as sedation, dizziness and ataxia. The risk is increased in those taking concomitant sedatives (including alcoholic beverages), the elderly or debilitated patients. Special Populations Pregnant Women: APO-ALPRAZ and APO-ALPRAZ TS are not recommended for use during pregnancy. Teratogenic Effects: Benzodiazepines can potentially cause fetal harm when administered to pregnant women. Because of experience with other members of the benzodiazepine class, alprazolam is assumed to be capable of causing an increased risk of congenital abnormalities when administered to a pregnant woman during the first trimester. Because use of these drugs is rarely a matter of urgency, the administration of APO-ALPRAZ or APO-ALPRAZ TS is rarely justified in women of child-bearing potential. Women of child-bearing potential should be warned to consult their physician regarding the discontinuation of the drug due to the potential hazard to the fetus if they are pregnant or intend to become pregnant (see TOXICOLOGY). Nonteratogenic effects: It should be considered that the child born of a mother who is receiving benzodiazepines may be at some risk for withdrawal symptoms from the drug during the postnatal period. Also, neonatal flaccidity and respiratory problems have been reported in children born of mothers who have been receiving benzodiazepines during 
---
y of alprazolam in patients under the age of 18 years have not been established. APO-ALPRAZ or APO-ALPRAZ TS are not recommended for use in patients under the age of 18 years (see TOXICOLOGY). Page 21 of 41 Elderly or Debilitated Patients: It is recommended that the general principle of using the lowest effective dose be followed, especially in elderly or debilitated patients to preclude the development of ataxia or oversedation. The initial dosage is 0.125 mg given 2 or 3 times daily. If necessary, this dosage may be increased gradually depending on patient tolerance and response. Hepatic or Renal Impairment: In patients with advanced liver or renal disease, the usual dose is 0.125 to 0.25 mg, given two or three times daily. This may be gradually increased if needed and tolerated. Panic Disorders The usual starting dose is 0.5 mg to 1.0 mg at bedtime or 0.5 mg three times daily. The dose should be adjusted until the patient is free of panic attacks. Dosage adjustments should be in increments no greater than 1 mg every three to four days. Interdose symptoms, presumed to reflect insufficient plasma levels, may be lessened by using the same dose, but a schedule that provides for administration 3 or 4 times per day. In controlled trials conducted to establish the efficacy of alprazolam in Panic Disorders, doses in the range of 1 to 10 mg daily were used. The mean dosage employed was approximately 5 to 6 mg daily. Among the approximately 1700 patients participating in the Panic Disorder development program, about 300 received maximum alprazolam doses of greater than 7 mg per day, including approximately 100 patients who received maximum dosages of greater than 9 mg per day. Occasional patients required as much as 10 mg per day to receive a successful response. Because the management of Panic Disorder often requires the use of average daily doses of alprazolam above 3 mg, the risk of rebound and withdrawal symptoms may be higher than in patients treated for anxiety. (See also WARNINGS AND PRECAUTIONS, Withdrawal and Rebound in Treating Panic Disorder) The necessary duration of treatment for Panic Disorder is unknown at this time. After a period of extended freedom from panic attacks, a supervised tapered discontinuation may be attempted. Discontinuation: To discontinue treatment in patients taking APO-ALPRAZ and APO-ALPRAZ TS, the dosage should be reduced slowly in keeping with 
---
Vomiting may be induced if the patient is fully awake. Vital signs should be monitored and general supportive measures should be employed as indicated. Gastric lavage should be instituted as soon as possible. Intravenous fluids may be administered and an adequate airway should be maintained. Experiments in animals have indicated that cardiopulmonary collapse can occur with massive intravenous doses of alprazolam. This could be reversed with positive mechanical respiration and the intravenous infusion of levarterenol. Animal experiments with alprazolam and related compounds have suggested that hemodialysis and forced diuresis are probably of little value. Treatment of overdosage is primarily supportive of respiratory and cardiovascular function. Flumazenil, a benzodiazepine receptor antagonist, may be used as an adjunct to the management of respiratory and cardiovascular function associated with overdose. For management of a suspected drug overdose, contact your regional Poison Control Centre. ACTION AND CLINICAL PHARMACOLOGY Mechanism of Action Alprazolam, a triazolo 1,4 benzodiazepine analog, binds with high affinity to the GABA benzodiazepine receptor complex. Considerable evidence suggests that the central pharmacologic/therapeutic actions of alprazolam are mediated via interaction with this receptor complex. Page 23 of 41 Pharmacokinetics Absorption: Orally administered alprazolam is readily absorbed in man. Plasma levels are proportional to the dose given; over the dose range of 0.5 to 3 mg, peak levels of 8.0 to 37 ng/mL were observed. The mean elimination half-life of alprazolam is about 11 hours in healthy adults. With multiple doses, given 3 times daily, steady state is reached within 7 days. Metabolism / Excretion: Alprazolam is extensively metabolized in humans, primarily by cytochrome P450 3A4 (CYP3A4). Degradation of alprazolam occurs mainly by oxidation yielding the primary metabolites αhydroxy-alprazolam and a benzophenone derivative. The αhydroxy-metabolite is further transformed to demethylalprazolam. Both αhydroxy-alprazolam and demethylalprazolam are active and appear to have half-lives similar to alprazolam but their plasma levels are low. Alprazolam metabolites are excreted primarily in the urine. Special Populations and Conditions The table below summarizes some pharmacokinetic parameters in healthy adults and healthy elderly subjects (mean age 70 
---
 primary metabolites αhydroxy-alprazolam and a benzophenone derivative. The αhydroxy-metabolite is further transformed to demethylalprazolam. Both αhydroxy-alprazolam and demethylalprazolam are active and appear to have half-lives similar to alprazolam but their plasma levels are low. Alprazolam metabolites are excreted primarily in the urine. Special Populations and Conditions The table below summarizes some pharmacokinetic parameters in healthy adults and healthy elderly subjects (mean age 70 years, range 62 to 78 years), as well as in obese subjects and in patients with impaired hepatic or renal function. Clearance was decreased and half-lives were increased in all special patient populations except in patients on hemodialysis. Time to peak plasma concentration was increased in patients with liver disease and CAPD. Alprazolam pharmacokinetics in special patient populations following the administration of single oral doses. Values are means with the ranges in parentheses. Patient Population Parameter Adults Elderly Obese Alcoholic Liver Disease End Stage Renal Disease Hemodialysis CAPDa No. 16 16 12 17 7 5 Dose(mg) 1.0 1.0 1.0 1.0 0.5 0.5 Cmax (ng/mL) 17.9 (8.5-29.5) 22.9 (12.4-36.3) Not reported 17.3 (8.6-26.0) 8.1 (5.9-14.4) 8.6 (6.8-10.5) Tmax (hr) 1.6 (0.25-6.0) 0.9 (0.5-2.0) Not reported 3.3 (0.5-8.0) 1.1 (0.5-2.0) 3.0 (0.5-6.0) Cl (mL/min/kg) 1.33 (0.90-2.23) 0.86 (0.40-1.84) 0.59 (not available) 0.56 (0.17-1.46) not reported not reported T1/2(hr) 11.0 (6.3-15.8) 16.3 (9.0-26.9) 21.8 (9.9-40.5) 19.7 (5.8-65.3) 11.2 (7.1-19.1) 19.2 (8.8-33.8) Unbound fraction in plasma (%) 29.0 (25.0-32.8) 29.8 (25.0-35.4) 30.3 (26.4-35.4) 23.2 (16.9-32.8) 27.6 (22.7-30.7) 30.9 (28.0-34.2) aCAPD: Continuous Ambulatory Peritoneal Dialysis Cmax: peak plasma concentration Tmax: time of peak concentration Cl total clearance T1/2 elimination half-life STORAGE AND STABILITY APO-ALPRAZ and APO-ALPRAZ TS should be stored at room temperature (15°C to 30°C). Page 27 of 41 Alprazolam attenuated conflict behaviour in rats and reduced plasma corticosteroid levels in stressed rats. In the cat and monkey alprazolam produced increased beta activity in the EEG similar to diazepam. Alprazolam had CNS depressant relaxation activity in all species tested. These effects were observed over a large range of doses giving the compound an extremely flat dose response curve. Except at near lethal doses, litt
---
hylalprazolam. Both αhydroxy-alprazolam and demethylalprazolam are active and appear to have half-lives similar to alprazolam but their plasma levels are low. Alprazolam metabolites are excreted primarily in the urine. Special Populations and Conditions The table below summarizes some pharmacokinetic parameters in healthy adults and healthy elderly subjects (mean age 70 years, range 62 to 78 years), as well as in obese subjects and in patients with impaired hepatic or renal function. Clearance was decreased and half-lives were increased in all special patient populations except in patients on hemodialysis. Time to peak plasma concentration was increased in patients with liver disease and CAPD. Alprazolam pharmacokinetics in special patient populations following the administration of single oral doses. Values are means with the ranges in parentheses. Patient Population Parameter Adults Elderly Obese Alcoholic Liver Disease End Stage Renal Disease Hemodialysis CAPDa No. 16 16 12 17 7 5 Dos",NO_EXACT_EMA_PRODUCT,,,,,NO_EXPLICIT_RENAL_RECOMMENDATION_FOUND,,,NO_EXPLICIT_RENAL_RECOMMENDATION_FOUND,,False,Marketed
MED-0049,AMIODARONA,UNRESOLVED,False,False,False,NO_EXACT_IDENTITY_MATCH,,,NO_EXACT_DPD_PRODUCT,,,,,,,,NO_EXACT_EMA_PRODUCT,,,,,UNRESOLVED,,,UNRESOLVED,,False,
MED-0050,AMISULPRIDA,UNRESOLVED,False,False,False,NO_EXACT_IDENTITY_MATCH,,,NO_EXACT_DPD_PRODUCT,,,,,,,,NO_EXACT_EMA_PRODUCT,,,,,UNRESOLVED,,,UNRESOLVED,,False,
MED-0051,AMITRIPTILINA,UNRESOLVED,False,False,False,NO_EXACT_IDENTITY_MATCH,,,NO_EXACT_DPD_PRODUCT,,,,,,,,NO_EXACT_EMA_PRODUCT,,,,,UNRESOLVED,,,UNRESOLVED,,False,
MED-0055,ANAGRALIDA,UNRESOLVED,False,False,False,NO_EXACT_IDENTITY_MATCH,,,NO_EXACT_DPD_PRODUCT,,,,,,,,NO_EXACT_EMA_PRODUCT,,,,,UNRESOLVED,,,UNRESOLVED,,False,
MED-0060,ARTEMETER,UNRESOLVED,False,False,False,NO_EXACT_IDENTITY_MATCH,,,NO_EXACT_DPD_PRODUCT,,,,,,,,NO_EXACT_EMA_PRODUCT,,,,,UNRESOLVED,,,UNRESOLVED,,False,
MED-0061,ASCORBATO DE SODIO,UNRESOLVED,False,False,False,NO_EXACT_IDENTITY_MATCH,,,NO_EXACT_DPD_PRODUCT,,,,,,,,NO_EXACT_EMA_PRODUCT,,,,,UNRESOLVED,,,UNRESOLVED,,False,
MED-0067,AZATIOPRINA,UNRESOLVED,False,False,False,NO_EXACT_IDENTITY_MATCH,,,NO_EXACT_DPD_PRODUCT,,,,,,,,NO_EXACT_EMA_PRODUCT,,,,,UNRESOLVED,,,UNRESOLVED,,False,
MED-0071,BELATACEPT,UNRESOLVED,False,False,False,EXACT_IDENTITY_CORROBORATED,BLA125288,100.0,NO_EXACT_DPD_PRODUCT,,,,,,,,NO_EXACT_EMA_PRODUCT,,,,,CURRENT_SOURCE_NOT_FOUND_WITH_SUPPORT,,,CURRENT_SOURCE_NOT_FOUND_WITH_SUPPORT,,False,
MED-0072,BENCIDAMINA,UNRESOLVED,False,False,False,NO_EXACT_IDENTITY_MATCH,,,NO_EXACT_DPD_PRODUCT,,,,,,,,NO_EXACT_EMA_PRODUCT,,,,,UNRESOLVED,,,UNRESOLVED,,False,
MED-0073,BENOXINATO,UNRESOLVED,False,False,False,NO_EXACT_IDENTITY_MATCH,,,NO_EXACT_DPD_PRODUCT,,,,,,,,NO_EXACT_EMA_PRODUCT,,,,,UNRESOLVED,,,UNRESOLVED,,False,
MED-0074,BENZNIDAZOL,UNRESOLVED,False,False,False,NO_EXACT_IDENTITY_MATCH,,,NO_EXACT_DPD_PRODUCT,,,,,,,,NO_EXACT_EMA_PRODUCT,,,,,UNRESOLVED,,,UNRESOLVED,,False,
MED-0075,BENZOCAINA,UNRESOLVED,False,False,False,NO_EXACT_IDENTITY_MATCH,,,NO_EXACT_DPD_PRODUCT,,,,,,,,NO_EXACT_EMA_PRODUCT,,,,,UNRESOLVED,,,UNRESOLVED,,False,
MED-0076,BETAHISTINA CLORHIDRATO,UNRESOLVED,False,False,False,NO_EXACT_IDENTITY_MATCH,,,NO_EXACT_DPD_PRODUCT,,,,,,,,NO_EXACT_EMA_PRODUCT,,,,,UNRESOLVED,,,UNRESOLVED,,False,
MED-0078,BICARBONATO DE SODIO,UNRESOLVED,False,False,False,NO_EXACT_IDENTITY_MATCH,,,NO_EXACT_DPD_PRODUCT,,,,,,,,NO_EXACT_EMA_PRODUCT,,,,,UNRESOLVED,,,UNRESOLVED,,False,
MED-0079,BICTEGRAVIR,UNRESOLVED,False,False,False,EXACT_IDENTITY_CORROBORATED,ANDA216914,100.0,NO_EXACT_DPD_PRODUCT,,,,,,,,NO_EXACT_EMA_PRODUCT,,,,,CURRENT_SOURCE_NOT_FOUND_WITH_SUPPORT,,,CURRENT_SOURCE_NOT_FOUND_WITH_SUPPORT,,False,
MED-0080,BILASTINA,UNRESOLVED,False,False,False,NO_EXACT_IDENTITY_MATCH,,,NO_EXACT_DPD_PRODUCT,,,,,,,,NO_EXACT_EMA_PRODUCT,,,,,UNRESOLVED,,,UNRESOLVED,,False,
MED-0081,BIPERIDENO CLORHIDRATO,UNRESOLVED,False,False,False,NO_EXACT_IDENTITY_MATCH,,,NO_EXACT_DPD_PRODUCT,,,,,,,,NO_EXACT_EMA_PRODUCT,,,,,UNRESOLVED,,,UNRESOLVED,,False,
MED-0082,BISACODILO,UNRESOLVED,False,False,False,NO_EXACT_IDENTITY_MATCH,,,NO_EXACT_DPD_PRODUCT,,,,,,,,NO_EXACT_EMA_PRODUCT,,,,,UNRESOLVED,,,UNRESOLVED,,False,
MED-0090,BROMHEXINA,UNRESOLVED,False,False,False,NO_EXACT_IDENTITY_MATCH,,,NO_EXACT_DPD_PRODUCT,,,,,,,,NO_EXACT_EMA_PRODUCT,,,,,UNRESOLVED,,,UNRESOLVED,,False,
MED-0091,BROMOPRIDA,UNRESOLVED,False,False,False,NO_EXACT_IDENTITY_MATCH,,,NO_EXACT_DPD_PRODUCT,,,,,,,,NO_EXACT_EMA_PRODUCT,,,,,UNRESOLVED,,,UNRESOLVED,,False,
MED-0092,BUCLIZINA,UNRESOLVED,False,False,False,NO_EXACT_IDENTITY_MATCH,,,NO_EXACT_DPD_PRODUCT,,,,,,,,NO_EXACT_EMA_PRODUCT,,,,,UNRESOLVED,,,UNRESOLVED,,False,
MED-0093,BUDESONIDA,UNRESOLVED,False,False,False,NO_EXACT_IDENTITY_MATCH,,,NO_EXACT_DPD_PRODUCT,,,,,,,,NO_EXACT_EMA_PRODUCT,,,,,UNRESOLVED,,,UNRESOLVED,,False,
MED-0103,CARBAMAZEPINA,UNRESOLVED,False,False,False,NO_EXACT_IDENTITY_MATCH,,,NO_EXACT_DPD_PRODUCT,,,,,,,,NO_EXACT_EMA_PRODUCT,,,,,UNRESOLVED,,,UNRESOLVED,,False,
MED-0104,CARBIDOPA,UNRESOLVED,False,False,False,EXACT_IDENTITY_CORROBORATED,ANDA209910,100.0,NO_EXACT_DPD_PRODUCT,,,,,,,,NO_EXACT_EMA_PRODUCT,,,,,CURRENT_SOURCE_NOT_FOUND_WITH_SUPPORT,,,CURRENT_SOURCE_NOT_FOUND_WITH_SUPPORT,,False,
MED-0105,CARBON ACTIVADO,UNRESOLVED,False,False,False,NO_EXACT_IDENTITY_MATCH,,,NO_EXACT_DPD_PRODUCT,,,,,,,,NO_EXACT_EMA_PRODUCT,,,,,UNRESOLVED,,,UNRESOLVED,,False,
MED-0106,CARBONATO DE CALCIO,UNRESOLVED,False,False,False,NO_EXACT_IDENTITY_MATCH,,,NO_EXACT_DPD_PRODUCT,,,,,,,,NO_EXACT_EMA_PRODUCT,,,,,UNRESOLVED,,,UNRESOLVED,,False,
MED-0111,CEFDITOREN,UNRESOLVED,False,False,False,EXACT_IDENTITY_CORROBORATED,NDA021222,100.0,NO_EXACT_DPD_PRODUCT,,,,,,,,NO_EXACT_EMA_PRODUCT,,,,,CURRENT_SOURCE_NOT_FOUND_WITH_SUPPORT,,,CURRENT_SOURCE_NOT_FOUND_WITH_SUPPORT,,False,
MED-0113,CEFRADINA,UNRESOLVED,False,False,False,NO_EXACT_IDENTITY_MATCH,,,NO_EXACT_DPD_PRODUCT,,,,,,,,NO_EXACT_EMA_PRODUCT,,,,,UNRESOLVED,,,UNRESOLVED,,False,
MED-0117,CETILPIRIDINIO,UNRESOLVED,False,False,False,NO_EXACT_IDENTITY_MATCH,,,NO_EXACT_DPD_PRODUCT,,,,,,,,NO_EXACT_EMA_PRODUCT,,,,,UNRESOLVED,,,UNRESOLVED,,False,
MED-0118,CETIRIZINA,UNRESOLVED,False,False,False,NO_EXACT_IDENTITY_MATCH,,,NO_EXACT_DPD_PRODUCT,,,,,,,,NO_EXACT_EMA_PRODUCT,,,,,UNRESOLVED,,,UNRESOLVED,,False,
MED-0119,CIANOCOBALAMINA,UNRESOLVED,False,False,False,NO_EXACT_IDENTITY_MATCH,,,NO_EXACT_DPD_PRODUCT,,,,,,,,NO_EXACT_EMA_PRODUCT,,,,,UNRESOLVED,,,UNRESOLVED,,False,
MED-0120,CICLOBENZAPRINA,UNRESOLVED,False,False,False,NO_EXACT_IDENTITY_MATCH,,,NO_EXACT_DPD_PRODUCT,,,,,,,,NO_EXACT_EMA_PRODUCT,,,,,UNRESOLVED,,,UNRESOLVED,,False,
MED-0121,CICLOFOSFAMIDA,UNRESOLVED,False,False,False,NO_EXACT_IDENTITY_MATCH,,,NO_EXACT_DPD_PRODUCT,,,,,,,,NO_EXACT_EMA_PRODUCT,,,,,UNRESOLVED,,,UNRESOLVED,,False,
MED-0122,CICLONAMINA (ETAMSILATO),UNRESOLVED,False,False,False,NO_EXACT_IDENTITY_MATCH,,,NO_EXACT_DPD_PRODUCT,,,,,,,,NO_EXACT_EMA_PRODUCT,,,,,UNRESOLVED,,,UNRESOLVED,,False,
MED-0126,CINARIZINA,UNRESOLVED,False,False,False,NO_EXACT_IDENTITY_MATCH,,,NO_EXACT_DPD_PRODUCT,,,,,,,,NO_EXACT_EMA_PRODUCT,,,,,UNRESOLVED,,,UNRESOLVED,,False,
MED-0127,CINITAPRIDA,UNRESOLVED,False,False,False,NO_EXACT_IDENTITY_MATCH,,,NO_EXACT_DPD_PRODUCT,,,,,,,,NO_EXACT_EMA_PRODUCT,,,,,UNRESOLVED,,,UNRESOLVED,,False,
MED-0128,CIPROFIBRATO,UNRESOLVED,False,False,False,NO_EXACT_IDENTITY_MATCH,,,NO_EXACT_DPD_PRODUCT,,,,,,,,NO_EXACT_EMA_PRODUCT,,,,,UNRESOLVED,,,UNRESOLVED,,False,
MED-0132,CITICOLINA SODICA,UNRESOLVED,False,False,False,NO_EXACT_IDENTITY_MATCH,,,NO_EXACT_DPD_PRODUCT,,,,,,,,NO_EXACT_EMA_PRODUCT,,,,,UNRESOLVED,,,UNRESOLVED,,False,
MED-0133,CITRATO DE ALVERINA,UNRESOLVED,False,False,False,NO_EXACT_IDENTITY_MATCH,,,NO_EXACT_DPD_PRODUCT,,,,,,,,NO_EXACT_EMA_PRODUCT,,,,,UNRESOLVED,,,UNRESOLVED,,False,
MED-0134,CITRATO DE POTASIO,UNRESOLVED,False,False,False,NO_EXACT_IDENTITY_MATCH,,,NO_EXACT_DPD_PRODUCT,,,,,,,,NO_EXACT_EMA_PRODUCT,,,,,UNRESOLVED,,,UNRESOLVED,,False,
MED-0137,CLEMASTINA,UNRESOLVED,False,False,False,NO_EXACT_IDENTITY_MATCH,,,NO_EXACT_DPD_PRODUCT,,,,,,,,NO_EXACT_EMA_PRODUCT,,,,,UNRESOLVED,,,UNRESOLVED,,False,
MED-0140,CLOMIFENO,UNRESOLVED,False,False,False,NO_EXACT_IDENTITY_MATCH,,,NO_EXACT_DPD_PRODUCT,,,,,,,,NO_EXACT_EMA_PRODUCT,,,,,UNRESOLVED,,,UNRESOLVED,,False,
MED-0141,CLOMIPRAMINA,UNRESOLVED,False,False,False,NO_EXACT_IDENTITY_MATCH,,,NO_EXACT_DPD_PRODUCT,,,,,,,,NO_EXACT_EMA_PRODUCT,,,,,UNRESOLVED,,,UNRESOLVED,,False,
MED-0144,CLONIXINATO DE LISINA,UNRESOLVED,False,False,False,NO_EXACT_IDENTITY_MATCH,,,NO_EXACT_DPD_PRODUCT,,,,,,,,NO_EXACT_EMA_PRODUCT,,,,,UNRESOLVED,,,UNRESOLVED,,False,
MED-0146,CLORAMBUCILO,UNRESOLVED,False,False,False,NO_EXACT_IDENTITY_MATCH,,,NO_EXACT_DPD_PRODUCT,,,,,,,,NO_EXACT_EMA_PRODUCT,,,,,UNRESOLVED,,,UNRESOLVED,,False,
MED-0148,CLORFENAMINA,UNRESOLVED,False,False,False,NO_EXACT_IDENTITY_MATCH,,,NO_EXACT_DPD_PRODUCT,,,,,,,,NO_EXACT_EMA_PRODUCT,,,,,UNRESOLVED,,,UNRESOLVED,,False,
MED-0149,CLORHEXIDINA,UNRESOLVED,False,False,False,NO_EXACT_IDENTITY_MATCH,,,NO_EXACT_DPD_PRODUCT,,,,,,,,NO_EXACT_EMA_PRODUCT,,,,,UNRESOLVED,,,UNRESOLVED,,False,
MED-0152,CLOROQUINA,UNRESOLVED,False,False,False,NO_EXACT_IDENTITY_MATCH,,,NO_EXACT_DPD_PRODUCT,,,,,,,,NO_EXACT_EMA_PRODUCT,,,,,UNRESOLVED,,,UNRESOLVED,,False,
MED-0153,CLORTALIDONA,UNRESOLVED,False,False,False,NO_EXACT_IDENTITY_MATCH,,,NO_EXACT_DPD_PRODUCT,,,,,,,,NO_EXACT_EMA_PRODUCT,,,,,UNRESOLVED,,,UNRESOLVED,,False,
MED-0154,CLORURO DE TROSPIO,UNRESOLVED,False,False,False,NO_EXACT_IDENTITY_MATCH,,,NO_EXACT_DPD_PRODUCT,,,,,,,,NO_EXACT_EMA_PRODUCT,,,,,UNRESOLVED,,,UNRESOLVED,,False,
MED-0155,CLOTIAZEPAM,UNRESOLVED,False,False,False,NO_EXACT_IDENTITY_MATCH,,,NO_EXACT_DPD_PRODUCT,,,,,,,,NO_EXACT_EMA_PRODUCT,,,,,UNRESOLVED,,,UNRESOLVED,,False,
MED-0156,CLOTRIMAZOL,UNRESOLVED,False,False,False,NO_EXACT_IDENTITY_MATCH,,,EXACT_PRODUCT_NO_EXPLICIT_RENAL_ACTION,NO_RENAL_TEXT,19479,02150840,CANESTEN COMFORTAB 3,https://pdf.hres.ca/dpd_pm/00078724.PDF,2008-09-09,,NO_EXACT_EMA_PRODUCT,,,,,NO_EXPLICIT_RENAL_RECOMMENDATION_FOUND,,,NO_EXPLICIT_RENAL_RECOMMENDATION_FOUND,,False,Marketed
MED-0157,CLOZAPINA,UNRESOLVED,False,False,False,NO_EXACT_IDENTITY_MATCH,,,NO_EXACT_DPD_PRODUCT,,,,,,,,NO_EXACT_EMA_PRODUCT,,,,,UNRESOLVED,,,UNRESOLVED,,False,
MED-0159,CODEINA,UNRESOLVED,False,False,False,NO_EXACT_IDENTITY_MATCH,,,NO_EXACT_DPD_PRODUCT,,,,,,,,NO_EXACT_EMA_PRODUCT,,,,,UNRESOLVED,,,UNRESOLVED,,False,
MED-0161,COLECALCIFEROL,UNRESOLVED,False,False,False,NO_EXACT_IDENTITY_MATCH,,,NO_EXACT_DPD_PRODUCT,,,,,,,,NO_EXACT_EMA_PRODUCT,,,,,UNRESOLVED,,,UNRESOLVED,,False,
MED-0162,CONDROITINA SULFATO,UNRESOLVED,False,False,False,NO_EXACT_IDENTITY_MATCH,,,NO_EXACT_DPD_PRODUCT,,,,,,,,NO_EXACT_EMA_PRODUCT,,,,,UNRESOLVED,,,UNRESOLVED,,False,
MED-0166,DANAZOL,UNRESOLVED,False,False,False,EXACT_IDENTITY_CORROBORATED,ANDA071569,100.0,EXACT_PRODUCT_NO_EXPLICIT_RENAL_ACTION,NO_RENAL_TEXT,15163,02018152,CYCLOMEN,https://pdf.hres.ca/dpd_pm/00039595.PDF,2008-08-06,,NO_EXACT_EMA_PRODUCT,,,,,NO_EXPLICIT_RENAL_RECOMMENDATION_FOUND,,,NO_EXPLICIT_RENAL_RECOMMENDATION_FOUND,,False,Marketed
MED-0169,DAPOXETINA,UNRESOLVED,False,False,False,NO_EXACT_IDENTITY_MATCH,,,NO_EXACT_DPD_PRODUCT,,,,,,,,NO_EXACT_EMA_PRODUCT,,,,,UNRESOLVED,,,UNRESOLVED,,False,
MED-0170,DAPSONA,UNRESOLVED,False,False,False,NO_EXACT_IDENTITY_MATCH,,,NO_EXACT_DPD_PRODUCT,,,,,,,,NO_EXACT_EMA_PRODUCT,,,,,UNRESOLVED,,,UNRESOLVED,,False,
MED-0175,DECUALINIO,UNRESOLVED,False,False,False,NO_EXACT_IDENTITY_MATCH,,,NO_EXACT_DPD_PRODUCT,,,,,,,,NO_EXACT_EMA_PRODUCT,,,,,UNRESOLVED,,,UNRESOLVED,,False,
MED-0180,DESOGESTREL,UNRESOLVED,False,False,False,NO_EXACT_IDENTITY_MATCH,,,NO_EXACT_DPD_PRODUCT,,,,,,,,NO_EXACT_EMA_PRODUCT,,,,,UNRESOLVED,,,UNRESOLVED,,False,
MED-0182,DEXAMETASONA,UNRESOLVED,False,False,False,NO_EXACT_IDENTITY_MATCH,,,NO_EXACT_DPD_PRODUCT,,,,,,,,NO_EXACT_EMA_PRODUCT,,,,,UNRESOLVED,,,UNRESOLVED,,False,
MED-0183,DEXIBUPROFENO,UNRESOLVED,False,False,False,NO_EXACT_IDENTITY_MATCH,,,NO_EXACT_DPD_PRODUCT,,,,,,,,NO_EXACT_EMA_PRODUCT,,,,,UNRESOLVED,,,UNRESOLVED,,False,
MED-0184,DEXKETOPROFENO,UNRESOLVED,False,False,False,NO_EXACT_IDENTITY_MATCH,,,NO_EXACT_DPD_PRODUCT,,,,,,,,NO_EXACT_EMA_PRODUCT,,,,,UNRESOLVED,,,UNRESOLVED,,False,
MED-0186,DEXTROMETORFANO,UNRESOLVED,False,False,False,NO_EXACT_IDENTITY_MATCH,,,NO_EXACT_DPD_PRODUCT,,,,,,,,NO_EXACT_EMA_PRODUCT,,,,,UNRESOLVED,,,UNRESOLVED,,False,
MED-0187,DIACEREINA,UNRESOLVED,False,False,False,NO_EXACT_IDENTITY_MATCH,,,NO_EXACT_DPD_PRODUCT,,,,,,,,NO_EXACT_EMA_PRODUCT,,,,,UNRESOLVED,,,UNRESOLVED,,False,
MED-0189,DICLOFENACO,UNRESOLVED,False,False,False,NO_EXACT_IDENTITY_MATCH,,,NO_EXACT_DPD_PRODUCT,,,,,,,,NO_EXACT_EMA_PRODUCT,,,,,UNRESOLVED,,,UNRESOLVED,,False,
MED-0190,DICLOXACILINA,UNRESOLVED,False,False,False,NO_EXACT_IDENTITY_MATCH,,,NO_EXACT_DPD_PRODUCT,,,,,,,,NO_EXACT_EMA_PRODUCT,,,,,UNRESOLVED,,,UNRESOLVED,,False,
MED-0191,DIDROGESTERONA,UNRESOLVED,False,False,False,NO_EXACT_IDENTITY_MATCH,,,NO_EXACT_DPD_PRODUCT,,,,,,,,NO_EXACT_EMA_PRODUCT,,,,,UNRESOLVED,,,UNRESOLVED,,False,
MED-0192,DIENOGEST,UNRESOLVED,False,False,False,NO_EXACT_IDENTITY_MATCH,,,EXACT_PRODUCT_NO_EXPLICIT_RENAL_ACTION,RENAL_MENTION_WITHOUT_EXPLICIT_DOSING_ACTION,107147,02569205,DIENOGEST,https://pdf.hres.ca/dpd_pm/00085081.PDF,2026-06-19,"DIENOGEST Product Monograph Page 7 of 39 Dienogest has not been studied in patients with impaired renal function. However, no special risk for these patients is expected since dienogest is almost completely metabolized before excretion and the metabolites are pharmacologically inactive. Sexual Function/Reproduction Although ovulation is inhibited in the majority of patients during treatment with dienogest, it is not intended for use as a contraceptive. The menstrual cycle returns to pretreatment characteristics within 2 months after cessation of treatment with DIENOGEST. If contraception is required, a non-hormonal method (eg, barrier method) should be used. Hormonal methods of contraception should not be used in combination with DIENOGEST. Pregnancies that occur among users of progestin- only preparations for contraception are more likely to be ectopic than are pregnancies among users of combined oral contraceptives. ( 2) Therefore, in women with a history of extrauterine pregnancy or an impairment of fallopian tube function, the use of DIENOGEST should be considered only after carefully weighing the benefits against the risks. Persistent ovarian follicles (often referred to as functional ovarian cysts) may occur during the use of DIENOGEST. Most of these follicles are asymptomatic, although some may be accompanied by pelvic pain. Changes in Bleeding Pattern Dienogest treatment affects the menstrual bleeding pattern in the majority of women (see ADVERSE REACTIONS). Uterine bleeding, for example in women with adenomyosis or uterine leiomyomas (fibroids), may be aggravated with the use of DIENOGEST. If bleeding is heavy and continues over time, this may lead to anemia (severe in some cases). Discontinuation of DIENOGEST should be considered in such cases. DIENOGEST is expected to exhibit typical progestogenic effects on the endometrium by reducing estrogen levels which are the mai
---
ntinuation of DIENOGEST. Chloasma may occasionally occur, especially in women with a history of chloasma gravidarum. Women with a tendency to chloasma should avoid exposure to the sun or ultraviolet radiation while taking DIENOGEST. DIENOGEST Product Monograph Page 17 of 39 Hepatic Insufficiency DIENOGEST is contraindicated in patients with present or past severe hepatic disease (see also CONTRAINDICATIONS and WARNINGS AND PRECAUTIONS, Hepatic). Dienogest has not been studied in patients with impaired liver function. Renal Insufficiency Dienogest has not been studied in patients with impaired renal function. However, no special risk for these patients is expected since dienogest is almost completely metabolized before excretion and the metabolites are pharmacologically inactive. STORAGE AND STABILITY DIENOGEST should be stored in the original package, between 15°C and 30°C. SPECIAL HANDLING INSTRUCTIONS There are no special handling instructions. DOSAGE FORMS, COMPOSITION AND PACKAGING DIENOGEST (dienogest) is available as white to off-white, round, biconvex tablets, debossed as “SG” and “11” on one side and plain on other side. Each tablet contains 2 mg dienogest and the following nonmedicinal ingredients: crospovidone, lactose monohydrate, magnesium stearate, microcrystalline cellulose, potato starch, povidone, and talc. DIENOGEST is available in blister packs of 28’s (2 x 14’s) tablets with amber coloured PVDC foil. DIENOGEST Product Monograph Page 25 of 39 Dienogest does not bind to the estrogen receptor. In a transactivation assay in the human breast cancer cell line MCF-7/2A, dienogest did not induce estrogen receptor-dependent transactivation. Dienogest itself has no estrogenic activity, but the major rodent plasma metabolite, aromatic dienogest, has estrogenic activity. Therefore, in rodents, dienogest acts as an estrogen when given orally or subcutaneously. This finding of estrogenicity has no relevance for primates as this aromatic metabolite does not occur in relevant amounts in monkey or human plasma. Glucocorticoid and Mineralocorticoid Activities There was only low binding to the glucocorticoid receptor in rat liver and rat thymus and to the mineralocorticoid receptor in rat kidney. (21) Dienogest did not affect hepatic glycogen content in adrenalectomized rats. Dienogest -medicated rats failed to exhibit any changes in either urine volume or the urinary Na/
---
red to represent a species - specific response related to the presence of an aromatic dienogest metabolite that occurs only in these species. General Pharmacodynamics In rats, dienogest did not influence general symptoms and behavior at doses up to 30 mg/kg. Effects on the central nervous system in mice, rats, and rabbits revealed effective doses after oral or parenteral administration as high as 100 mg/kg, with the exception of a slight decrease in body temperature in mice which was observed after 10 mg/kg injected intraperitoneally. Some temporary effects of dienogest on body temperature or kidney function in rats were noted at lower doses (≥ 10 mg/kg), which are at least 2 orders of magnitude above the intended therapeutic dose in humans. Cardiovascular effects of dienogest were studied in vitro on the isolated heart atrium of rats and guinea pigs and revealed changes of spontaneous contraction parameters only at high concentrations of about 3 x 10 -4 mol/L. In vivo studies in rabbits did not reveal effects on blood pressure, heart rate, blood flow, arterial oxygen partial pressure, arterial carbon dioxide pressure, and ECG after intraduodenally administered dienogest at a dose of 30 mg/kg. In addition, studies to investigate particular cardi ovascular effects on the duration of the action potential in isolated papillary muscles of guinea pigs did not show effects on action potential parameters up to a dienogest concentration of 10 -5 mol/L. The effect of dienogest on the human hERG potassium channel was also investigated. Dienogest was tested at concentrations of 10-6 mol/L, 10-5 mol/L and 10-4 mol/L. The outward current amplitudes of the hERG -mediated potassium current were not significantly reduced during application of 10 -6 mol/L and 10 -5 mol/L. At a concentration of 10 -4 ",NO_EXACT_EMA_PRODUCT,,,,,NO_EXPLICIT_RENAL_RECOMMENDATION_FOUND,,,NO_EXPLICIT_RENAL_RECOMMENDATION_FOUND,,False,Approved
MED-0193,DIFENHIDRAMINA,UNRESOLVED,False,False,False,NO_EXACT_IDENTITY_MATCH,,,NO_EXACT_DPD_PRODUCT,,,,,,,,NO_EXACT_EMA_PRODUCT,,,,,UNRESOLVED,,,UNRESOLVED,,False,
MED-0194,DIFENOXILATO,UNRESOLVED,False,False,False,NO_EXACT_IDENTITY_MATCH,,,NO_EXACT_DPD_PRODUCT,,,,,,,,NO_EXACT_EMA_PRODUCT,,,,,UNRESOLVED,,,UNRESOLVED,,False,
MED-0197,DIMENHIDRINATO,UNRESOLVED,False,False,False,NO_EXACT_IDENTITY_MATCH,,,NO_EXACT_DPD_PRODUCT,,,,,,,,NO_EXACT_EMA_PRODUCT,,,,,UNRESOLVED,,,UNRESOLVED,,False,
MED-0198,DIMETIL FUMARATO,UNRESOLVED,False,False,False,NO_EXACT_IDENTITY_MATCH,,,NO_EXACT_DPD_PRODUCT,,,,,,,,NO_EXACT_EMA_PRODUCT,,,,,UNRESOLVED,,,UNRESOLVED,,False,
MED-0199,DIMETILPOLISILOXANO (DIMETICONA),UNRESOLVED,False,False,False,NO_EXACT_IDENTITY_MATCH,,,NO_EXACT_DPD_PRODUCT,,,,,,,,NO_EXACT_EMA_PRODUCT,,,,,UNRESOLVED,,,UNRESOLVED,,False,
MED-0200,DINITRATO DE ISOSORBIDE,UNRESOLVED,False,False,False,NO_EXACT_IDENTITY_MATCH,,,NO_EXACT_DPD_PRODUCT,,,,,,,,NO_EXACT_EMA_PRODUCT,,,,,UNRESOLVED,,,UNRESOLVED,,False,
MED-0201,DIOSMINA,UNRESOLVED,False,False,False,NO_EXACT_IDENTITY_MATCH,,,NO_EXACT_DPD_PRODUCT,,,,,,,,NO_EXACT_EMA_PRODUCT,,,,,UNRESOLVED,,,UNRESOLVED,,False,
MED-0202,DIPIRONA,UNRESOLVED,False,False,False,NO_EXACT_IDENTITY_MATCH,,,NO_EXACT_DPD_PRODUCT,,,,,,,,NO_EXACT_EMA_PRODUCT,,,,,UNRESOLVED,,,UNRESOLVED,,False,
MED-0203,DOBESILATO CALCICO,UNRESOLVED,False,False,False,NO_EXACT_IDENTITY_MATCH,,,NO_EXACT_DPD_PRODUCT,,,,,,,,NO_EXACT_EMA_PRODUCT,,,,,UNRESOLVED,,,UNRESOLVED,,False,
MED-0204,DOCUSATO DE SODIO,UNRESOLVED,False,False,False,NO_EXACT_IDENTITY_MATCH,,,NO_EXACT_DPD_PRODUCT,,,,,,,,NO_EXACT_EMA_PRODUCT,,,,,UNRESOLVED,,,UNRESOLVED,,False,
MED-0206,DOMPERIDONA,UNRESOLVED,False,False,False,NO_EXACT_IDENTITY_MATCH,,,NO_EXACT_DPD_PRODUCT,,,,,,,,NO_EXACT_EMA_PRODUCT,,,,,UNRESOLVED,,,UNRESOLVED,,False,
MED-0207,DONEPEZILO,UNRESOLVED,False,False,False,NO_EXACT_IDENTITY_MATCH,,,NO_EXACT_DPD_PRODUCT,,,,,,,,NO_EXACT_EMA_PRODUCT,,,,,UNRESOLVED,,,UNRESOLVED,,False,
MED-0209,DOXAZOSINA,UNRESOLVED,False,False,False,NO_EXACT_IDENTITY_MATCH,,,NO_EXACT_DPD_PRODUCT,,,,,,,,NO_EXACT_EMA_PRODUCT,,,,,UNRESOLVED,,,UNRESOLVED,,False,
MED-0210,DOXEPINA,UNRESOLVED,False,False,False,NO_EXACT_IDENTITY_MATCH,,,NO_EXACT_DPD_PRODUCT,,,,,,,,NO_EXACT_EMA_PRODUCT,,,,,UNRESOLVED,,,UNRESOLVED,,False,
MED-0212,DOXILAMINA,UNRESOLVED,False,False,False,NO_EXACT_IDENTITY_MATCH,,,NO_EXACT_DPD_PRODUCT,,,,,,,,NO_EXACT_EMA_PRODUCT,,,,,UNRESOLVED,,,UNRESOLVED,,False,
MED-0213,DOXOFILINA,UNRESOLVED,False,False,False,NO_EXACT_IDENTITY_MATCH,,,NO_EXACT_DPD_PRODUCT,,,,,,,,NO_EXACT_EMA_PRODUCT,,,,,UNRESOLVED,,,UNRESOLVED,,False,
MED-0214,DRONABINOL,UNRESOLVED,False,False,False,EXACT_IDENTITY_CORROBORATED,ANDA201463,100.0,EXACT_PRODUCT_NO_EXPLICIT_RENAL_ACTION,RENAL_MENTION_WITHOUT_EXPLICIT_DOSING_ACTION,17209,00611190,MARINOL,https://pdf.hres.ca/dpd_pm/00013378.PDF,2012-02-24," NMARINOL® Page 4 of 31 Pediatrics (<18 years of age): The safety and efficacy of MARINOL have not been established in adolescents or children under 18 years of age, therefore MARINOL should not be used in adolescents or children (see CONTRAINDICATIONS). CONTRAINDICATIONS MARINOL (dronabinol) is contraindicated in • patients with known or suspected allergy to marijuana, other cannabinoids or sesame oil • patients with significant hepatic or renal impairment • patients with serious cardiovascular diseas e, such as ischaemic heart disease, arrhythmias, poorly controlled hypertension or severe heart failure • patients with a history of schizophrenia or any other psychotic disorder • children under 18 years of age • women of child-bearing potential not on a reliable contraceptive or men intending to father a child (see “Use in Women of Child-Bearing Potential”) • pregnant or nursing women (see “Use in Women of Child-Bearing Potential”) ",NO_EXACT_EMA_PRODUCT,,,,,NO_EXPLICIT_RENAL_RECOMMENDATION_FOUND,,,NO_EXPLICIT_RENAL_RECOMMENDATION_FOUND,,False,Cancelled Post Market
MED-0226,EMTRICITABINA,UNRESOLVED,False,False,False,NO_EXACT_IDENTITY_MATCH,,,NO_EXACT_DPD_PRODUCT,,,,,,,,NO_EXACT_EMA_PRODUCT,,,,,UNRESOLVED,,,UNRESOLVED,,False,
MED-0232,EPLERENONA,UNRESOLVED,False,False,False,NO_EXACT_IDENTITY_MATCH,,,NO_EXACT_DPD_PRODUCT,,,,,,,,NO_EXACT_EMA_PRODUCT,,,,,UNRESOLVED,,,UNRESOLVED,,False,
MED-0233,ERGOTAMINA TARTRATO,UNRESOLVED,False,False,False,NO_EXACT_IDENTITY_MATCH,,,NO_EXACT_DPD_PRODUCT,,,,,,,,NO_EXACT_EMA_PRODUCT,,,,,UNRESOLVED,,,UNRESOLVED,,False,
MED-0236,ESCINA,UNRESOLVED,False,False,False,NO_EXACT_IDENTITY_MATCH,,,NO_EXACT_DPD_PRODUCT,,,,,,,,NO_EXACT_EMA_PRODUCT,,,,,UNRESOLVED,,,UNRESOLVED,,False,
MED-0239,ESPIRAMICINA BASE,UNRESOLVED,False,False,False,NO_EXACT_IDENTITY_MATCH,,,NO_EXACT_DPD_PRODUCT,,,,,,,,NO_EXACT_EMA_PRODUCT,,,,,UNRESOLVED,,,UNRESOLVED,,False,
MED-0240,ESPIRONOLACTONA,UNRESOLVED,False,False,False,NO_EXACT_IDENTITY_MATCH,,,NO_EXACT_DPD_PRODUCT,,,,,,,,NO_EXACT_EMA_PRODUCT,,,,,UNRESOLVED,,,UNRESOLVED,,False,
MED-0241,ESTRADIOL,UNRESOLVED,False,False,False,EXACT_IDENTITY_CORROBORATED,NDA021633,100.0,EXACT_PRODUCT_NO_EXPLICIT_RENAL_ACTION,NO_RENAL_TEXT,2189,00345318,ESTRADIOL CYPIONATE INJ 4MG/ML,https://health-products.canada.ca/dpd-bdpp/info?code=2189&lang=eng,,,NO_EXACT_EMA_PRODUCT,,,,,NO_EXPLICIT_RENAL_RECOMMENDATION_FOUND,,,NO_EXPLICIT_RENAL_RECOMMENDATION_FOUND,,False,Dormant
MED-0242,ESZOPICLONA,UNRESOLVED,False,False,False,NO_EXACT_IDENTITY_MATCH,,,NO_EXACT_DPD_PRODUCT,,,,,,,,NO_EXACT_EMA_PRODUCT,,,,,UNRESOLVED,,,UNRESOLVED,,False,
MED-0244,ETINIL ESTRADIOL,UNRESOLVED,False,False,False,NO_EXACT_IDENTITY_MATCH,,,NO_EXACT_DPD_PRODUCT,,,,,,,,NO_EXACT_EMA_PRODUCT,,,,,UNRESOLVED,,,UNRESOLVED,,False,
MED-0245,ETORICOXIB,UNRESOLVED,False,False,False,NO_EXACT_IDENTITY_MATCH,,,NO_EXACT_DPD_PRODUCT,,,,,,,,NO_EXACT_EMA_PRODUCT,,,,,UNRESOLVED,,,UNRESOLVED,,False,
MED-0248,EVOGLIPTINA,UNRESOLVED,False,False,False,NO_EXACT_IDENTITY_MATCH,,,NO_EXACT_DPD_PRODUCT,,,,,,,,NO_EXACT_EMA_PRODUCT,,,,,UNRESOLVED,,,UNRESOLVED,,False,
MED-0253,FENILEFRINA,UNRESOLVED,False,False,False,NO_EXACT_IDENTITY_MATCH,,,NO_EXACT_DPD_PRODUCT,,,,,,,,NO_EXACT_EMA_PRODUCT,,,,,UNRESOLVED,,,UNRESOLVED,,False,
MED-0255,FENOBARBITAL,UNRESOLVED,False,False,False,NO_EXACT_IDENTITY_MATCH,,,NO_EXACT_DPD_PRODUCT,,,,,,,,NO_EXACT_EMA_PRODUCT,,,,,UNRESOLVED,,,UNRESOLVED,,False,
MED-0256,FENOFIBRATO,UNRESOLVED,False,False,False,NO_EXACT_IDENTITY_MATCH,,,NO_EXACT_DPD_PRODUCT,,,,,,,,NO_EXACT_EMA_PRODUCT,,,,,UNRESOLVED,,,UNRESOLVED,,False,
MED-0257,FENOTEROL,UNRESOLVED,False,False,False,NO_EXACT_IDENTITY_MATCH,,,EXACT_PRODUCT_NO_EXPLICIT_RENAL_ACTION,NO_RENAL_TEXT,16197,02056712,BEROTEC UDV INHALATION SOLUTION 0.25MG/ML,https://health-products.canada.ca/dpd-bdpp/info?code=16197&lang=eng,,,NO_EXACT_EMA_PRODUCT,,,,,NO_EXPLICIT_RENAL_RECOMMENDATION_FOUND,,,NO_EXPLICIT_RENAL_RECOMMENDATION_FOUND,,False,Cancelled Post Market
MED-0258,FENOVERINA,UNRESOLVED,False,False,False,NO_EXACT_IDENTITY_MATCH,,,NO_EXACT_DPD_PRODUCT,,,,,,,,NO_EXACT_EMA_PRODUCT,,,,,UNRESOLVED,,,UNRESOLVED,,False,
MED-0259,FEXOFENADINA,UNRESOLVED,False,False,False,NO_EXACT_IDENTITY_MATCH,,,NO_EXACT_DPD_PRODUCT,,,,,,,,NO_EXACT_EMA_PRODUCT,,,,,UNRESOLVED,,,UNRESOLVED,,False,
MED-0262,FLAVONOIDES EXPRESADOS COMO HESPERIDINA MICRONIZADA Y PURIFICADA,UNRESOLVED,False,False,False,NO_EXACT_IDENTITY_MATCH,,,NO_EXACT_DPD_PRODUCT,,,,,,,,NO_EXACT_EMA_PRODUCT,,,,,UNRESOLVED,,,UNRESOLVED,,False,
MED-0263,FLAVOXATO CLOHIDRATO,UNRESOLVED,False,False,False,NO_EXACT_IDENTITY_MATCH,,,NO_EXACT_DPD_PRODUCT,,,,,,,,NO_EXACT_EMA_PRODUCT,,,,,UNRESOLVED,,,UNRESOLVED,,False,
MED-0264,FLUBENDAZOL,UNRESOLVED,False,False,False,NO_EXACT_IDENTITY_MATCH,,,NO_EXACT_DPD_PRODUCT,,,,,,,,NO_EXACT_EMA_PRODUCT,,,,,UNRESOLVED,,,UNRESOLVED,,False,
MED-0267,FLUDROCORTISONA,UNRESOLVED,False,False,False,NO_EXACT_IDENTITY_MATCH,,,NO_EXACT_DPD_PRODUCT,,,,,,,,NO_EXACT_EMA_PRODUCT,,,,,UNRESOLVED,,,UNRESOLVED,,False,
MED-0268,FLUNARIZINA,UNRESOLVED,False,False,False,NO_EXACT_IDENTITY_MATCH,,,NO_EXACT_DPD_PRODUCT,,,,,,,,NO_EXACT_EMA_PRODUCT,,,,,UNRESOLVED,,,UNRESOLVED,,False,
MED-0269,FLUOXETINA,UNRESOLVED,False,False,False,NO_EXACT_IDENTITY_MATCH,,,NO_EXACT_DPD_PRODUCT,,,,,,,,NO_EXACT_EMA_PRODUCT,,,,,UNRESOLVED,,,UNRESOLVED,,False,
MED-0270,FLURBIPROFENO,UNRESOLVED,False,False,False,NO_EXACT_IDENTITY_MATCH,,,NO_EXACT_DPD_PRODUCT,,,,,,,,NO_EXACT_EMA_PRODUCT,,,,,UNRESOLVED,,,UNRESOLVED,,False,
MED-0271,FLUTICASONA,UNRESOLVED,False,False,False,NO_EXACT_IDENTITY_MATCH,,,NO_EXACT_DPD_PRODUCT,,,,,,,,NO_EXACT_EMA_PRODUCT,,,,,UNRESOLVED,,,UNRESOLVED,,False,
MED-0272,FLUVOXAMINA,UNRESOLVED,False,False,False,NO_EXACT_IDENTITY_MATCH,,,NO_EXACT_DPD_PRODUCT,,,,,,,,NO_EXACT_EMA_PRODUCT,,,,,UNRESOLVED,,,UNRESOLVED,,False,
MED-0273,FORMOTEROL,UNRESOLVED,False,False,False,EXACT_IDENTITY_CORROBORATED,NDA021592,100.0,EXACT_PRODUCT_NO_EXPLICIT_RENAL_ACTION,NO_RENAL_TEXT,60543,02237225,OXEZE TURBUHALER,https://pdf.hres.ca/dpd_pm/00044980.PDF,2016-06-01,,NO_EXACT_EMA_PRODUCT,,,,,NO_EXPLICIT_RENAL_RECOMMENDATION_FOUND,,,NO_EXPLICIT_RENAL_RECOMMENDATION_FOUND,,False,Marketed
MED-0274,FURAZOLIDONA,UNRESOLVED,False,False,False,NO_EXACT_IDENTITY_MATCH,,,NO_EXACT_DPD_PRODUCT,,,,,,,,NO_EXACT_EMA_PRODUCT,,,,,UNRESOLVED,,,UNRESOLVED,,False,
MED-0275,FUROSEMIDA,UNRESOLVED,False,False,False,NO_EXACT_IDENTITY_MATCH,,,NO_EXACT_DPD_PRODUCT,,,,,,,,NO_EXACT_EMA_PRODUCT,,,,,UNRESOLVED,,,UNRESOLVED,,False,
MED-0279,GEMFIBROZILO,UNRESOLVED,False,False,False,NO_EXACT_IDENTITY_MATCH,,,NO_EXACT_DPD_PRODUCT,,,,,,,,NO_EXACT_EMA_PRODUCT,,,,,UNRESOLVED,,,UNRESOLVED,,False,
MED-0280,GESTODENO,UNRESOLVED,False,False,False,NO_EXACT_IDENTITY_MATCH,,,NO_EXACT_DPD_PRODUCT,,,,,,,,NO_EXACT_EMA_PRODUCT,,,,,UNRESOLVED,,,UNRESOLVED,,False,
MED-0282,GLIBENCLAMIDA,UNRESOLVED,False,False,False,NO_EXACT_IDENTITY_MATCH,,,NO_EXACT_DPD_PRODUCT,,,,,,,,NO_EXACT_EMA_PRODUCT,,,,,UNRESOLVED,,,UNRESOLVED,,False,
MED-0283,GLICLAZIDA,UNRESOLVED,False,False,False,NO_EXACT_IDENTITY_MATCH,,,NO_EXACT_DPD_PRODUCT,,,,,,,,NO_EXACT_EMA_PRODUCT,,,,,UNRESOLVED,,,UNRESOLVED,,False,
MED-0285,GLUCOSAMINA SULFATO,UNRESOLVED,False,False,False,NO_EXACT_IDENTITY_MATCH,,,NO_EXACT_DPD_PRODUCT,,,,,,,,NO_EXACT_EMA_PRODUCT,,,,,UNRESOLVED,,,UNRESOLVED,,False,
MED-0286,HALOPERIDOL,UNRESOLVED,False,False,False,EXACT_IDENTITY_CORROBORATED,ANDA071216,100.0,EXACT_PRODUCT_NO_EXPLICIT_RENAL_ACTION,NO_RENAL_TEXT,7131,00713449,TEVA-HALOPERIDOL,https://pdf.hres.ca/dpd_pm/00036413.PDF,2016-09-12,,NO_EXACT_EMA_PRODUCT,,,,,NO_EXPLICIT_RENAL_RECOMMENDATION_FOUND,,,NO_EXPLICIT_RENAL_RECOMMENDATION_FOUND,,False,Marketed
MED-0287,HESPERIDINA,UNRESOLVED,False,False,False,NO_EXACT_IDENTITY_MATCH,,,NO_EXACT_DPD_PRODUCT,,,,,,,,NO_EXACT_EMA_PRODUCT,,,,,UNRESOLVED,,,UNRESOLVED,,False,
MED-0288,HIDROCLOROTIAZIDA,UNRESOLVED,False,False,False,NO_EXACT_IDENTITY_MATCH,,,NO_EXACT_DPD_PRODUCT,,,,,,,,NO_EXACT_EMA_PRODUCT,,,,,UNRESOLVED,,,UNRESOLVED,,False,
MED-0289,HIDROCODONA,UNRESOLVED,False,False,False,NO_EXACT_IDENTITY_MATCH,,,NO_EXACT_DPD_PRODUCT,,,,,,,,NO_EXACT_EMA_PRODUCT,,,,,UNRESOLVED,,,UNRESOLVED,,False,
MED-0290,HIDROCORTISONA,UNRESOLVED,False,False,False,NO_EXACT_IDENTITY_MATCH,,,NO_EXACT_DPD_PRODUCT,,,,,,,,NO_EXACT_EMA_PRODUCT,,,,,UNRESOLVED,,,UNRESOLVED,,False,
MED-0291,HIDROMORFONA CLORHIDRATO,UNRESOLVED,False,False,False,NO_EXACT_IDENTITY_MATCH,,,NO_EXACT_DPD_PRODUCT,,,,,,,,NO_EXACT_EMA_PRODUCT,,,,,UNRESOLVED,,,UNRESOLVED,,False,
MED-0292,HIDROSMINA,UNRESOLVED,False,False,False,NO_EXACT_IDENTITY_MATCH,,,NO_EXACT_DPD_PRODUCT,,,,,,,,NO_EXACT_EMA_PRODUCT,,,,,UNRESOLVED,,,UNRESOLVED,,False,
MED-0293,HIDROTALCITA,UNRESOLVED,False,False,False,NO_EXACT_IDENTITY_MATCH,,,NO_EXACT_DPD_PRODUCT,,,,,,,,NO_EXACT_EMA_PRODUCT,,,,,UNRESOLVED,,,UNRESOLVED,,False,
MED-0294,HIDROXICINA CLORHIDRATO,UNRESOLVED,False,False,False,NO_EXACT_IDENTITY_MATCH,,,NO_EXACT_DPD_PRODUCT,,,,,,,,NO_EXACT_EMA_PRODUCT,,,,,UNRESOLVED,,,UNRESOLVED,,False,
MED-0295,HIDROXICLOROQUINA,UNRESOLVED,False,False,False,NO_EXACT_IDENTITY_MATCH,,,NO_EXACT_DPD_PRODUCT,,,,,,,,NO_EXACT_EMA_PRODUCT,,,,,UNRESOLVED,,,UNRESOLVED,,False,
MED-0297,ESCOPOLAMINA,UNRESOLVED,False,False,False,NO_EXACT_IDENTITY_MATCH,,,NO_EXACT_DPD_PRODUCT,,,,,,,,NO_EXACT_EMA_PRODUCT,,,,,UNRESOLVED,,,UNRESOLVED,,False,
MED-0298,HISTIDINA,UNRESOLVED,False,False,False,NO_EXACT_IDENTITY_MATCH,,,NO_EXACT_DPD_PRODUCT,,,,,,,,NO_EXACT_EMA_PRODUCT,,,,,UNRESOLVED,,,UNRESOLVED,,False,
MED-0301,IBUPROFENO,UNRESOLVED,False,False,False,NO_EXACT_IDENTITY_MATCH,,,NO_EXACT_DPD_PRODUCT,,,,,,,,NO_EXACT_EMA_PRODUCT,,,,,UNRESOLVED,,,UNRESOLVED,,False,
MED-0302,ICOSAPENTANOATO DE ETILO,UNRESOLVED,False,False,False,NO_EXACT_IDENTITY_MATCH,,,NO_EXACT_DPD_PRODUCT,,,,,,,,NO_EXACT_EMA_PRODUCT,,,,,UNRESOLVED,,,UNRESOLVED,,False,
MED-0304,IMIPRAMINA CLORHIDRATO,UNRESOLVED,False,False,False,NO_EXACT_IDENTITY_MATCH,,,NO_EXACT_DPD_PRODUCT,,,,,,,,NO_EXACT_EMA_PRODUCT,,,,,UNRESOLVED,,,UNRESOLVED,,False,
MED-0305,INDACATEROL,UNRESOLVED,False,False,False,EXACT_IDENTITY_CORROBORATED,NDA022383,100.0,EXACT_PRODUCT_NO_EXPLICIT_RENAL_ACTION,RENAL_MENTION_WITHOUT_EXPLICIT_DOSING_ACTION,86250,02376938,ONBREZ BREEZHALER,https://pdf.hres.ca/dpd_pm/00060396.PDF,2023-05-12," 2-adrenergic stimulants i.e., angina, hypertension or hypotension, tachycardia, with rates up to 200 bpm, tremor, palpitations, nervousness, headache, nausea, dry mouth, vomiting, drowsiness, muscle cramps, ventricular arrhythmias, metabolic acidosis, fatigue, malaise, insomnia , hypokalaemia and hyperglycaemia. As with all inhaled sympathomimetic medications, cardiac arrest and even death may be associated with an overdose of ONBREZ BREEZHALER. Supportive and symptomatic treatment is indicated. In serious cases, patients should be hospitalised. There is insufficient evidence to determine if dialysis is beneficial for overdosage of ONBREZ BREEZHALER. Cardiac monitoring is recommended in cases of overdosage. Use of cardioselective beta-blockers may be considered, but only under the supervision of a physician and with extreme caution since the use of beta -adrenergic blockers may provoke bronchospasm. For management of a suspected drug overdose, contact your regional poison control centre. 6 DOSAGE FORMS, STRENGTHS, COMPOSITION AND PACKAGING Table 1 – Dosage Forms, Strengths, Composition and Packaging. ONBREZ BREEZHALER hard gelatin capsules for inhalation 75 mcg. 75 mcg ONBREZ BREEZHALER contains: aluminum blister -packaged 75 mcg indacaterol natural transparent uncolored capsule with black product code “IDL 75” printed above a bar on one side of the capsule and the symbol printed on the other side, and one ONBREZ BREEZHALER inhalation device. Unit Dose (blister pack), Box of 10 or 30 (strips of 10). Each capsule contains 97 mcg indacaterol maleate equivalent to 75 mcg indacaterol and lactose monohydrate. 7 WARNINGS AND PRECAUTIONS Please see the Serious Warnings and Precautions Box at the beginning of Part I: Health Professional Information. General ONBREZ BREEZHALER is only indicated for COPD. ONBREZ BREEZHALER should not be used in asthma due to the absence of long-term safety and efficacy data in asthma with ONBREZ BREEZHALER. It has been shown that long -acting beta2-adrenergic agonists may increase the risk of asthma - related death. Data from a 28 -week, large placebo-controlled US study comparing the safety of Route of Administration Dosage Form / Strength/Composition Non-medicinal Ingredients Inhalation 75 mcg indacaterol per capsule Gelatin (capsule shell) and lactose monohydrate Onbrez Breezhaler Product Monograph Page 9 of 35 swallowing, swelling of tong
---
swallowing, swelling of tongue, lips and face, urticaria, skin rash) occur, ONBREZ BREEZHALER should be discontinued immediately and alternative therapy instituted. The patient should N OT be re -challenged with ONBREZ BREEZHALER (see CONTRAINDICATIONS). 7.1 Special Populations Hepatic Impairment: Patients with mild and moderate hepatic impairment did not show any relevant changes in Cmax or AUC. Furthermore, protein binding did not differ be tween mild and moderate hepatically impaired subjects and their healthy controls. Studies in subjects with severe hepatic impairment were not performed. Renal Impairment: Due to the very low contribution of the urinary pathway to total body elimination, a study in renally impaired subjects was not performed. 7.1.1 Pregnant Women No clinical data on exposed pregnancies in COPD patients are available. Studies in animals have shown reproductive toxicity associated with an increased incidence of one type of skelet al abnormality in rabbits. The potential risk for humans is unknown. Because there are no adequate and well -controlled studies in pregnant women, indacaterol should be used during pregnancy only if the expected benefit justifies the potential risk to the fetus. Labour and delivery: Like other beta2-adrenergic agonists, ONBREZ BREEZHALER may inhibit labor due to a relaxant effect on uterine smooth muscle. 7.1.2 Breast-feeding It is not known whether indacaterol passes into human breast milk. Because many drugs a re excreted in human milk, and because indacaterol has been detected in the milk of lactating rats, the use of ONBREZ BREEZHALER by breast -feeding women should only be considered if the expected benefit to the woman is greater than any possible risk to the infant. 7.1.3 Pediatrics ONBREZ BREEZHALER should not be used in patients under 18 years of age. The safety and effectiveness of ONBREZ BREEZHALER in patients under 18 years of age have not been established. 7.1.4 Geriatrics No adjustment of ONBREZ BREEZHALER dosage in geriatric patients is warranted. Of the total number of patients who received ONBREZ BREEZHALER in the clinical studies from the pooled 3-month database, 239 were <65 years, 153 were 65–74 years and 57 were ≥75 years of age. No overall differences in effectiveness were observed, and in the 3-month pooled data, the adverse drug reaction profile was similar in the older population compared to the patient p",NO_EXACT_EMA_PRODUCT,,,,,NO_EXPLICIT_RENAL_RECOMMENDATION_FOUND,,,NO_EXPLICIT_RENAL_RECOMMENDATION_FOUND,,False,Cancelled Post Market
MED-0306,INDAPAMIDA,UNRESOLVED,False,False,False,NO_EXACT_IDENTITY_MATCH,,,NO_EXACT_DPD_PRODUCT,,,,,,,,NO_EXACT_EMA_PRODUCT,,,,,UNRESOLVED,,,UNRESOLVED,,False,
MED-0307,INDOMETACINA,UNRESOLVED,False,False,False,NO_EXACT_IDENTITY_MATCH,,,NO_EXACT_DPD_PRODUCT,,,,,,,,NO_EXACT_EMA_PRODUCT,,,,,UNRESOLVED,,,UNRESOLVED,,False,
MED-0308,IPRATROPIO,UNRESOLVED,False,False,False,NO_EXACT_IDENTITY_MATCH,,,NO_EXACT_DPD_PRODUCT,,,,,,,,NO_EXACT_EMA_PRODUCT,,,,,UNRESOLVED,,,UNRESOLVED,,False,
MED-0311,ISOFLAVONA,UNRESOLVED,False,False,False,NO_EXACT_IDENTITY_MATCH,,,NO_EXACT_DPD_PRODUCT,,,,,,,,NO_EXACT_EMA_PRODUCT,,,,,UNRESOLVED,,,UNRESOLVED,,False,
MED-0312,ISOMETEPTENO MUCATO,UNRESOLVED,False,False,False,NO_EXACT_IDENTITY_MATCH,,,NO_EXACT_DPD_PRODUCT,,,,,,,,NO_EXACT_EMA_PRODUCT,,,,,UNRESOLVED,,,UNRESOLVED,,False,
MED-0315,ISOTRETINOINA,UNRESOLVED,False,False,False,NO_EXACT_IDENTITY_MATCH,,,NO_EXACT_DPD_PRODUCT,,,,,,,,NO_EXACT_EMA_PRODUCT,,,,,UNRESOLVED,,,UNRESOLVED,,False,
MED-0316,ITOPRIDE CLORHIDRATO,UNRESOLVED,False,False,False,NO_EXACT_IDENTITY_MATCH,,,NO_EXACT_DPD_PRODUCT,,,,,,,,NO_EXACT_EMA_PRODUCT,,,,,UNRESOLVED,,,UNRESOLVED,,False,
MED-0319,KETOCONAZOL,UNRESOLVED,False,False,False,NO_EXACT_IDENTITY_MATCH,,,EXACT_PRODUCT_NO_EXPLICIT_RENAL_ACTION,RENAL_MENTION_WITHOUT_EXPLICIT_DOSING_ACTION,50343,02231061,TEVA-KETOCONAZOLE,https://pdf.hres.ca/dpd_pm/00024529.PDF,2014-03-29," 14 be given if considered appropriate. It has been reported that ketoconazole cannot be removed by hemodialysis. DOSAGE AND ADMINISTRATION Adults: TEVA-KETOCONAZOLE (ketoconazole) should be administered at a dose of 200 mg once a day. Patients who fail to show a response (see Table 3) may have inadequate blood levels (<1 µg/mL) as determined by bioassay and the dose may be increased to 400 mg. Ketoconazole blood levels can also be determined by an HPLC assay. A maximum daily dose of 400 mg should not be exceeded. General guidelines for the duration of oral ketoconazole treatment should be consistent with the indications of severe or recalcitrant fungal infections. Due to its risk of hepatotoxicity, ketoconazole should not be considered for mild or moderate infections. There should be laboratory as well as clinical documentation of infection prior to starting ketoconazole therapy. ",NO_EXACT_EMA_PRODUCT,,,,,NO_EXPLICIT_RENAL_RECOMMENDATION_FOUND,,,NO_EXPLICIT_RENAL_RECOMMENDATION_FOUND,,False,Marketed
MED-0320,KETOPROFENO,UNRESOLVED,False,False,False,NO_EXACT_IDENTITY_MATCH,,,NO_EXACT_DPD_PRODUCT,,,,,,,,NO_EXACT_EMA_PRODUCT,,,,,UNRESOLVED,,,UNRESOLVED,,False,
MED-0322,L-HISTIDINA,UNRESOLVED,False,False,False,NO_EXACT_IDENTITY_MATCH,,,NO_EXACT_DPD_PRODUCT,,,,,,,,NO_EXACT_EMA_PRODUCT,,,,,UNRESOLVED,,,UNRESOLVED,,False,
MED-0323,L-TIROSINA,UNRESOLVED,False,False,False,NO_EXACT_IDENTITY_MATCH,,,NO_EXACT_DPD_PRODUCT,,,,,,,,NO_EXACT_EMA_PRODUCT,,,,,UNRESOLVED,,,UNRESOLVED,,False,
MED-0324,L-TREONINA,UNRESOLVED,False,False,False,NO_EXACT_IDENTITY_MATCH,,,NO_EXACT_DPD_PRODUCT,,,,,,,,NO_EXACT_EMA_PRODUCT,,,,,UNRESOLVED,,,UNRESOLVED,,False,
MED-0325,L-TRIPTOFANO,UNRESOLVED,False,False,False,NO_EXACT_IDENTITY_MATCH,,,NO_EXACT_DPD_PRODUCT,,,,,,,,NO_EXACT_EMA_PRODUCT,,,,,UNRESOLVED,,,UNRESOLVED,,False,
MED-0326,LABETALOL,UNRESOLVED,False,False,False,EXACT_IDENTITY_CORROBORATED,ANDA074787,100.0,EXACT_PRODUCT_NO_EXPLICIT_RENAL_ACTION,NO_RENAL_TEXT,67457,02243539,APO-LABETALOL,https://pdf.hres.ca/dpd_pm/00083108.PDF,2020-07-14,,NO_EXACT_EMA_PRODUCT,,,,,NO_EXPLICIT_RENAL_RECOMMENDATION_FOUND,,,NO_EXPLICIT_RENAL_RECOMMENDATION_FOUND,,False,Marketed
MED-0327,LACOSAMIDA,UNRESOLVED,False,False,False,NO_EXACT_IDENTITY_MATCH,,,NO_EXACT_DPD_PRODUCT,,,,,,,,NO_EXACT_EMA_PRODUCT,,,,,UNRESOLVED,,,UNRESOLVED,,False,
MED-0330,LANATOSIDO C,UNRESOLVED,False,False,False,NO_EXACT_IDENTITY_MATCH,,,NO_EXACT_DPD_PRODUCT,,,,,,,,NO_EXACT_EMA_PRODUCT,,,,,UNRESOLVED,,,UNRESOLVED,,False,
MED-0334,LEFLUNOMIDA,UNRESOLVED,False,False,False,NO_EXACT_IDENTITY_MATCH,,,NO_EXACT_DPD_PRODUCT,,,,,,,,NO_EXACT_EMA_PRODUCT,,,,,UNRESOLVED,,,UNRESOLVED,,False,
MED-0343,LEVOMEPROMAZINA,UNRESOLVED,False,False,False,NO_EXACT_IDENTITY_MATCH,,,NO_EXACT_DPD_PRODUCT,,,,,,,,NO_EXACT_EMA_PRODUCT,,,,,UNRESOLVED,,,UNRESOLVED,,False,
MED-0344,LEVONORGESTREL,UNRESOLVED,False,False,False,EXACT_IDENTITY_CORROBORATED,ANDA202380,100.0,EXACT_PRODUCT_NO_EXPLICIT_RENAL_ACTION,RENAL_MENTION_WITHOUT_EXPLICIT_DOSING_ACTION,66845,02243005,MIRENA,https://pdf.hres.ca/dpd_pm/00081240.PDF,2007-11-22,"d for use in pregnancy (see also 2 Contraindications and 7 Warnings and Precautions – 7.1 Special Populations: 7.1.1 Pregnancy/Intrauterine Pregnancy). ▪ Breast-feeding: Progestogen-only contraceptive methods do not appear to affect the quantity and quality of breast milk (see also 7 Warnings and Precautions – 7.1 Special Populations: 7.1.2 Breast-feeding). • Hepatic Insufficiency: MIRENA is contraindicated in individuals with acute liver disease or liver tumors (see also 2 Contraindications and 7 Warnings and Precautions) • Renal Insufficiency: MIRENA has not been studied in individuals with renal impairment. • Obesity: Risk of expulsion is increased in individuals with greater than normal BMI at the time of insertion; this risk increases gradually with increasing BMI (see also 7 Warnings and Precautions – Sexual Function/Reproduction: Expulsion). 11 Storage, Stability, and Disposal Store at room temperature (between 15°C and 30°C). Protect from moisture and direct sunlight. Keep out of reach of children and pets. Used MIRENA systems should be considered biohazardous waste. Care should be taken to ensure the remaining hormonal ingredients are not introduced into water/sewer systems. 12 Special Handling Instructions MIRENA should be handled with aseptic precautions. Used MIRENA systems should be considered biohazardous waste. ",NO_EXACT_EMA_PRODUCT,,,,,NO_EXPLICIT_RENAL_RECOMMENDATION_FOUND,,,NO_EXPLICIT_RENAL_RECOMMENDATION_FOUND,,False,Marketed
MED-0345,LEVOPANTOPRAZOL,UNRESOLVED,False,False,False,NO_EXACT_IDENTITY_MATCH,,,NO_EXACT_DPD_PRODUCT,,,,,,,,NO_EXACT_EMA_PRODUCT,,,,,UNRESOLVED,,,UNRESOLVED,,False,
MED-0346,LEVOSULPIRIDA,UNRESOLVED,False,False,False,NO_EXACT_IDENTITY_MATCH,,,NO_EXACT_DPD_PRODUCT,,,,,,,,NO_EXACT_EMA_PRODUCT,,,,,UNRESOLVED,,,UNRESOLVED,,False,
MED-0347,LEVOTIROXINA,UNRESOLVED,False,False,False,NO_EXACT_IDENTITY_MATCH,,,NO_EXACT_DPD_PRODUCT,,,,,,,,NO_EXACT_EMA_PRODUCT,,,,,UNRESOLVED,,,UNRESOLVED,,False,
MED-0351,LOFEPRAMINA,UNRESOLVED,False,False,False,NO_EXACT_IDENTITY_MATCH,,,NO_EXACT_DPD_PRODUCT,,,,,,,,NO_EXACT_EMA_PRODUCT,,,,,UNRESOLVED,,,UNRESOLVED,,False,
MED-0353,LOPERAMIDA CLORHIDRATO,UNRESOLVED,False,False,False,NO_EXACT_IDENTITY_MATCH,,,NO_EXACT_DPD_PRODUCT,,,,,,,,NO_EXACT_EMA_PRODUCT,,,,,UNRESOLVED,,,UNRESOLVED,,False,
MED-0354,LOPINAVIR,UNRESOLVED,False,False,False,NO_EXACT_IDENTITY_MATCH,,,NO_EXACT_DPD_PRODUCT,,,,,,,,NO_EXACT_EMA_PRODUCT,,,,,UNRESOLVED,,,UNRESOLVED,,False,
MED-0355,LORATADINA,UNRESOLVED,False,False,False,NO_EXACT_IDENTITY_MATCH,,,NO_EXACT_DPD_PRODUCT,,,,,,,,NO_EXACT_EMA_PRODUCT,,,,,UNRESOLVED,,,UNRESOLVED,,False,
MED-0359,LOXOPROFEN,UNRESOLVED,False,False,False,NO_EXACT_IDENTITY_MATCH,,,NO_EXACT_DPD_PRODUCT,,,,,,,,NO_EXACT_EMA_PRODUCT,,,,,UNRESOLVED,,,UNRESOLVED,,False,
MED-0361,LUMEFANTRINA,UNRESOLVED,False,False,False,NO_EXACT_IDENTITY_MATCH,,,NO_EXACT_DPD_PRODUCT,,,,,,,,NO_EXACT_EMA_PRODUCT,,,,,UNRESOLVED,,,UNRESOLVED,,False,
MED-0365,MEBENDAZOL,UNRESOLVED,False,False,False,NO_EXACT_IDENTITY_MATCH,,,EXACT_PRODUCT_NO_EXPLICIT_RENAL_ACTION,RENAL_MENTION_WITHOUT_EXPLICIT_DOSING_ACTION,4743,00556734,VERMOX,https://pdf.hres.ca/dpd_pm/00076701.PDF,2001-11-08," Approved Product Monograph 1.docx EDMS-RIM-1249326 v15.0 Page 15 of 16 peeling of the skin and/or inside of the lips, eyes, mouth, nasal passages or genitals, accompanied by fever, chills, headache, cough, body aches or swollen glands Angioedema (swelling of tissues under the skin): swollen face, eyes, lips, tongue, throat or airway that may make it harder to breathe and talk, swollen hands or feet, dizziness, nausea, vomiting ✓ UNKNOWN FREQUENCY Abnormal liver test results: extreme tiredness, dark urine, abdominal pain ✓ Abnormal kidney function: extreme tiredness, swelling, changes in urination, skin and the white part of eyes to turn yellow ✓ Hematuria (blood in urine): red or cola-colored urine, passing blood clots in urine, frequent or painful urination ✓ Cylindruria (casts in urine): urine appears milky white, pain while urinating, pain in the loin region, weight loss ✓ This is not a complete list of side effects. For any unexpected effects while taking Vermox, contact your healthcare professional. Reporting Side Effects You can report any suspected side effects associated with the use of health products to Health Canada by: • Visiting the Web page on Adverse Reaction Reporting (https://www.canada.ca/en/health-canada/services/drugs-health-products/medeffect- canada/adverse-reaction-reporting.html) for information on how to report online, by mail or by fax; or • Calling toll-free at 1-866-234-2345. NOTE: Contact your health professional if you need information about how to manage your side effects. The Canada Vigilance Program does not provide medical advice. Storage: Store at room temperature (15 – 30°C). Protect from light. Keep out of the sight and reach of children. ",NO_EXACT_EMA_PRODUCT,,,,,NO_EXPLICIT_RENAL_RECOMMENDATION_FOUND,,,NO_EXPLICIT_RENAL_RECOMMENDATION_FOUND,,False,Marketed
MED-0366,MEBEVERINA,UNRESOLVED,False,False,False,NO_EXACT_IDENTITY_MATCH,,,NO_EXACT_DPD_PRODUCT,,,,,,,,NO_EXACT_EMA_PRODUCT,,,,,UNRESOLVED,,,UNRESOLVED,,False,
MED-0367,MECLIZINA,UNRESOLVED,False,False,False,NO_EXACT_IDENTITY_MATCH,,,NO_EXACT_DPD_PRODUCT,,,,,,,,NO_EXACT_EMA_PRODUCT,,,,,UNRESOLVED,,,UNRESOLVED,,False,
MED-0369,MELATONINA,UNRESOLVED,False,False,False,NO_EXACT_IDENTITY_MATCH,,,NO_EXACT_DPD_PRODUCT,,,,,,,,NO_EXACT_EMA_PRODUCT,,,,,UNRESOLVED,,,UNRESOLVED,,False,
MED-0370,MELFALAN,UNRESOLVED,False,False,False,NO_EXACT_IDENTITY_MATCH,,,NO_EXACT_DPD_PRODUCT,,,,,,,,NO_EXACT_EMA_PRODUCT,,,,,UNRESOLVED,,,UNRESOLVED,,False,
MED-0374,MESALAZINA,UNRESOLVED,False,False,False,NO_EXACT_IDENTITY_MATCH,,,NO_EXACT_DPD_PRODUCT,,,,,,,,NO_EXACT_EMA_PRODUCT,,,,,UNRESOLVED,,,UNRESOLVED,,False,
MED-0376,METADOXINA,UNRESOLVED,False,False,False,NO_EXACT_IDENTITY_MATCH,,,NO_EXACT_DPD_PRODUCT,,,,,,,,NO_EXACT_EMA_PRODUCT,,,,,UNRESOLVED,,,UNRESOLVED,,False,
MED-0378,METILDOPA,UNRESOLVED,False,False,False,NO_EXACT_IDENTITY_MATCH,,,NO_EXACT_DPD_PRODUCT,,,,,,,,NO_EXACT_EMA_PRODUCT,,,,,UNRESOLVED,,,UNRESOLVED,,False,
MED-0379,METILFENIDATO CLORHIDRATO,UNRESOLVED,False,False,False,NO_EXACT_IDENTITY_MATCH,,,NO_EXACT_DPD_PRODUCT,,,,,,,,NO_EXACT_EMA_PRODUCT,,,,,UNRESOLVED,,,UNRESOLVED,,False,
MED-0380,METILPREDNISOLONA,UNRESOLVED,False,False,False,NO_EXACT_IDENTITY_MATCH,,,NO_EXACT_DPD_PRODUCT,,,,,,,,NO_EXACT_EMA_PRODUCT,,,,,UNRESOLVED,,,UNRESOLVED,,False,
MED-0381,METILSULFONILMETANO (MSM),UNRESOLVED,False,False,False,NO_EXACT_IDENTITY_MATCH,,,NO_EXACT_DPD_PRODUCT,,,,,,,,NO_EXACT_EMA_PRODUCT,,,,,UNRESOLVED,,,UNRESOLVED,,False,
MED-0382,METIMAZOL,UNRESOLVED,False,False,False,NO_EXACT_IDENTITY_MATCH,,,NO_EXACT_DPD_PRODUCT,,,,,,,,NO_EXACT_EMA_PRODUCT,,,,,UNRESOLVED,,,UNRESOLVED,,False,
MED-0383,METISOPRINOL,UNRESOLVED,False,False,False,NO_EXACT_IDENTITY_MATCH,,,NO_EXACT_DPD_PRODUCT,,,,,,,,NO_EXACT_EMA_PRODUCT,,,,,UNRESOLVED,,,UNRESOLVED,,False,
MED-0384,METOCARBAMOL,UNRESOLVED,False,False,False,NO_EXACT_IDENTITY_MATCH,,,NO_EXACT_DPD_PRODUCT,,,,,,,,NO_EXACT_EMA_PRODUCT,,,,,UNRESOLVED,,,UNRESOLVED,,False,
MED-0387,METOTREXATO,UNRESOLVED,False,False,False,NO_EXACT_IDENTITY_MATCH,,,NO_EXACT_DPD_PRODUCT,,,,,,,,NO_EXACT_EMA_PRODUCT,,,,,UNRESOLVED,,,UNRESOLVED,,False,
MED-0388,METOXALEM,UNRESOLVED,False,False,False,NO_EXACT_IDENTITY_MATCH,,,NO_EXACT_DPD_PRODUCT,,,,,,,,NO_EXACT_EMA_PRODUCT,,,,,UNRESOLVED,,,UNRESOLVED,,False,
MED-0390,MEXAZOLAM,UNRESOLVED,False,False,False,NO_EXACT_IDENTITY_MATCH,,,NO_EXACT_DPD_PRODUCT,,,,,,,,NO_EXACT_EMA_PRODUCT,,,,,UNRESOLVED,,,UNRESOLVED,,False,
MED-0391,MICOFENOLATO DE MOFETILO,UNRESOLVED,False,False,False,NO_EXACT_IDENTITY_MATCH,,,NO_EXACT_DPD_PRODUCT,,,,,,,,NO_EXACT_EMA_PRODUCT,,,,,UNRESOLVED,,,UNRESOLVED,,False,
MED-0394,MIDOSTAURINA,UNRESOLVED,False,False,False,NO_EXACT_IDENTITY_MATCH,,,NO_EXACT_DPD_PRODUCT,,,,,,,,NO_EXACT_EMA_PRODUCT,,,,,UNRESOLVED,,,UNRESOLVED,,False,
MED-0395,MIFEPRISTONA,UNRESOLVED,False,False,False,NO_EXACT_IDENTITY_MATCH,,,NO_EXACT_DPD_PRODUCT,,,,,,,,NO_EXACT_EMA_PRODUCT,,,,,UNRESOLVED,,,UNRESOLVED,,False,
MED-0397,MILRINONA,UNRESOLVED,False,False,False,NO_EXACT_IDENTITY_MATCH,,,NO_EXACT_DPD_PRODUCT,,,,,,,,NO_EXACT_EMA_PRODUCT,,,,,UNRESOLVED,,,UNRESOLVED,,False,
MED-0398,MILTEFOSINA,UNRESOLVED,False,False,False,NO_EXACT_IDENTITY_MATCH,,,NO_EXACT_DPD_PRODUCT,,,,,,,,NO_EXACT_EMA_PRODUCT,,,,,UNRESOLVED,,,UNRESOLVED,,False,
MED-0399,MINOCICLINA,UNRESOLVED,False,False,False,NO_EXACT_IDENTITY_MATCH,,,NO_EXACT_DPD_PRODUCT,,,,,,,,NO_EXACT_EMA_PRODUCT,,,,,UNRESOLVED,,,UNRESOLVED,,False,
MED-0404,MITOTANO,UNRESOLVED,False,False,False,NO_EXACT_IDENTITY_MATCH,,,NO_EXACT_DPD_PRODUCT,,,,,,,,NO_EXACT_EMA_PRODUCT,,,,,UNRESOLVED,,,UNRESOLVED,,False,
MED-0406,MOLIBDENO,UNRESOLVED,False,False,False,NO_EXACT_IDENTITY_MATCH,,,NO_EXACT_DPD_PRODUCT,,,,,,,,NO_EXACT_EMA_PRODUCT,,,,,UNRESOLVED,,,UNRESOLVED,,False,
MED-0407,MOLNUPIRAVIR,UNRESOLVED,False,False,False,NO_EXACT_IDENTITY_MATCH,,,NO_EXACT_DPD_PRODUCT,,,,,,,,NO_EXACT_EMA_PRODUCT,,,,,UNRESOLVED,,,UNRESOLVED,,False,
MED-0408,MOMETASONA,UNRESOLVED,False,False,False,NO_EXACT_IDENTITY_MATCH,,,NO_EXACT_DPD_PRODUCT,,,,,,,,NO_EXACT_EMA_PRODUCT,,,,,UNRESOLVED,,,UNRESOLVED,,False,
MED-0409,MONOACETATO DE L-LISINA,UNRESOLVED,False,False,False,NO_EXACT_IDENTITY_MATCH,,,NO_EXACT_DPD_PRODUCT,,,,,,,,NO_EXACT_EMA_PRODUCT,,,,,UNRESOLVED,,,UNRESOLVED,,False,
MED-0411,MOSAPRIDA CITRATO,UNRESOLVED,False,False,False,NO_EXACT_IDENTITY_MATCH,,,NO_EXACT_DPD_PRODUCT,,,,,,,,NO_EXACT_EMA_PRODUCT,,,,,UNRESOLVED,,,UNRESOLVED,,False,
MED-0414,NAPROXENO,UNRESOLVED,False,False,False,NO_EXACT_IDENTITY_MATCH,,,NO_EXACT_DPD_PRODUCT,,,,,,,,NO_EXACT_EMA_PRODUCT,,,,,UNRESOLVED,,,UNRESOLVED,,False,
MED-0416,NEOMICINA,UNRESOLVED,False,False,False,NO_EXACT_IDENTITY_MATCH,,,NO_EXACT_DPD_PRODUCT,,,,,,,,NO_EXACT_EMA_PRODUCT,,,,,UNRESOLVED,,,UNRESOLVED,,False,
MED-0417,NERATINIIB,UNRESOLVED,False,False,False,NO_EXACT_IDENTITY_MATCH,,,NO_EXACT_DPD_PRODUCT,,,,,,,,NO_EXACT_EMA_PRODUCT,,,,,UNRESOLVED,,,UNRESOLVED,,False,
MED-0419,NICOTINAMIDA,UNRESOLVED,False,False,False,NO_EXACT_IDENTITY_MATCH,,,NO_EXACT_DPD_PRODUCT,,,,,,,,NO_EXACT_EMA_PRODUCT,,,,,UNRESOLVED,,,UNRESOLVED,,False,
MED-0420,NIFEDIPINO,UNRESOLVED,False,False,False,NO_EXACT_IDENTITY_MATCH,,,NO_EXACT_DPD_PRODUCT,,,,,,,,NO_EXACT_EMA_PRODUCT,,,,,UNRESOLVED,,,UNRESOLVED,,False,
MED-0421,NIFUROXAZIDA,UNRESOLVED,False,False,False,NO_EXACT_IDENTITY_MATCH,,,NO_EXACT_DPD_PRODUCT,,,,,,,,NO_EXACT_EMA_PRODUCT,,,,,UNRESOLVED,,,UNRESOLVED,,False,
MED-0423,NIMESULIDA,UNRESOLVED,False,False,False,NO_EXACT_IDENTITY_MATCH,,,NO_EXACT_DPD_PRODUCT,,,,,,,,NO_EXACT_EMA_PRODUCT,,,,,UNRESOLVED,,,UNRESOLVED,,False,
MED-0424,NIMODIPINO,UNRESOLVED,False,False,False,NO_EXACT_IDENTITY_MATCH,,,NO_EXACT_DPD_PRODUCT,,,,,,,,NO_EXACT_EMA_PRODUCT,,,,,UNRESOLVED,,,UNRESOLVED,,False,
MED-0427,NISTATINA,UNRESOLVED,False,False,False,NO_EXACT_IDENTITY_MATCH,,,NO_EXACT_DPD_PRODUCT,,,,,,,,NO_EXACT_EMA_PRODUCT,,,,,UNRESOLVED,,,UNRESOLVED,,False,
MED-0428,NITAZOXANIDA,UNRESOLVED,False,False,False,NO_EXACT_IDENTITY_MATCH,,,NO_EXACT_DPD_PRODUCT,,,,,,,,NO_EXACT_EMA_PRODUCT,,,,,UNRESOLVED,,,UNRESOLVED,,False,
MED-0429,NITISINONA,UNRESOLVED,False,False,False,NO_EXACT_IDENTITY_MATCH,,,NO_EXACT_DPD_PRODUCT,,,,,,,,NO_EXACT_EMA_PRODUCT,,,,,UNRESOLVED,,,UNRESOLVED,,False,
MED-0431,NORETISTERONA ACETATO,UNRESOLVED,False,False,False,NO_EXACT_IDENTITY_MATCH,,,NO_EXACT_DPD_PRODUCT,,,,,,,,NO_EXACT_EMA_PRODUCT,,,,,UNRESOLVED,,,UNRESOLVED,,False,
MED-0433,NORTRIPTILINA,UNRESOLVED,False,False,False,NO_EXACT_IDENTITY_MATCH,,,NO_EXACT_DPD_PRODUCT,,,,,,,,NO_EXACT_EMA_PRODUCT,,,,,UNRESOLVED,,,UNRESOLVED,,False,
MED-0442,OTILONIO,UNRESOLVED,False,False,False,NO_EXACT_IDENTITY_MATCH,,,NO_EXACT_DPD_PRODUCT,,,,,,,,NO_EXACT_EMA_PRODUCT,,,,,UNRESOLVED,,,UNRESOLVED,,False,
MED-0443,OXAPROZINA,UNRESOLVED,False,False,False,NO_EXACT_IDENTITY_MATCH,,,NO_EXACT_DPD_PRODUCT,,,,,,,,NO_EXACT_EMA_PRODUCT,,,,,UNRESOLVED,,,UNRESOLVED,,False,
MED-0445,OXIBUTINA,UNRESOLVED,False,False,False,NO_EXACT_IDENTITY_MATCH,,,NO_EXACT_DPD_PRODUCT,,,,,,,,NO_EXACT_EMA_PRODUCT,,,,,UNRESOLVED,,,UNRESOLVED,,False,
MED-0447,OXIPURINA,UNRESOLVED,False,False,False,NO_EXACT_IDENTITY_MATCH,,,NO_EXACT_DPD_PRODUCT,,,,,,,,NO_EXACT_EMA_PRODUCT,,,,,UNRESOLVED,,,UNRESOLVED,,False,
MED-0450,PAMOATO DE OXANTEL,UNRESOLVED,False,False,False,NO_EXACT_IDENTITY_MATCH,,,NO_EXACT_DPD_PRODUCT,,,,,,,,NO_EXACT_EMA_PRODUCT,,,,,UNRESOLVED,,,UNRESOLVED,,False,
MED-0451,PANCREATINA,UNRESOLVED,False,False,False,NO_EXACT_IDENTITY_MATCH,,,NO_EXACT_DPD_PRODUCT,,,,,,,,NO_EXACT_EMA_PRODUCT,,,,,UNRESOLVED,,,UNRESOLVED,,False,
MED-0453,PANTOTENATO DE CALCIO,UNRESOLVED,False,False,False,NO_EXACT_IDENTITY_MATCH,,,NO_EXACT_DPD_PRODUCT,,,,,,,,NO_EXACT_EMA_PRODUCT,,,,,UNRESOLVED,,,UNRESOLVED,,False,
MED-0454,PARACETAMOL,UNRESOLVED,False,False,False,NO_EXACT_IDENTITY_MATCH,,,NO_EXACT_DPD_PRODUCT,,,,,,,,NO_EXACT_EMA_PRODUCT,,,,,UNRESOLVED,,,UNRESOLVED,,False,
MED-0455,PARGEVERINA,UNRESOLVED,False,False,False,NO_EXACT_IDENTITY_MATCH,,,NO_EXACT_DPD_PRODUCT,,,,,,,,NO_EXACT_EMA_PRODUCT,,,,,UNRESOLVED,,,UNRESOLVED,,False,
MED-0458,PENTOSAN POLISULFATO DE SODIO,UNRESOLVED,False,False,False,NO_EXACT_IDENTITY_MATCH,,,NO_EXACT_DPD_PRODUCT,,,,,,,,NO_EXACT_EMA_PRODUCT,,,,,UNRESOLVED,,,UNRESOLVED,,False,
MED-0459,PENTOXIFILINA,UNRESOLVED,False,False,False,NO_EXACT_IDENTITY_MATCH,,,NO_EXACT_DPD_PRODUCT,,,,,,,,NO_EXACT_EMA_PRODUCT,,,,,UNRESOLVED,,,UNRESOLVED,,False,
MED-0461,PICOSULFATO SODICO,UNRESOLVED,False,False,False,NO_EXACT_IDENTITY_MATCH,,,NO_EXACT_DPD_PRODUCT,,,,,,,,NO_EXACT_EMA_PRODUCT,,,,,UNRESOLVED,,,UNRESOLVED,,False,
MED-0462,PIDOTIMOD,UNRESOLVED,False,False,False,NO_EXACT_IDENTITY_MATCH,,,NO_EXACT_DPD_PRODUCT,,,,,,,,NO_EXACT_EMA_PRODUCT,,,,,UNRESOLVED,,,UNRESOLVED,,False,
MED-0463,PILOCARPINA CLORHIDRATO,UNRESOLVED,False,False,False,NO_EXACT_IDENTITY_MATCH,,,NO_EXACT_DPD_PRODUCT,,,,,,,,NO_EXACT_EMA_PRODUCT,,,,,UNRESOLVED,,,UNRESOLVED,,False,
MED-0464,PINAVERIO,UNRESOLVED,False,False,False,NO_EXACT_IDENTITY_MATCH,,,NO_EXACT_DPD_PRODUCT,,,,,,,,NO_EXACT_EMA_PRODUCT,,,,,UNRESOLVED,,,UNRESOLVED,,False,
MED-0465,PIRACETAM,UNRESOLVED,False,False,False,NO_EXACT_IDENTITY_MATCH,,,NO_EXACT_DPD_PRODUCT,,,,,,,,NO_EXACT_EMA_PRODUCT,,,,,UNRESOLVED,,,UNRESOLVED,,False,
MED-0466,PIRANTEL,UNRESOLVED,False,False,False,NO_EXACT_IDENTITY_MATCH,,,NO_EXACT_DPD_PRODUCT,,,,,,,,NO_EXACT_EMA_PRODUCT,,,,,UNRESOLVED,,,UNRESOLVED,,False,
MED-0468,PIRIDOSTIGMINA,UNRESOLVED,False,False,False,NO_EXACT_IDENTITY_MATCH,,,NO_EXACT_DPD_PRODUCT,,,,,,,,NO_EXACT_EMA_PRODUCT,,,,,UNRESOLVED,,,UNRESOLVED,,False,
MED-0469,PIRIDOXINA CLOHIDRATO,UNRESOLVED,False,False,False,NO_EXACT_IDENTITY_MATCH,,,NO_EXACT_DPD_PRODUCT,,,,,,,,NO_EXACT_EMA_PRODUCT,,,,,UNRESOLVED,,,UNRESOLVED,,False,
MED-0471,PIRITINOL,UNRESOLVED,False,False,False,NO_EXACT_IDENTITY_MATCH,,,NO_EXACT_DPD_PRODUCT,,,,,,,,NO_EXACT_EMA_PRODUCT,,,,,UNRESOLVED,,,UNRESOLVED,,False,
MED-0473,POLIMIXINA B SULFATO,UNRESOLVED,False,False,False,NO_EXACT_IDENTITY_MATCH,,,NO_EXACT_DPD_PRODUCT,,,,,,,,NO_EXACT_EMA_PRODUCT,,,,,UNRESOLVED,,,UNRESOLVED,,False,
MED-0478,PRAZOSINA,UNRESOLVED,False,False,False,NO_EXACT_IDENTITY_MATCH,,,NO_EXACT_DPD_PRODUCT,,,,,,,,NO_EXACT_EMA_PRODUCT,,,,,UNRESOLVED,,,UNRESOLVED,,False,
MED-0479,PREDNISOLONA,UNRESOLVED,False,False,False,NO_EXACT_IDENTITY_MATCH,,,NO_EXACT_DPD_PRODUCT,,,,,,,,NO_EXACT_EMA_PRODUCT,,,,,UNRESOLVED,,,UNRESOLVED,,False,
MED-0480,PREDNISONA,UNRESOLVED,False,False,False,NO_EXACT_IDENTITY_MATCH,,,NO_EXACT_DPD_PRODUCT,,,,,,,,NO_EXACT_EMA_PRODUCT,,,,,UNRESOLVED,,,UNRESOLVED,,False,
MED-0482,PRIMIDONA,UNRESOLVED,False,False,False,NO_EXACT_IDENTITY_MATCH,,,NO_EXACT_DPD_PRODUCT,,,,,,,,NO_EXACT_EMA_PRODUCT,,,,,UNRESOLVED,,,UNRESOLVED,,False,
MED-0483,PROGESTERONA,UNRESOLVED,False,False,False,NO_EXACT_IDENTITY_MATCH,,,NO_EXACT_DPD_PRODUCT,,,,,,,,NO_EXACT_EMA_PRODUCT,,,,,UNRESOLVED,,,UNRESOLVED,,False,
MED-0484,PROPAFENONA CLORHIDRATO,UNRESOLVED,False,False,False,NO_EXACT_IDENTITY_MATCH,,,NO_EXACT_DPD_PRODUCT,,,,,,,,NO_EXACT_EMA_PRODUCT,,,,,UNRESOLVED,,,UNRESOLVED,,False,
MED-0486,PROPILTIOURACILO,UNRESOLVED,False,False,False,NO_EXACT_IDENTITY_MATCH,,,NO_EXACT_DPD_PRODUCT,,,,,,,,NO_EXACT_EMA_PRODUCT,,,,,UNRESOLVED,,,UNRESOLVED,,False,
MED-0487,PROPINOX CLORHIDRATO,UNRESOLVED,False,False,False,NO_EXACT_IDENTITY_MATCH,,,NO_EXACT_DPD_PRODUCT,,,,,,,,NO_EXACT_EMA_PRODUCT,,,,,UNRESOLVED,,,UNRESOLVED,,False,
MED-0488,PROPIONATO DE FLUTICASONA,UNRESOLVED,False,False,False,NO_EXACT_IDENTITY_MATCH,,,NO_EXACT_DPD_PRODUCT,,,,,,,,NO_EXACT_EMA_PRODUCT,,,,,UNRESOLVED,,,UNRESOLVED,,False,
MED-0490,PSEUDOEFEDRINA CLORHIDRATO,UNRESOLVED,False,False,False,NO_EXACT_IDENTITY_MATCH,,,NO_EXACT_DPD_PRODUCT,,,,,,,,NO_EXACT_EMA_PRODUCT,,,,,UNRESOLVED,,,UNRESOLVED,,False,
MED-0493,RANITIDINA,UNRESOLVED,False,False,False,NO_EXACT_IDENTITY_MATCH,,,NO_EXACT_DPD_PRODUCT,,,,,,,,NO_EXACT_EMA_PRODUCT,,,,,UNRESOLVED,,,UNRESOLVED,,False,
MED-0496,RETINOL (PALMITATO DE VITAMINA A),UNRESOLVED,False,False,False,NO_EXACT_IDENTITY_MATCH,,,NO_EXACT_DPD_PRODUCT,,,,,,,,NO_EXACT_EMA_PRODUCT,,,,,UNRESOLVED,,,UNRESOLVED,,False,
MED-0498,RIBOFLAVINA,UNRESOLVED,False,False,False,NO_EXACT_IDENTITY_MATCH,,,NO_EXACT_DPD_PRODUCT,,,,,,,,NO_EXACT_EMA_PRODUCT,,,,,UNRESOLVED,,,UNRESOLVED,,False,
MED-0500,RIFAXIMINA,UNRESOLVED,False,False,False,NO_EXACT_IDENTITY_MATCH,,,NO_EXACT_DPD_PRODUCT,,,,,,,,NO_EXACT_EMA_PRODUCT,,,,,UNRESOLVED,,,UNRESOLVED,,False,
MED-0502,RILUZOL,UNRESOLVED,False,False,False,NO_EXACT_IDENTITY_MATCH,,,EXACT_PRODUCT_NO_EXPLICIT_RENAL_ACTION,RENAL_MENTION_WITHOUT_EXPLICIT_DOSING_ACTION,87574,02390299,MYLAN-RILUZOLE,https://pdf.hres.ca/dpd_pm/00018412.PDF,2012-10-23," Mylan-Riluzole Page 8 of 38 Race See ACTION and CLINICAL PHARMACOLOGY, Special Populations and Conditions, Race Hepatic Insufficiency See CONTRAINDICATIONS; WARNINGS AND PRECAUTIONS, General, Liver Injury / Monitoring Liver Chemistries; ACTION AND CLINICAL PHARMACOLOGY, Special Populations and Conditions, Hepatic Insufficiency; DOSAGE AND ADMINISTRATION, Special Population, Hepatic Insufficiency. Renal Insufficiency MYLAN-RILUZOLE is not recommended for use in patients with impaired renal function, as studies at repeated doses have not been conducted in this population (See DOSAGE AND ADMINISTRATION, Special Populations, Renal Insufficiency; ACTION AND CLINICAL PHARMACOLOGY, Special Populations and Conditions, Renal Insufficiency). Monitoring and Laboratory Tests Hepatic Because of risks of hepatitis and jaundice, serum transaminases, including ALT (SGPT) levels, should be measured before and during therapy with MYLAN-RILUZOLE. Serum ALT levels should be measured every month during the first 3 months of treatment, every 3 months during the remainder of the first year, and periodically thereafter. Serum ALT levels should be measured more frequently in patients who develop elevated ALT levels (see WARNINGS AND PRECAUTIONS, General, Liver Injury / Monitoring Liver Chemistries). As noted in the WARNINGS AND PRECAUTIONS, General, Liver Injury / Monitoring Liver Chemistries section, there is no experience with continued treatment of patients once ALT exceeds 5 X ULN. If a decision is made to continue to treat these patients, frequent monitoring (at least weekly) of complete liver function is recommended. Treatment should be discontinued if ALT exceeds 10 X ULN or if clinical jaundice develops. Because there is no experience with rechallenge of patients who have had MYLAN-RILUZOLE discontinued for ALT > 5 X ULN, no recommendations about restarting MYLAN-RILUZOLE can be made. Blood Counts In the two controlled trials in patients with ALS, the frequency with which values for hemoglobin, hematocrit, and erythrocyte counts fell below the lower limit of normal was greater in MYLAN-RILUZOLE-treated patients than in placebo-treated patients; however, these changes were mild and transient. The proportions of patients observed with abnormally low values for these parameters sho
---
thesia, intercostal neuralgia, intracranial pressure increased, lethargy, loss of consciousness, motor neurone disease, myasthenia gravis, neuropathy peripheral, poor quality sleep, radiculopathy, sedation, sensory disturbance, somnolence Pregnancy, Puerperium and Perinatal Conditions: intra-uterine death Psychiatric Disorders: anxiety, completed suicide, depression, mental disorder, mental status change, psychiatric symptom, psychiatric disorder, restlessness Renal and Urinary Disorders: anuria, blood creatinine increased, dysuria, pancreatorenal syndrome, renal failure, renal failure acute, renal impairment Reproductive System and Breast Disorders: postmenopausal haemorrhage Mylan-Riluzole Page 18 of 38 Based on pharmacokinetic data from a dedicated PK study and from the efficacy trials, there are no special instructions for the use of MYLAN-RILUZOLE in this population (See ACTION and CLINICAL PHARMACOLOGY, Special Populations and Conditions, Geriatrics). Hepatic Insufficiency: MYLAN-RILUZOLE is contraindicated in patients who have hepatic disease or who have baseline transaminases greater than 3 times the ULN (upper limit of normal). Liver chemistries should be monitored in all patients on MYLAN-RILUZOLE regularly for the first year of treatment, and periodically thereafter (See CONTRAINDICATIONS, WARNINGS AND PRECAUTIONS, General, Liver Injury / Monitoring Liver Chemistries; ACTION AND CLINICAL PHARMACOLOGY, Special Populations and Conditions, Hepatic Insufficiency). Renal Insufficiency: MYLAN-RILUZOLE is not recommended for use in patients with impaired renal function, as studies at repeated doses have not been conducted in this population (See WARNINGS AND PRECAUTIONS, Special Populations, Renal Insufficiency; ACTION AND CLINICAL PHARMACOLOGY, Special Populations and Conditions, Renal Insufficiency). Missed Dose If a dose of MYLAN-RILUZOLE is missed, the next dose should be taken at the next scheduled time. Extra tablets should not be taken to make up for the missed dose. OVERDOSAGE Experience with riluzole overdose in humans is limited. Neurological and psychiatric symptoms, acute toxic encephalopathy with stupor, coma, and methemoglobinemia have been observed in isolated cases. No specific antidote or information on treatment of overdosage with riluzole is available. In the event of overdose, MYLAN-RILUZOLE therapy should be discontinued immediately. Treatment shoul
---
ficiency: MYLAN-RILUZOLE is contraindicated in patients who have hepatic disease or who have baseline transaminases greater than 3 times the ULN (upper limit of normal). Liver chemistries should be monitored in all patients on MYLAN-RILUZOLE regularly for the first year of treatment, and periodically thereafter (See CONTRAINDICATIONS, WARNINGS AND PRECAUTIONS, General, Liver Injury / Monitoring Liver Chemistries; ACTION AND CLINICAL PHARMACOLOGY, Special Populations and Conditions, Hepatic Insufficiency). Renal Insufficiency: MYLAN-RILUZOLE is not recommended for use in patients with impaired renal function, as studies at repeated doses have not been conducted in this population (See WARNINGS AND PRECAUTIONS, Special Populations, Renal Insufficiency; ACTION AND CLINICAL PHARMACOLOGY, Special Populations and Conditions, Renal Insufficiency). Missed Dose If a dose of MYLAN-RILUZOLE is missed, the next dose should be taken at the next scheduled time. Extra tablets should not be taken to make up for the missed dose. OVERDOSAGE Experience with riluzole overdose in humans is limited. Neurological and psychiatric symptoms, acute toxic encephalopathy with stupor, coma, and methemoglobinemia have been observed in isolated cases. No specific antidote or information on treatment of overdosage with riluzole is available. In the event of overdose, MYLAN-RILUZOLE therapy should be discontinued immediately. Treatment should be supportive and directed toward alleviating symptoms. Severe methemoglobinemia may be rapidly reversible after treatment with methylene blue. The estimated oral median lethal dose is 94 mg/kg and 39 mg/kg for male mice and rats, respectively. For management of a suspected drug overdose, contact your regional Poison Control Centre. ",NO_EXACT_EMA_PRODUCT,,,,,NO_EXPLICIT_RENAL_RECOMMENDATION_FOUND,,,NO_EXPLICIT_RENAL_RECOMMENDATION_FOUND,,False,Marketed
MED-0508,ROCIVERINA,UNRESOLVED,False,False,False,NO_EXACT_IDENTITY_MATCH,,,NO_EXACT_DPD_PRODUCT,,,,,,,,NO_EXACT_EMA_PRODUCT,,,,,UNRESOLVED,,,UNRESOLVED,,False,
MED-0512,RUPATADINA,UNRESOLVED,False,False,False,NO_EXACT_IDENTITY_MATCH,,,NO_EXACT_DPD_PRODUCT,,,,,,,,NO_EXACT_EMA_PRODUCT,,,,,UNRESOLVED,,,UNRESOLVED,,False,
MED-0513,RUTINA,UNRESOLVED,False,False,False,NO_EXACT_IDENTITY_MATCH,,,NO_EXACT_DPD_PRODUCT,,,,,,,,NO_EXACT_EMA_PRODUCT,,,,,UNRESOLVED,,,UNRESOLVED,,False,
MED-0516,SAFINAMIDA,UNRESOLVED,False,False,False,NO_EXACT_IDENTITY_MATCH,,,NO_EXACT_DPD_PRODUCT,,,,,,,,NO_EXACT_EMA_PRODUCT,,,,,UNRESOLVED,,,UNRESOLVED,,False,
MED-0517,SALMETEROL,UNRESOLVED,False,False,False,EXACT_IDENTITY_CORROBORATED,NDA020692,100.0,EXACT_PRODUCT_NO_EXPLICIT_RENAL_ACTION,RENAL_DOSING_TEXT_EXPLICIT,50436,02231129,SEREVENT DISKUS (50MCG/DOSE),https://pdf.hres.ca/dpd_pm/00060366.PDF,2003-01-16," dose to relieve their symptoms. The regular twice-daily administration of SEREVENT DISKUS should reduce the excessive use of rapid onset, short duration, inhaled bronchodilators. General Considerations for Asthma and COPD The dosage or frequency of SEREVENT DISKUS administration should not be increased since there may be serious adverse effects associated with excessive dosing. SEREVENT DISKUS should not be used more than twice daily. Elderly and patients with impaired renal or hepatic function: There is no need to adjust the dose in the otherwise healthy elderly or in patients with impaired renal function. Because salmeterol is predominantly cleared by hepatic metabolism, patients with hepatic disease should be closely monitored. 4.2 Recommended Dose and Dosage Adjustment Asthma Maintenance Therapy Patients 4 years of age and older: One blister [50 micrograms of salmeterol (as the xinafoate)] twice daily. COPD One blister [50 micrograms of salmeterol (as the xinafoate)] twice daily. 4.4 Administration SEREVENT DISKUS is administered by the inhaled route only. ",NO_EXACT_EMA_PRODUCT,,,,,NO_EXPLICIT_RENAL_RECOMMENDATION_FOUND,,,NO_EXPLICIT_RENAL_RECOMMENDATION_FOUND,,False,Marketed
MED-0518,SECNIDAZOL,UNRESOLVED,False,False,False,NO_EXACT_IDENTITY_MATCH,,,NO_EXACT_DPD_PRODUCT,,,,,,,,NO_EXACT_EMA_PRODUCT,,,,,UNRESOLVED,,,UNRESOLVED,,False,
MED-0524,SILIMARINA,UNRESOLVED,False,False,False,NO_EXACT_IDENTITY_MATCH,,,NO_EXACT_DPD_PRODUCT,,,,,,,,NO_EXACT_EMA_PRODUCT,,,,,UNRESOLVED,,,UNRESOLVED,,False,
MED-0526,SIMETICONA,UNRESOLVED,False,False,False,NO_EXACT_IDENTITY_MATCH,,,NO_EXACT_DPD_PRODUCT,,,,,,,,NO_EXACT_EMA_PRODUCT,,,,,UNRESOLVED,,,UNRESOLVED,,False,
MED-0531,SOMATOTROPINA,UNRESOLVED,False,False,False,NO_EXACT_IDENTITY_MATCH,,,NO_EXACT_DPD_PRODUCT,,,,,,,,NO_EXACT_EMA_PRODUCT,,,,,UNRESOLVED,,,UNRESOLVED,,False,
MED-0534,SUBSALICILATO DE BISMUTO,UNRESOLVED,False,False,False,NO_EXACT_IDENTITY_MATCH,,,NO_EXACT_DPD_PRODUCT,,,,,,,,NO_EXACT_EMA_PRODUCT,,,,,UNRESOLVED,,,UNRESOLVED,,False,
MED-0535,SUCRALFATO,UNRESOLVED,False,False,False,NO_EXACT_IDENTITY_MATCH,,,NO_EXACT_DPD_PRODUCT,,,,,,,,NO_EXACT_EMA_PRODUCT,,,,,UNRESOLVED,,,UNRESOLVED,,False,
MED-0536,SULBUTIAMINA,UNRESOLVED,False,False,False,NO_EXACT_IDENTITY_MATCH,,,NO_EXACT_DPD_PRODUCT,,,,,,,,NO_EXACT_EMA_PRODUCT,,,,,UNRESOLVED,,,UNRESOLVED,,False,
MED-0537,SULFADIAZINA,UNRESOLVED,False,False,False,NO_EXACT_IDENTITY_MATCH,,,NO_EXACT_DPD_PRODUCT,,,,,,,,NO_EXACT_EMA_PRODUCT,,,,,UNRESOLVED,,,UNRESOLVED,,False,
MED-0538,SULFADOXINA,UNRESOLVED,False,False,False,NO_EXACT_IDENTITY_MATCH,,,NO_EXACT_DPD_PRODUCT,,,,,,,,NO_EXACT_EMA_PRODUCT,,,,,UNRESOLVED,,,UNRESOLVED,,False,
MED-0539,SULFAMETIZOL,UNRESOLVED,False,False,False,NO_EXACT_IDENTITY_MATCH,,,NO_EXACT_DPD_PRODUCT,,,,,,,,NO_EXACT_EMA_PRODUCT,,,,,UNRESOLVED,,,UNRESOLVED,,False,
MED-0541,SULFASALAZINA,UNRESOLVED,False,False,False,NO_EXACT_IDENTITY_MATCH,,,NO_EXACT_DPD_PRODUCT,,,,,,,,NO_EXACT_EMA_PRODUCT,,,,,UNRESOLVED,,,UNRESOLVED,,False,
MED-0542,SULFATO DE MAGNESIO,UNRESOLVED,False,False,False,NO_EXACT_IDENTITY_MATCH,,,NO_EXACT_DPD_PRODUCT,,,,,,,,NO_EXACT_EMA_PRODUCT,,,,,UNRESOLVED,,,UNRESOLVED,,False,
MED-0543,SULFATO DE MANGANESO,UNRESOLVED,False,False,False,NO_EXACT_IDENTITY_MATCH,,,NO_EXACT_DPD_PRODUCT,,,,,,,,NO_EXACT_EMA_PRODUCT,,,,,UNRESOLVED,,,UNRESOLVED,,False,
MED-0544,SULFATO DE POTASIO,UNRESOLVED,False,False,False,NO_EXACT_IDENTITY_MATCH,,,NO_EXACT_DPD_PRODUCT,,,,,,,,NO_EXACT_EMA_PRODUCT,,,,,UNRESOLVED,,,UNRESOLVED,,False,
MED-0545,SULFATO DE ZINC,UNRESOLVED,False,False,False,EXACT_IDENTITY_CORROBORATED,ANDA216249,100.0,EXACT_PRODUCT_NO_EXPLICIT_RENAL_ACTION,NO_RENAL_TEXT,128,00097144,EGG SHELL GERMICIDE 5%,https://health-products.canada.ca/dpd-bdpp/info?code=128&lang=eng,,,NO_EXACT_EMA_PRODUCT,,,,,NO_EXPLICIT_RENAL_RECOMMENDATION_FOUND,,,NO_EXPLICIT_RENAL_RECOMMENDATION_FOUND,,False,Dormant
MED-0546,SULFATO FERROSO,UNRESOLVED,False,False,False,NO_EXACT_IDENTITY_MATCH,,,NO_EXACT_DPD_PRODUCT,,,,,,,,NO_EXACT_EMA_PRODUCT,,,,,UNRESOLVED,,,UNRESOLVED,,False,
MED-0547,SULPIRIDA,UNRESOLVED,False,False,False,NO_EXACT_IDENTITY_MATCH,,,NO_EXACT_DPD_PRODUCT,,,,,,,,NO_EXACT_EMA_PRODUCT,,,,,UNRESOLVED,,,UNRESOLVED,,False,
MED-0548,SULTAMICILINA,UNRESOLVED,False,False,False,NO_EXACT_IDENTITY_MATCH,,,NO_EXACT_DPD_PRODUCT,,,,,,,,NO_EXACT_EMA_PRODUCT,,,,,UNRESOLVED,,,UNRESOLVED,,False,
MED-0555,TAMOXIFENO,UNRESOLVED,False,False,False,NO_EXACT_IDENTITY_MATCH,,,NO_EXACT_DPD_PRODUCT,,,,,,,,NO_EXACT_EMA_PRODUCT,,,,,UNRESOLVED,,,UNRESOLVED,,False,
MED-0563,TERBINAFINA,UNRESOLVED,False,False,False,NO_EXACT_IDENTITY_MATCH,,,NO_EXACT_DPD_PRODUCT,,,,,,,,NO_EXACT_EMA_PRODUCT,,,,,UNRESOLVED,,,UNRESOLVED,,False,
MED-0564,TERBUTALINA SULFATO,UNRESOLVED,False,False,False,NO_EXACT_IDENTITY_MATCH,,,NO_EXACT_DPD_PRODUCT,,,,,,,,NO_EXACT_EMA_PRODUCT,,,,,UNRESOLVED,,,UNRESOLVED,,False,
MED-0566,TESTOSTERONA UNDECANOATO,UNRESOLVED,False,False,False,NO_EXACT_IDENTITY_MATCH,,,NO_EXACT_DPD_PRODUCT,,,,,,,,NO_EXACT_EMA_PRODUCT,,,,,UNRESOLVED,,,UNRESOLVED,,False,
MED-0567,TETRABENAZINA,UNRESOLVED,False,False,False,NO_EXACT_IDENTITY_MATCH,,,NO_EXACT_DPD_PRODUCT,,,,,,,,NO_EXACT_EMA_PRODUCT,,,,,UNRESOLVED,,,UNRESOLVED,,False,
MED-0569,TIAMINA CLORHIDRATO,UNRESOLVED,False,False,False,NO_EXACT_IDENTITY_MATCH,,,NO_EXACT_DPD_PRODUCT,,,,,,,,NO_EXACT_EMA_PRODUCT,,,,,UNRESOLVED,,,UNRESOLVED,,False,
MED-0570,TIBOLONA,UNRESOLVED,False,False,False,NO_EXACT_IDENTITY_MATCH,,,NO_EXACT_DPD_PRODUCT,,,,,,,,NO_EXACT_EMA_PRODUCT,,,,,UNRESOLVED,,,UNRESOLVED,,False,
MED-0573,TIOCOLCHICOSIDO,UNRESOLVED,False,False,False,NO_EXACT_IDENTITY_MATCH,,,NO_EXACT_DPD_PRODUCT,,,,,,,,NO_EXACT_EMA_PRODUCT,,,,,UNRESOLVED,,,UNRESOLVED,,False,
MED-0574,TIOGUANINA,UNRESOLVED,False,False,False,NO_EXACT_IDENTITY_MATCH,,,NO_EXACT_DPD_PRODUCT,,,,,,,,NO_EXACT_EMA_PRODUCT,,,,,UNRESOLVED,,,UNRESOLVED,,False,
MED-0575,TIOTROPIO,UNRESOLVED,False,False,False,NO_EXACT_IDENTITY_MATCH,,,NO_EXACT_DPD_PRODUCT,,,,,,,,NO_EXACT_EMA_PRODUCT,,,,,UNRESOLVED,,,UNRESOLVED,,False,
MED-0576,TIROSINA,UNRESOLVED,False,False,False,NO_EXACT_IDENTITY_MATCH,,,NO_EXACT_DPD_PRODUCT,,,,,,,,NO_EXACT_EMA_PRODUCT,,,,,UNRESOLVED,,,UNRESOLVED,,False,
MED-0585,TREONINA,UNRESOLVED,False,False,False,NO_EXACT_IDENTITY_MATCH,,,NO_EXACT_DPD_PRODUCT,,,,,,,,NO_EXACT_EMA_PRODUCT,,,,,UNRESOLVED,,,UNRESOLVED,,False,
MED-0586,TRETINOINA,UNRESOLVED,False,False,False,NO_EXACT_IDENTITY_MATCH,,,NO_EXACT_DPD_PRODUCT,,,,,,,,NO_EXACT_EMA_PRODUCT,,,,,UNRESOLVED,,,UNRESOLVED,,False,
MED-0587,TRIAZOLAM,UNRESOLVED,False,False,False,EXACT_IDENTITY_CORROBORATED,ANDA074445,100.0,EXACT_PRODUCT_NO_EXPLICIT_RENAL_ACTION,RENAL_MENTION_WITHOUT_EXPLICIT_DOSING_ACTION,9575,00808571,TRIAZOLAM,https://pdf.hres.ca/dpd_pm/00064008.PDF,2014-06-27,"ZOLAM should be avoided in elderly patients. Enhanced monitoring is recommended. 4.2 Recommended Dose and Dosage Adjustment The starting dose in all patients should be 0.125 mg; for many patients this dose immediately before retiring should be sufficient. In most adults, a dose of 0.25 mg should not be exceeded. A dose of 0.5 mg should be used only for exceptional patients who do not respond adequately to a trial of the lower dose since the risk of several adverse reactions increases with the size of the dose administered. For elderly, or debilitated patients and patients with disturbed liver/kidney function, the dose should not exceed 0.125 mg before retiring. The 0.25 mg dose should be used only for exceptional patients who do not respond to a trial of the lower dose. Caution and consideration of dose reduction are recommended during coadministration of CYP 3A inhibitors with triazolam. See 9.4 Drug-Drug Interactions. Health Canada has not authorized an indication for pediatric use. 4.5 Missed Dose If the patient misses a dose, inform the patient to skip the missed dose and take the next dose at the regular dosing schedule. 5 OVERDOSAGE Manifestations of TRIAZOLAM overdosage include extensions of its pharmacological effects, namely somnolence, confusion, impaired coordination, slurred speech, and ultimately coma. Respiratory depression and apnea have been reported with overdosages of triazolam. Death has been reported in association with overdoses of triazolam by itself, as it has with other benzodiazepines. In addition, fatalities have been reported in patients who have overdosed with a combination of alcohol and a single benzodiazepine, including triazolam. In some of these cases, blood levels of the benzodiazepine and alcohol were lower than those usually associated with reports of fatalities with either substance alone. TRIAZOLAM (triazolam) Page 7 of 31 As in all cases of drug overdosage, respiration, pulse and blood pressure should be monitored and supported by general measures when necessary. Immediate gastric lavage should be performed. An adequate airway should be maintained. Intravenous fluids may be administered. As with the management of intentional overdosage with any drug, the physician should bear in mind that multiple agents may have been ingested by the patient. The benzodiazepine antagonist, flumazenil ('Anexate’), is a specific antidote in known or sus
---
er these events. The use of alcohol and other CNS- depressants with TRIAZOLAM appears to increase the risk of such behaviours, as does the use of TRIAZOLAM at doses exceeding the maximum recommended dose. TRIAZOLAM is not to be taken with alcohol. Caution is needed with concomitant use of other CNS depressant drugs. Due to the risk to the patient and the community, discontinuation of TRIAZOLAM should be strongly considered for patients who report any such complex sleep-related behaviours. Renal Patients with specific conditions: Triazolam should be given with caution to patients with impaired renal function. Reproductive Health: Female and Male Potential  Teratogenic Risk Teratogenic effects TRIAZOLAM is contraindicated in pregnant women. See 2 CONTRAINDICATIONS Nonteratogenic effects It is to be considered that the child born of a mother who is on benzodiazepines may be at some risk for withdrawal symptoms from the drug, during the postnatal period. Also, neonatal flaccidity has been reported in an infant born of a mother who had been receiving benzodiazepines. TRIAZOLAM (triazolam) Page 18 of 31  Pregnancy and Breast-feeding: When triazolam was given to pregnant mice two days before term, drug-related material was found uniformly distributed in the fetus with concentrations approximately the same as in the brain of the mother. When 14C-triazolam was given orally to lactating rats, triazolam appeared mainly as metabolites in the milk samples obtained at 6 and 24 hours post-administration.  Hepatic Insufficiency: Following oral administration of triazolam, 0.25 mg, triazolam clearance was reduced in eight subjects with biopsy- proven cirrhosis (4.99 ± 3.14 mL/min/kg) as compared to seven normal subjects (6.69 ± 2.52 mL/min/kg). Peak plasma levels and time to peak concentration were not different between the groups. The reduction in triazolam clearance in subjects with cirrhosis correlated with the severity of liver dysfunction.  Renal Insufficiency: Following oral administration of triazolam, 0.5 mg, peak plasma triazolam concentrations were lower in eleven patients with renal failure undergoing dialysis (4.04 ± 1.83 ng/mL) than in patients with normal renal function (6.54 ± 1.70 ng/mL). Other pharmacokinetic parameters were not significantly different between patients with impaired and normal renal function. 11 STORAGE, STABILITY AND DISPOSAL Store at controlled room
---
ncy: Following oral administration of triazolam, 0.25 mg, triazolam clearance was reduced in eight subjects with biopsy- proven cirrhosis (4.99 ± 3.14 mL/min/kg) as compared to seven normal subjects (6.69 ± 2.52 mL/min/kg). Peak plasma levels and time to peak concentration were not different between the groups. The reduction in triazolam clearance in subjects with cirrhosis correlated with the severity of liver dysfunction.  Renal Insufficiency: Following oral administration of triazolam, 0.5 mg, peak plasma triazolam concentrations were lower in eleven patients with renal failure undergoing dialysis (4.04 ± 1.83 ng/mL) than in patients with normal renal function (6.54 ± 1.70 ng/mL). Other pharmacokinetic parameters were not significantly different between patients with impaired and normal renal function. 11 STORAGE, STABILITY AND DISPOSAL Store at controlled room temperature 15-30°C (59-86°F). Keep out of reach and sight of children. TRIAZOLAM should never be disposed of in household trash. Disposal via a pharmacy take back program is recommended. 12 SPECIAL HANDLING INSTRUCTIONS None 
---
triazolam clearance was reduced in eight subjects with biopsy- proven cirrhosis (4.99 ± 3.14 mL/min/kg) as compared to seven normal subjects (6.69 ± 2.52 mL/min/kg). Peak plasma levels and time to peak concentration were not different between the groups. The reduction in triazolam clearance in subjects with cirrhosis correlated with the severity of liver dysfunction.  Renal Insufficiency: Following oral administration of triazolam, 0.5 mg, peak plasma triazolam concentrations were lower in eleven patients with renal failure undergoing dialysis (4.04 ± 1.83 ng/mL) than in patients with normal renal function (6.54 ± 1.70 ng/mL). Other pharmacokinetic parameters were not significantly different between patients with impaired and normal renal function. 11 STORAGE, STABILITY AND DISPOSAL Store at controlled room temperature 15-30°C (59-86°F). Keep out of reach and sight of children. TRIAZOLAM should never be disposed of in household trash. Disposal via a pharmacy take back program is recommended. 12 SPECIAL HANDLING INSTRUCTIONS None 
---
69 ± 2.52 mL/min/kg). Peak plasma levels and time to peak concentration were not different between the groups. The reduction in triazolam clearance in subjects with cirrhosis correlated with the severity of liver dysfunction.  Renal Insufficiency: Following oral administration of triazolam, 0.5 mg, peak plasma triazolam concentrations were lower in eleven patients with renal failure undergoing dialysis (4.04 ± 1.83 ng/mL) than in patients with normal renal function (6.54 ± 1.70 ng/mL). Other pharmacokinetic parameters were not significantly different between patients with impaired and normal renal function. 11 STORAGE, STABILITY AND DISPOSAL Store at controlled room temperature 15-30°C (59-86°F). Keep out of reach and sight of children. TRIAZOLAM should never be disposed of in household trash. Disposal via a pharmacy take back program is recommended. 12 SPECIAL HANDLING INSTRUCTIONS None ",NO_EXACT_EMA_PRODUCT,,,,,NO_EXPLICIT_RENAL_RECOMMENDATION_FOUND,,,NO_EXPLICIT_RENAL_RECOMMENDATION_FOUND,,False,Marketed
MED-0588,TRIENTINA CLORHIDRATO,UNRESOLVED,False,False,False,NO_EXACT_IDENTITY_MATCH,,,NO_EXACT_DPD_PRODUCT,,,,,,,,NO_EXACT_EMA_PRODUCT,,,,,UNRESOLVED,,,UNRESOLVED,,False,
MED-0589,TRIFLUOPERAZINA,UNRESOLVED,False,False,False,NO_EXACT_IDENTITY_MATCH,,,NO_EXACT_DPD_PRODUCT,,,,,,,,NO_EXACT_EMA_PRODUCT,,,,,UNRESOLVED,,,UNRESOLVED,,False,
MED-0590,TRIMEBUTINA,UNRESOLVED,False,False,False,NO_EXACT_IDENTITY_MATCH,,,NO_EXACT_DPD_PRODUCT,,,,,,,,NO_EXACT_EMA_PRODUCT,,,,,UNRESOLVED,,,UNRESOLVED,,False,
MED-0591,TRIMETAZIDINA,UNRESOLVED,False,False,False,NO_EXACT_IDENTITY_MATCH,,,NO_EXACT_DPD_PRODUCT,,,,,,,,NO_EXACT_EMA_PRODUCT,,,,,UNRESOLVED,,,UNRESOLVED,,False,
MED-0593,TRIMIPRAMINA,UNRESOLVED,False,False,False,NO_EXACT_IDENTITY_MATCH,,,NO_EXACT_DPD_PRODUCT,,,,,,,,NO_EXACT_EMA_PRODUCT,,,,,UNRESOLVED,,,UNRESOLVED,,False,
MED-0598,VALERATO DE ESTRADIOL,UNRESOLVED,False,False,False,NO_EXACT_IDENTITY_MATCH,,,NO_EXACT_DPD_PRODUCT,,,,,,,,NO_EXACT_EMA_PRODUCT,,,,,UNRESOLVED,,,UNRESOLVED,,False,
MED-0607,VERAPAMILO,UNRESOLVED,False,False,False,NO_EXACT_IDENTITY_MATCH,,,NO_EXACT_DPD_PRODUCT,,,,,,,,NO_EXACT_EMA_PRODUCT,,,,,UNRESOLVED,,,UNRESOLVED,,False,
MED-0610,VILANTEROL,UNRESOLVED,False,False,False,NO_EXACT_IDENTITY_MATCH,,,NO_EXACT_DPD_PRODUCT,,,,,,,,NO_EXACT_EMA_PRODUCT,,,,,UNRESOLVED,,,UNRESOLVED,,False,
MED-0611,VILDAGLIPTINA,UNRESOLVED,False,False,False,NO_EXACT_IDENTITY_MATCH,,,NO_EXACT_DPD_PRODUCT,,,,,,,,NO_EXACT_EMA_PRODUCT,,,,,UNRESOLVED,,,UNRESOLVED,,False,
MED-0616,ZOFENOPRIL,UNRESOLVED,False,False,False,NO_EXACT_IDENTITY_MATCH,,,NO_EXACT_DPD_PRODUCT,,,,,,,,NO_EXACT_EMA_PRODUCT,,,,,UNRESOLVED,,,UNRESOLVED,,False,
MED-0618,ZOPLICONA,UNRESOLVED,False,False,False,NO_EXACT_IDENTITY_MATCH,,,NO_EXACT_DPD_PRODUCT,,,,,,,,NO_EXACT_EMA_PRODUCT,,,,,UNRESOLVED,,,UNRESOLVED,,False,
MED-0633,SALBUTAMOL,UNRESOLVED,False,False,False,NO_EXACT_IDENTITY_MATCH,,,EXACT_PRODUCT_NO_EXPLICIT_RENAL_ACTION,NO_RENAL_TEXT,13550,01926934,TEVA-SALBUTAMOL STERINEBS P.F.,https://pdf.hres.ca/dpd_pm/00084629.PDF,2012-07-06,,NO_EXACT_EMA_PRODUCT,,,,,NO_EXPLICIT_RENAL_RECOMMENDATION_FOUND,,,NO_EXPLICIT_RENAL_RECOMMENDATION_FOUND,,False,Marketed
MED-0634,EPINEFRINA,UNRESOLVED,False,False,False,NO_EXACT_IDENTITY_MATCH,,,NO_EXACT_DPD_PRODUCT,,,,,,,,NO_EXACT_EMA_PRODUCT,,,,,UNRESOLVED,,,UNRESOLVED,,False,
MED-0635,ATROPINA,UNRESOLVED,False,False,False,NO_EXACT_IDENTITY_MATCH,,,NO_EXACT_DPD_PRODUCT,,,,,,,,NO_EXACT_EMA_PRODUCT,,,,,UNRESOLVED,,,UNRESOLVED,,False,
MED-0636,ADENOSINA,UNRESOLVED,False,False,False,NO_EXACT_IDENTITY_MATCH,,,NO_EXACT_DPD_PRODUCT,,,,,,,,NO_EXACT_EMA_PRODUCT,,,,,UNRESOLVED,,,UNRESOLVED,,False,
MED-0637,NOREPINEFRINA,UNRESOLVED,False,False,False,NO_EXACT_IDENTITY_MATCH,,,NO_EXACT_DPD_PRODUCT,,,,,,,,NO_EXACT_EMA_PRODUCT,,,,,UNRESOLVED,,,UNRESOLVED,,False,
MED-0638,DOPAMINA,UNRESOLVED,False,False,False,NO_EXACT_IDENTITY_MATCH,,,NO_EXACT_DPD_PRODUCT,,,,,,,,NO_EXACT_EMA_PRODUCT,,,,,UNRESOLVED,,,UNRESOLVED,,False,
MED-0639,DOBUTAMINA,UNRESOLVED,False,False,False,NO_EXACT_IDENTITY_MATCH,,,NO_EXACT_DPD_PRODUCT,,,,,,,,NO_EXACT_EMA_PRODUCT,,,,,UNRESOLVED,,,UNRESOLVED,,False,
MED-0640,HIDRALAZINA,UNRESOLVED,False,False,False,NO_EXACT_IDENTITY_MATCH,,,NO_EXACT_DPD_PRODUCT,,,,,,,,NO_EXACT_EMA_PRODUCT,,,,,UNRESOLVED,,,UNRESOLVED,,False,
MED-0641,NITROGLICERINA,UNRESOLVED,False,False,False,NO_EXACT_IDENTITY_MATCH,,,NO_EXACT_DPD_PRODUCT,,,,,,,,NO_EXACT_EMA_PRODUCT,,,,,UNRESOLVED,,,UNRESOLVED,,False,
MED-0642,HEPARINA NO FRACCIONADA,UNRESOLVED,False,False,False,NO_EXACT_IDENTITY_MATCH,,,NO_EXACT_DPD_PRODUCT,,,,,,,,NO_EXACT_EMA_PRODUCT,,,,,UNRESOLVED,,,UNRESOLVED,,False,
MED-0644,INSULINA REGULAR,UNRESOLVED,False,False,False,NO_EXACT_IDENTITY_MATCH,,,NO_EXACT_DPD_PRODUCT,,,,,,,,NO_EXACT_EMA_PRODUCT,,,,,UNRESOLVED,,,UNRESOLVED,,False,
MED-0645,INSULINA NPH,UNRESOLVED,False,False,False,NO_EXACT_IDENTITY_MATCH,,,NO_EXACT_DPD_PRODUCT,,,,,,,,NO_EXACT_EMA_PRODUCT,,,,,UNRESOLVED,,,UNRESOLVED,,False,
MED-0647,DEXTROSA,UNRESOLVED,False,False,False,NO_EXACT_IDENTITY_MATCH,,,NO_EXACT_DPD_PRODUCT,,,,,,,,NO_EXACT_EMA_PRODUCT,,,,,UNRESOLVED,,,UNRESOLVED,,False,
MED-0648,GLUCONATO DE CALCIO,UNRESOLVED,False,False,False,NO_EXACT_IDENTITY_MATCH,,,NO_EXACT_DPD_PRODUCT,,,,,,,,NO_EXACT_EMA_PRODUCT,,,,,UNRESOLVED,,,UNRESOLVED,,False,
MED-0649,CLORURO DE CALCIO,UNRESOLVED,False,False,False,NO_EXACT_IDENTITY_MATCH,,,NO_EXACT_DPD_PRODUCT,,,,,,,,NO_EXACT_EMA_PRODUCT,,,,,UNRESOLVED,,,UNRESOLVED,,False,
MED-0650,LIDOCAÍNA,UNRESOLVED,False,False,False,NO_EXACT_IDENTITY_MATCH,,,NO_EXACT_DPD_PRODUCT,,,,,,,,NO_EXACT_EMA_PRODUCT,,,,,UNRESOLVED,,,UNRESOLVED,,False,
MED-0651,BUPIVACAÍNA,UNRESOLVED,False,False,False,NO_EXACT_IDENTITY_MATCH,,,NO_EXACT_DPD_PRODUCT,,,,,,,,NO_EXACT_EMA_PRODUCT,,,,,UNRESOLVED,,,UNRESOLVED,,False,
MED-0652,KETAMINA,UNRESOLVED,False,False,False,NO_EXACT_IDENTITY_MATCH,,,NO_EXACT_DPD_PRODUCT,,,,,,,,NO_EXACT_EMA_PRODUCT,,,,,UNRESOLVED,,,UNRESOLVED,,False,
MED-0653,PROPOFOL,UNRESOLVED,False,False,False,EXACT_IDENTITY_CORROBORATED,ANDA075102,100.0,EXACT_PRODUCT_NO_EXPLICIT_RENAL_ACTION,NO_RENAL_TEXT,14476,02018950,DIPRIVAN 1%,https://pdf.hres.ca/dpd_pm/00081220.PDF,2018-07-16,,NO_EXACT_EMA_PRODUCT,,,,,NO_EXPLICIT_RENAL_RECOMMENDATION_FOUND,,,NO_EXPLICIT_RENAL_RECOMMENDATION_FOUND,,False,Marketed
MED-0654,MORFINA,UNRESOLVED,False,False,False,NO_EXACT_IDENTITY_MATCH,,,NO_EXACT_DPD_PRODUCT,,,,,,,,NO_EXACT_EMA_PRODUCT,,,,,UNRESOLVED,,,UNRESOLVED,,False,
MED-0655,FENTANILO,UNRESOLVED,False,False,False,NO_EXACT_IDENTITY_MATCH,,,NO_EXACT_DPD_PRODUCT,,,,,,,,NO_EXACT_EMA_PRODUCT,,,,,UNRESOLVED,,,UNRESOLVED,,False,
MED-0656,ROCURONIO,UNRESOLVED,False,False,False,NO_EXACT_IDENTITY_MATCH,,,NO_EXACT_DPD_PRODUCT,,,,,,,,NO_EXACT_EMA_PRODUCT,,,,,UNRESOLVED,,,UNRESOLVED,,False,
MED-0657,SUCCINILCOLINA,UNRESOLVED,False,False,False,NO_EXACT_IDENTITY_MATCH,,,NO_EXACT_DPD_PRODUCT,,,,,,,,NO_EXACT_EMA_PRODUCT,,,,,UNRESOLVED,,,UNRESOLVED,,False,
MED-0658,ETOMIDATO,UNRESOLVED,False,False,False,NO_EXACT_IDENTITY_MATCH,,,NO_EXACT_DPD_PRODUCT,,,,,,,,NO_EXACT_EMA_PRODUCT,,,,,UNRESOLVED,,,UNRESOLVED,,False,
MED-0659,LACTULOSA,UNRESOLVED,False,False,False,NO_EXACT_IDENTITY_MATCH,,,NO_EXACT_DPD_PRODUCT,,,,,,,,NO_EXACT_EMA_PRODUCT,,,,,UNRESOLVED,,,UNRESOLVED,,False,
MED-0660,POLIETILENGLICOL 3350,UNRESOLVED,False,False,False,NO_EXACT_IDENTITY_MATCH,,,NO_EXACT_DPD_PRODUCT,,,,,,,,NO_EXACT_EMA_PRODUCT,,,,,UNRESOLVED,,,UNRESOLVED,,False,
MED-0661,SENÓSIDOS,UNRESOLVED,False,False,False,NO_EXACT_IDENTITY_MATCH,,,NO_EXACT_DPD_PRODUCT,,,,,,,,NO_EXACT_EMA_PRODUCT,,,,,UNRESOLVED,,,UNRESOLVED,,False,
MED-0662,NALOXONA,UNRESOLVED,False,False,False,NO_EXACT_IDENTITY_MATCH,,,NO_EXACT_DPD_PRODUCT,,,,,,,,NO_EXACT_EMA_PRODUCT,,,,,UNRESOLVED,,,UNRESOLVED,,False,
MED-0664,PRALIDOXIMA,UNRESOLVED,False,False,False,NO_EXACT_IDENTITY_MATCH,,,NO_EXACT_DPD_PRODUCT,,,,,,,,NO_EXACT_EMA_PRODUCT,,,,,UNRESOLVED,,,UNRESOLVED,,False,
MED-0665,HIDROXOCOBALAMINA,UNRESOLVED,False,False,False,NO_EXACT_IDENTITY_MATCH,,,NO_EXACT_DPD_PRODUCT,,,,,,,,NO_EXACT_EMA_PRODUCT,,,,,UNRESOLVED,,,UNRESOLVED,,False,
MED-0667,AMPICILINA/SULBACTAM,UNRESOLVED,False,False,False,NO_EXACT_IDENTITY_MATCH,,,NO_EXACT_DPD_PRODUCT,,,,,,,,NO_EXACT_EMA_PRODUCT,,,,,UNRESOLVED,,,UNRESOLVED,,False,
MED-0674,FOSFOMICINA,UNRESOLVED,False,False,False,NO_EXACT_IDENTITY_MATCH,,,NO_EXACT_DPD_PRODUCT,,,,,,,,NO_EXACT_EMA_PRODUCT,,,,,UNRESOLVED,,,UNRESOLVED,,False,
MED-0677,DEXMEDETOMIDINA,UNRESOLVED,False,False,False,NO_EXACT_IDENTITY_MATCH,,,NO_EXACT_DPD_PRODUCT,,,,,,,,NO_EXACT_EMA_PRODUCT,,,,,UNRESOLVED,,,UNRESOLVED,,False,
MED-0678,DROPERIDOL,UNRESOLVED,False,False,False,EXACT_IDENTITY_CORROBORATED,ANDA071981,100.0,EXACT_PRODUCT_NO_EXPLICIT_RENAL_ACTION,NO_RENAL_TEXT,51884,02232449,DROPERIDOL INJECTION,https://health-products.canada.ca/dpd-bdpp/info?code=51884&lang=eng,,,NO_EXACT_EMA_PRODUCT,,,,,NO_EXPLICIT_RENAL_RECOMMENDATION_FOUND,,,NO_EXPLICIT_RENAL_RECOMMENDATION_FOUND,,False,Cancelled Post Market
MED-0680,OXICODONA,UNRESOLVED,False,False,False,NO_EXACT_IDENTITY_MATCH,,,NO_EXACT_DPD_PRODUCT,,,,,,,,NO_EXACT_EMA_PRODUCT,,,,,UNRESOLVED,,,UNRESOLVED,,False,
MED-0681,METADONA,UNRESOLVED,False,False,False,NO_EXACT_IDENTITY_MATCH,,,NO_EXACT_DPD_PRODUCT,,,,,,,,NO_EXACT_EMA_PRODUCT,,,,,UNRESOLVED,,,UNRESOLVED,,False,
MED-0682,BUPRENORFINA,UNRESOLVED,False,False,False,NO_EXACT_IDENTITY_MATCH,,,NO_EXACT_DPD_PRODUCT,,,,,,,,NO_EXACT_EMA_PRODUCT,,,,,UNRESOLVED,,,UNRESOLVED,,False,
MED-0683,SULFATO DE PROTAMINA,UNRESOLVED,False,False,False,NO_EXACT_IDENTITY_MATCH,,,NO_EXACT_DPD_PRODUCT,,,,,,,,NO_EXACT_EMA_PRODUCT,,,,,UNRESOLVED,,,UNRESOLVED,,False,
MED-0684,FITOMENADIONA (VITAMINA K1),UNRESOLVED,False,False,False,NO_EXACT_IDENTITY_MATCH,,,NO_EXACT_DPD_PRODUCT,,,,,,,,NO_EXACT_EMA_PRODUCT,,,,,UNRESOLVED,,,UNRESOLVED,,False,
MED-0687,DIGOXINA INMUNE FAB,UNRESOLVED,False,False,False,NO_EXACT_IDENTITY_MATCH,,,NO_EXACT_DPD_PRODUCT,,,,,,,,NO_EXACT_EMA_PRODUCT,,,,,UNRESOLVED,,,UNRESOLVED,,False,
MED-0688,AZUL DE METILENO,UNRESOLVED,False,False,False,NO_EXACT_IDENTITY_MATCH,,,NO_EXACT_DPD_PRODUCT,,,,,,,,NO_EXACT_EMA_PRODUCT,,,,,UNRESOLVED,,,UNRESOLVED,,False,
MED-0689,CLORURO DE POTASIO,UNRESOLVED,False,False,False,NO_EXACT_IDENTITY_MATCH,,,NO_EXACT_DPD_PRODUCT,,,,,,,,NO_EXACT_EMA_PRODUCT,,,,,UNRESOLVED,,,UNRESOLVED,,False,
MED-0690,FOSFATO DE POTASIO,UNRESOLVED,False,False,False,NO_EXACT_IDENTITY_MATCH,,,NO_EXACT_DPD_PRODUCT,,,,,,,,NO_EXACT_EMA_PRODUCT,,,,,UNRESOLVED,,,UNRESOLVED,,False,
MED-0691,"CLORURO DE SODIO 0,9%",UNRESOLVED,False,False,False,NO_EXACT_IDENTITY_MATCH,,,NO_EXACT_DPD_PRODUCT,,,,,,,,NO_EXACT_EMA_PRODUCT,,,,,UNRESOLVED,,,UNRESOLVED,,False,
MED-0692,ALBÚMINA HUMANA,UNRESOLVED,False,False,False,NO_EXACT_IDENTITY_MATCH,,,NO_EXACT_DPD_PRODUCT,,,,,,,,NO_EXACT_EMA_PRODUCT,,,,,UNRESOLVED,,,UNRESOLVED,,False,
MED-0693,MANITOL,UNRESOLVED,False,False,False,NO_EXACT_IDENTITY_MATCH,,,NO_EXACT_DPD_PRODUCT,,,,,,,,NO_EXACT_EMA_PRODUCT,,,,,UNRESOLVED,,,UNRESOLVED,,False,
MED-0695,NICARDIPINO,UNRESOLVED,False,False,False,NO_EXACT_IDENTITY_MATCH,,,NO_EXACT_DPD_PRODUCT,,,,,,,,NO_EXACT_EMA_PRODUCT,,,,,UNRESOLVED,,,UNRESOLVED,,False,
MED-0697,PROCAINAMIDA,UNRESOLVED,False,False,False,NO_EXACT_IDENTITY_MATCH,,,NO_EXACT_DPD_PRODUCT,,,,,,,,NO_EXACT_EMA_PRODUCT,,,,,UNRESOLVED,,,UNRESOLVED,,False,
MED-0698,VASOPRESINA,UNRESOLVED,False,False,False,NO_EXACT_IDENTITY_MATCH,,,NO_EXACT_DPD_PRODUCT,,,,,,,,NO_EXACT_EMA_PRODUCT,,,,,UNRESOLVED,,,UNRESOLVED,,False,
MED-0699,CEFTAZIDIMA/AVIBACTAM,LOCAL_SUPPORT_ONLY_NEEDS_CURRENT_SOURCE,False,False,False,NO_EXACT_IDENTITY_MATCH,,,NO_EXACT_DPD_PRODUCT,,,,,,,,NO_EXACT_EMA_PRODUCT,,,,,UNRESOLVED,,,UNRESOLVED,,False,
MED-0702,ANFOTERICINA B LIPOSOMAL,UNRESOLVED,False,False,False,NO_EXACT_IDENTITY_MATCH,,,NO_EXACT_DPD_PRODUCT,,,,,,,,NO_EXACT_EMA_PRODUCT,,,,,UNRESOLVED,,,UNRESOLVED,,False,
MED-0704,NITROPRUSIATO DE SODIO,UNRESOLVED,False,False,False,NO_EXACT_IDENTITY_MATCH,,,NO_EXACT_DPD_PRODUCT,,,,,,,,NO_EXACT_EMA_PRODUCT,,,,,UNRESOLVED,,,UNRESOLVED,,False,
MED-0706,VECURONIO,UNRESOLVED,False,False,False,NO_EXACT_IDENTITY_MATCH,,,NO_EXACT_DPD_PRODUCT,,,,,,,,NO_EXACT_EMA_PRODUCT,,,,,UNRESOLVED,,,UNRESOLVED,,False,
MED-0707,ATOVACUONA/PROGUANIL,UNRESOLVED,False,False,False,NO_EXACT_IDENTITY_MATCH,,,NO_EXACT_DPD_PRODUCT,,,,,,,,NO_EXACT_EMA_PRODUCT,,,,,UNRESOLVED,,,UNRESOLVED,,False,
MED-0709,CLOXACILINA,UNRESOLVED,False,False,False,NO_EXACT_IDENTITY_MATCH,,,NO_EXACT_DPD_PRODUCT,,,,,,,,NO_EXACT_EMA_PRODUCT,,,,,UNRESOLVED,,,UNRESOLVED,,False,
MED-0710,FENOXIMETILPENICILINA BENZATINA,UNRESOLVED,False,False,False,NO_EXACT_IDENTITY_MATCH,,,NO_EXACT_DPD_PRODUCT,,,,,,,,NO_EXACT_EMA_PRODUCT,,,,,UNRESOLVED,,,UNRESOLVED,,False,
MED-0711,FENOXIMETILPENICILINA POTÁSICA,UNRESOLVED,False,False,False,NO_EXACT_IDENTITY_MATCH,,,NO_EXACT_DPD_PRODUCT,,,,,,,,NO_EXACT_EMA_PRODUCT,,,,,UNRESOLVED,,,UNRESOLVED,,False,
MED-0712,GRISEOFULVINA,UNRESOLVED,False,False,False,NO_EXACT_IDENTITY_MATCH,,,NO_EXACT_DPD_PRODUCT,,,,,,,,NO_EXACT_EMA_PRODUCT,,,,,UNRESOLVED,,,UNRESOLVED,,False,
MED-0714,IVERMECTINA,LOCAL_SUPPORT_ONLY_NEEDS_CURRENT_SOURCE,True,False,False,NO_EXACT_IDENTITY_MATCH,,,NO_EXACT_DPD_PRODUCT,,,,,,,,NO_EXACT_EMA_PRODUCT,,,,,CURRENT_SOURCE_NOT_FOUND_WITH_SUPPORT,,,CURRENT_SOURCE_NOT_FOUND_WITH_SUPPORT,,False,
MED-0715,JOSAMICINA,UNRESOLVED,False,False,False,NO_EXACT_IDENTITY_MATCH,,,NO_EXACT_DPD_PRODUCT,,,,,,,,NO_EXACT_EMA_PRODUCT,,,,,UNRESOLVED,,,UNRESOLVED,,False,
MED-0716,MICONAZOL,UNRESOLVED,False,False,False,NO_EXACT_IDENTITY_MATCH,,,NO_EXACT_DPD_PRODUCT,,,,,,,,NO_EXACT_EMA_PRODUCT,,,,,UNRESOLVED,,,UNRESOLVED,,False,
MED-0717,MIDECAMICINA,UNRESOLVED,False,False,False,NO_EXACT_IDENTITY_MATCH,,,NO_EXACT_DPD_PRODUCT,,,,,,,,NO_EXACT_EMA_PRODUCT,,,,,UNRESOLVED,,,UNRESOLVED,,False,
MED-0719,AMBROXOL,UNRESOLVED,False,False,False,NO_EXACT_IDENTITY_MATCH,,,NO_EXACT_DPD_PRODUCT,,,,,,,,NO_EXACT_EMA_PRODUCT,,,,,UNRESOLVED,,,UNRESOLVED,,False,
MED-0720,CLOPERASTINA,UNRESOLVED,False,False,False,NO_EXACT_IDENTITY_MATCH,,,NO_EXACT_DPD_PRODUCT,,,,,,,,NO_EXACT_EMA_PRODUCT,,,,,UNRESOLVED,,,UNRESOLVED,,False,
MED-0721,DESMOPRESINA,UNRESOLVED,False,False,False,NO_EXACT_IDENTITY_MATCH,,,NO_EXACT_DPD_PRODUCT,,,,,,,,NO_EXACT_EMA_PRODUCT,,,,,UNRESOLVED,,,UNRESOLVED,,False,
MED-0722,DEXCLORFENIRAMINA,UNRESOLVED,False,False,False,NO_EXACT_IDENTITY_MATCH,,,NO_EXACT_DPD_PRODUCT,,,,,,,,NO_EXACT_EMA_PRODUCT,,,,,UNRESOLVED,,,UNRESOLVED,,False,
MED-0723,EBASTINA,UNRESOLVED,False,False,False,NO_EXACT_IDENTITY_MATCH,,,NO_EXACT_DPD_PRODUCT,,,,,,,,NO_EXACT_EMA_PRODUCT,,,,,UNRESOLVED,,,UNRESOLVED,,False,
MED-0724,KETOTIFENO,UNRESOLVED,False,False,False,NO_EXACT_IDENTITY_MATCH,,,NO_EXACT_DPD_PRODUCT,,,,,,,,NO_EXACT_EMA_PRODUCT,,,,,UNRESOLVED,,,UNRESOLVED,,False,
MED-0725,LEVODROPROPIZINA,UNRESOLVED,False,False,False,NO_EXACT_IDENTITY_MATCH,,,NO_EXACT_DPD_PRODUCT,,,,,,,,NO_EXACT_EMA_PRODUCT,,,,,UNRESOLVED,,,UNRESOLVED,,False,
MED-0726,LISDEXANFETAMINA,UNRESOLVED,False,False,False,NO_EXACT_IDENTITY_MATCH,,,NO_EXACT_DPD_PRODUCT,,,,,,,,NO_EXACT_EMA_PRODUCT,,,,,UNRESOLVED,,,UNRESOLVED,,False,
MED-0727,PARAFINA LÍQUIDA,UNRESOLVED,False,False,False,NO_EXACT_IDENTITY_MATCH,,,NO_EXACT_DPD_PRODUCT,,,,,,,,NO_EXACT_EMA_PRODUCT,,,,,UNRESOLVED,,,UNRESOLVED,,False,
MED-0728,POLIETILENGLICOL 4000,UNRESOLVED,False,False,False,NO_EXACT_IDENTITY_MATCH,,,NO_EXACT_DPD_PRODUCT,,,,,,,,NO_EXACT_EMA_PRODUCT,,,,,UNRESOLVED,,,UNRESOLVED,,False,
MED-0729,RACECADOTRILO,UNRESOLVED,False,False,False,NO_EXACT_IDENTITY_MATCH,,,NO_EXACT_DPD_PRODUCT,,,,,,,,NO_EXACT_EMA_PRODUCT,,,,,UNRESOLVED,,,UNRESOLVED,,False,
MED-0730,ACETATO DE RETINOL,UNRESOLVED,False,False,False,NO_EXACT_IDENTITY_MATCH,,,EXACT_PRODUCT_NO_EXPLICIT_RENAL_ACTION,NO_RENAL_TEXT,2752,00401692,VITAMIN A CAP 10000UNIT,https://health-products.canada.ca/dpd-bdpp/info?code=2752&lang=eng,,,NO_EXACT_EMA_PRODUCT,,,,,NO_EXPLICIT_RENAL_RECOMMENDATION_FOUND,,,NO_EXPLICIT_RENAL_RECOMMENDATION_FOUND,,False,Cancelled Post Market
MED-0731,ÁCIDO AZELAICO,UNRESOLVED,False,False,False,NO_EXACT_IDENTITY_MATCH,,,NO_EXACT_DPD_PRODUCT,,,,,,,,NO_EXACT_EMA_PRODUCT,,,,,UNRESOLVED,,,UNRESOLVED,,False,
MED-0732,ÁCIDO FUSÍDICO,UNRESOLVED,False,False,False,NO_EXACT_IDENTITY_MATCH,,,NO_EXACT_DPD_PRODUCT,,,,,,,,NO_EXACT_EMA_PRODUCT,,,,,UNRESOLVED,,,UNRESOLVED,,False,
MED-0733,ADAPALENO,UNRESOLVED,False,False,False,NO_EXACT_IDENTITY_MATCH,,,NO_EXACT_DPD_PRODUCT,,,,,,,,NO_EXACT_EMA_PRODUCT,,,,,UNRESOLVED,,,UNRESOLVED,,False,
MED-0734,ADAPALENO/PERÓXIDO DE BENZOILO,UNRESOLVED,False,False,False,NO_EXACT_IDENTITY_MATCH,,,NO_EXACT_DPD_PRODUCT,,,,,,,,NO_EXACT_EMA_PRODUCT,,,,,UNRESOLVED,,,UNRESOLVED,,False,
MED-0735,AZELASTINA,UNRESOLVED,False,False,False,NO_EXACT_IDENTITY_MATCH,,,NO_EXACT_DPD_PRODUCT,,,,,,,,NO_EXACT_EMA_PRODUCT,,,,,UNRESOLVED,,,UNRESOLVED,,False,
MED-0736,BECLOMETASONA,UNRESOLVED,False,False,False,NO_EXACT_IDENTITY_MATCH,,,NO_EXACT_DPD_PRODUCT,,,,,,,,NO_EXACT_EMA_PRODUCT,,,,,UNRESOLVED,,,UNRESOLVED,,False,
MED-0737,BETAMETASONA,UNRESOLVED,False,False,False,NO_EXACT_IDENTITY_MATCH,,,NO_EXACT_DPD_PRODUCT,,,,,,,,NO_EXACT_EMA_PRODUCT,,,,,UNRESOLVED,,,UNRESOLVED,,False,
MED-0738,BETAMETASONA/ÁCIDO FUSÍDICO,UNRESOLVED,False,False,False,NO_EXACT_IDENTITY_MATCH,,,NO_EXACT_DPD_PRODUCT,,,,,,,,NO_EXACT_EMA_PRODUCT,,,,,UNRESOLVED,,,UNRESOLVED,,False,
MED-0739,BETAMETASONA/CLOTRIMAZOL,UNRESOLVED,False,False,False,NO_EXACT_IDENTITY_MATCH,,,NO_EXACT_DPD_PRODUCT,,,,,,,,NO_EXACT_EMA_PRODUCT,,,,,UNRESOLVED,,,UNRESOLVED,,False,
MED-0740,BETAMETASONA/GENTAMICINA,UNRESOLVED,False,False,False,NO_EXACT_IDENTITY_MATCH,,,NO_EXACT_DPD_PRODUCT,,,,,,,,NO_EXACT_EMA_PRODUCT,,,,,UNRESOLVED,,,UNRESOLVED,,False,
MED-0741,CICLOPIROX,UNRESOLVED,False,False,False,EXACT_IDENTITY_CORROBORATED,ANDA078172,100.0,EXACT_PRODUCT_NO_EXPLICIT_RENAL_ACTION,NO_RENAL_TEXT,83849,02353288,TARO-CICLOPIROX,https://pdf.hres.ca/dpd_pm/00010842.PDF,2011-10-25,,NO_EXACT_EMA_PRODUCT,,,,,NO_EXPLICIT_RENAL_RECOMMENDATION_FOUND,,,NO_EXPLICIT_RENAL_RECOMMENDATION_FOUND,,False,Marketed
MED-0742,CIPROFLOXACINO/FLUOCINOLONA,UNRESOLVED,False,False,False,NO_EXACT_IDENTITY_MATCH,,,NO_EXACT_DPD_PRODUCT,,,,,,,,NO_EXACT_EMA_PRODUCT,,,,,UNRESOLVED,,,UNRESOLVED,,False,
MED-0743,CLINDAMICINA/PERÓXIDO DE BENZOILO,UNRESOLVED,False,False,False,NO_EXACT_IDENTITY_MATCH,,,NO_EXACT_DPD_PRODUCT,,,,,,,,NO_EXACT_EMA_PRODUCT,,,,,UNRESOLVED,,,UNRESOLVED,,False,
MED-0744,CLINDAMICINA/TRETINOÍNA,UNRESOLVED,False,False,False,NO_EXACT_IDENTITY_MATCH,,,NO_EXACT_DPD_PRODUCT,,,,,,,,NO_EXACT_EMA_PRODUCT,,,,,UNRESOLVED,,,UNRESOLVED,,False,
MED-0745,CLIOQUINOL/BECLOMETASONA,UNRESOLVED,False,False,False,NO_EXACT_IDENTITY_MATCH,,,NO_EXACT_DPD_PRODUCT,,,,,,,,NO_EXACT_EMA_PRODUCT,,,,,UNRESOLVED,,,UNRESOLVED,,False,
MED-0746,CLOBETASONA,UNRESOLVED,False,False,False,NO_EXACT_IDENTITY_MATCH,,,NO_EXACT_DPD_PRODUCT,,,,,,,,NO_EXACT_EMA_PRODUCT,,,,,UNRESOLVED,,,UNRESOLVED,,False,
MED-0747,CLORTETRACICLINA,UNRESOLVED,False,False,False,NO_EXACT_IDENTITY_MATCH,,,NO_EXACT_DPD_PRODUCT,,,,,,,,NO_EXACT_EMA_PRODUCT,,,,,UNRESOLVED,,,UNRESOLVED,,False,
MED-0748,DEXAMETASONA/TOBRAMICINA,UNRESOLVED,False,False,False,NO_EXACT_IDENTITY_MATCH,,,NO_EXACT_DPD_PRODUCT,,,,,,,,NO_EXACT_EMA_PRODUCT,,,,,UNRESOLVED,,,UNRESOLVED,,False,
MED-0749,FLUOCINOLONA,UNRESOLVED,False,False,False,NO_EXACT_IDENTITY_MATCH,,,NO_EXACT_DPD_PRODUCT,,,,,,,,NO_EXACT_EMA_PRODUCT,,,,,UNRESOLVED,,,UNRESOLVED,,False,
MED-0750,FLUOROMETOLONA,UNRESOLVED,False,False,False,NO_EXACT_IDENTITY_MATCH,,,NO_EXACT_DPD_PRODUCT,,,,,,,,NO_EXACT_EMA_PRODUCT,,,,,UNRESOLVED,,,UNRESOLVED,,False,
MED-0751,GRAMICIDINA/POLIMIXINA B/NEOMICINA,UNRESOLVED,False,False,False,NO_EXACT_IDENTITY_MATCH,,,NO_EXACT_DPD_PRODUCT,,,,,,,,NO_EXACT_EMA_PRODUCT,,,,,UNRESOLVED,,,UNRESOLVED,,False,
MED-0752,HIDROCORTISONA ACEPONATO,UNRESOLVED,False,False,False,NO_EXACT_IDENTITY_MATCH,,,NO_EXACT_DPD_PRODUCT,,,,,,,,NO_EXACT_EMA_PRODUCT,,,,,UNRESOLVED,,,UNRESOLVED,,False,
MED-0753,HIDROCORTISONA/ÁCIDO FUSÍDICO,UNRESOLVED,False,False,False,NO_EXACT_IDENTITY_MATCH,,,NO_EXACT_DPD_PRODUCT,,,,,,,,NO_EXACT_EMA_PRODUCT,,,,,UNRESOLVED,,,UNRESOLVED,,False,
MED-0754,HIDROCORTISONA BUTIRATO,UNRESOLVED,False,False,False,NO_EXACT_IDENTITY_MATCH,,,NO_EXACT_DPD_PRODUCT,,,,,,,,NO_EXACT_EMA_PRODUCT,,,,,UNRESOLVED,,,UNRESOLVED,,False,
MED-0755,HIDROCORTISONA/MICONAZOL,UNRESOLVED,False,False,False,NO_EXACT_IDENTITY_MATCH,,,NO_EXACT_DPD_PRODUCT,,,,,,,,NO_EXACT_EMA_PRODUCT,,,,,UNRESOLVED,,,UNRESOLVED,,False,
MED-0756,HIDROCORTISONA/OXITETRACICLINA,UNRESOLVED,False,False,False,NO_EXACT_IDENTITY_MATCH,,,NO_EXACT_DPD_PRODUCT,,,,,,,,NO_EXACT_EMA_PRODUCT,,,,,UNRESOLVED,,,UNRESOLVED,,False,
MED-0757,HIDRÓXIDO DE POTASIO,UNRESOLVED,False,False,False,NO_EXACT_IDENTITY_MATCH,,,NO_EXACT_DPD_PRODUCT,,,,,,,,NO_EXACT_EMA_PRODUCT,,,,,UNRESOLVED,,,UNRESOLVED,,False,
MED-0758,IDOXURIDINA,UNRESOLVED,False,False,False,NO_EXACT_IDENTITY_MATCH,,,NO_EXACT_DPD_PRODUCT,,,,,,,,NO_EXACT_EMA_PRODUCT,,,,,UNRESOLVED,,,UNRESOLVED,,False,
MED-0759,LEVOCABASTINA,UNRESOLVED,False,False,False,NO_EXACT_IDENTITY_MATCH,,,NO_EXACT_DPD_PRODUCT,,,,,,,,NO_EXACT_EMA_PRODUCT,,,,,UNRESOLVED,,,UNRESOLVED,,False,
MED-0760,MUPIROCINA,UNRESOLVED,False,False,False,NO_EXACT_IDENTITY_MATCH,,,NO_EXACT_DPD_PRODUCT,,,,,,,,NO_EXACT_EMA_PRODUCT,,,,,UNRESOLVED,,,UNRESOLVED,,False,
MED-0761,NEDOCROMILO,UNRESOLVED,False,False,False,NO_EXACT_IDENTITY_MATCH,,,NO_EXACT_DPD_PRODUCT,,,,,,,,NO_EXACT_EMA_PRODUCT,,,,,UNRESOLVED,,,UNRESOLVED,,False,
MED-0762,OLOPATADINA,UNRESOLVED,False,False,False,NO_EXACT_IDENTITY_MATCH,,,NO_EXACT_DPD_PRODUCT,,,,,,,,NO_EXACT_EMA_PRODUCT,,,,,UNRESOLVED,,,UNRESOLVED,,False,
MED-0763,OXICONAZOL,UNRESOLVED,False,False,False,NO_EXACT_IDENTITY_MATCH,,,NO_EXACT_DPD_PRODUCT,,,,,,,,NO_EXACT_EMA_PRODUCT,,,,,UNRESOLVED,,,UNRESOLVED,,False,
MED-0764,OZENOXACINO,UNRESOLVED,False,False,False,NO_EXACT_IDENTITY_MATCH,,,NO_EXACT_DPD_PRODUCT,,,,,,,,NO_EXACT_EMA_PRODUCT,,,,,UNRESOLVED,,,UNRESOLVED,,False,
MED-0765,PERMETRINA,UNRESOLVED,False,False,False,NO_EXACT_IDENTITY_MATCH,,,NO_EXACT_DPD_PRODUCT,,,,,,,,NO_EXACT_EMA_PRODUCT,,,,,UNRESOLVED,,,UNRESOLVED,,False,
MED-0766,PERÓXIDO DE BENZOILO,UNRESOLVED,False,False,False,NO_EXACT_IDENTITY_MATCH,,,NO_EXACT_DPD_PRODUCT,,,,,,,,NO_EXACT_EMA_PRODUCT,,,,,UNRESOLVED,,,UNRESOLVED,,False,
MED-0767,PIMECROLIMUS,UNRESOLVED,False,False,False,EXACT_IDENTITY_CORROBORATED,ANDA209345,100.0,EXACT_PRODUCT_NO_EXPLICIT_RENAL_ACTION,NO_RENAL_TEXT,71480,02247238,ELIDEL,https://pdf.hres.ca/dpd_pm/00054703.PDF,2020-01-20,,NO_EXACT_EMA_PRODUCT,,,,,NO_EXPLICIT_RENAL_RECOMMENDATION_FOUND,,,NO_EXPLICIT_RENAL_RECOMMENDATION_FOUND,,False,Marketed
MED-0768,PREDNICARBATO,UNRESOLVED,False,False,False,NO_EXACT_IDENTITY_MATCH,,,NO_EXACT_DPD_PRODUCT,,,,,,,,NO_EXACT_EMA_PRODUCT,,,,,UNRESOLVED,,,UNRESOLVED,,False,
MED-0769,SULFADIAZINA ARGÉNTICA,UNRESOLVED,False,False,False,NO_EXACT_IDENTITY_MATCH,,,NO_EXACT_DPD_PRODUCT,,,,,,,,NO_EXACT_EMA_PRODUCT,,,,,UNRESOLVED,,,UNRESOLVED,,False,
MED-0770,RINGER LACTATO,UNRESOLVED,False,False,False,NO_EXACT_IDENTITY_MATCH,,,NO_EXACT_DPD_PRODUCT,,,,,,,,NO_EXACT_EMA_PRODUCT,,,,,UNRESOLVED,,,UNRESOLVED,,False,
MED-0771,VITAMINA E (TOCOFEROL),UNRESOLVED,False,False,False,NO_EXACT_IDENTITY_MATCH,,,NO_EXACT_DPD_PRODUCT,,,,,,,,NO_EXACT_EMA_PRODUCT,,,,,UNRESOLVED,,,UNRESOLVED,,False,
MED-0772,AMINOFILINA,UNRESOLVED,False,False,False,NO_EXACT_IDENTITY_MATCH,,,NO_EXACT_DPD_PRODUCT,,,,,,,,NO_EXACT_EMA_PRODUCT,,,,,UNRESOLVED,,,UNRESOLVED,,False,
MED-0773,SALES DE REHIDRATACIÓN ORAL (SRO),UNRESOLVED,False,False,False,NO_EXACT_IDENTITY_MATCH,,,NO_EXACT_DPD_PRODUCT,,,,,,,,NO_EXACT_EMA_PRODUCT,,,,,UNRESOLVED,,,UNRESOLVED,,False,
MED-0775,ARTESUNATO,UNRESOLVED,False,False,False,NO_EXACT_IDENTITY_MATCH,,,NO_EXACT_DPD_PRODUCT,,,,,,,,NO_EXACT_EMA_PRODUCT,,,,,UNRESOLVED,,,UNRESOLVED,,False,
MED-0776,QUININA DICLORHIDRATO,UNRESOLVED,False,False,False,NO_EXACT_IDENTITY_MATCH,,,NO_EXACT_DPD_PRODUCT,,,,,,,,NO_EXACT_EMA_PRODUCT,,,,,UNRESOLVED,,,UNRESOLVED,,False,
MED-0777,PENICILINA G BENZATINA,UNRESOLVED,False,False,False,NO_EXACT_IDENTITY_MATCH,,,NO_EXACT_DPD_PRODUCT,,,,,,,,NO_EXACT_EMA_PRODUCT,,,,,UNRESOLVED,,,UNRESOLVED,,False,
MED-0778,ÁCIDO SALICÍLICO,UNRESOLVED,False,False,False,NO_EXACT_IDENTITY_MATCH,,,NO_EXACT_DPD_PRODUCT,,,,,,,,NO_EXACT_EMA_PRODUCT,,,,,UNRESOLVED,,,UNRESOLVED,,False,
MED-0780,CITRATO DE CAFEÍNA,UNRESOLVED,False,False,False,NO_EXACT_IDENTITY_MATCH,,,NO_EXACT_DPD_PRODUCT,,,,,,,,NO_EXACT_EMA_PRODUCT,,,,,UNRESOLVED,,,UNRESOLVED,,False,
MED-0781,COTRIMOXAZOL,UNRESOLVED,False,False,False,NO_EXACT_IDENTITY_MATCH,,,NO_EXACT_DPD_PRODUCT,,,,,,,,NO_EXACT_EMA_PRODUCT,,,,,UNRESOLVED,,,UNRESOLVED,,False,
MED-0782,DORNASA ALFA,UNRESOLVED,False,False,False,NO_EXACT_IDENTITY_MATCH,,,NO_EXACT_DPD_PRODUCT,,,,,,,,NO_EXACT_EMA_PRODUCT,,,,,UNRESOLVED,,,UNRESOLVED,,False,
MED-0783,ÓXIDO NÍTRICO INHALADO,UNRESOLVED,False,False,False,NO_EXACT_IDENTITY_MATCH,,,NO_EXACT_DPD_PRODUCT,,,,,,,,NO_EXACT_EMA_PRODUCT,,,,,UNRESOLVED,,,UNRESOLVED,,False,
MED-0785,SURFACTANTE PULMONAR PORCINO,UNRESOLVED,False,False,False,NO_EXACT_IDENTITY_MATCH,,,NO_EXACT_DPD_PRODUCT,,,,,,,,NO_EXACT_EMA_PRODUCT,,,,,UNRESOLVED,,,UNRESOLVED,,False,
MED-0787,BUTILESCOPOLAMINA,UNRESOLVED,False,False,False,NO_EXACT_IDENTITY_MATCH,,,NO_EXACT_DPD_PRODUCT,,,,,,,,NO_EXACT_EMA_PRODUCT,,,,,UNRESOLVED,,,UNRESOLVED,,False,
MED-0788,FLUTICASONA/FORMOTEROL,UNRESOLVED,False,False,False,NO_EXACT_IDENTITY_MATCH,,,NO_EXACT_DPD_PRODUCT,,,,,,,,NO_EXACT_EMA_PRODUCT,,,,,UNRESOLVED,,,UNRESOLVED,,False,
MED-0789,FLUTICASONA/SALMETEROL,UNRESOLVED,False,False,False,NO_EXACT_IDENTITY_MATCH,,,NO_EXACT_DPD_PRODUCT,,,,,,,,NO_EXACT_EMA_PRODUCT,,,,,UNRESOLVED,,,UNRESOLVED,,False,
MED-0790,FLUTICASONA/VILANTEROL,UNRESOLVED,False,False,False,NO_EXACT_IDENTITY_MATCH,,,NO_EXACT_DPD_PRODUCT,,,,,,,,NO_EXACT_EMA_PRODUCT,,,,,UNRESOLVED,,,UNRESOLVED,,False,
MED-0791,INSULINA ASPART/INSULINA ASPART-PROTAMINA,UNRESOLVED,False,False,False,NO_EXACT_IDENTITY_MATCH,,,NO_EXACT_DPD_PRODUCT,,,,,,,,NO_EXACT_EMA_PRODUCT,,,,,UNRESOLVED,,,UNRESOLVED,,False,
MED-0792,INSULINA INTERMEDIA/INSULINA ASPART,UNRESOLVED,False,False,False,NO_EXACT_IDENTITY_MATCH,,,NO_EXACT_DPD_PRODUCT,,,,,,,,NO_EXACT_EMA_PRODUCT,,,,,UNRESOLVED,,,UNRESOLVED,,False,
MED-0795,LAURILSULFOACETATO DE SODIO/CITRATO TRISODICO,UNRESOLVED,False,False,False,NO_EXACT_IDENTITY_MATCH,,,NO_EXACT_DPD_PRODUCT,,,,,,,,NO_EXACT_EMA_PRODUCT,,,,,UNRESOLVED,,,UNRESOLVED,,False,
MED-0798,MACROGOL 3350/ELECTROLITOS,UNRESOLVED,False,False,False,NO_EXACT_IDENTITY_MATCH,,,NO_EXACT_DPD_PRODUCT,,,,,,,,NO_EXACT_EMA_PRODUCT,,,,,UNRESOLVED,,,UNRESOLVED,,False,
MED-0799,MACROGOL 3350/SODIO SULFATO,UNRESOLVED,False,False,False,NO_EXACT_IDENTITY_MATCH,,,NO_EXACT_DPD_PRODUCT,,,,,,,,NO_EXACT_EMA_PRODUCT,,,,,UNRESOLVED,,,UNRESOLVED,,False,
MED-0800,MACROGOL 4000/SODIO SULFATO,UNRESOLVED,False,False,False,NO_EXACT_IDENTITY_MATCH,,,NO_EXACT_DPD_PRODUCT,,,,,,,,NO_EXACT_EMA_PRODUCT,,,,,UNRESOLVED,,,UNRESOLVED,,False,
MED-0801,MACROGOL 4000/SODIO SULFATO/SODIO FOSFATO,UNRESOLVED,False,False,False,NO_EXACT_IDENTITY_MATCH,,,NO_EXACT_DPD_PRODUCT,,,,,,,,NO_EXACT_EMA_PRODUCT,,,,,UNRESOLVED,,,UNRESOLVED,,False,
MED-0802,PANCREATINA/DIMETICONA,UNRESOLVED,False,False,False,NO_EXACT_IDENTITY_MATCH,,,NO_EXACT_DPD_PRODUCT,,,,,,,,NO_EXACT_EMA_PRODUCT,,,,,UNRESOLVED,,,UNRESOLVED,,False,
MED-0803,PARAFINA LIQUIDA/PICOSULFATO SODICO,UNRESOLVED,False,False,False,NO_EXACT_IDENTITY_MATCH,,,NO_EXACT_DPD_PRODUCT,,,,,,,,NO_EXACT_EMA_PRODUCT,,,,,UNRESOLVED,,,UNRESOLVED,,False,
MED-0804,PICOSULFATO SODICO/CITRATO DE MAGNESIO,UNRESOLVED,False,False,False,NO_EXACT_IDENTITY_MATCH,,,NO_EXACT_DPD_PRODUCT,,,,,,,,NO_EXACT_EMA_PRODUCT,,,,,UNRESOLVED,,,UNRESOLVED,,False,
MED-0805,SALBUTAMOL/BECLOMETASONA,UNRESOLVED,False,False,False,NO_EXACT_IDENTITY_MATCH,,,NO_EXACT_DPD_PRODUCT,,,,,,,,NO_EXACT_EMA_PRODUCT,,,,,UNRESOLVED,,,UNRESOLVED,,False,
MED-0806,SALES DE MAGNESIO (CARBONATO/FOSFATO/OXIDO),UNRESOLVED,False,False,False,NO_EXACT_IDENTITY_MATCH,,,NO_EXACT_DPD_PRODUCT,,,,,,,,NO_EXACT_EMA_PRODUCT,,,,,UNRESOLVED,,,UNRESOLVED,,False,
MED-0807,SODIO SULFATO/SODIO FOSFATO,UNRESOLVED,False,False,False,NO_EXACT_IDENTITY_MATCH,,,NO_EXACT_DPD_PRODUCT,,,,,,,,NO_EXACT_EMA_PRODUCT,,,,,UNRESOLVED,,,UNRESOLVED,,False,
MED-0808,RETINOL/GENTAMICINA/METIONINA,UNRESOLVED,False,False,False,NO_EXACT_IDENTITY_MATCH,,,NO_EXACT_DPD_PRODUCT,,,,,,,,NO_EXACT_EMA_PRODUCT,,,,,UNRESOLVED,,,UNRESOLVED,,False,
MED-0809,BECLOMETASONA/NEOMICINA,UNRESOLVED,False,False,False,NO_EXACT_IDENTITY_MATCH,,,NO_EXACT_DPD_PRODUCT,,,,,,,,NO_EXACT_EMA_PRODUCT,,,,,UNRESOLVED,,,UNRESOLVED,,False,
MED-0810,ESPIRAMICINA/METRONIDAZOL,UNRESOLVED,False,False,False,NO_EXACT_IDENTITY_MATCH,,,NO_EXACT_DPD_PRODUCT,,,,,,,,NO_EXACT_EMA_PRODUCT,,,,,UNRESOLVED,,,UNRESOLVED,,False,
MED-0811,CARBONATO DE CALCIO/COLECALCIFEROL,UNRESOLVED,False,False,False,NO_EXACT_IDENTITY_MATCH,,,NO_EXACT_DPD_PRODUCT,,,,,,,,NO_EXACT_EMA_PRODUCT,,,,,UNRESOLVED,,,UNRESOLVED,,False,
MED-0812,CEFTOLOZANO/TAZOBACTAM,LOCAL_SUPPORT_ONLY_NEEDS_CURRENT_SOURCE,False,False,False,NO_EXACT_IDENTITY_MATCH,,,NO_EXACT_DPD_PRODUCT,,,,,,,,NO_EXACT_EMA_PRODUCT,,,,,UNRESOLVED,,,UNRESOLVED,,False,
MED-0813,ABATACEPT,UNRESOLVED,False,False,False,EXACT_IDENTITY_CORROBORATED,BLA125118,100.0,EXACT_PRODUCT_NO_EXPLICIT_RENAL_ACTION,RENAL_MENTION_WITHOUT_EXPLICIT_DOSING_ACTION,88731,02402475,ORENCIA,https://pdf.hres.ca/dpd_pm/00070861.PDF,2013-05-09,"y for 26 weeks at doses up to 200 mg/kg was clinically well tolerated. At doses of 65 mg/kg, reversible, pharmacologic effects consisted of transient decreases in mean serum IgG levels and, in male mice, decreases in the percentages of splenic B cells and inhibition of ex vivo B - and T -cell activation. Increases in the incidence and severity of karyomegaly in renal tubular epithelial cells that was accompanied by mild, multifocal, chronic inflammation, lymphocytic infiltration, and tubular cell degeneration were observed at ≥65 mg/kg. This renal finding did not have any untoward effects on renal function and was interpreted as an exacerbation of a spontaneous, age -related renal change that occur in mice but has no known relevance to humans. The NOAEL for this study was considered to be 200 mg/kg (human exposure multiple of 4.7). Mutagenicity and Carcinogenicity: No mutagenic potential of abatacept was observed in the in vitro reverse Ames or Chinese hamster ovary /hypoxanthine guanine phosphoribosyl -transferase (CHO/HGPRT) forward point mutation (with or without metabolic activation) assays. No chromosomal aberrations were observed in human lymphocytes (with or without metabolic activation) treated with abatacept. In a mouse carcinogenicity study, weekly subcutaneous injections of 20, 65, or 200 mg/kg of abatacept administered each week for up to 84 weeks in males and 88 weeks in females were associated with increases in the incidence of malignant lymphomas (all dos es) and mammary gland tumors (intermediate- and high-dose in females). The mice from this study were infected with murine leukemia virus and mouse mammary tumor virus. These viruses are associated with an increased incidence of lymphomas and mammary gland tumors, respectively, in immunosuppressed mice. The doses used in these studies were 0.8-, 2.0- and 3.0-fold, the human exposure at 10 mg/kg, respectively, based on AUC. No evidence of lymphomas or preneoplastic morphologic changes was observed in the 1 -year monkey study, despite the presence of a virus (lymphocryptovirus) known to cause these lesions in immunosuppressed monkeys within the time frame of this study. The relevance of these findings to the clinical use of abatacept is unknown. Reproductive and Developmental Toxicology: In a fertility and early embryonic development study in rats, there were no effects on mating, fertility, or early embryon",NO_EXACT_EMA_PRODUCT,,,,,NO_EXPLICIT_RENAL_RECOMMENDATION_FOUND,,,NO_EXPLICIT_RENAL_RECOMMENDATION_FOUND,,False,Marketed
MED-0815,ACENOCUMAROL,UNRESOLVED,False,False,False,NO_EXACT_IDENTITY_MATCH,,,NO_EXACT_DPD_PRODUCT,,,,,,,,NO_EXACT_EMA_PRODUCT,,,,,UNRESOLVED,,,UNRESOLVED,,False,
MED-0816,ACEPONATO DE METILPREDNISOLONA,UNRESOLVED,False,False,False,NO_EXACT_IDENTITY_MATCH,,,NO_EXACT_DPD_PRODUCT,,,,,,,,NO_EXACT_EMA_PRODUCT,,,,,UNRESOLVED,,,UNRESOLVED,,False,
MED-0817,ACETATO CÁLCICO,UNRESOLVED,False,False,False,NO_EXACT_IDENTITY_MATCH,,,NO_EXACT_DPD_PRODUCT,,,,,,,,NO_EXACT_EMA_PRODUCT,,,,,UNRESOLVED,,,UNRESOLVED,,False,
MED-0818,ACETATO DE MEGESTROL,UNRESOLVED,False,False,False,EXACT_IDENTITY_CORROBORATED,ANDA076721,100.0,EXACT_PRODUCT_NO_EXPLICIT_RENAL_ACTION,NO_RENAL_TEXT,89030,02405512,APO-MEGESTROL,https://pdf.hres.ca/dpd_pm/00061933.PDF,2021-06-24,,NO_EXACT_EMA_PRODUCT,,,,,NO_EXPLICIT_RENAL_RECOMMENDATION_FOUND,,,NO_EXPLICIT_RENAL_RECOMMENDATION_FOUND,,False,Approved
MED-0819,ACETATO DE ZINC,UNRESOLVED,False,False,False,EXACT_IDENTITY_CORROBORATED,ANDA216249,100.0,EXACT_PRODUCT_NO_EXPLICIT_RENAL_ACTION,NO_RENAL_TEXT,128,00097144,EGG SHELL GERMICIDE 5%,https://health-products.canada.ca/dpd-bdpp/info?code=128&lang=eng,,,NO_EXACT_EMA_PRODUCT,,,,,NO_EXPLICIT_RENAL_RECOMMENDATION_FOUND,,,NO_EXPLICIT_RENAL_RECOMMENDATION_FOUND,,False,Dormant
MED-0820,ACETILCOLINA,UNRESOLVED,False,False,False,NO_EXACT_IDENTITY_MATCH,,,NO_EXACT_DPD_PRODUCT,,,,,,,,NO_EXACT_EMA_PRODUCT,,,,,UNRESOLVED,,,UNRESOLVED,,False,
MED-0821,ÁCIDO ESPAGLÚMICO,UNRESOLVED,False,False,False,NO_EXACT_IDENTITY_MATCH,,,NO_EXACT_DPD_PRODUCT,,,,,,,,NO_EXACT_EMA_PRODUCT,,,,,UNRESOLVED,,,UNRESOLVED,,False,
MED-0822,ÁCIDO FOLÍNICO / FOLINATO CÁLCICO,UNRESOLVED,False,False,False,NO_EXACT_IDENTITY_MATCH,,,NO_EXACT_DPD_PRODUCT,,,,,,,,NO_EXACT_EMA_PRODUCT,,,,,UNRESOLVED,,,UNRESOLVED,,False,
MED-0823,ÁCIDO PARAAMINOSALICÍLICO (PAS),UNRESOLVED,False,False,False,NO_EXACT_IDENTITY_MATCH,,,NO_EXACT_DPD_PRODUCT,,,,,,,,NO_EXACT_EMA_PRODUCT,,,,,UNRESOLVED,,,UNRESOLVED,,False,
MED-0824,ÁCIDO ZOLEDRÓNICO,UNRESOLVED,False,False,False,NO_EXACT_IDENTITY_MATCH,,,NO_EXACT_DPD_PRODUCT,,,,,,,,NO_EXACT_EMA_PRODUCT,,,,,UNRESOLVED,,,UNRESOLVED,,False,
MED-0825,ACTH/CORTICOTROPINA,UNRESOLVED,False,False,False,NO_EXACT_IDENTITY_MATCH,,,NO_EXACT_DPD_PRODUCT,,,,,,,,NO_EXACT_EMA_PRODUCT,,,,,UNRESOLVED,,,UNRESOLVED,,False,
MED-0826,ACTINOMICINA D,UNRESOLVED,False,False,False,NO_EXACT_IDENTITY_MATCH,,,NO_EXACT_DPD_PRODUCT,,,,,,,,NO_EXACT_EMA_PRODUCT,,,,,UNRESOLVED,,,UNRESOLVED,,False,
MED-0829,AGALSIDASA ALFA,UNRESOLVED,False,False,False,NO_EXACT_IDENTITY_MATCH,,,NO_EXACT_DPD_PRODUCT,,,,,,,,NO_EXACT_EMA_PRODUCT,,,,,UNRESOLVED,,,UNRESOLVED,,False,
MED-0830,AGALSIDASA BETA,UNRESOLVED,False,False,False,NO_EXACT_IDENTITY_MATCH,,,NO_EXACT_DPD_PRODUCT,,,,,,,,NO_EXACT_EMA_PRODUCT,,,,,UNRESOLVED,,,UNRESOLVED,,False,
MED-0831,AJMALINA,UNRESOLVED,False,False,False,NO_EXACT_IDENTITY_MATCH,,,NO_EXACT_DPD_PRODUCT,,,,,,,,NO_EXACT_EMA_PRODUCT,,,,,UNRESOLVED,,,UNRESOLVED,,False,
MED-0833,ALFACALCIDOL,UNRESOLVED,False,False,False,NO_EXACT_IDENTITY_MATCH,,,NO_EXACT_DPD_PRODUCT,,,,,,,,NO_EXACT_EMA_PRODUCT,,,,,UNRESOLVED,,,UNRESOLVED,,False,
MED-0834,ALIMEMAZINA,UNRESOLVED,False,False,False,NO_EXACT_IDENTITY_MATCH,,,NO_EXACT_DPD_PRODUCT,,,,,,,,NO_EXACT_EMA_PRODUCT,,,,,UNRESOLVED,,,UNRESOLVED,,False,
MED-0835,ALMAGATO,UNRESOLVED,False,False,False,NO_EXACT_IDENTITY_MATCH,,,NO_EXACT_DPD_PRODUCT,,,,,,,,NO_EXACT_EMA_PRODUCT,,,,,UNRESOLVED,,,UNRESOLVED,,False,
MED-0838,AMODIAQUINA,UNRESOLVED,False,False,False,NO_EXACT_IDENTITY_MATCH,,,NO_EXACT_DPD_PRODUCT,,,,,,,,NO_EXACT_EMA_PRODUCT,,,,,UNRESOLVED,,,UNRESOLVED,,False,
MED-0839,AMOROLFINA,UNRESOLVED,False,False,False,NO_EXACT_IDENTITY_MATCH,,,NO_EXACT_DPD_PRODUCT,,,,,,,,NO_EXACT_EMA_PRODUCT,,,,,UNRESOLVED,,,UNRESOLVED,,False,
MED-0840,AMSACRINA,UNRESOLVED,False,False,False,NO_EXACT_IDENTITY_MATCH,,,NO_EXACT_DPD_PRODUCT,,,,,,,,NO_EXACT_EMA_PRODUCT,,,,,UNRESOLVED,,,UNRESOLVED,,False,
MED-0843,ANTICUERPOS ANTIDIGOXINA,UNRESOLVED,False,False,False,NO_EXACT_IDENTITY_MATCH,,,NO_EXACT_DPD_PRODUCT,,,,,,,,NO_EXACT_EMA_PRODUCT,,,,,UNRESOLVED,,,UNRESOLVED,,False,
MED-0844,ANTIMONIATO DE MEGLUMINA,UNRESOLVED,False,False,False,NO_EXACT_IDENTITY_MATCH,,,NO_EXACT_DPD_PRODUCT,,,,,,,,NO_EXACT_EMA_PRODUCT,,,,,UNRESOLVED,,,UNRESOLVED,,False,
MED-0845,ANTITROMBINA III,UNRESOLVED,False,False,False,NO_EXACT_IDENTITY_MATCH,,,NO_EXACT_DPD_PRODUCT,,,,,,,,NO_EXACT_EMA_PRODUCT,,,,,UNRESOLVED,,,UNRESOLVED,,False,
MED-0847,ARGININA,UNRESOLVED,False,False,False,NO_EXACT_IDENTITY_MATCH,,,NO_EXACT_DPD_PRODUCT,,,,,,,,NO_EXACT_EMA_PRODUCT,,,,,UNRESOLVED,,,UNRESOLVED,,False,
MED-0848,ASPARAGINASA,UNRESOLVED,False,False,False,NO_EXACT_IDENTITY_MATCH,,,NO_EXACT_DPD_PRODUCT,,,,,,,,NO_EXACT_EMA_PRODUCT,,,,,UNRESOLVED,,,UNRESOLVED,,False,
MED-0849,ASPARAGINASA PEGILADA,UNRESOLVED,False,False,False,NO_EXACT_IDENTITY_MATCH,,,NO_EXACT_DPD_PRODUCT,,,,,,,,NO_EXACT_EMA_PRODUCT,,,,,UNRESOLVED,,,UNRESOLVED,,False,
MED-0850,ASPARAGINASA-ERWINIA,UNRESOLVED,False,False,False,NO_EXACT_IDENTITY_MATCH,,,NO_EXACT_DPD_PRODUCT,,,,,,,,NO_EXACT_EMA_PRODUCT,,,,,UNRESOLVED,,,UNRESOLVED,,False,
MED-0851,ATOMOXETINA,UNRESOLVED,False,False,False,NO_EXACT_IDENTITY_MATCH,,,NO_EXACT_DPD_PRODUCT,,,,,,,,NO_EXACT_EMA_PRODUCT,,,,,UNRESOLVED,,,UNRESOLVED,,False,
MED-0852,ATOVACUONA,UNRESOLVED,False,False,False,NO_EXACT_IDENTITY_MATCH,,,NO_EXACT_DPD_PRODUCT,,,,,,,,NO_EXACT_EMA_PRODUCT,,,,,UNRESOLVED,,,UNRESOLVED,,False,
MED-0853,AZACITIDINA,UNRESOLVED,False,False,False,NO_EXACT_IDENTITY_MATCH,,,NO_EXACT_DPD_PRODUCT,,,,,,,,NO_EXACT_EMA_PRODUCT,,,,,UNRESOLVED,,,UNRESOLVED,,False,
MED-0854,BACITRACINA,UNRESOLVED,False,False,False,NO_EXACT_IDENTITY_MATCH,,,NO_EXACT_DPD_PRODUCT,,,,,,,,NO_EXACT_EMA_PRODUCT,,,,,UNRESOLVED,,,UNRESOLVED,,False,
MED-0855,BAMBUTEROL,UNRESOLVED,False,False,False,NO_EXACT_IDENTITY_MATCH,,,NO_EXACT_DPD_PRODUCT,,,,,,,,NO_EXACT_EMA_PRODUCT,,,,,UNRESOLVED,,,UNRESOLVED,,False,
MED-0856,BASILIXIMAB,UNRESOLVED,False,False,False,EXACT_IDENTITY_CORROBORATED,BLA103764,100.0,EXACT_PRODUCT_NO_EXPLICIT_RENAL_ACTION,NO_RENAL_TEXT,66643,02242815,SIMULECT,https://pdf.hres.ca/dpd_pm/00027363.PDF,2000-10-23,,NO_EXACT_EMA_PRODUCT,,,,,NO_EXPLICIT_RENAL_RECOMMENDATION_FOUND,,,NO_EXPLICIT_RENAL_RECOMMENDATION_FOUND,,False,Marketed
MED-0859,BENZOATO SÓDICO,UNRESOLVED,False,False,False,NO_EXACT_IDENTITY_MATCH,,,NO_EXACT_DPD_PRODUCT,,,,,,,,NO_EXACT_EMA_PRODUCT,,,,,UNRESOLVED,,,UNRESOLVED,,False,
MED-0860,BETAÍNA ANHIDRA,UNRESOLVED,False,False,False,NO_EXACT_IDENTITY_MATCH,,,NO_EXACT_DPD_PRODUCT,,,,,,,,NO_EXACT_EMA_PRODUCT,,,,,UNRESOLVED,,,UNRESOLVED,,False,
MED-0861,BEVACIZUMAB,UNRESOLVED,False,False,False,EXACT_IDENTITY_CORROBORATED,BLA125085,100.0,EXACT_PRODUCT_NO_EXPLICIT_RENAL_ACTION,RENAL_MENTION_WITHOUT_EXPLICIT_DOSING_ACTION,101132,02522179,ABEVMY,https://pdf.hres.ca/dpd_pm/00085706.PDF,2026-08-11,"f events in the elderly as noted above, events of hypertension, arthritis, increased blood pressure, dizziness, decreased appetite, and dysphonia occurred at a higher frequency in the elderly patients in study AVF4095g. In study E4599, patients aged >65 years receiving carboplatin, paclitaxel, and bevacizumab had a greater relative risk for proteinuria as compared to younger patients. 7.1.5 Hepatic/Biliary/Pancreatic Hepatic The safety and efficacy of ABEVMY has not been studied in patients with hepatic impairment. Renal The safety and efficacy of ABEVMY have not been studied in patients with renal impairment (see Proteinuria and Genitourinary above). 8 ADVERSE REACTIONS The adverse drug reaction profiles reported in clinical studies that compared ABEVMY to the reference biologic drug were comparable. The description of adverse reactions in this section is based on clinical experience with the reference biologic drug. 8.1 Adverse Reaction Overview Clinical trials have been conducted in patients with various malignancies treated with bevacizumab, predominantly in combination with chemotherapy. The safety profile from a clinical trial population of approximately 5,000 patients is presented in this section. The most serious adverse drug reactions were: • Gastrointestinal Perforations (see 7 WARNINGS AND PRECAUTIONS) • Hemorrhage including pulmonary hemorrhage/hemoptysis, which is more common in NSCLC patients (see 7 WARNINGS AND PRECAUTIONS) • Arterial Thromboembolism (see 7 WARNINGS AND PRECAUTIONS) • Non-gastrointestinal Fistula ABEVMY (bevacizumab for injection) Page 56 Unclassified / Non classifié 8.4 Abnormal Laboratory Findings: Hematologic, Clinical Chemistry and Other Quantitative Data Abnormal Hematologic and Clinical Chemistry Findings Laboratory Abnormalities Decreased neutrophil count, decreased white blood count and presence of urine protein may be associated with bevacizumab treatment. Across clinical trials, the following Grade 3 and 4 laboratory abnormalities were seen with an increased (≥2%) incidence in patients treated with bevacizumab compared to those in the control groups: hyperglycemia, decreased hemoglobin, hypokalemia, hyponatremia, decreased white blood cell count, thrombocytopenia, increased PT prothrombin time and normalised ratio. Clinical trials have shown that transient increases in serum creatinine (ranging between 1.5-1.9 times baseline level),
---
 seen with an increased (≥2%) incidence in patients treated with bevacizumab compared to those in the control groups: hyperglycemia, decreased hemoglobin, hypokalemia, hyponatremia, decreased white blood cell count, thrombocytopenia, increased PT prothrombin time and normalised ratio. Clinical trials have shown that transient increases in serum creatinine (ranging between 1.5-1.9 times baseline level), both with and without proteinuria, are associated with the use of bevacizumab. The observed increase in serum creatinine was not associated with a higher incidence of clinical manifestations of renal impairment in patients treated with bevacizumab. 8.5 Post-Market Adverse Reactions System Organ Class Reactions (frequency)1 Body as a whole Polyserositis Gastrointestinal disorders Gastrointestinal ulcer (frequency not known), intestinal necrosis, anastomotic ulceration Cardiovascular mesenteric venous occlusion Congenital, familial and genetic disorders Cases of fetal abnormalities in women treated with bevacizumab alone or in combination with known embryotoxic chemotherapeutics have been observed (see 7 WARNINGS AND PRECAUTIONS). Hepatobiliary disorders Gallbladder perforation (frequency not known) Immune system disorders Hypersensitivity reactions, including anaphylactic reaction, infusion reactions (frequency not known); possibly associated with the following co-manifestations: dyspnoea/difficulty breathing, flushing/redness/rash, hypotension or hypertension, oxygen desaturation, chest pain, rigors and nausea/vomiting. (see 7 WARNINGS AND PRECAUTIONS, and 8 ADVERSE REACTIONS) Nervous system disorders Hypertensive encephalopathy (very rare) Posterior Reversible Encephalopathy Syndrome (PRES) (rare) (see 7 WARNINGS AND PRECAUTIONS) Respiratory, thoracic and mediastinal disorders Nasal septum perforation (frequency not known) Pulmonary hypertension* (frequency not known) Dysphonia (common) ABEVMY (bevacizumab for injection) Page 58 Unclassified / Non classifié Sunitinib Malate In two clinical studies of metastatic renal cell carcinoma, microangiopathic hemolytic anemia (MAHA) was reported in 7 of 19 patients (37%) treated with bevacizumab (10 mg/kg every two weeks) and sunitinib malate (50 mg daily) combination. MAHA is a hemolytic disorder which can present with red cell fragmentation, anemia, and thrombocytopenia. In addition, hypertension (including hypertensive crisis), ele
---
n some of these patients. All of these findings were reversible upon discontinuation of bevacizumab and sunitinib malate (see 7 WARNINGS AND PRECAUTIONS). The safety and efficacy of ABEVMY in combination with sunitinib malate has not been established, therefore this combination is not recommended. Combination with platinum or taxane-based therapies Increased rates of severe neutropenia, febrile neutropenia, or infection with or without severe neutropenia (including some fatalities) have been observed mainly in patients treated with platinum or taxane-based therapies in the treatment of NSCLC. EGFR monoclonal antibodies in combination with bevacizumab chemotherapy regimens No interaction studies have been performed. EGFR monoclonal antibodies should not be administered for the treatment of mCRC in combination with bevacizumab-containing chemotherapy. Radiotherapy The safety and efficacy of concomitant administration of radiotherapy and ABEVMY has not been established. 9.5 Drug-Food Interactions Interactions with food have not been established. 9.6 Drug-Herb Interactions Interactions with herbal products have not been established. 9.7 Drug-Laboratory Test Interactions Interactions with laboratory tests have not been established. 10 CLINICAL PHARMACOLOGY 10.1 Mechanism of Action Bevacizumab is a recombinant humanised monoclonal antibody that selectively binds to and neutralises the biologic activity of human vascular endothelial growth factor (VEGF). Bevacizumab contains human framework regions with antigen binding regions of a humanised ABEVMY (bevacizumab for injection) Page 83 Unclassified / Non classifié 15 MICROBIOLOGY No microbiological information is required for this drug product. 16 NON-CLINICAL TOXICOLOGY Physeal Development In studies of up to 26 weeks duration in cynomolgus monkeys, bevacizumab was associated with physeal dysplasia. Physeal dysplasia was characterised primarily by thickened growth plate cartilage, subchondral bony plate formation and inhibition of vascular invasion of the growth plate. This effect occurred at doses ≥ 0.8 times the human therapeutic dose and exposure levels slightly below the expected human clinical exposure, based on average serum concentrations. It should be noted, however, that physeal dysplasia occurred only in actively growing animals with open growth plates. Wound Healing In rabbits, the effects of bevacizumab on c
---
 7 WARNINGS AND PRECAUTIONS). The safety and efficacy of ABEVMY in combination with sunitinib malate has not been established, therefore this combination is not recommended. Combination with platinum or taxane-based therapies Increased rates of severe neutropenia, febrile neutropenia, or infection with or without severe neutropenia (including some fatalities) have been observed mainly in patients treated with platinum or taxane-based therapies in the treatment of NSCLC. EGFR monoclonal antibodies in combination with bevacizumab chemotherapy regimens No interaction studies have been performed. EGFR monoclonal antibodies should not be administered for the treatment of mCRC in combination with bevacizumab-containing chemotherapy. Radiotherapy The safety and efficacy of concomitant administration of radiotherapy and ABEVMY has not been established. 9.5 Drug-Food Interactions Interactions with food have not been established. 9.6 Drug-Herb Interactions Interactions with herbal products have not been established. 9.7 Drug-Laboratory Test Interactions Interactions with laboratory tests have not been established. 10 CLINICAL PHARMACOLOGY 10.1 Mechanism of Action Bevacizumab is a recombinant humanised monoclonal antibody that selectively binds to and neutralises the biologic activity of human vascular endothelial growth factor (VEGF). Bevacizumab contains human framework regions with antigen binding regions of a humanised ABEVMY (bevacizumab for injection) Page 83 Unclassified / Non classifié 15 MICROBIOLOGY No microbiological information is required for this drug product. 16 NON-CLINICAL TOXICOLOGY Physeal Development In studies of up to 26 weeks duration in cynomolgus monkeys, bevacizumab was associated with physeal dysplasia. Physeal dysplasia was characterised primarily by thickened growth plate cartilage, subchondral bony plate formation and inhibition of vascular invasion of the growth plate. This effect occurred at doses ≥ 0.8 times the human therapeutic dose and exposure levels slightly below the expected human clinical exposure, based on average serum concentrations. It should be noted, however, that physeal dysplasia occurred only in actively growing animals with open growth plates. Wound Healing In rabbits, the effects of bevacizumab on circular wound healing were studied. Wound re- epithelialisation was delayed in rabbits following five doses of bevacizumab, r
---
rabbits. Three doses of bevacizumab ranging from 0.5 - 2 mg/kg dose dependently and significantly decreased the tensile strength of the wounds, consistently with delayed wound healing. The low dose of 0.5 mg/kg was 5-fold below the proposed clinical dose. As effects on wound healing were observed in rabbits at doses below the proposed clinical dose, the capacity for bevacizumab to adversely impact wound healing in human should be considered. In cynomolgus monkeys, the effects of bevacizumab on the healing of a linear incision were highly variable and no dose-response relationship was evident. Renal Function In normal cynomolgus monkeys, bevacizumab had no measurable effect on renal function treated once or twice weekly for up to 26 weeks, and did not accumulate in the kidney of rabbits following two doses up to 100 mg/kg (approximately 80-fold the proposed clinical dose). Investigative toxicity studies in rabbits, using the models of renal dysfunction, showed that bevacizumab did not exacerbate renal glomerular injury induced by bovine serum albumin or renal tubular damage induced by cisplatin. Albumin In male cynomolgus monkeys, bevacizumab administered at doses of 10 mg/kg twice weekly or 50 mg/kg once weekly for 26 weeks was associated with a statistically significant decrease in albumin and albumin to globulin ratio and increase in globulin. These effects were reversible upon cessation of exposure. As the parameters remained within the normal reference range of values for these endpoints, these changes were not considered as clinically significant. ABEVMY (bevacizumab for injection) Page 91 Unclassified / Non classifié Tell your doctor if you are using platinum- or taxane-based therapies for lung. These therapies in combination with ABEVMY may increase the risk of severe side effects. The interaction of ABEVMY in combination with EGFR monoclonal antibodies has not been studied, therefore this combination is not recommended. How to take ABEVMY: ABEVMY is given intravenously (through a needle placed in a vein in the arm, hand, or through a central line). Usual dose: Metastatic Colorectal Cancer The usual dose of ABEVMY is based on your weight in kg (5 mg/kg) and it is given once every 14 days for as long as your physician recommends therapy. Metastatic Lung Cancer The usual dose of ABEVMY is based",NO_EXACT_EMA_PRODUCT,,,,,NO_EXPLICIT_RENAL_RECOMMENDATION_FOUND,,,NO_EXPLICIT_RENAL_RECOMMENDATION_FOUND,,False,Marketed
MED-0862,BIFONAZOL,UNRESOLVED,False,False,False,NO_EXACT_IDENTITY_MATCH,,,NO_EXACT_DPD_PRODUCT,,,,,,,,NO_EXACT_EMA_PRODUCT,,,,,UNRESOLVED,,,UNRESOLVED,,False,
MED-0863,BIOTINA,UNRESOLVED,False,False,False,NO_EXACT_IDENTITY_MATCH,,,NO_EXACT_DPD_PRODUCT,,,,,,,,NO_EXACT_EMA_PRODUCT,,,,,UNRESOLVED,,,UNRESOLVED,,False,
MED-0864,BISMUTO SUBCITRATO,UNRESOLVED,False,False,False,NO_EXACT_IDENTITY_MATCH,,,NO_EXACT_DPD_PRODUCT,,,,,,,,NO_EXACT_EMA_PRODUCT,,,,,UNRESOLVED,,,UNRESOLVED,,False,
MED-0865,BLEOMICINA,UNRESOLVED,False,False,False,NO_EXACT_IDENTITY_MATCH,,,NO_EXACT_DPD_PRODUCT,,,,,,,,NO_EXACT_EMA_PRODUCT,,,,,UNRESOLVED,,,UNRESOLVED,,False,
MED-0868,CALCITONINA,UNRESOLVED,False,False,False,NO_EXACT_IDENTITY_MATCH,,,NO_EXACT_DPD_PRODUCT,,,,,,,,NO_EXACT_EMA_PRODUCT,,,,,UNRESOLVED,,,UNRESOLVED,,False,
MED-0870,CANREONATO POTÁSICO,UNRESOLVED,False,False,False,NO_EXACT_IDENTITY_MATCH,,,NO_EXACT_DPD_PRODUCT,,,,,,,,NO_EXACT_EMA_PRODUCT,,,,,UNRESOLVED,,,UNRESOLVED,,False,
MED-0871,CAPREOMICINA,UNRESOLVED,False,False,False,NO_EXACT_IDENTITY_MATCH,,,NO_EXACT_DPD_PRODUCT,,,,,,,,NO_EXACT_EMA_PRODUCT,,,,,UNRESOLVED,,,UNRESOLVED,,False,
MED-0872,CARBIMAZOL,UNRESOLVED,False,False,False,NO_EXACT_IDENTITY_MATCH,,,NO_EXACT_DPD_PRODUCT,,,,,,,,NO_EXACT_EMA_PRODUCT,,,,,UNRESOLVED,,,UNRESOLVED,,False,
MED-0873,CARBOCISTEÍNA,UNRESOLVED,False,False,False,NO_EXACT_IDENTITY_MATCH,,,NO_EXACT_DPD_PRODUCT,,,,,,,,NO_EXACT_EMA_PRODUCT,,,,,UNRESOLVED,,,UNRESOLVED,,False,
MED-0874,CARBOPLATINO,UNRESOLVED,False,False,False,NO_EXACT_IDENTITY_MATCH,,,NO_EXACT_DPD_PRODUCT,,,,,,,,NO_EXACT_EMA_PRODUCT,,,,,UNRESOLVED,,,UNRESOLVED,,False,
MED-0875,CARMUSTINA,UNRESOLVED,False,False,False,NO_EXACT_IDENTITY_MATCH,,,NO_EXACT_DPD_PRODUCT,,,,,,,,NO_EXACT_EMA_PRODUCT,,,,,UNRESOLVED,,,UNRESOLVED,,False,
MED-0876,CEFONICID,UNRESOLVED,False,False,False,EXACT_IDENTITY_CORROBORATED,NDA050579,100.0,NO_EXACT_DPD_PRODUCT,,,,,,,,NO_EXACT_EMA_PRODUCT,,,,,CURRENT_SOURCE_NOT_FOUND_WITH_SUPPORT,,,CURRENT_SOURCE_NOT_FOUND_WITH_SUPPORT,,False,
MED-0877,CEFTAROLINA,UNRESOLVED,False,False,False,NO_EXACT_IDENTITY_MATCH,,,NO_EXACT_DPD_PRODUCT,,,,,,,,NO_EXACT_EMA_PRODUCT,,,,,UNRESOLVED,,,UNRESOLVED,,False,
MED-0879,CICLESONIDA,UNRESOLVED,False,False,False,NO_EXACT_IDENTITY_MATCH,,,NO_EXACT_DPD_PRODUCT,,,,,,,,NO_EXACT_EMA_PRODUCT,,,,,UNRESOLVED,,,UNRESOLVED,,False,
MED-0880,CICLOPENTOLATO,UNRESOLVED,False,False,False,NO_EXACT_IDENTITY_MATCH,,,NO_EXACT_DPD_PRODUCT,,,,,,,,NO_EXACT_EMA_PRODUCT,,,,,UNRESOLVED,,,UNRESOLVED,,False,
MED-0881,CICLOSERINA,UNRESOLVED,False,False,False,NO_EXACT_IDENTITY_MATCH,,,NO_EXACT_DPD_PRODUCT,,,,,,,,NO_EXACT_EMA_PRODUCT,,,,,UNRESOLVED,,,UNRESOLVED,,False,
MED-0883,CIMETIDINA,UNRESOLVED,False,False,False,NO_EXACT_IDENTITY_MATCH,,,NO_EXACT_DPD_PRODUCT,,,,,,,,NO_EXACT_EMA_PRODUCT,,,,,UNRESOLVED,,,UNRESOLVED,,False,
MED-0884,CIPROHEPTADINA,UNRESOLVED,False,False,False,NO_EXACT_IDENTITY_MATCH,,,NO_EXACT_DPD_PRODUCT,,,,,,,,NO_EXACT_EMA_PRODUCT,,,,,UNRESOLVED,,,UNRESOLVED,,False,
MED-0885,CISATRACURIO,UNRESOLVED,False,False,False,NO_EXACT_IDENTITY_MATCH,,,NO_EXACT_DPD_PRODUCT,,,,,,,,NO_EXACT_EMA_PRODUCT,,,,,UNRESOLVED,,,UNRESOLVED,,False,
MED-0886,CISPLATINO,UNRESOLVED,False,False,False,NO_EXACT_IDENTITY_MATCH,,,NO_EXACT_DPD_PRODUCT,,,,,,,,NO_EXACT_EMA_PRODUCT,,,,,UNRESOLVED,,,UNRESOLVED,,False,
MED-0887,CITARABINA,UNRESOLVED,False,False,False,NO_EXACT_IDENTITY_MATCH,,,NO_EXACT_DPD_PRODUCT,,,,,,,,NO_EXACT_EMA_PRODUCT,,,,,UNRESOLVED,,,UNRESOLVED,,False,
MED-0888,CLEBOPRIDA,UNRESOLVED,False,False,False,NO_EXACT_IDENTITY_MATCH,,,NO_EXACT_DPD_PRODUCT,,,,,,,,NO_EXACT_EMA_PRODUCT,,,,,UNRESOLVED,,,UNRESOLVED,,False,
MED-0890,CLOFAZIMINA,UNRESOLVED,False,False,False,NO_EXACT_IDENTITY_MATCH,,,NO_EXACT_DPD_PRODUCT,,,,,,,,NO_EXACT_EMA_PRODUCT,,,,,UNRESOLVED,,,UNRESOLVED,,False,
MED-0891,CLORAZEPATO DIPOTÁSICO,UNRESOLVED,False,False,False,NO_EXACT_IDENTITY_MATCH,,,NO_EXACT_DPD_PRODUCT,,,,,,,,NO_EXACT_EMA_PRODUCT,,,,,UNRESOLVED,,,UNRESOLVED,,False,
MED-0892,CLORHIDRATO DE GUANFACINA,UNRESOLVED,False,False,False,NO_EXACT_IDENTITY_MATCH,,,NO_EXACT_DPD_PRODUCT,,,,,,,,NO_EXACT_EMA_PRODUCT,,,,,UNRESOLVED,,,UNRESOLVED,,False,
MED-0893,CLORPROMAZINA,UNRESOLVED,False,False,False,NO_EXACT_IDENTITY_MATCH,,,NO_EXACT_DPD_PRODUCT,,,,,,,,NO_EXACT_EMA_PRODUCT,,,,,UNRESOLVED,,,UNRESOLVED,,False,
MED-0894,COENZIMA Q10 (UBIDECARENONA),UNRESOLVED,False,False,False,NO_EXACT_IDENTITY_MATCH,,,NO_EXACT_DPD_PRODUCT,,,,,,,,NO_EXACT_EMA_PRODUCT,,,,,UNRESOLVED,,,UNRESOLVED,,False,
MED-0895,COLISTINA,LOCAL_SUPPORT_ONLY_NEEDS_CURRENT_SOURCE,True,False,False,NO_EXACT_IDENTITY_MATCH,,,NO_EXACT_DPD_PRODUCT,,,,,,,,NO_EXACT_EMA_PRODUCT,,,,,CURRENT_SOURCE_NOT_FOUND_WITH_SUPPORT,,,CURRENT_SOURCE_NOT_FOUND_WITH_SUPPORT,,False,
MED-0896,COMPLEJO COAGULANTE ANTIINHIBIDOR,UNRESOLVED,False,False,False,NO_EXACT_IDENTITY_MATCH,,,NO_EXACT_DPD_PRODUCT,,,,,,,,NO_EXACT_EMA_PRODUCT,,,,,UNRESOLVED,,,UNRESOLVED,,False,
MED-0897,COMPLEJO HIDROXIAPATITA OSEÍNA,UNRESOLVED,False,False,False,NO_EXACT_IDENTITY_MATCH,,,NO_EXACT_DPD_PRODUCT,,,,,,,,NO_EXACT_EMA_PRODUCT,,,,,UNRESOLVED,,,UNRESOLVED,,False,
MED-0898,CROMOCARBO,UNRESOLVED,False,False,False,NO_EXACT_IDENTITY_MATCH,,,NO_EXACT_DPD_PRODUCT,,,,,,,,NO_EXACT_EMA_PRODUCT,,,,,UNRESOLVED,,,UNRESOLVED,,False,
MED-0899,CROMOGLICATO (NEBULIZADO),UNRESOLVED,False,False,False,NO_EXACT_IDENTITY_MATCH,,,NO_EXACT_DPD_PRODUCT,,,,,,,,NO_EXACT_EMA_PRODUCT,,,,,UNRESOLVED,,,UNRESOLVED,,False,
MED-0900,DACARBAZINA,UNRESOLVED,False,False,False,NO_EXACT_IDENTITY_MATCH,,,NO_EXACT_DPD_PRODUCT,,,,,,,,NO_EXACT_EMA_PRODUCT,,,,,UNRESOLVED,,,UNRESOLVED,,False,
MED-0902,DANTROLENO,UNRESOLVED,False,False,False,NO_EXACT_IDENTITY_MATCH,,,NO_EXACT_DPD_PRODUCT,,,,,,,,NO_EXACT_EMA_PRODUCT,,,,,UNRESOLVED,,,UNRESOLVED,,False,
MED-0904,DEFEROXAMINA,UNRESOLVED,False,False,False,NO_EXACT_IDENTITY_MATCH,,,NO_EXACT_DPD_PRODUCT,,,,,,,,NO_EXACT_EMA_PRODUCT,,,,,UNRESOLVED,,,UNRESOLVED,,False,
MED-0905,DELAMANIDA,UNRESOLVED,False,False,False,NO_EXACT_IDENTITY_MATCH,,,NO_EXACT_DPD_PRODUCT,,,,,,,,NO_EXACT_EMA_PRODUCT,,,,,UNRESOLVED,,,UNRESOLVED,,False,
MED-0906,DENILEUKIN DIFTITOX,UNRESOLVED,False,False,False,EXACT_IDENTITY_CORROBORATED,BLA103767,100.0,NO_EXACT_DPD_PRODUCT,,,,,,,,NO_EXACT_EMA_PRODUCT,,,,,CURRENT_SOURCE_NOT_FOUND_WITH_SUPPORT,,,CURRENT_SOURCE_NOT_FOUND_WITH_SUPPORT,,False,
MED-0907,DESRAZOXANO,UNRESOLVED,False,False,False,NO_EXACT_IDENTITY_MATCH,,,NO_EXACT_DPD_PRODUCT,,,,,,,,NO_EXACT_EMA_PRODUCT,,,,,UNRESOLVED,,,UNRESOLVED,,False,
MED-0908,DIAZÓXIDO,UNRESOLVED,False,False,False,NO_EXACT_IDENTITY_MATCH,,,NO_EXACT_DPD_PRODUCT,,,,,,,,NO_EXACT_EMA_PRODUCT,,,,,UNRESOLVED,,,UNRESOLVED,,False,
MED-0909,DICICLOVERINA,UNRESOLVED,False,False,False,NO_EXACT_IDENTITY_MATCH,,,NO_EXACT_DPD_PRODUCT,,,,,,,,NO_EXACT_EMA_PRODUCT,,,,,UNRESOLVED,,,UNRESOLVED,,False,
MED-0910,DICLOROACETATO SÓDICO,UNRESOLVED,False,False,False,NO_EXACT_IDENTITY_MATCH,,,NO_EXACT_DPD_PRODUCT,,,,,,,,NO_EXACT_EMA_PRODUCT,,,,,UNRESOLVED,,,UNRESOLVED,,False,
MED-0911,DIETILCARBAMAZINA,UNRESOLVED,False,False,False,NO_EXACT_IDENTITY_MATCH,,,NO_EXACT_DPD_PRODUCT,,,,,,,,NO_EXACT_EMA_PRODUCT,,,,,UNRESOLVED,,,UNRESOLVED,,False,
MED-0912,DIFLORASONA,UNRESOLVED,False,False,False,NO_EXACT_IDENTITY_MATCH,,,NO_EXACT_DPD_PRODUCT,,,,,,,,NO_EXACT_EMA_PRODUCT,,,,,UNRESOLVED,,,UNRESOLVED,,False,
MED-0913,DIHIDROARTEMISININA,UNRESOLVED,False,False,False,NO_EXACT_IDENTITY_MATCH,,,NO_EXACT_DPD_PRODUCT,,,,,,,,NO_EXACT_EMA_PRODUCT,,,,,UNRESOLVED,,,UNRESOLVED,,False,
MED-0914,DIHIDROEMETINA,UNRESOLVED,False,False,False,NO_EXACT_IDENTITY_MATCH,,,NO_EXACT_DPD_PRODUCT,,,,,,,,NO_EXACT_EMA_PRODUCT,,,,,UNRESOLVED,,,UNRESOLVED,,False,
MED-0915,DIMERCAPROL,UNRESOLVED,False,False,False,EXACT_IDENTITY_CORROBORATED,NDA005939,100.0,EXACT_PRODUCT_NO_EXPLICIT_RENAL_ACTION,NO_RENAL_TEXT,18814,02014807,BAL IN OIL 3ML AMPULES/10,https://health-products.canada.ca/dpd-bdpp/info?code=18814&lang=eng,,,NO_EXACT_EMA_PRODUCT,,,,,NO_EXPLICIT_RENAL_RECOMMENDATION_FOUND,,,NO_EXPLICIT_RENAL_RECOMMENDATION_FOUND,,False,Cancelled Post Market
MED-0916,DIPIRIDAMOL,UNRESOLVED,False,False,False,NO_EXACT_IDENTITY_MATCH,,,NO_EXACT_DPD_PRODUCT,,,,,,,,NO_EXACT_EMA_PRODUCT,,,,,UNRESOLVED,,,UNRESOLVED,,False,
MED-0917,DISOPIRAMIDA,UNRESOLVED,False,False,False,NO_EXACT_IDENTITY_MATCH,,,NO_EXACT_DPD_PRODUCT,,,,,,,,NO_EXACT_EMA_PRODUCT,,,,,UNRESOLVED,,,UNRESOLVED,,False,
MED-0919,DORZOLAMIDA,UNRESOLVED,False,False,False,NO_EXACT_IDENTITY_MATCH,,,NO_EXACT_DPD_PRODUCT,,,,,,,,NO_EXACT_EMA_PRODUCT,,,,,UNRESOLVED,,,UNRESOLVED,,False,
MED-0920,ECONAZOL,UNRESOLVED,False,False,False,NO_EXACT_IDENTITY_MATCH,,,NO_EXACT_DPD_PRODUCT,,,,,,,,NO_EXACT_EMA_PRODUCT,,,,,UNRESOLVED,,,UNRESOLVED,,False,
MED-0922,EFLORNITINA,UNRESOLVED,False,False,False,NO_EXACT_IDENTITY_MATCH,,,NO_EXACT_DPD_PRODUCT,,,,,,,,NO_EXACT_EMA_PRODUCT,,,,,UNRESOLVED,,,UNRESOLVED,,False,
MED-0923,ELOSULFASA ALFA,UNRESOLVED,False,False,False,NO_EXACT_IDENTITY_MATCH,,,NO_EXACT_DPD_PRODUCT,,,,,,,,NO_EXACT_EMA_PRODUCT,,,,,UNRESOLVED,,,UNRESOLVED,,False,
MED-0924,EMEDASTINA OFTÁLMICA,UNRESOLVED,False,False,False,NO_EXACT_IDENTITY_MATCH,,,NO_EXACT_DPD_PRODUCT,,,,,,,,NO_EXACT_EMA_PRODUCT,,,,,UNRESOLVED,,,UNRESOLVED,,False,
MED-0925,ENFUVIRTIDA,UNRESOLVED,False,False,False,NO_EXACT_IDENTITY_MATCH,,,NO_EXACT_DPD_PRODUCT,,,,,,,,NO_EXACT_EMA_PRODUCT,,,,,UNRESOLVED,,,UNRESOLVED,,False,
MED-0926,ENOXIMONA,UNRESOLVED,False,False,False,NO_EXACT_IDENTITY_MATCH,,,NO_EXACT_DPD_PRODUCT,,,,,,,,NO_EXACT_EMA_PRODUCT,,,,,UNRESOLVED,,,UNRESOLVED,,False,
MED-0927,EPINASTINA,UNRESOLVED,False,False,False,NO_EXACT_IDENTITY_MATCH,,,NO_EXACT_DPD_PRODUCT,,,,,,,,NO_EXACT_EMA_PRODUCT,,,,,UNRESOLVED,,,UNRESOLVED,,False,
MED-0930,EPOETINA ZETA,UNRESOLVED,False,False,False,NO_EXACT_IDENTITY_MATCH,,,NO_EXACT_DPD_PRODUCT,,,,,,,,NO_EXACT_EMA_PRODUCT,,,,,UNRESOLVED,,,UNRESOLVED,,False,
MED-0931,EPOPROSTENOL,UNRESOLVED,False,False,False,EXACT_IDENTITY_CORROBORATED,ANDA210473,100.0,EXACT_PRODUCT_NO_EXPLICIT_RENAL_ACTION,RENAL_MENTION_WITHOUT_EXPLICIT_DOSING_ACTION,50122,02230848,FLOLAN,https://pdf.hres.ca/dpd_pm/00075089.PDF,2003-02-19," μg/kg-100 mg/kg) exerts relatively minor behavioural effects until high doses are achieved. Decreases in body temperature and peripheral flushing are commonly observed secondary to the vasodilation caused by this agent. Platelet Aggregation: Epoprostenol sodium is the most potent inhibitor of platelet aggregation known, with profound inhibition of aggregation observed in virtually all species, both in vivo and ex vivo. Increased bleeding times were observed in rats and dogs. Renal Effects: Under basal conditions, epoprostenol sodium causes equivocal changes in urine output and ion excretion. Renal function following ischemia is preserved by treatment with epoprostenol sodium. In rabbits, epoprostenol caused a dose dependent reduction in glomerular filtration rate. Respiratory Effects: Epoprostenol sodium has bronchodilator effects in guinea pigs and dogs exposed to the bronchoconstriction induced by histamine, acetylcholine and PGF2α. 10.3 Pharmacokinetics Animal studies using tritium-labelled epoprostenol have indicated a high clearance (93 mL/min/kg), small volume of distribution (357 mL/kg), and a short half-life (2.7 minutes). During infusions in animals, steady-state plasma concentrations of tritium-labelled epoprostenol were reached within 15 minutes and were proportional to infusion rates. No available chemical assay is sufficiently sensitive and specific to assess the in vivo human pharmacokinetics of epoprostenol. The in vitro half-life of epoprostenol in human blood at 37°C and pH 7.4 is approximately 6 minutes; the in vivo half-life of epoprostenol in humans is therefore expected to be no greater than 6 minutes. The in vitro pharmacologic half-life of epoprostenol in human plasma, based on inhibition of platelet aggregation, is 10.6 minutes in males (n = 954) and 10.8 minutes in females (n = 1024). Tritium-labelled epoprostenol has been administered to humans in order to identify the metabolic products of epoprostenol. Epoprostenol is metabolized to 6-keto-PGF1α (formed by spontaneous degradation) and 6,15-diketo-13,14-dihydro-PGF1α (enzymatically formed), both of which have pharmacological activity at orders of magnitude less than epoprostenol in animal test systems. The recovery of radioactivity in urine and feces over a one-week period was 82% and 4% of the administered dose, respectively. Fourteen additional minor metabolites have been isolated from urine,",NO_EXACT_EMA_PRODUCT,,,,,NO_EXPLICIT_RENAL_RECOMMENDATION_FOUND,,,NO_EXPLICIT_RENAL_RECOMMENDATION_FOUND,,False,Marketed
MED-0934,ESTREPTOMICINA,LOCAL_SUPPORT_ONLY_NEEDS_CURRENT_SOURCE,True,False,False,NO_EXACT_IDENTITY_MATCH,,,NO_EXACT_DPD_PRODUCT,,,,,,,,NO_EXACT_EMA_PRODUCT,,,,,CURRENT_SOURCE_NOT_FOUND_WITH_SUPPORT,,,CURRENT_SOURCE_NOT_FOUND_WITH_SUPPORT,,False,
MED-0935,ETANERCEPT,UNRESOLVED,False,False,False,EXACT_IDENTITY_CORROBORATED,BLA103795,100.0,EXACT_PRODUCT_NO_EXPLICIT_RENAL_ACTION,RENAL_MENTION_WITHOUT_EXPLICIT_DOSING_ACTION,95074,02462877,ERELZI,https://pdf.hres.ca/dpd_pm/00069556.PDF,2017-12-08,"comitant methotrexate does not alter the pharmacokinetics of etanercept in adults. The pharmacokinetics of concomitant methotrexate in children with JIA ages 4 to 17 has not been evaluated. Sex: Pharmacokinetic parameters were not different between men and women and did not vary with age in adult patients. Hepatic Insufficiency: No formal pharmacokinetic studies have been conducted to examine the effect of hepatic impairment on etanercept disposition or potential interactions with methotrexate. Renal Insufficiency: No formal pharmacokinetic studies have been conducted to examine the effect of renal impairment on etanercept disposition or potential interactions with methotrexate. 11 STORAGE, STABILITY AND DISPOSAL ERELZI Single-use Prefilled Syringe with Needle Guard and ERELZI Single-use Prefilled SensoReady® Pen Each ERELZI single-use prefilled syringe with Needle Guard (25 mg/0.5 ml and 50 mg/1.0 ml) and ERELZI single-use prefilled SensoReady® Pen (50 mg/1.0 mL) contain 50 mg/mL of etanercept in a single-dose syringe with a 29-gauge, ½-inch needle. ERELZI should be stored refrigerated at 2°C to 8°C. DO NOT FREEZE. Do not use ERELZI beyond the expiration date stamped on the carton, Syringe or Pen product labels. DO NOT SHAKE. Keep the product in the original carton to protect from light until the time of use. For convenience, storage of individual syringes or SensoReady® Pens at room temperature between ",NO_EXACT_EMA_PRODUCT,,,,,NO_EXPLICIT_RENAL_RECOMMENDATION_FOUND,,,NO_EXPLICIT_RENAL_RECOMMENDATION_FOUND,,False,Marketed
MED-0936,ETANOL,UNRESOLVED,False,False,False,NO_EXACT_IDENTITY_MATCH,,,NO_EXACT_DPD_PRODUCT,,,,,,,,NO_EXACT_EMA_PRODUCT,,,,,UNRESOLVED,,,UNRESOLVED,,False,
MED-0937,ETIONAMIDA,LOCAL_SUPPORT_ONLY_NEEDS_CURRENT_SOURCE,True,False,False,NO_EXACT_IDENTITY_MATCH,,,NO_EXACT_DPD_PRODUCT,,,,,,,,NO_EXACT_EMA_PRODUCT,,,,,CURRENT_SOURCE_NOT_FOUND_WITH_SUPPORT,,,CURRENT_SOURCE_NOT_FOUND_WITH_SUPPORT,,False,
MED-0938,ETONOGESTREL,UNRESOLVED,False,False,False,EXACT_IDENTITY_CORROBORATED,NDA021529,100.0,EXACT_PRODUCT_NO_EXPLICIT_RENAL_ACTION,RENAL_MENTION_WITHOUT_EXPLICIT_DOSING_ACTION,98924,02499509,NEXPLANON,https://pdf.hres.ca/dpd_pm/00085224.PDF,2022-09-08,"en with liver impairment. Use of NEXPLANON in women with active liver disease or liver cancer is contraindicated (see 2 Contraindications). Gallbladder Disease Studies suggest a small increased relative risk of developing gallbladder disease among combination hormonal contraceptive users. It is not known whether a similar risk exists with progestin-only methods like NEXPLANON. Monitoring and Laboratory Tests Laboratory parameters Data obtained with COCs have shown that contraceptive steroids may affect some laboratory parameters, including biochemical parameters of liver, thyroid, adrenal and renal function, serum levels of (carrier) proteins, e.g., corticosteroid binding globulin and lipid/lipoprotein fractions, parameters of carbohydrate metabolism and parameters of coagulation and fibrinolysis. The changes generally remain within the normal range. To what extent this also applies to progestin-only contraceptives is unknown. Sex hormone-binding globulin concentrations may be decreased for the first six months after NEXPLANON insertion followed by gradual recovery. Thyroxine concentrations may initially be slightly decreased followed by gradual recovery to baseline. Magnetic Resonance Imaging (MRI) NEXPLANON is Magnetic Resonance (MR) safe. Ophthalmologic Contact Lenses Contact lens wearers who develop visual changes or changes in lens tolerance should be assessed by an ophthalmologist. Perioperative Considerations Removal of the implant should also be considered in case of long-term immobilization due to surgery or illness (see 7 Warnings and Precautions, Cardiovascular). NEXPLANON® (etonogestrel extended release subdermal implant) Page 34 of 56 increase (e.g., cyclosporine) or decrease (e.g., lamotrigine). Consult the labeling of all concurrently-used drugs to obtain further information about interactions with HCs or the potential for enzyme alterations. 9.5. Drug-Food Interactions Grapefruit or its juice are known to inhibit CYP3A4 and may increase the serum concentrations of progestins, including etonogestrel. See 9.4 Drug-Drug Interactions. 9.6. Drug-Herb Interactions Herbal products (including St. Johns wort) that induce certain enzymes, including cytochrome P450 3A4, may decrease the plasma concentrations of HCs and potentially diminish the effectiveness of HCs or increase breakthrough bleeding. See 9.4 Drug-Drug Interactions. 9.7. Drug-Laboratory Test Interaction
---
ease the serum concentrations of progestins, including etonogestrel. See 9.4 Drug-Drug Interactions. 9.6. Drug-Herb Interactions Herbal products (including St. Johns wort) that induce certain enzymes, including cytochrome P450 3A4, may decrease the plasma concentrations of HCs and potentially diminish the effectiveness of HCs or increase breakthrough bleeding. See 9.4 Drug-Drug Interactions. 9.7. Drug-Laboratory Test Interactions Data obtained with COCs have shown that contraceptive steroids may affect some laboratory parameters, including biochemical parameters of liver, thyroid, adrenal and renal function, serum levels of (carrier) proteins, e.g., corticosteroid binding globulin and lipid/lipoprotein fractions, parameters of carbohydrate metabolism and parameters of coagulation and fibrinolysis. The changes generally remain within the normal range. To what extent this also applies to progestin-only contraceptives is not known. 10. Clinical Pharmacology 10.1. Mechanism of Action Etonogestrel is the biologically active metabolite of desogestrel, a progestin widely used in oral contraceptives. It is structurally derived from 19-nortestosterone and binds with high affinity to progesterone receptors in the target organs. The contraceptive effect of etonogestrel is primarily achieved by inhibition of ovulation. Ovulations were not observed in the first two years of use of the implant and only rarely in the third year. Besides inhibition of ovulation, etonogestrel also causes changes in the cervical mucus, which hinders the passage of spermatozoa. 10.2. Pharmacodynamics Exposure-response relationships of NEXPLANON are unknown. 10.3. Pharmacokinetics Absorption After subdermal insertion of the etonogestrel implant, etonogestrel is released into the circulation and is approximately 100% bioavailable. In a three -year clinical trial, NEXPLANON and the non -radiopaque etonogestrel implant (IMPLANON) yielded comparable systemic exposure to etonogestrel. For NEXPLANON, the mean (± SD) maximum serum etonogestrel concentrations were 1200 (± 604) pg/mL and were reached within the first two weeks after insertion (n=50). The mean (± SD) serum etonogestrel concentration decreased gradually over time, declining to 202 (± 55) pg/mL at 12 months (n=41), 164 (± 58) pg/mL at 24 months (n=37), and 138 (± 43) pg/mL at 36 months (n=32). For the non -radiopaque etonogestrel implant (IMPLANON), the",NO_EXACT_EMA_PRODUCT,,,,,NO_EXPLICIT_RENAL_RECOMMENDATION_FOUND,,,NO_EXPLICIT_RENAL_RECOMMENDATION_FOUND,,False,Marketed
MED-0939,ETOPÓSIDO,UNRESOLVED,False,False,False,NO_EXACT_IDENTITY_MATCH,,,NO_EXACT_DPD_PRODUCT,,,,,,,,NO_EXACT_EMA_PRODUCT,,,,,UNRESOLVED,,,UNRESOLVED,,False,
MED-0940,ETOSUXIMIDA,UNRESOLVED,False,False,False,NO_EXACT_IDENTITY_MATCH,,,NO_EXACT_DPD_PRODUCT,,,,,,,,NO_EXACT_EMA_PRODUCT,,,,,UNRESOLVED,,,UNRESOLVED,,False,
MED-0941,FACTOR IX,UNRESOLVED,False,False,False,NO_EXACT_IDENTITY_MATCH,,,EXACT_PRODUCT_NO_EXPLICIT_RENAL_ACTION,NO_RENAL_TEXT,93759,02451344,IDELVION,https://pdf.hres.ca/dpd_pm/00074132.PDF,2016-01-26,,NO_EXACT_EMA_PRODUCT,,,,,NO_EXPLICIT_RENAL_RECOMMENDATION_FOUND,,,NO_EXPLICIT_RENAL_RECOMMENDATION_FOUND,,False,Approved
MED-0942,FACTOR IX - NONACOG ALFA,UNRESOLVED,False,False,False,NO_EXACT_IDENTITY_MATCH,,,NO_EXACT_DPD_PRODUCT,,,,,,,,NO_EXACT_EMA_PRODUCT,,,,,UNRESOLVED,,,UNRESOLVED,,False,
MED-0943,FACTOR VIIA RECOMBINANTE EPTACOG ALFA ACTIVADO,UNRESOLVED,False,False,False,NO_EXACT_IDENTITY_MATCH,,,NO_EXACT_DPD_PRODUCT,,,,,,,,NO_EXACT_EMA_PRODUCT,,,,,UNRESOLVED,,,UNRESOLVED,,False,
MED-0944,FACTOR VIII/FACTOR VON WILLEBRAND,UNRESOLVED,False,False,False,NO_EXACT_IDENTITY_MATCH,,,NO_EXACT_DPD_PRODUCT,,,,,,,,NO_EXACT_EMA_PRODUCT,,,,,UNRESOLVED,,,UNRESOLVED,,False,
MED-0945,FACTOR VIIIR MOROCTOCOG ALFA,UNRESOLVED,False,False,False,NO_EXACT_IDENTITY_MATCH,,,NO_EXACT_DPD_PRODUCT,,,,,,,,NO_EXACT_EMA_PRODUCT,,,,,UNRESOLVED,,,UNRESOLVED,,False,
MED-0946,FACTOR XI-HEMOLEVEN,UNRESOLVED,False,False,False,NO_EXACT_IDENTITY_MATCH,,,NO_EXACT_DPD_PRODUCT,,,,,,,,NO_EXACT_EMA_PRODUCT,,,,,UNRESOLVED,,,UNRESOLVED,,False,
MED-0947,FACTOR XIII-FIBROGAMMIN P,UNRESOLVED,False,False,False,NO_EXACT_IDENTITY_MATCH,,,NO_EXACT_DPD_PRODUCT,,,,,,,,NO_EXACT_EMA_PRODUCT,,,,,UNRESOLVED,,,UNRESOLVED,,False,
MED-0948,FENILACETATO SÓDICO Y BENZOATO SÓDICO,UNRESOLVED,False,False,False,NO_EXACT_IDENTITY_MATCH,,,NO_EXACT_DPD_PRODUCT,,,,,,,,NO_EXACT_EMA_PRODUCT,,,,,UNRESOLVED,,,UNRESOLVED,,False,
MED-0949,FENILBUTAZONA,UNRESOLVED,False,False,False,NO_EXACT_IDENTITY_MATCH,,,NO_EXACT_DPD_PRODUCT,,,,,,,,NO_EXACT_EMA_PRODUCT,,,,,UNRESOLVED,,,UNRESOLVED,,False,
MED-0950,FENILBUTIRATO,UNRESOLVED,False,False,False,NO_EXACT_IDENTITY_MATCH,,,NO_EXACT_DPD_PRODUCT,,,,,,,,NO_EXACT_EMA_PRODUCT,,,,,UNRESOLVED,,,UNRESOLVED,,False,
MED-0951,FENILBUTIRATO DE GLICEROL,UNRESOLVED,False,False,False,NO_EXACT_IDENTITY_MATCH,,,NO_EXACT_DPD_PRODUCT,,,,,,,,NO_EXACT_EMA_PRODUCT,,,,,UNRESOLVED,,,UNRESOLVED,,False,
MED-0952,FENOXIBENZAMINA,UNRESOLVED,False,False,False,NO_EXACT_IDENTITY_MATCH,,,NO_EXACT_DPD_PRODUCT,,,,,,,,NO_EXACT_EMA_PRODUCT,,,,,UNRESOLVED,,,UNRESOLVED,,False,
MED-0953,FENTICONAZOL,UNRESOLVED,False,False,False,NO_EXACT_IDENTITY_MATCH,,,NO_EXACT_DPD_PRODUCT,,,,,,,,NO_EXACT_EMA_PRODUCT,,,,,UNRESOLVED,,,UNRESOLVED,,False,
MED-0954,FENTOLAMINA,UNRESOLVED,False,False,False,NO_EXACT_IDENTITY_MATCH,,,NO_EXACT_DPD_PRODUCT,,,,,,,,NO_EXACT_EMA_PRODUCT,,,,,UNRESOLVED,,,UNRESOLVED,,False,
MED-0956,FIBRINÓGENO HUMANO,UNRESOLVED,False,False,False,NO_EXACT_IDENTITY_MATCH,,,NO_EXACT_DPD_PRODUCT,,,,,,,,NO_EXACT_EMA_PRODUCT,,,,,UNRESOLVED,,,UNRESOLVED,,False,
MED-0957,FIDAXOMICINA,UNRESOLVED,False,False,False,NO_EXACT_IDENTITY_MATCH,,,NO_EXACT_DPD_PRODUCT,,,,,,,,NO_EXACT_EMA_PRODUCT,,,,,UNRESOLVED,,,UNRESOLVED,,False,
MED-0959,FISOSTIGMINA,UNRESOLVED,False,False,False,NO_EXACT_IDENTITY_MATCH,,,NO_EXACT_DPD_PRODUCT,,,,,,,,NO_EXACT_EMA_PRODUCT,,,,,UNRESOLVED,,,UNRESOLVED,,False,
MED-0960,FLECAINIDA,UNRESOLVED,False,False,False,NO_EXACT_IDENTITY_MATCH,,,NO_EXACT_DPD_PRODUCT,,,,,,,,NO_EXACT_EMA_PRODUCT,,,,,UNRESOLVED,,,UNRESOLVED,,False,
MED-0962,FLUOCINONIDA,UNRESOLVED,False,False,False,NO_EXACT_IDENTITY_MATCH,,,NO_EXACT_DPD_PRODUCT,,,,,,,,NO_EXACT_EMA_PRODUCT,,,,,UNRESOLVED,,,UNRESOLVED,,False,
MED-0963,FLUOCORTINA,UNRESOLVED,False,False,False,NO_EXACT_IDENTITY_MATCH,,,NO_EXACT_DPD_PRODUCT,,,,,,,,NO_EXACT_EMA_PRODUCT,,,,,UNRESOLVED,,,UNRESOLVED,,False,
MED-0964,FLUORACILO,UNRESOLVED,False,False,False,NO_EXACT_IDENTITY_MATCH,,,NO_EXACT_DPD_PRODUCT,,,,,,,,NO_EXACT_EMA_PRODUCT,,,,,UNRESOLVED,,,UNRESOLVED,,False,
MED-0965,FLUTRIMAZOL,UNRESOLVED,False,False,False,NO_EXACT_IDENTITY_MATCH,,,NO_EXACT_DPD_PRODUCT,,,,,,,,NO_EXACT_EMA_PRODUCT,,,,,UNRESOLVED,,,UNRESOLVED,,False,
MED-0966,FOSAMPRENAVIR,UNRESOLVED,False,False,False,EXACT_IDENTITY_CORROBORATED,NDA022116,100.0,EXACT_PRODUCT_NO_EXPLICIT_RENAL_ACTION,RENAL_MENTION_WITHOUT_EXPLICIT_DOSING_ACTION,74693,02261553,TELZIR,https://pdf.hres.ca/dpd_pm/00052037.PDF,2024-12-31,"s [such as Mycobacterium avium-complex (MAC), cytomegalovirus (CMV), Pneumocystis jirovecii pneumonia (PCP), and tuberculosis (TB)], which may necessitate further evaluation and treatment. Autoimmune disorders (such as Graves’ disease, polymyositis, autoimmune hepatitis and Guillain-Barre syndrome) have also been reported to occur in the setting of immune reconstitution, however the time to onset is more variable, and can occur many months after initiation of treatment and sometimes can be an atypical presentation. Renal The safety and efficacy of TELZIR have not been studied in patients with renal impairment. Since the renal clearance of amprenavir and ritonavir is negligible, increased plasma concentrations are not expected in patients with renal impairment. Because amprenavir and ritonavir are highly protein bound, it is unlikely that Page 9 of 55 hemodialysis or peritoneal dialysis will significantly remove them (see ACTIONS AND CLINICAL PHARMACOLOGY section). Sensitivity/Resistance Resistance/Cross-Resistance Because the potential for HIV cross-resistance among protease inhibitors has not been fully explored, it is unknown what effect therapy with TELZIR will have on the activity of subsequently administered protease inhibitors. TELZIR has been studied in patients who have experienced treatment failure with protease inhibitors (see DETAILED PHARMACOLOGY: Description of Clinical Studies section). Skin Severe and life-threatening skin reactions, including Stevens-Johnson Syndrome, were reported in less than 1% of subjects included in the clinical development programme. The TELZIR/ritonavir combination should be permanently discontinued in case of severe rash, or in case of rash of moderate intensity with systemic or mucosal symptoms (see ADVERSE REACTIONS section). Special Populations Pregnant Women There are no adequate and well-controlled studies in pregnant women. Low to moderate amprenavir placental transfer has been observed following administration of TELZIR/ritonavir 700/100mg twice daily to pregnant women (see ACTION AND CLINICAL PHARMACOLOGY, Special Populations and Conditions, Pregnancy). Limited data on the use of fosamprenavir during pregnancy from the Antiretroviral Pregnancy Registry (APR) and case reports are not sufficient to inform a drug-associated risk of birth defects and miscarriage. Administration of TELZIR in pregnancy should be considered only if 
---
e further evaluation and treatment. Autoimmune disorders (such as Graves’ disease, polymyositis, autoimmune hepatitis and Guillain-Barre syndrome) have also been reported to occur in the setting of immune reconstitution, however the time to onset is more variable, and can occur many months after initiation of treatment and sometimes can be an atypical presentation. Renal The safety and efficacy of TELZIR have not been studied in patients with renal impairment. Since the renal clearance of amprenavir and ritonavir is negligible, increased plasma concentrations are not expected in patients with renal impairment. Because amprenavir and ritonavir are highly protein bound, it is unlikely that Page 9 of 55 hemodialysis or peritoneal dialysis will significantly remove them (see ACTIONS AND CLINICAL PHARMACOLOGY section). Sensitivity/Resistance Resistance/Cross-Resistance Because the potential for HIV cross-resistance among protease inhibitors has not been fully explored, it is unknown what effect therapy with TELZIR will have on the activity of subsequently administered protease inhibitors. TELZIR has been studied in patients who have experienced treatment failure with protease inhibitors (see DETAILED PHARMACOLOGY: Description of Clinical Studies section). Skin Severe and life-threatening skin reactions, including Stevens-Johnson Syndrome, were reported in less than 1% of subjects included in the clinical development programme. The TELZIR/ritonavir combination should be permanently discontinued in case of severe rash, or in case of rash of moderate intensity with systemic or mucosal symptoms (see ADVERSE REACTIONS section). Special Populations Pregnant Women There are no adequate and well-controlled studies in pregnant women. Low to moderate amprenavir placental transfer has been observed following administration of TELZIR/ritonavir 700/100mg twice daily to pregnant women (see ACTION AND CLINICAL PHARMACOLOGY, Special Populations and Conditions, Pregnancy). Limited data on the use of fosamprenavir during pregnancy from the Antiretroviral Pregnancy Registry (APR) and case reports are not sufficient to inform a drug-associated risk of birth defects and miscarriage. Administration of TELZIR in pregnancy should be considered only if the benefit to the mother outweighs the possible risk to the fetus. Antiretroviral Pregnancy Registry To monitor maternal-fetal outcomes of pregnant wome
---
patitis and Guillain-Barre syndrome) have also been reported to occur in the setting of immune reconstitution, however the time to onset is more variable, and can occur many months after initiation of treatment and sometimes can be an atypical presentation. Renal The safety and efficacy of TELZIR have not been studied in patients with renal impairment. Since the renal clearance of amprenavir and ritonavir is negligible, increased plasma concentrations are not expected in patients with renal impairment. Because amprenavir and ritonavir are highly protein bound, it is unlikely that Page 9 of 55 hemodialysis or peritoneal dialysis will significantly remove them (see ACTIONS AND CLINICAL PHARMACOLOGY section). Sensitivity/Resistance Resistance/Cross-Resistance Because the potential for HIV cross-resistance among protease inhibitors has not been fully explored, it is unknown what effect therapy with TELZIR will have on the activity of subsequently administered protease inhibitors. TELZIR has been studied in patients who have experienced treatment failure with protease inhibitors (see DETAILED PHARMACOLOGY: Description of Clinical Studies section). Skin Severe and life-threatening skin reactions, including Stevens-Johnson Syndrome, were reported in less than 1% of subjects included in the clinical development programme. The TELZIR/ritonavir combination should be permanently discontinued in case of severe rash, or in case of rash of moderate intensity with systemic or mucosal symptoms (see ADVERSE REACTIONS section). Special Populations Pregnant Women There are no adequate and well-controlled studies in pregnant women. Low to moderate amprenavir placental transfer has been observed following administration of TELZIR/ritonavir 700/100mg twice daily to pregnant women (see ACTION AND CLINICAL PHARMACOLOGY, Special Populations and Conditions, Pregnancy). Limited data on the use of fosamprenavir during pregnancy from the Antiretroviral Pregnancy Registry (APR) and case reports are not sufficient to inform a drug-associated risk of birth defects and miscarriage. Administration of TELZIR in pregnancy should be considered only if the benefit to the mother outweighs the possible risk to the fetus. Antiretroviral Pregnancy Registry To monitor maternal-fetal outcomes of pregnant women exposed to ART (antiretroviral therapy), including TELZIR, an Antiretroviral Pregnancy Registry has been
---
syndrome) have also been reported to occur in the setting of immune reconstitution, however the time to onset is more variable, and can occur many months after initiation of treatment and sometimes can be an atypical presentation. Renal The safety and efficacy of TELZIR have not been studied in patients with renal impairment. Since the renal clearance of amprenavir and ritonavir is negligible, increased plasma concentrations are not expected in patients with renal impairment. Because amprenavir and ritonavir are highly protein bound, it is unlikely that Page 9 of 55 hemodialysis or peritoneal dialysis will significantly remove them (see ACTIONS AND CLINICAL PHARMACOLOGY section). Sensitivity/Resistance Resistance/Cross-Resistance Because the potential for HIV cross-resistance among protease inhibitors has not been fully explored, it is unknown what effect therapy with TELZIR will have on the activity of subsequently administered protease inhibitors. TELZIR has been studied in patients who have experienced treatment failure with protease inhibitors (see DETAILED PHARMACOLOGY: Description of Clinical Studies section). Skin Severe and life-threatening skin reactions, including Stevens-Johnson Syndrome, were reported in less than 1% of subjects included in the clinical development programme. The TELZIR/ritonavir combination should be permanently discontinued in case of severe rash, or in case of rash of moderate intensity with systemic or mucosal symptoms (see ADVERSE REACTIONS section). Special Populations Pregnant Women There are no adequate and well-controlled studies in pregnant women. Low to moderate amprenavir placental transfer has been observed following administration of TELZIR/ritonavir 700/100mg twice daily to pregnant women (see ACTION AND CLINICAL PHARMACOLOGY, Special Populations and Conditions, Pregnancy). Limited data on the use of fosamprenavir during pregnancy from the Antiretroviral Pregnancy Registry (APR) and case reports are not sufficient to inform a drug-associated risk of birth defects and miscarriage. Administration of TELZIR in pregnancy should be considered only if the benefit to the mother outweighs the possible risk to the fetus. Antiretroviral Pregnancy Registry To monitor maternal-fetal outcomes of pregnant women exposed to ART (antiretroviral therapy), including TELZIR, an Antiretroviral Pregnancy Registry has been established. Healthcar
---
ncomitant Drug Clinical Comment Antiarrhythmics Amiodarone Lidocaine (systemic)  Antiarrhythmics Coadministration with fosamprenavir calcium is CONTRAINDICATED due to potential for serious and/or life- threatening reactions such as cardiac arrhythmias secondary to increases in plasma concentrations of antiarrhythmics (see CONTRAINDICATIONS). Antibiotics/Antifungals Clarithromycin  Clarithromycin Ritonavir increases plasma concentrations of clarithromycin. A reduction in the clarithromycin dose should be considered when coadministered with fosamprenavir calcium and ritonavir in patients with renal impairment. Dapsone Erythromycin  Dapsone  Erythromycin The plasma concentrations of these medicinal products may be increased when coadministered with TELZIR. No pharmacokinetic study has been performed with fosamprenavir calcium in combination with erythromycin or dapsone; however, the plasma concentrations of these medicinal products may be increased when coadministered with TELZIR. Erythromycin may also increase amprenavir serum concentration. Itraconazole Ketoconazole  Itraconazole  Ketoconazole Coadministration may increase plasma concentrations of either drug. Amprenavir and ritonavir both increase plasma concentrations of ketoconazole and are expected to increase itraconazole concentrations. Itraconazole can increase amprenavir concentrations. High doses of ketoconazole and itraconazole (> 200 mg/day) should not be used concomitantly with fosamprenavir calcium and ritonavir without assessing the risk/benefit ratio and increased monitoring for adverse events due to ketoconazole and itraconazole. Rifampin  Amprenavir The pharmacokinetic parameters of amprenavir are affected when both drugs are administered in combination. The use of rifampin in combination with fosamprenavir calcium is CONTRAINDICATED since it reduced Cmin of amprenavir by 92% and the AUC by 82% (see CONTRAINDICATIONS). Rifabutin  Amprenavir  Rifabutin The pharmacokinetic parameters of both drugs are affected when administered in combination. Coadministration of amprenavir with rifabutin results in a 15% decrease in amprenavir plasma AUC and a 200% increase in rifabutin plasma AUC. A dosage reduction of rifabutin to at least 75% of the recommended dose is required when fosamprenavir calcium and ritonavir are coadm",NO_EXACT_EMA_PRODUCT,,,,,NO_EXPLICIT_RENAL_RECOMMENDATION_FOUND,,,NO_EXPLICIT_RENAL_RECOMMENDATION_FOUND,,False,Cancelled Post Market
MED-0968,FOSFATO CÁLCICO,UNRESOLVED,False,False,False,NO_EXACT_IDENTITY_MATCH,,,NO_EXACT_DPD_PRODUCT,,,,,,,,NO_EXACT_EMA_PRODUCT,,,,,UNRESOLVED,,,UNRESOLVED,,False,
MED-0969,GALSULFASA,UNRESOLVED,False,False,False,NO_EXACT_IDENTITY_MATCH,,,NO_EXACT_DPD_PRODUCT,,,,,,,,NO_EXACT_EMA_PRODUCT,,,,,UNRESOLVED,,,UNRESOLVED,,False,
MED-0971,GEMCITABINA,UNRESOLVED,False,False,False,NO_EXACT_IDENTITY_MATCH,,,NO_EXACT_DPD_PRODUCT,,,,,,,,NO_EXACT_EMA_PRODUCT,,,,,UNRESOLVED,,,UNRESOLVED,,False,
MED-0972,GLICEROL,UNRESOLVED,False,False,False,NO_EXACT_IDENTITY_MATCH,,,NO_EXACT_DPD_PRODUCT,,,,,,,,NO_EXACT_EMA_PRODUCT,,,,,UNRESOLVED,,,UNRESOLVED,,False,
MED-0973,GLICOPIRROLATO,UNRESOLVED,False,False,False,NO_EXACT_IDENTITY_MATCH,,,NO_EXACT_DPD_PRODUCT,,,,,,,,NO_EXACT_EMA_PRODUCT,,,,,UNRESOLVED,,,UNRESOLVED,,False,
MED-0974,GLICOPIRRONIO,UNRESOLVED,False,False,False,NO_EXACT_IDENTITY_MATCH,,,NO_EXACT_DPD_PRODUCT,,,,,,,,NO_EXACT_EMA_PRODUCT,,,,,UNRESOLVED,,,UNRESOLVED,,False,
MED-0975,GLUBIONATO CÁLCICO (GLUCOBIONATO O LACTOGLUCONATO CÁLCICO),UNRESOLVED,False,False,False,NO_EXACT_IDENTITY_MATCH,,,NO_EXACT_DPD_PRODUCT,,,,,,,,NO_EXACT_EMA_PRODUCT,,,,,UNRESOLVED,,,UNRESOLVED,,False,
MED-0977,GOLIMUMAB,UNRESOLVED,False,False,False,EXACT_IDENTITY_CORROBORATED,BLA761452,100.0,EXACT_PRODUCT_NO_EXPLICIT_RENAL_ACTION,NO_RENAL_TEXT,106984,02567423,UPGOLYV,https://pdf.hres.ca/dpd_pm/00084259.PDF,2026-04-10,,NO_EXACT_EMA_PRODUCT,,,,,NO_EXPLICIT_RENAL_RECOMMENDATION_FOUND,,,NO_EXPLICIT_RENAL_RECOMMENDATION_FOUND,,False,Approved
MED-0979,HIDRATO DE CLORAL,UNRESOLVED,False,False,False,NO_EXACT_IDENTITY_MATCH,,,NO_EXACT_DPD_PRODUCT,,,,,,,,NO_EXACT_EMA_PRODUCT,,,,,UNRESOLVED,,,UNRESOLVED,,False,
MED-0980,HIDROCLORURO DE L-LISINA,UNRESOLVED,False,False,False,NO_EXACT_IDENTITY_MATCH,,,NO_EXACT_DPD_PRODUCT,,,,,,,,NO_EXACT_EMA_PRODUCT,,,,,UNRESOLVED,,,UNRESOLVED,,False,
MED-0981,"HIERRO (III), HIDRÓXIDO-SACAROSA",UNRESOLVED,False,False,False,NO_EXACT_IDENTITY_MATCH,,,NO_EXACT_DPD_PRODUCT,,,,,,,,NO_EXACT_EMA_PRODUCT,,,,,UNRESOLVED,,,UNRESOLVED,,False,
MED-0982,HIERRO CARBOXIMALTOSA,UNRESOLVED,False,False,False,NO_EXACT_IDENTITY_MATCH,,,NO_EXACT_DPD_PRODUCT,,,,,,,,NO_EXACT_EMA_PRODUCT,,,,,UNRESOLVED,,,UNRESOLVED,,False,
MED-0983,IDEBENONA,UNRESOLVED,False,False,False,NO_EXACT_IDENTITY_MATCH,,,NO_EXACT_DPD_PRODUCT,,,,,,,,NO_EXACT_EMA_PRODUCT,,,,,UNRESOLVED,,,UNRESOLVED,,False,
MED-0984,IDURSULFASA,UNRESOLVED,False,False,False,NO_EXACT_IDENTITY_MATCH,,,NO_EXACT_DPD_PRODUCT,,,,,,,,NO_EXACT_EMA_PRODUCT,,,,,UNRESOLVED,,,UNRESOLVED,,False,
MED-0985,IFOSFAMIDA,UNRESOLVED,False,False,False,NO_EXACT_IDENTITY_MATCH,,,NO_EXACT_DPD_PRODUCT,,,,,,,,NO_EXACT_EMA_PRODUCT,,,,,UNRESOLVED,,,UNRESOLVED,,False,
MED-0987,IMIGLUCERASA,UNRESOLVED,False,False,False,NO_EXACT_IDENTITY_MATCH,,,NO_EXACT_DPD_PRODUCT,,,,,,,,NO_EXACT_EMA_PRODUCT,,,,,UNRESOLVED,,,UNRESOLVED,,False,
MED-0988,INDINAVIR,LOCAL_SUPPORT_ONLY_NEEDS_CURRENT_SOURCE,True,False,False,EXACT_IDENTITY_CORROBORATED,NDA020685,100.0,EXACT_PRODUCT_NO_EXPLICIT_RENAL_ACTION,RENAL_MENTION_WITHOUT_EXPLICIT_DOSING_ACTION,43520,02229196,CRIXIVAN,https://pdf.hres.ca/dpd_pm/00032493.PDF,2016-11-01,"en if there are no symptoms. Missed Dose: Take CRIXIVAN® 3 times a day at regular 8-hour intervals. However, if you miss a dose by more than 2 hours, do not take it later in the day. Simply continue to follow your usual schedule. Do not take a double dose of CRIXIVAN®. SIDE EFFECTS AND WHAT TO DO ABOUT THEM Any medicine may have unintended or undesirable effects, so- called side effects. CRIXIVAN® has been shown to be generally well tolerated. There have been reports of kidney stones and in some of these patients this led to more severe kidney problems including kidney failure. In most cases, kidney impairment and kidney failure were temporary and reversible. Call your physician if you develop sudden severe back pain, with or without blood in the urine caused by kidney stones. Some patients treated with CRIXIVAN® have had rapid breakdown of red blood cells (also called hemolytic anemia) which in some cases was severe or resulted in death. Some patients treated with CRIXIVAN® have had liver problems including liver failure and death. Some patients had other illnesses or were taking other drugs. It is uncertain if CRIXIVAN® caused these liver problems. Other side effects include weakness/fatigue; low red blood cell count; heart problems including heart attack; abdominal pain/swelling; inflammation of the pancreas; inflammation of the kidneys; infection of the kidneys; decreased kidney function; diarrhea; upset stomach; nausea; dizziness; headache; dry skin; change in skin color; hair loss; ingrown toenails with or without infection; crystals in the urine; numbness of the mouth; rash; severe skin reactions; allergic reactions; taste perversion; pain and difficulty moving shoulder. Changes in body fat have been seen in some patients taking antiretroviral therapy. These changes may include increased amount of fat in the upper back and neck (“buffalo hump”), breasts, and around the trunk. Loss of fat from the legs, arms, and face may also happen. The cause and long-term effects of these conditions are not known at this time. In some patients with hemophilia, increased bleeding has been reported. There have been reports of diabetes and increased blood sugar (also called hyperglycemia) in patients treated with protease inhibitors. In some of these patients, this led to ketoacidosis, a serious condition resulting from poorly controlled blood sugar. Before starting protease inhibitors
---
ts treated with CRIXIVAN® have had rapid breakdown of red blood cells (also called hemolytic anemia) which in some cases was severe or resulted in death. Some patients treated with CRIXIVAN® have had liver problems including liver failure and death. Some patients had other illnesses or were taking other drugs. It is uncertain if CRIXIVAN® caused these liver problems. Other side effects include weakness/fatigue; low red blood cell count; heart problems including heart attack; abdominal pain/swelling; inflammation of the pancreas; inflammation of the kidneys; infection of the kidneys; decreased kidney function; diarrhea; upset stomach; nausea; dizziness; headache; dry skin; change in skin color; hair loss; ingrown toenails with or without infection; crystals in the urine; numbness of the mouth; rash; severe skin reactions; allergic reactions; taste perversion; pain and difficulty moving shoulder. Changes in body fat have been seen in some patients taking antiretroviral therapy. These changes may include increased amount of fat in the upper back and neck (“buffalo hump”), breasts, and around the trunk. Loss of fat from the legs, arms, and face may also happen. The cause and long-term effects of these conditions are not known at this time. In some patients with hemophilia, increased bleeding has been reported. There have been reports of diabetes and increased blood sugar (also called hyperglycemia) in patients treated with protease inhibitors. In some of these patients, this led to ketoacidosis, a serious condition resulting from poorly controlled blood sugar. Before starting protease inhibitors, some patients already had diabetes, others did not. Some patients required adjustments to their diabetes medication. Other patients needed new diabetes medication. Tell your doctor you are taking quetiapine. Taking HIV protease inhibitors such as CRIXIVAN® with quetiapine may cause serious side effects including coma and severe sedation (sleepiness and reduced breathing). Your doctor will decide whether you should take these 2 medicines. Your physician has a more complete list of side effects. Tell your physician promptly about these or any other unusual symptoms. If the condition persists or worsens, seek medical attention. In addition, tell your physician if you experience any symptoms that suggest an allergic reaction after taking CRIXIVAN®. Changes in your immune system (Immune Re",NO_EXACT_EMA_PRODUCT,,,,,NO_EXPLICIT_RENAL_RECOMMENDATION_FOUND,,,NO_EXPLICIT_RENAL_RECOMMENDATION_FOUND,,False,Cancelled Post Market
MED-0989,INFLIXIMAB,UNRESOLVED,False,False,False,EXACT_IDENTITY_CORROBORATED,BLA103772,100.0,EXACT_PRODUCT_NO_EXPLICIT_RENAL_ACTION,RENAL_MENTION_WITHOUT_EXPLICIT_DOSING_ACTION,98681,02496933,AVSOLA,https://pdf.hres.ca/dpd_pm/00085581.PDF,2020-06-01,"l similar doses at 2 and 6 weeks after the first infusion then every 8 weeks thereafter. AVSOLA can be used with or without MTX. If a patient shows no response at 24 weeks, no additional treatment with AVSOLA should be given. Plaque Psoriasis The recommended dose of AVSOLA is 5 mg/kg given as an intravenous infusion followed by additional 5 mg/kg doses at 2 and 6 weeks after the first infusion, then every 8 weeks thereafter. If a patient does not show an adequate response at Week 14, after infusions at weeks 0, 2, and 6, no additional treatment with AVSOLA should be given. Special Populations Renal Impairment Infliximab has not been studied in patients with renal impairment. No dose recommendations can be made (see 10.3 Pharmacokinetics, Special Populations and Conditions). Hepatic Impairment Infliximab has not been studied in patients with hepatic impairment. No dose recommendations can be made (see 10.3 Pharmacokinetics, Special Populations and Conditions). 
---
ry 8 weeks thereafter. AVSOLA can be used with or without MTX. If a patient shows no response at 24 weeks, no additional treatment with AVSOLA should be given. Plaque Psoriasis The recommended dose of AVSOLA is 5 mg/kg given as an intravenous infusion followed by additional 5 mg/kg doses at 2 and 6 weeks after the first infusion, then every 8 weeks thereafter. If a patient does not show an adequate response at Week 14, after infusions at weeks 0, 2, and 6, no additional treatment with AVSOLA should be given. Special Populations Renal Impairment Infliximab has not been studied in patients with renal impairment. No dose recommendations can be made (see 10.3 Pharmacokinetics, Special Populations and Conditions). Hepatic Impairment Infliximab has not been studied in patients with hepatic impairment. No dose recommendations can be made (see 10.3 Pharmacokinetics, Special Populations and Conditions). ",NO_EXACT_EMA_PRODUCT,,,,,NO_EXPLICIT_RENAL_RECOMMENDATION_FOUND,,,NO_EXPLICIT_RENAL_RECOMMENDATION_FOUND,,False,Marketed
MED-0990,INMUNOGLOBULINA HUMANA INESPECÍFICA INTRAVENOSA (IGIV),UNRESOLVED,False,False,False,NO_EXACT_IDENTITY_MATCH,,,NO_EXACT_DPD_PRODUCT,,,,,,,,NO_EXACT_EMA_PRODUCT,,,,,UNRESOLVED,,,UNRESOLVED,,False,
MED-0995,INSULINA GLULISINA,UNRESOLVED,False,False,False,NO_EXACT_IDENTITY_MATCH,,,NO_EXACT_DPD_PRODUCT,,,,,,,,NO_EXACT_EMA_PRODUCT,,,,,UNRESOLVED,,,UNRESOLVED,,False,
MED-0997,INTERFERÓN ALFA-2B,UNRESOLVED,False,False,False,EXACT_IDENTITY_CORROBORATED,BLA103132,100.0,NO_EXACT_DPD_PRODUCT,,,,,,,,NO_EXACT_EMA_PRODUCT,,,,,CURRENT_SOURCE_NOT_FOUND_WITH_SUPPORT,,,CURRENT_SOURCE_NOT_FOUND_WITH_SUPPORT,,False,
MED-0998,INTERFERÓN GAMMA-1B,UNRESOLVED,False,False,False,EXACT_IDENTITY_CORROBORATED,BLA103836,100.0,NO_EXACT_DPD_PRODUCT,,,,,,,,NO_EXACT_EMA_PRODUCT,,,,,CURRENT_SOURCE_NOT_FOUND_WITH_SUPPORT,,,CURRENT_SOURCE_NOT_FOUND_WITH_SUPPORT,,False,
MED-0999,INTERLEUCINA 2,UNRESOLVED,False,False,False,NO_EXACT_IDENTITY_MATCH,,,NO_EXACT_DPD_PRODUCT,,,,,,,,NO_EXACT_EMA_PRODUCT,,,,,UNRESOLVED,,,UNRESOLVED,,False,
MED-1000,IPECACUANA,UNRESOLVED,False,False,False,NO_EXACT_IDENTITY_MATCH,,,NO_EXACT_DPD_PRODUCT,,,,,,,,NO_EXACT_EMA_PRODUCT,,,,,UNRESOLVED,,,UNRESOLVED,,False,
MED-1001,IRINOTECAN,UNRESOLVED,False,False,False,EXACT_IDENTITY_CORROBORATED,ANDA078796,100.0,EXACT_PRODUCT_NO_EXPLICIT_RENAL_ACTION,RENAL_MENTION_WITHOUT_EXPLICIT_DOSING_ACTION,93881,02452421,"IRINOTECAN HYDROCHLORIDE INJECTION, USP",https://pdf.hres.ca/dpd_pm/00067636.PDF,2024-05-22,"Caucasians, Africans and Latinos, UGT1A1*6 in East- Asians and combined UGT1A1*28 and *6 in Chinese and Japanese, since these are the populations in which these variants are more prevalent. Drug Interactions: CYP3A4 Inhibitors  Co-administration of Irinotecan Hydrochloride Injection, USP with azole antifungals (ketoconazole, fluconazole, itraconazole) is contraindicated (see 2 CONTRAINDICATIONS).  Co-administration of Irinotecan Hydrochloride Injection, USP with other CYP3A4 inhibitors (e.g., cimetidine, fluoroquinolone antibiotics [ciprofloxacin and norfloxacin in patients with compromised renal function], macrolide antibiotics (azithromycin, clarithromycin, erythromycin), atazanavir sulfate, grapefruit juice, and CYP3A4-inhibitory calcium channel blockers (verapamil, diltiazem, and nifedipine) could lead to an increase in the relative exposure to the active metabolite SN-38 and therefore possibly increased toxicity (see 9 DRUG INTERACTIONS and 4 DOSAGE AND ADMINISTRATION). The appropriate starting dose of Irinotecan Hydrochloride Injection, USP when co-administered with CYP3A4 inhibitors has not been determined. CYP3A4 Inducers  The co-administration of irinotecan hydrochloride trihydrate for injection with CYP3A4 inducers (e.g. St. John’s Wort, phenytoin, phenobarbital, carbamazepine, glucocorticoids, rifampin) leads to a reduction in the plasma concentration of the active metabolite SN-38, which could potentially lead to a reduction of efficacy (see 9 DRUG INTERACTIONS). The appropriate starting dose of Irinotecan Hydrochloride Injection, USP when co-administered with CYP3A4 inducers has not been determined. UGT1A1 Inhibitors  The co-administration of atazanavir sulfate, a UGT1A1 inhibitor, has the potential to increase systemic exposure to SN-38, the active metabolite of irinotecan. Physicians should take this into consideration when coadministering irinotecan with a UGT1A1 inhibitor. Irradiation Therapy: The concurrent administration of Irinotecan Hydrochloride Injection, USP with irradiation is not recommended. Extravasation: Irinotecan Hydrochloride Injection, USP is administered by intravenous infusion. Care should be taken to avoid extravasation. The infusion site should be monitored for signs of inflammation or other adverse effects. If extravasation occurs, flushing the site with sterile water and/or applying ice to the area are recommended. Carcinogenesis
---
tive metabolite SN-38 and potential toxicity. This interaction has been documented in cancer patients with the co-administration of irinotecan hydrochloride trihydrate for injection and ketoconazole, a potent enzyme inhibitor, where the relative exposure to the CYP3A4-mediated metabolite APC was reduced by 87%, whereas the relative exposure to the active metabolite SN-38 increased by 100%. Physicians should take this into consideration when administering irinotecan with these drugs. Exposure to fluoroquinolones such as ciprofloxacin or norfloxacin may be increased in patients with compromised renal function due to dehydration or colorectal cancer complications. In these circumstances, co-administration of irinotecan hydrochloride trihydrate for injection and CYP3A4- inhibitory fluoroquinolone antibiotics could potentially lead to increased SN-38 exposure and enhanced toxicity. Similarly, co-administration of irinotecan hydrochloride trihydrate for injection with CYP3A4 inducers (e.g. carbamazepine, phenobarbital, phenytoin, glucocorticoids, St. John’s Wort) leads to reduction in plasma levels of the active metabolite SN-38, which may have a deleterious impact on treatment outcome. This interaction has been documented in cancer patients with the co- administration of irinotecan hydrochloride trihydrate for injection with St. John’s Wort and with the co-administration of irinotecan hydrochloride trihydrate for injection with phenytoin. The prescribing information of concomitant medications should also be consulted to identify potential interactions. 9.3 Drug-Behavioural Interactions Drug-Behavioural interactions have not been established. 9.4 Drug-Drug Interactions Table 10 - Established or Potential Drug-Drug Interactions [Proper/Common name] Source of Evidence Effect Clinical comment CYP3A4 inhibitors Potential for increased toxicity Azole antifungals See 2 CONTRAINDICATIONS Ketoconazole CT SN-38 ~ 110% increased, APC ~ 90% decreased Fluconazole, itraconazole T Cimetidine T See 7 WARNINGS AND PRECAUTIONS ",NO_EXACT_EMA_PRODUCT,,,,,NO_EXPLICIT_RENAL_RECOMMENDATION_FOUND,,,NO_EXPLICIT_RENAL_RECOMMENDATION_FOUND,,False,Marketed
MED-1002,ISOPRENALINA/ISOPROTERENOL,UNRESOLVED,False,False,False,NO_EXACT_IDENTITY_MATCH,,,NO_EXACT_DPD_PRODUCT,,,,,,,,NO_EXACT_EMA_PRODUCT,,,,,UNRESOLVED,,,UNRESOLVED,,False,
MED-1003,ISRADIPINO,UNRESOLVED,False,False,False,NO_EXACT_IDENTITY_MATCH,,,NO_EXACT_DPD_PRODUCT,,,,,,,,NO_EXACT_EMA_PRODUCT,,,,,UNRESOLVED,,,UNRESOLVED,,False,
MED-1005,KANAMICINA,UNRESOLVED,False,False,False,NO_EXACT_IDENTITY_MATCH,,,NO_EXACT_DPD_PRODUCT,,,,,,,,NO_EXACT_EMA_PRODUCT,,,,,UNRESOLVED,,,UNRESOLVED,,False,
MED-1006,L-CARNITINA,UNRESOLVED,False,False,False,NO_EXACT_IDENTITY_MATCH,,,NO_EXACT_DPD_PRODUCT,,,,,,,,NO_EXACT_EMA_PRODUCT,,,,,UNRESOLVED,,,UNRESOLVED,,False,
MED-1007,L-CITRULINA,UNRESOLVED,False,False,False,NO_EXACT_IDENTITY_MATCH,,,NO_EXACT_DPD_PRODUCT,,,,,,,,NO_EXACT_EMA_PRODUCT,,,,,UNRESOLVED,,,UNRESOLVED,,False,
MED-1008,LACTITOL,UNRESOLVED,False,False,False,EXACT_IDENTITY_CORROBORATED,NDA211281,100.0,NO_EXACT_DPD_PRODUCT,,,,,,,,NO_EXACT_EMA_PRODUCT,,,,,CURRENT_SOURCE_NOT_FOUND_WITH_SUPPORT,,,CURRENT_SOURCE_NOT_FOUND_WITH_SUPPORT,,False,
MED-1009,LARONIDASA,UNRESOLVED,False,False,False,NO_EXACT_IDENTITY_MATCH,,,NO_EXACT_DPD_PRODUCT,,,,,,,,NO_EXACT_EMA_PRODUCT,,,,,UNRESOLVED,,,UNRESOLVED,,False,
MED-1010,LENOGRASTIM,UNRESOLVED,False,False,False,NO_EXACT_IDENTITY_MATCH,,,NO_EXACT_DPD_PRODUCT,,,,,,,,NO_EXACT_EMA_PRODUCT,,,,,UNRESOLVED,,,UNRESOLVED,,False,
MED-1011,LEVOSIMENDÁN,UNRESOLVED,False,False,False,NO_EXACT_IDENTITY_MATCH,,,NO_EXACT_DPD_PRODUCT,,,,,,,,NO_EXACT_EMA_PRODUCT,,,,,UNRESOLVED,,,UNRESOLVED,,False,
MED-1012,LINCOMICINA,UNRESOLVED,False,False,False,NO_EXACT_IDENTITY_MATCH,,,NO_EXACT_DPD_PRODUCT,,,,,,,,NO_EXACT_EMA_PRODUCT,,,,,UNRESOLVED,,,UNRESOLVED,,False,
MED-1013,LODOXAMIDA OFTÁLMICA,UNRESOLVED,False,False,False,NO_EXACT_IDENTITY_MATCH,,,NO_EXACT_DPD_PRODUCT,,,,,,,,NO_EXACT_EMA_PRODUCT,,,,,UNRESOLVED,,,UNRESOLVED,,False,
MED-1014,LOMUSTINA,UNRESOLVED,False,False,False,NO_EXACT_IDENTITY_MATCH,,,NO_EXACT_DPD_PRODUCT,,,,,,,,NO_EXACT_EMA_PRODUCT,,,,,UNRESOLVED,,,UNRESOLVED,,False,
MED-1015,MAGALDRATO,UNRESOLVED,False,False,False,NO_EXACT_IDENTITY_MATCH,,,NO_EXACT_DPD_PRODUCT,,,,,,,,NO_EXACT_EMA_PRODUCT,,,,,UNRESOLVED,,,UNRESOLVED,,False,
MED-1016,MAGNESIO HIDRÓXIDO,UNRESOLVED,False,False,False,EXACT_IDENTITY_CORROBORATED,NDA009854,100.0,EXACT_PRODUCT_NO_EXPLICIT_RENAL_ACTION,NO_RENAL_TEXT,2923,00425486,MILK OF MAGNESIA MINT FLAV TAB 385MG,https://health-products.canada.ca/dpd-bdpp/info?code=2923&lang=eng,,,NO_EXACT_EMA_PRODUCT,,,,,NO_EXPLICIT_RENAL_RECOMMENDATION_FOUND,,,NO_EXPLICIT_RENAL_RECOMMENDATION_FOUND,,False,Cancelled Post Market
MED-1017,MALATIÓN,UNRESOLVED,False,False,False,NO_EXACT_IDENTITY_MATCH,,,NO_EXACT_DPD_PRODUCT,,,,,,,,NO_EXACT_EMA_PRODUCT,,,,,UNRESOLVED,,,UNRESOLVED,,False,
MED-1018,MECASERMINA,UNRESOLVED,False,False,False,NO_EXACT_IDENTITY_MATCH,,,NO_EXACT_DPD_PRODUCT,,,,,,,,NO_EXACT_EMA_PRODUCT,,,,,UNRESOLVED,,,UNRESOLVED,,False,
MED-1019,MEFLOQUINA,UNRESOLVED,False,False,False,NO_EXACT_IDENTITY_MATCH,,,NO_EXACT_DPD_PRODUCT,,,,,,,,NO_EXACT_EMA_PRODUCT,,,,,UNRESOLVED,,,UNRESOLVED,,False,
MED-1020,MELARSOPROL,UNRESOLVED,False,False,False,NO_EXACT_IDENTITY_MATCH,,,NO_EXACT_DPD_PRODUCT,,,,,,,,NO_EXACT_EMA_PRODUCT,,,,,UNRESOLVED,,,UNRESOLVED,,False,
MED-1021,MEPERIDINA,UNRESOLVED,False,False,False,NO_EXACT_IDENTITY_MATCH,,,NO_EXACT_DPD_PRODUCT,,,,,,,,NO_EXACT_EMA_PRODUCT,,,,,UNRESOLVED,,,UNRESOLVED,,False,
MED-1022,MESNA,UNRESOLVED,False,False,False,EXACT_IDENTITY_CORROBORATED,ANDA206992,100.0,EXACT_PRODUCT_NO_EXPLICIT_RENAL_ACTION,RENAL_MENTION_WITHOUT_EXPLICIT_DOSING_ACTION,85696,02371839,UROMITEXAN,https://pdf.hres.ca/dpd_pm/00021532.PDF,2012-04-13,"ed. Some reactions were considered to be consistent with Stevens-Johnson Syndrome, toxic epidermal necrolysis, or erythema exudativum multiforme. Other reactions appeared to be consistent with a diagnosis of fixed drug eruption. Photodistribution of a rash has also been reported. In some cases, skin reactions were accompanied by one or more other symptoms, such as  fever,  cardiovascular symptoms (hypotension, in some cases reported as fluid refractory, tachycardia, ECG signs consistent with perimyocarditis, hypertension; see Post-Market Adverse Drug Reactions)  signs consistent with acute renal impairment,  pulmonary symptoms (hypoxia, respiratory distress, bronchospasm, tachypnea, cough, bloody sputum; see Post-Market Adverse Drug Reactions)  prolonged prothrombin time (PT) and partial thromboplastin time (PTT), laboratory signs of disseminated intravascular coagulopathy (DIC)  hematological abnormalities (leukopenia, eosinophilia, lymphopenia, thrombocytopenia, pancytopenia; see Post-Market Adverse Drug Reactions)  increased liver enzymes,  nausea, vomiting,  pain in the extremities, arthralgia, myalgia, malaise,  stomatitis, and  conjunctivitis. Some reactions have presented as anaphylaxis. Fever accompanied by, e.g., hypotension but no skin manifestations has also been reported. Allergic reactions to mesna ranging from mild hypersensitivity to systemic anaphylactic reactions have been reported with the use of mesna in regimens to treat both severe systemic autoimmune disorders and malignancy. Patients with autoimmune disorders who were treated with cyclophosphamide and mesna appeared to have a higher incidence of allergic reactions. In most cases, reactions occurred during or after a first treatment occasion or after several weeks of mesna exposure. In other cases, the initial reaction was observed only after several months of exposure. In many cases, symptoms appeared on the day of exposure, with a tendency to shorter intervals following subsequent exposures. In some patients, the occurrence and/or severity of reaction appeared to vary with the dose administered. UROMITEXAN Product Monograph Page 16 of 24 compared with patients receiving lower doses or hydration treatment only. A specific antidote for mesna is not known. Overdosage should be managed with supportive measures to sustain the patient through any period of toxicity. UROMITEXAN (mesna) has been a
---
ared on the day of exposure, with a tendency to shorter intervals following subsequent exposures. In some patients, the occurrence and/or severity of reaction appeared to vary with the dose administered. UROMITEXAN Product Monograph Page 16 of 24 compared with patients receiving lower doses or hydration treatment only. A specific antidote for mesna is not known. Overdosage should be managed with supportive measures to sustain the patient through any period of toxicity. UROMITEXAN (mesna) has been administered at doses from 70 to 100 mg/kg without any toxic effect on hematopoiesis, hepatic and renal function or the central nervous system. For management of a suspected drug overdose, contact your regional Poison Control Centre. ACTION AND CLINICAL PHARMACOLOGY Mechanism of Action Mesna is rapidly and easily converted by autooxidation to its only metabolite disodium 2,21- dithio-bis ethane sulfonate (mesna disulfide, dimesna), forming a disulphide link. Following intravenous injection, only a small portion of the administered dose is detected in the blood as a reactive thiol compound (mesna). Mesna disulphide remains in the intravascular space and is rapidly forwarded to the kidney. In the renal tubular epithelium a considerable proportion of mesna disulphide is again reduced to a free thiol compound, presumably by mediation of glutathione reductase. It is then capable of chemically reacting with acrolein or other urotoxic oxazaphosphorine metabolites in the urine, thereby developing its detoxifying activity. The first and most important step towards detoxification is the addition of mesna to the double bond of acrolein, resulting in the formation of a stable thio ether which could be detected in the urine by chromatography. In the second step, mesna reduces the speed of degradation of the 4- hydroxy metabolite in the urine. A relatively stable, non-urotoxic condensation product from 4- hydroxy cyclophosphamide or 4-hydroxy ifosfamide and mesna is formed. By such stabilization mesna inhibits the degradation of 4-hydroxy cyclophosphamide or 4-hydroxy ifosfamide and hence the formation of acrolein. This intermediate deactivated product could also be detected by chromatographic urinalysis. STORAGE AND STABILITY UROMITEXAN (mesna injection) ampoules and multidose vials should be stored at 15 oC to 25oC. Stability of Solution Solutions for infusion should be stored at 15oC to 25o",NO_EXACT_EMA_PRODUCT,,,,,NO_EXPLICIT_RENAL_RECOMMENDATION_FOUND,,,NO_EXPLICIT_RENAL_RECOMMENDATION_FOUND,,False,Marketed
MED-1023,METILCELULOSA,UNRESOLVED,False,False,False,NO_EXACT_IDENTITY_MATCH,,,NO_EXACT_DPD_PRODUCT,,,,,,,,NO_EXACT_EMA_PRODUCT,,,,,UNRESOLVED,,,UNRESOLVED,,False,
MED-1024,METILNALTREXONA,UNRESOLVED,False,False,False,NO_EXACT_IDENTITY_MATCH,,,NO_EXACT_DPD_PRODUCT,,,,,,,,NO_EXACT_EMA_PRODUCT,,,,,UNRESOLVED,,,UNRESOLVED,,False,
MED-1025,METOXI-POLIETILENGLICOL-EPOETINA BETA,UNRESOLVED,False,False,False,NO_EXACT_IDENTITY_MATCH,,,NO_EXACT_DPD_PRODUCT,,,,,,,,NO_EXACT_EMA_PRODUCT,,,,,UNRESOLVED,,,UNRESOLVED,,False,
MED-1026,MEXILETINA,UNRESOLVED,False,False,False,NO_EXACT_IDENTITY_MATCH,,,NO_EXACT_DPD_PRODUCT,,,,,,,,NO_EXACT_EMA_PRODUCT,,,,,UNRESOLVED,,,UNRESOLVED,,False,
MED-1027,MIFAMURTIDA,UNRESOLVED,False,False,False,NO_EXACT_IDENTITY_MATCH,,,NO_EXACT_DPD_PRODUCT,,,,,,,,NO_EXACT_EMA_PRODUCT,,,,,UNRESOLVED,,,UNRESOLVED,,False,
MED-1029,MITOXANTRONA,UNRESOLVED,False,False,False,NO_EXACT_IDENTITY_MATCH,,,NO_EXACT_DPD_PRODUCT,,,,,,,,NO_EXACT_EMA_PRODUCT,,,,,UNRESOLVED,,,UNRESOLVED,,False,
MED-1030,MIVACURIO,UNRESOLVED,False,False,False,NO_EXACT_IDENTITY_MATCH,,,NO_EXACT_DPD_PRODUCT,,,,,,,,NO_EXACT_EMA_PRODUCT,,,,,UNRESOLVED,,,UNRESOLVED,,False,
MED-1031,MIZOLASTINA,UNRESOLVED,False,False,False,NO_EXACT_IDENTITY_MATCH,,,NO_EXACT_DPD_PRODUCT,,,,,,,,NO_EXACT_EMA_PRODUCT,,,,,UNRESOLVED,,,UNRESOLVED,,False,
MED-1032,MUROMONAB / OK-T3,UNRESOLVED,False,False,False,NO_EXACT_IDENTITY_MATCH,,,NO_EXACT_DPD_PRODUCT,,,,,,,,NO_EXACT_EMA_PRODUCT,,,,,UNRESOLVED,,,UNRESOLVED,,False,
MED-1034,NAFAZOLINA OFTÁLMICA,UNRESOLVED,False,False,False,NO_EXACT_IDENTITY_MATCH,,,NO_EXACT_DPD_PRODUCT,,,,,,,,NO_EXACT_EMA_PRODUCT,,,,,UNRESOLVED,,,UNRESOLVED,,False,
MED-1036,NATALIZUMAB,UNRESOLVED,False,False,False,EXACT_IDENTITY_CORROBORATED,BLA125104,100.0,EXACT_PRODUCT_NO_EXPLICIT_RENAL_ACTION,NO_RENAL_TEXT,77184,02286386,TYSABRI,https://pdf.hres.ca/dpd_pm/00078272.PDF,2006-11-21,,NO_EXACT_EMA_PRODUCT,,,,,NO_EXPLICIT_RENAL_RECOMMENDATION_FOUND,,,NO_EXPLICIT_RENAL_RECOMMENDATION_FOUND,,False,Marketed
MED-1039,NEOSTIGMINA,UNRESOLVED,False,False,False,NO_EXACT_IDENTITY_MATCH,,,NO_EXACT_DPD_PRODUCT,,,,,,,,NO_EXACT_EMA_PRODUCT,,,,,UNRESOLVED,,,UNRESOLVED,,False,
MED-1040,NESIRITIDA,UNRESOLVED,False,False,False,NO_EXACT_IDENTITY_MATCH,,,NO_EXACT_DPD_PRODUCT,,,,,,,,NO_EXACT_EMA_PRODUCT,,,,,UNRESOLVED,,,UNRESOLVED,,False,
MED-1041,NICLOSAMIDA,UNRESOLVED,False,False,False,NO_EXACT_IDENTITY_MATCH,,,NO_EXACT_DPD_PRODUCT,,,,,,,,NO_EXACT_EMA_PRODUCT,,,,,UNRESOLVED,,,UNRESOLVED,,False,
MED-1042,NIFURTIMOX,UNRESOLVED,False,False,False,EXACT_IDENTITY_CORROBORATED,NDA213464,100.0,NO_EXACT_DPD_PRODUCT,,,,,,,,NO_EXACT_EMA_PRODUCT,,,,,CURRENT_SOURCE_NOT_FOUND_WITH_SUPPORT,,,CURRENT_SOURCE_NOT_FOUND_WITH_SUPPORT,,False,
MED-1043,NOMEGESTROL,UNRESOLVED,False,False,False,NO_EXACT_IDENTITY_MATCH,,,NO_EXACT_DPD_PRODUCT,,,,,,,,NO_EXACT_EMA_PRODUCT,,,,,UNRESOLVED,,,UNRESOLVED,,False,
MED-1044,NORELGESTROMINA,UNRESOLVED,False,False,False,NO_EXACT_IDENTITY_MATCH,,,NO_EXACT_DPD_PRODUCT,,,,,,,,NO_EXACT_EMA_PRODUCT,,,,,UNRESOLVED,,,UNRESOLVED,,False,
MED-1045,NORGESTIMATO,UNRESOLVED,False,False,False,NO_EXACT_IDENTITY_MATCH,,,NO_EXACT_DPD_PRODUCT,,,,,,,,NO_EXACT_EMA_PRODUCT,,,,,UNRESOLVED,,,UNRESOLVED,,False,
MED-1046,OCTOCOG ALFA,UNRESOLVED,False,False,False,NO_EXACT_IDENTITY_MATCH,,,NO_EXACT_DPD_PRODUCT,,,,,,,,NO_EXACT_EMA_PRODUCT,,,,,UNRESOLVED,,,UNRESOLVED,,False,
MED-1048,OFLOXACINO,LOCAL_SUPPORT_ONLY_NEEDS_CURRENT_SOURCE,True,False,False,NO_EXACT_IDENTITY_MATCH,,,NO_EXACT_DPD_PRODUCT,,,,,,,,NO_EXACT_EMA_PRODUCT,,,,,CURRENT_SOURCE_NOT_FOUND_WITH_SUPPORT,,,CURRENT_SOURCE_NOT_FOUND_WITH_SUPPORT,,False,
MED-1049,OMALIZUMAB,UNRESOLVED,False,False,False,EXACT_IDENTITY_CORROBORATED,BLA103976,100.0,EXACT_PRODUCT_NO_EXPLICIT_RENAL_ACTION,RENAL_MENTION_WITHOUT_EXPLICIT_DOSING_ACTION,103394,02545152,XOLAIR,https://pdf.hres.ca/dpd_pm/00080108.PDF,2024-02-08,"lair should be considered. Monitoring and Laboratory Tests Serum total IgE levels increase following administration of Xolair due to formation of omalizumab:IgE complexes (See 10 CLINICAL PHARMACOLOGY and 4 DOSAGE AND ADMINISTRATION ). Elevated serum total IgE levels may persist for up to 1 year following discontinuation of Xolair. Serum total IgE levels obtained less than 1 year following discontinuation may not reflect steady state free IgE levels and should not be used to reassess the dosing regimen in asthma patients. Renal Xolair therapy has not been studied in patients with pre-existing renal impairment. Caution should be exercised when administering Xolair in these patient populations. Reproductive Health: Female and Male Potential • Fertility There are no human fertility data for omalizumab. In specifically-designed non clinical fertility studies in adult cynomolgus monkeys, including mating studies, no impairment of male or female fertility was observed following repeated dosing with omalizumab at dose levels up to 75 mg/kg. ",NO_EXACT_EMA_PRODUCT,,,,,NO_EXPLICIT_RENAL_RECOMMENDATION_FOUND,,,NO_EXPLICIT_RENAL_RECOMMENDATION_FOUND,,False,Approved
MED-1050,ORITAVANCINA,UNRESOLVED,False,False,False,NO_EXACT_IDENTITY_MATCH,,,NO_EXACT_DPD_PRODUCT,,,,,,,,NO_EXACT_EMA_PRODUCT,,,,,UNRESOLVED,,,UNRESOLVED,,False,
MED-1052,OXAMNIQUINA,UNRESOLVED,False,False,False,NO_EXACT_IDENTITY_MATCH,,,NO_EXACT_DPD_PRODUCT,,,,,,,,NO_EXACT_EMA_PRODUCT,,,,,UNRESOLVED,,,UNRESOLVED,,False,
MED-1053,OXIBATO SÓDICO,UNRESOLVED,False,False,False,NO_EXACT_IDENTITY_MATCH,,,NO_EXACT_DPD_PRODUCT,,,,,,,,NO_EXACT_EMA_PRODUCT,,,,,UNRESOLVED,,,UNRESOLVED,,False,
MED-1054,OXIBUPROCAÍNA,UNRESOLVED,False,False,False,NO_EXACT_IDENTITY_MATCH,,,NO_EXACT_DPD_PRODUCT,,,,,,,,NO_EXACT_EMA_PRODUCT,,,,,UNRESOLVED,,,UNRESOLVED,,False,
MED-1055,OXITETRACICLINA,UNRESOLVED,False,False,False,NO_EXACT_IDENTITY_MATCH,,,NO_EXACT_DPD_PRODUCT,,,,,,,,NO_EXACT_EMA_PRODUCT,,,,,UNRESOLVED,,,UNRESOLVED,,False,
MED-1056,PAMIDRONATO,UNRESOLVED,False,False,False,NO_EXACT_IDENTITY_MATCH,,,NO_EXACT_DPD_PRODUCT,,,,,,,,NO_EXACT_EMA_PRODUCT,,,,,UNRESOLVED,,,UNRESOLVED,,False,
MED-1057,PAROMOMICINA,UNRESOLVED,False,False,False,NO_EXACT_IDENTITY_MATCH,,,NO_EXACT_DPD_PRODUCT,,,,,,,,NO_EXACT_EMA_PRODUCT,,,,,UNRESOLVED,,,UNRESOLVED,,False,
MED-1059,PENCICLOVIR,UNRESOLVED,False,False,False,EXACT_IDENTITY_CORROBORATED,ANDA212368,100.0,EXACT_PRODUCT_NO_EXPLICIT_RENAL_ACTION,NO_RENAL_TEXT,62288,02238848,DENAVIR,https://pdf.hres.ca/dpd_pm/00002840.PDF,2013-07-31,,NO_EXACT_EMA_PRODUCT,,,,,NO_EXPLICIT_RENAL_RECOMMENDATION_FOUND,,,NO_EXPLICIT_RENAL_RECOMMENDATION_FOUND,,False,Cancelled Post Market
MED-1060,PENICILAMINA (D-PENICILAMINA),UNRESOLVED,False,False,False,NO_EXACT_IDENTITY_MATCH,,,NO_EXACT_DPD_PRODUCT,,,,,,,,NO_EXACT_EMA_PRODUCT,,,,,UNRESOLVED,,,UNRESOLVED,,False,
MED-1061,PENTAMIDINA (ISETIONATO DE PENTAMIDINA),UNRESOLVED,False,False,False,NO_EXACT_IDENTITY_MATCH,,,NO_EXACT_DPD_PRODUCT,,,,,,,,NO_EXACT_EMA_PRODUCT,,,,,UNRESOLVED,,,UNRESOLVED,,False,
MED-1062,PENTOBARBITAL,UNRESOLVED,False,False,False,EXACT_IDENTITY_CORROBORATED,ANDA083301,100.0,EXACT_PRODUCT_NO_EXPLICIT_RENAL_ACTION,NO_RENAL_TEXT,81932,02333708,DORMINAL,https://health-products.canada.ca/dpd-bdpp/info?code=81932&lang=eng,,,NO_EXACT_EMA_PRODUCT,,,,,NO_EXPLICIT_RENAL_RECOMMENDATION_FOUND,,,NO_EXPLICIT_RENAL_RECOMMENDATION_FOUND,,False,Marketed
MED-1063,PENTOSTATINA,UNRESOLVED,False,False,False,NO_EXACT_IDENTITY_MATCH,,,NO_EXACT_DPD_PRODUCT,,,,,,,,NO_EXACT_EMA_PRODUCT,,,,,UNRESOLVED,,,UNRESOLVED,,False,
MED-1064,PIMOZIDA,UNRESOLVED,False,False,False,NO_EXACT_IDENTITY_MATCH,,,NO_EXACT_DPD_PRODUCT,,,,,,,,NO_EXACT_EMA_PRODUCT,,,,,UNRESOLVED,,,UNRESOLVED,,False,
MED-1065,PIPERAQUINA,UNRESOLVED,False,False,False,NO_EXACT_IDENTITY_MATCH,,,NO_EXACT_DPD_PRODUCT,,,,,,,,NO_EXACT_EMA_PRODUCT,,,,,UNRESOLVED,,,UNRESOLVED,,False,
MED-1066,PIRIDOXAL FOSFATO,UNRESOLVED,False,False,False,NO_EXACT_IDENTITY_MATCH,,,NO_EXACT_DPD_PRODUCT,,,,,,,,NO_EXACT_EMA_PRODUCT,,,,,UNRESOLVED,,,UNRESOLVED,,False,
MED-1067,PIZOTIFENO,UNRESOLVED,False,False,False,NO_EXACT_IDENTITY_MATCH,,,NO_EXACT_DPD_PRODUCT,,,,,,,,NO_EXACT_EMA_PRODUCT,,,,,UNRESOLVED,,,UNRESOLVED,,False,
MED-1068,PLANTAGO OVATA,UNRESOLVED,False,False,False,NO_EXACT_IDENTITY_MATCH,,,NO_EXACT_DPD_PRODUCT,,,,,,,,NO_EXACT_EMA_PRODUCT,,,,,UNRESOLVED,,,UNRESOLVED,,False,
MED-1069,PODOFILOTOXINA,UNRESOLVED,False,False,False,NO_EXACT_IDENTITY_MATCH,,,NO_EXACT_DPD_PRODUCT,,,,,,,,NO_EXACT_EMA_PRODUCT,,,,,UNRESOLVED,,,UNRESOLVED,,False,
MED-1071,PROCARBAZINA,UNRESOLVED,False,False,False,NO_EXACT_IDENTITY_MATCH,,,NO_EXACT_DPD_PRODUCT,,,,,,,,NO_EXACT_EMA_PRODUCT,,,,,UNRESOLVED,,,UNRESOLVED,,False,
MED-1072,PROMETAZINA TÓPICA,UNRESOLVED,False,False,False,NO_EXACT_IDENTITY_MATCH,,,NO_EXACT_DPD_PRODUCT,,,,,,,,NO_EXACT_EMA_PRODUCT,,,,,UNRESOLVED,,,UNRESOLVED,,False,
MED-1073,PROPIFENAZONA,UNRESOLVED,False,False,False,NO_EXACT_IDENTITY_MATCH,,,NO_EXACT_DPD_PRODUCT,,,,,,,,NO_EXACT_EMA_PRODUCT,,,,,UNRESOLVED,,,UNRESOLVED,,False,
MED-1074,PROTIONAMIDA,UNRESOLVED,False,False,False,NO_EXACT_IDENTITY_MATCH,,,NO_EXACT_DPD_PRODUCT,,,,,,,,NO_EXACT_EMA_PRODUCT,,,,,UNRESOLVED,,,UNRESOLVED,,False,
MED-1075,QUINIDINA,UNRESOLVED,False,False,False,NO_EXACT_IDENTITY_MATCH,,,NO_EXACT_DPD_PRODUCT,,,,,,,,NO_EXACT_EMA_PRODUCT,,,,,UNRESOLVED,,,UNRESOLVED,,False,
MED-1076,RASBURICASA,UNRESOLVED,False,False,False,NO_EXACT_IDENTITY_MATCH,,,NO_EXACT_DPD_PRODUCT,,,,,,,,NO_EXACT_EMA_PRODUCT,,,,,UNRESOLVED,,,UNRESOLVED,,False,
MED-1077,REBOXETINA,UNRESOLVED,False,False,False,NO_EXACT_IDENTITY_MATCH,,,NO_EXACT_DPD_PRODUCT,,,,,,,,NO_EXACT_EMA_PRODUCT,,,,,UNRESOLVED,,,UNRESOLVED,,False,
MED-1079,RESINCALCIO,UNRESOLVED,False,False,False,NO_EXACT_IDENTITY_MATCH,,,NO_EXACT_DPD_PRODUCT,,,,,,,,NO_EXACT_EMA_PRODUCT,,,,,UNRESOLVED,,,UNRESOLVED,,False,
MED-1080,RESINSODIO,UNRESOLVED,False,False,False,NO_EXACT_IDENTITY_MATCH,,,NO_EXACT_DPD_PRODUCT,,,,,,,,NO_EXACT_EMA_PRODUCT,,,,,UNRESOLVED,,,UNRESOLVED,,False,
MED-1081,RETAPAMULINA,UNRESOLVED,False,False,False,NO_EXACT_IDENTITY_MATCH,,,NO_EXACT_DPD_PRODUCT,,,,,,,,NO_EXACT_EMA_PRODUCT,,,,,UNRESOLVED,,,UNRESOLVED,,False,
MED-1082,RIBAVIRINA,LOCAL_SUPPORT_ONLY_NEEDS_CURRENT_SOURCE,True,False,False,NO_EXACT_IDENTITY_MATCH,,,NO_EXACT_DPD_PRODUCT,,,,,,,,NO_EXACT_EMA_PRODUCT,,,,,CURRENT_SOURCE_NOT_FOUND_WITH_SUPPORT,,,CURRENT_SOURCE_NOT_FOUND_WITH_SUPPORT,,False,
MED-1083,RIFAPENTINA,LOCAL_SUPPORT_ONLY_NEEDS_CURRENT_SOURCE,True,False,False,NO_EXACT_IDENTITY_MATCH,,,NO_EXACT_DPD_PRODUCT,,,,,,,,NO_EXACT_EMA_PRODUCT,,,,,CURRENT_SOURCE_NOT_FOUND_WITH_SUPPORT,,,CURRENT_SOURCE_NOT_FOUND_WITH_SUPPORT,,False,
MED-1086,ROMIPLOSTIM,UNRESOLVED,False,False,False,EXACT_IDENTITY_CORROBORATED,BLA125268,100.0,EXACT_PRODUCT_NO_EXPLICIT_RENAL_ACTION,RENAL_MENTION_WITHOUT_EXPLICIT_DOSING_ACTION,80833,02322862,NPLATE,https://pdf.hres.ca/dpd_pm/00081634.PDF,2009-04-15,"r CBCs, including platelet counts, prior to initiation, throughout and following discontinuation of NPLATE therapy. Prior to the initiation of NPLATE, examine the peripheral blood differential to establish the baseline extent of red and white blood cell abnormalities. Obtain CBCs, including platelet counts, weekly during the dose adjustment phase of NPLATE therapy and then monthly following establishment of a stable NPLATE dose. Obtain CBCs, including platelet counts weekly for at least two weeks f ollowing discontinuation of NPLATE. Renal There is a lack of studies conducted in patients with renal impairment. NPLATE should be used with caution in this population. Nplate® (romiplostim for injection) Page 27 of 77 Table 7. Adverse Events* ≥ 2 % Identified in Study S3 (Adult Population) System organ class Preferred Term NPLATE (N= 75) n (%) Injury, poisoning and procedural complications 2 (2.7) Contusion 2 (2.7) * Adverse Events = All Treatment -Emergent Adverse Events N=Number of subjects in the analysis set. Safety analysis set includes all subjects who have received at least one dose of romiplostim. Coded using MedDRA version 16.1. Open-Label Study (Study S4) During the overall treatment period, 156 subjects in the NPLATE arm and 73 subjects in the SOC arm were summarized. In the NPLATE arm, adverse events with a subject incidence  10% were headache (34.6%), fatigue (27.6%), nasopharyngitis (23.1%), epistaxis (19.2%), petechiae (16.0%), nausea (16.0%), arthralgia (16.0%), cough (16.0%), contusion (14.7%), pain in extremity (14.1%), dizziness (13.5%), diarrhea (13.5%), urinary tract infection (12.2%), oropharyngeal pain (12.2%), upper respiratory tract infection (11.5%), back pain (11.5%), myalgia (10.9%), constipation (10.3%), pruritus (10.3%), and oedema peripheral (10.3%). In addition, the subject incidence was 12.8% for renal impairment, 5.1% for leukocytosis and anemia, and 3.8% for thrombotic/thromboembolic events. In the SOC arm, adverse events with a subject incidence  10% were epistaxis (23.3%), fatigue (21.9%), headache (19.2%), nasopharyngitis (19.2%), contusion (17.8%), petechiae (17.8%), and urinary tract infection (11.0%). In addition, the subject incidence was 11.0% for renal impairment, 4.1% for thrombotic/thromboembolic events, and 1.4% for leukocytosis and anemia. Serious adverse events were reported by 36 (23.1%) subjects in the NPLATE arm and 28 (38.4%
---
jects in the SOC arm were summarized. In the NPLATE arm, adverse events with a subject incidence  10% were headache (34.6%), fatigue (27.6%), nasopharyngitis (23.1%), epistaxis (19.2%), petechiae (16.0%), nausea (16.0%), arthralgia (16.0%), cough (16.0%), contusion (14.7%), pain in extremity (14.1%), dizziness (13.5%), diarrhea (13.5%), urinary tract infection (12.2%), oropharyngeal pain (12.2%), upper respiratory tract infection (11.5%), back pain (11.5%), myalgia (10.9%), constipation (10.3%), pruritus (10.3%), and oedema peripheral (10.3%). In addition, the subject incidence was 12.8% for renal impairment, 5.1% for leukocytosis and anemia, and 3.8% for thrombotic/thromboembolic events. In the SOC arm, adverse events with a subject incidence  10% were epistaxis (23.3%), fatigue (21.9%), headache (19.2%), nasopharyngitis (19.2%), contusion (17.8%), petechiae (17.8%), and urinary tract infection (11.0%). In addition, the subject incidence was 11.0% for renal impairment, 4.1% for thrombotic/thromboembolic events, and 1.4% for leukocytosis and anemia. Serious adverse events were reported by 36 (23.1%) subjects in the NPLATE arm and 28 (38.4%) subjects in the SOC arm. Adverse events leading to study withdrawal were reported by 6 (3.8%) subjects in the NPLATE arm and 3 (4.1%) subjects in the SOC arm. Seven serious thrombotic/thromboembolic events were reported in 5 (3.2%) subjects in the NPLATE arm. No serious thrombotic/thromboembolic events were reported in the SOC arm. No subjects experienced bone marrow fibrosis/reticulin adverse events in the NP LATE arm or SOC arm. Six subjects died during this study: 1 subject in the NPLATE arm and 5 subjects in the SOC arm. None of the deaths were considered to be treatment related. Two of the 5 deaths in the SOC arm were attributed to cardiac events. Eleven (7.1%) subjects in the NPLATE arm experienced cardiac adverse events . Nine (12.3%) subjects in the SOC arm experienced cardiac adverse events. There is insufficient evidence to support a causal association between NPLATE and the risk of cardiac disorders and worsening of pre -existing disorders. 
---
%), oropharyngeal pain (12.2%), upper respiratory tract infection (11.5%), back pain (11.5%), myalgia (10.9%), constipation (10.3%), pruritus (10.3%), and oedema peripheral (10.3%). In addition, the subject incidence was 12.8% for renal impairment, 5.1% for leukocytosis and anemia, and 3.8% for thrombotic/thromboembolic events. In the SOC arm, adverse events with a subject incidence  10% were epistaxis (23.3%), fatigue (21.9%), headache (19.2%), nasopharyngitis (19.2%), contusion (17.8%), petechiae (17.8%), and urinary tract infection (11.0%). In addition, the subject incidence was 11.0% for renal impairment, 4.1% for thrombotic/thromboembolic events, and 1.4% for leukocytosis and anemia. Serious adverse events were reported by 36 (23.1%) subjects in the NPLATE arm and 28 (38.4%) subjects in the SOC arm. Adverse events leading to study withdrawal were reported by 6 (3.8%) subjects in the NPLATE arm and 3 (4.1%) subjects in the SOC arm. Seven serious thrombotic/thromboembolic events were reported in 5 (3.2%) subjects in the NPLATE arm. No serious thrombotic/thromboembolic events were reported in the SOC arm. No subjects experienced bone marrow fibrosis/reticulin adverse events in the NP LATE arm or SOC arm. Six subjects died during this study: 1 subject in the NPLATE arm and 5 subjects in the SOC arm. None of the deaths were considered to be treatment related. Two of the 5 deaths in the SOC arm were attributed to cardiac events. Eleven (7.1%) subjects in the NPLATE arm experienced cardiac adverse events . Nine (12.3%) subjects in the SOC arm experienced cardiac adverse events. There is insufficient evidence to support a causal association between NPLATE and the risk of cardiac disorders and worsening of pre -existing disorders. ",NO_EXACT_EMA_PRODUCT,,,,,NO_EXPLICIT_RENAL_RECOMMENDATION_FOUND,,,NO_EXPLICIT_RENAL_RECOMMENDATION_FOUND,,False,Marketed
MED-1087,ROPIVACAÍNA,UNRESOLVED,False,False,False,NO_EXACT_IDENTITY_MATCH,,,NO_EXACT_DPD_PRODUCT,,,,,,,,NO_EXACT_EMA_PRODUCT,,,,,UNRESOLVED,,,UNRESOLVED,,False,
MED-1088,ROXITROMICINA,LOCAL_SUPPORT_ONLY_NEEDS_CURRENT_SOURCE,True,False,False,NO_EXACT_IDENTITY_MATCH,,,NO_EXACT_DPD_PRODUCT,,,,,,,,NO_EXACT_EMA_PRODUCT,,,,,CURRENT_SOURCE_NOT_FOUND_WITH_SUPPORT,,,CURRENT_SOURCE_NOT_FOUND_WITH_SUPPORT,,False,
MED-1089,SAPROPTERINA DIHIDROCLORURO,UNRESOLVED,False,False,False,NO_EXACT_IDENTITY_MATCH,,,NO_EXACT_DPD_PRODUCT,,,,,,,,NO_EXACT_EMA_PRODUCT,,,,,UNRESOLVED,,,UNRESOLVED,,False,
MED-1092,SEBELIPASA,UNRESOLVED,False,False,False,NO_EXACT_IDENTITY_MATCH,,,NO_EXACT_DPD_PRODUCT,,,,,,,,NO_EXACT_EMA_PRODUCT,,,,,UNRESOLVED,,,UNRESOLVED,,False,
MED-1093,SECUKINUMAB,UNRESOLVED,False,False,False,EXACT_IDENTITY_CORROBORATED,BLA125504,100.0,EXACT_PRODUCT_NO_EXPLICIT_RENAL_ACTION,RENAL_MENTION_WITHOUT_EXPLICIT_DOSING_ACTION,101891,02529661,COSENTYX,https://pdf.hres.ca/dpd_pm/00080972.PDF,2025-08-21," COSENTYX® (secukinumab injection/secukinumab for injection) - Product Monograph Page 8 of 100 For all of the above indications, available data suggest that a clinical response is usually achieved within 16 weeks of treatment. Consideration should be given to discontinuing treatment in patients who have shown no response by 16 weeks of treatment. Some patients with an initial partial response may subsequently improve with continued treatment beyond 16 weeks. Special populations: Renal impairment / hepatic impairment COSENTYX has not been studied specifically in these patient populations. 4.3 Reconstitution Parenteral Products: • Powder for solution for injection* COSENTYX is administered subcutaneous injection. COSENTYX powder for solution must be reconstituted before use (see 6 Dosage Forms, Strengths, Composition and Packaging). *single-use vial not available in Canada 4.4 Administration Pre-filled syringe & pre-filled pen COSENTYX is intended for use under the guidance and supervision of a physician. COSENTYX is administered by subcutaneous injection in the lower abdomen, front of the thigh, or outer upper arm. If possible, areas of the skin that show psoriasis should be avoided as injection sites. After proper training in subcutaneous injection technique, patients may self-inject COSENTYX or may be injected by a caregiver if a physician determines that it is appropriate and provides instructions. However, the physician should ensure appropriate follow-up of patients. Patients or caregivers should be instructed to inject the full amount of COSENTYX according to the instructions provided in the Patient Medication Information. Comprehensive instructions for administration are given in the Patient Medication Information. For patients receiving the 75 mg dose, the 75 mg/0.5 mL pre-filled syringe should be used. Powder for solution for injection* COSENTYX is administered by subcutaneous injection. COSENTYX powder for solution must be reconstituted before use (see 6 Dosage Forms, Strengths, Composition and Packaging). *single-use vial not available in Canada Instructions for use are provided in 12 Special Handling Instructions. 4.5 Missed Dose In the case of a missed or late dose of COSENTYX, the next dose should be given as soon as possible. The following dose s
---
ven as soon as possible. The following dose should be given according to the regular dosing schedule. COSENTYX® (secukinumab injection/secukinumab for injection) - Product Monograph Page 25 of 100 years of age was similar. • Sex: The impact of sex differences on exposure is considered to be not clinically relevant. • Ethnic origin: The impact of race differences on exposure is considered to be not clinically relevant. • Hepatic Insufficiency: No pharmacokinetic data are available in patients with hepatic impairment. • Renal Insufficiency: No pharmacokinetic data are available in patients with renal impairment. • Effect of weight on PK: Secukinumab clearance and volume of distribution increase as body weight increases. 11. Storage, Stability and Disposal Store COSENTYX in a refrigerator at 2°C to 8°C and protect from light. Keep the product in the original carton until the time of use. Do not shake. For the pre-filled syringe and pre-filled pen only: Do not freeze. If necessary, the pre-filled syringe and the pre-filled pen may be stored unrefrigerated for a single period of up to 4 days at room temperature, not above 30°C. Discard the pre-filled syringe or pre-filled pen after 4 days if left unrefrigerated. 12. Special Handling Instructions Following administration of COSENTYX (secukinumab injection) using the pre-filled syringe or the pre- filled Pen, the syringe or pen should be disposed of in a puncture-resistant container for syringes and needles. Patients or caregivers should be instructed in the technique as well as proper syringe and needle disposal, and not to reuse these items. Keep out of reach from children. Incompatibilities Solution for injection in pre-filled syringe and pre-filled pen: These medicinal products must not be mixed with other medicinal products. Powder for solution for injection: COSENTYX should not be mixed with any medication or diluents other than sterile water for injection. ",NO_EXACT_EMA_PRODUCT,,,,,NO_EXPLICIT_RENAL_RECOMMENDATION_FOUND,,,NO_EXPLICIT_RENAL_RECOMMENDATION_FOUND,,False,Marketed
MED-1094,SERTACONAZOL,UNRESOLVED,False,False,False,NO_EXACT_IDENTITY_MATCH,,,NO_EXACT_DPD_PRODUCT,,,,,,,,NO_EXACT_EMA_PRODUCT,,,,,UNRESOLVED,,,UNRESOLVED,,False,
MED-1095,SIROLIMUS/RAPAMICINA,UNRESOLVED,False,False,False,NO_EXACT_IDENTITY_MATCH,,,NO_EXACT_DPD_PRODUCT,,,,,,,,NO_EXACT_EMA_PRODUCT,,,,,UNRESOLVED,,,UNRESOLVED,,False,
MED-1096,SODIO FOSFATO,UNRESOLVED,False,False,False,NO_EXACT_IDENTITY_MATCH,,,NO_EXACT_DPD_PRODUCT,,,,,,,,NO_EXACT_EMA_PRODUCT,,,,,UNRESOLVED,,,UNRESOLVED,,False,
MED-1097,SODIO SULFATO,UNRESOLVED,False,False,False,NO_EXACT_IDENTITY_MATCH,,,NO_EXACT_DPD_PRODUCT,,,,,,,,NO_EXACT_EMA_PRODUCT,,,,,UNRESOLVED,,,UNRESOLVED,,False,
MED-1098,SOMATOSTATINA,UNRESOLVED,False,False,False,NO_EXACT_IDENTITY_MATCH,,,NO_EXACT_DPD_PRODUCT,,,,,,,,NO_EXACT_EMA_PRODUCT,,,,,UNRESOLVED,,,UNRESOLVED,,False,
MED-1099,SULTIAMO,UNRESOLVED,False,False,False,NO_EXACT_IDENTITY_MATCH,,,NO_EXACT_DPD_PRODUCT,,,,,,,,NO_EXACT_EMA_PRODUCT,,,,,UNRESOLVED,,,UNRESOLVED,,False,
MED-1100,SURAMINA,UNRESOLVED,False,False,False,NO_EXACT_IDENTITY_MATCH,,,NO_EXACT_DPD_PRODUCT,,,,,,,,NO_EXACT_EMA_PRODUCT,,,,,UNRESOLVED,,,UNRESOLVED,,False,
MED-1101,TALIDOMIDA,UNRESOLVED,False,False,False,NO_EXACT_IDENTITY_MATCH,,,NO_EXACT_DPD_PRODUCT,,,,,,,,NO_EXACT_EMA_PRODUCT,,,,,UNRESOLVED,,,UNRESOLVED,,False,
MED-1103,TEICOPLANINA,LOCAL_SUPPORT_ONLY_NEEDS_CURRENT_SOURCE,True,False,False,NO_EXACT_IDENTITY_MATCH,,,NO_EXACT_DPD_PRODUCT,,,,,,,,NO_EXACT_EMA_PRODUCT,,,,,CURRENT_SOURCE_NOT_FOUND_WITH_SUPPORT,,,CURRENT_SOURCE_NOT_FOUND_WITH_SUPPORT,,False,
MED-1105,TENIPÓSIDO,UNRESOLVED,False,False,False,NO_EXACT_IDENTITY_MATCH,,,NO_EXACT_DPD_PRODUCT,,,,,,,,NO_EXACT_EMA_PRODUCT,,,,,UNRESOLVED,,,UNRESOLVED,,False,
MED-1106,TENOFOVIR ALAFENAMIDA,LOCAL_SUPPORT_ONLY_NEEDS_CURRENT_SOURCE,True,False,False,NO_EXACT_IDENTITY_MATCH,,,NO_EXACT_DPD_PRODUCT,,,,,,,,NO_EXACT_EMA_PRODUCT,,,,,CURRENT_SOURCE_NOT_FOUND_WITH_SUPPORT,,,CURRENT_SOURCE_NOT_FOUND_WITH_SUPPORT,,False,
MED-1107,TERLIPRESINA,UNRESOLVED,False,False,False,NO_EXACT_IDENTITY_MATCH,,,NO_EXACT_DPD_PRODUCT,,,,,,,,NO_EXACT_EMA_PRODUCT,,,,,UNRESOLVED,,,UNRESOLVED,,False,
MED-1108,TETRIZOLINA OFTÁLMICA,UNRESOLVED,False,False,False,NO_EXACT_IDENTITY_MATCH,,,NO_EXACT_DPD_PRODUCT,,,,,,,,NO_EXACT_EMA_PRODUCT,,,,,UNRESOLVED,,,UNRESOLVED,,False,
MED-1109,TIAPRIDA,UNRESOLVED,False,False,False,NO_EXACT_IDENTITY_MATCH,,,NO_EXACT_DPD_PRODUCT,,,,,,,,NO_EXACT_EMA_PRODUCT,,,,,UNRESOLVED,,,UNRESOLVED,,False,
MED-1110,TIGECICLINA,LOCAL_SUPPORT_ONLY_NEEDS_CURRENT_SOURCE,True,False,False,NO_EXACT_IDENTITY_MATCH,,,NO_EXACT_DPD_PRODUCT,,,,,,,,NO_EXACT_EMA_PRODUCT,,,,,CURRENT_SOURCE_NOT_FOUND_WITH_SUPPORT,,,CURRENT_SOURCE_NOT_FOUND_WITH_SUPPORT,,False,
MED-1112,TIOCONAZOL,UNRESOLVED,False,False,False,NO_EXACT_IDENTITY_MATCH,,,EXACT_PRODUCT_NO_EXPLICIT_RENAL_ACTION,NO_RENAL_TEXT,65360,02241700,GYNECURE EXTERNAL CREAM 1% (REFILL),https://health-products.canada.ca/dpd-bdpp/info?code=65360&lang=eng,,,NO_EXACT_EMA_PRODUCT,,,,,NO_EXPLICIT_RENAL_RECOMMENDATION_FOUND,,,NO_EXPLICIT_RENAL_RECOMMENDATION_FOUND,,False,Cancelled Pre Market
MED-1113,TIOPENTAL,UNRESOLVED,False,False,False,NO_EXACT_IDENTITY_MATCH,,,NO_EXACT_DPD_PRODUCT,,,,,,,,NO_EXACT_EMA_PRODUCT,,,,,UNRESOLVED,,,UNRESOLVED,,False,
MED-1115,TIPRANAVIR (TPV),UNRESOLVED,False,False,False,NO_EXACT_IDENTITY_MATCH,,,NO_EXACT_DPD_PRODUCT,,,,,,,,NO_EXACT_EMA_PRODUCT,,,,,UNRESOLVED,,,UNRESOLVED,,False,
MED-1116,TISAGENLECLEUCEL,UNRESOLVED,False,False,False,NO_EXACT_IDENTITY_MATCH,,,EXACT_PRODUCT_NO_EXPLICIT_RENAL_ACTION,RENAL_MENTION_WITHOUT_EXPLICIT_DOSING_ACTION,97104,02480514,KYMRIAH,https://pdf.hres.ca/dpd_pm/00082330.PDF,2019-05-24," KYMRIAH® (tisagenlecleucel) Page 18 of 57 Unclassified / Non classifié with Grade 3 or 4). Two deaths occurred within 30 days of Kymriah infusion, including one patient, who died from progressive leukemia in the setting of possible CRS and one patient, who experienced fatal intracranial haemorrhage that developed during the course of resolved CRS, abdominal compartment syndrome, coagulopathy and renal failure. Thirty-eight patients were admitted to ICU, 12 patients were intubated, and 8 patients required dialysis during CRS. In the ongoing clinical study in DLBCL (N=115), CRS was reported in 57% of patients, (23% with Grade 3 or 4), Twenty-seven patients were admitted to ICU, 8 patients were intubated, and 5 patients required dialysis during CRS. In the ongoing clinical study in FL (N=97), CRS was reported in 50% of patients. No Grade 3 or 4 events were reported; one reported CRS event with onset >1 year after receiving Kymriah had fatal outcome. Cytokine release syndrome was graded with the Penn criteria in the pediatric and young adult B-cell ALL and DLBCL trials as follows: Grade 1: mild reactions, requiring supportive care; Grade 2: moderate reactions, requiring intravenous therapies; Grade 3: severe reactions, requiring low dose vasopressors or supplemental oxygen; Grade 4: life threatening reactions, requiring high dose vasopressors or intubation; Grade 5: death. Cytokine release syndrome was graded per the Lee criteria in the FL trial as follows: Grade 1: mild general symptoms requiring symptomatic treatment; Grade 2: symptoms requiring moderate intervention such as low-flow oxygen supplementation or low-dose vasopressor; Grade 3: symptoms requiring aggressive intervention, such as high-flow oxygen supplementation and high-dose vasopressor; Grade 4: life threatening symptoms requiring intubation; Grade 5: death. For clinical management of CRS, see 7 Warnings and Precautions. Infections and Febrile neutropenia Infections are common after Kymriah infusion and occurred in 34/79 (43%) infused patients with refractory or relapsed ALL. Of these patients, 48% experienced grade 3/4 infection requiring intravenous antibiotics or urgent intervention due to life-threatening consequences in the first 8 weeks following the infusion. The overall incidence was 72% (unspecified 57%, bac
---
 infusion, including one patient, who died from progressive leukemia in the setting of possible CRS and one patient, who experienced fatal intracranial haemorrhage that developed during the course of resolved CRS, abdominal compartment syndrome, coagulopathy and renal failure. Thirty-eight patients were admitted to ICU, 12 patients were intubated, and 8 patients required dialysis during CRS. In the ongoing clinical study in DLBCL (N=115), CRS was reported in 57% of patients, (23% with Grade 3 or 4), Twenty-seven patients were admitted to ICU, 8 patients were intubated, and 5 patients required dialysis during CRS. In the ongoing clinical study in FL (N=97), CRS was reported in 50% of patients. No Grade 3 or 4 events were reported; one reported CRS event with onset >1 year after receiving Kymriah had fatal outcome. Cytokine release syndrome was graded with the Penn criteria in the pediatric and young adult B-cell ALL and DLBCL trials as follows: Grade 1: mild reactions, requiring supportive care; Grade 2: moderate reactions, requiring intravenous therapies; Grade 3: severe reactions, requiring low dose vasopressors or supplemental oxygen; Grade 4: life threatening reactions, requiring high dose vasopressors or intubation; Grade 5: death. Cytokine release syndrome was graded per the Lee criteria in the FL trial as follows: Grade 1: mild general symptoms requiring symptomatic treatment; Grade 2: symptoms requiring moderate intervention such as low-flow oxygen supplementation or low-dose vasopressor; Grade 3: symptoms requiring aggressive intervention, such as high-flow oxygen supplementation and high-dose vasopressor; Grade 4: life threatening symptoms requiring intubation; Grade 5: death. For clinical management of CRS, see 7 Warnings and Precautions. Infections and Febrile neutropenia Infections are common after Kymriah infusion and occurred in 34/79 (43%) infused patients with refractory or relapsed ALL. Of these patients, 48% experienced grade 3/4 infection requiring intravenous antibiotics or urgent intervention due to life-threatening consequences in the first 8 weeks following the infusion. The overall incidence was 72% (unspecified 57%, bacterial 27%, viral 38% and fungal 15%) (see 7 Warnings and Precautions). Forty-three percent of the patients experienced an infection of any type within 8 weeks after Kymriah infusion. In DLBCL patients, severe infections (Grad
---
mplication of these observations is unclear based on the available evidence due to high inter-individual variability associated with the exposure parameters. Sex No clinical meaningful difference in tisagenlecleucel cellular kinetics was observed between male and female patients with r/r B-cell ALL, DLBCL or FL patients. Ethnic origin The impact of ethnicity on cellular kinetics could not be characterized, as the majority of patients treated with Kymriah in clinical studies were Caucasian. Hepatic Insufficiency No formal hepatic impairment studies were performed. Renal Insufficiency No formal renal impairment studies were performed. Body weight In both B-cell ALL, DLBCL and FL patients, across the weight ranges (14.4 to 137.0 kg, in B-cell ALL patients; 38.4 to 186.7 kg in DLBCL patients; and 44.3 to 127.7 kg in FL patients), no clinically meaningful relationship between cellular kinetics and body weight was observed. Prior stem cell transplantation In patients with r/r DLBCL, the geometric mean Cmax in patients who did not receive prior haematopoietic stem cell transplantation (HSCT) therapy (n=43) was approximately 57.8% higher than that in patients who received prior HSCT therapy (n=48). The clinical implication of this observation is unclear based on the available evidence. In pediatric and young adult patients with r/r B-cell ALL or in adult patients with r/r FL, no clinically meaningful difference in cellular kinetics was observed depending on the history of prior HSCT. 10.4. Immunogenicity In clinical studies, humoral immunogenicity of tisagenlecleucel was measured by determination of anti- murine CAR19 antibodies (anti-mCAR19) in serum pre- and post-administration. The majority of patients tested positive for pre-dose anti-mCAR19 antibodies in pediatric and young adult ALL (B2202, 91.1%) and adult DLBCL (C2201, 93.9%), and adult FL (E2202; 66.0%) patients . Treatment-induced anti-mCAR19 antibodies were found in 40.5% of pediatric and young adult ALL, 8.7% of adult DLBCL, and 28.7% of adult FL patients There was no evidence that the presence of pre-existing and treatment-induced anti-mCAR19 antibodies significantly impacted the cellular kinetics and clinical responses. Cellular immunogenicity was assessed in B-cell ALL, r/r DLBCL and FL patients by determination of intracellular interferon gamma production in response to mCAR19 peptide stimulation. No apparent relati",NO_EXACT_EMA_PRODUCT,,,,,NO_EXPLICIT_RENAL_RECOMMENDATION_FOUND,,,NO_EXPLICIT_RENAL_RECOMMENDATION_FOUND,,False,Marketed
MED-1118,TOLMETINA,UNRESOLVED,False,False,False,NO_EXACT_IDENTITY_MATCH,,,NO_EXACT_DPD_PRODUCT,,,,,,,,NO_EXACT_EMA_PRODUCT,,,,,UNRESOLVED,,,UNRESOLVED,,False,
MED-1119,TOLNAFTATO,UNRESOLVED,False,False,False,NO_EXACT_IDENTITY_MATCH,,,NO_EXACT_DPD_PRODUCT,,,,,,,,NO_EXACT_EMA_PRODUCT,,,,,UNRESOLVED,,,UNRESOLVED,,False,
MED-1122,TORASEMIDA / TORSEMIDA,UNRESOLVED,False,False,False,NO_EXACT_IDENTITY_MATCH,,,NO_EXACT_DPD_PRODUCT,,,,,,,,NO_EXACT_EMA_PRODUCT,,,,,UNRESOLVED,,,UNRESOLVED,,False,
MED-1123,TOXINA BOTULÍNICA A,UNRESOLVED,False,False,False,NO_EXACT_IDENTITY_MATCH,,,NO_EXACT_DPD_PRODUCT,,,,,,,,NO_EXACT_EMA_PRODUCT,,,,,UNRESOLVED,,,UNRESOLVED,,False,
MED-1124,TRICLABENDAZOL,UNRESOLVED,False,False,False,NO_EXACT_IDENTITY_MATCH,,,NO_EXACT_DPD_PRODUCT,,,,,,,,NO_EXACT_EMA_PRODUCT,,,,,UNRESOLVED,,,UNRESOLVED,,False,
MED-1125,TRIHEXIFENIDILO,UNRESOLVED,False,False,False,NO_EXACT_IDENTITY_MATCH,,,NO_EXACT_DPD_PRODUCT,,,,,,,,NO_EXACT_EMA_PRODUCT,,,,,UNRESOLVED,,,UNRESOLVED,,False,
MED-1127,TRIPELENAMINA HIDROCLORURO,UNRESOLVED,False,False,False,NO_EXACT_IDENTITY_MATCH,,,NO_EXACT_DPD_PRODUCT,,,,,,,,NO_EXACT_EMA_PRODUCT,,,,,UNRESOLVED,,,UNRESOLVED,,False,
MED-1129,TROFOSFAMIDA,UNRESOLVED,False,False,False,NO_EXACT_IDENTITY_MATCH,,,NO_EXACT_DPD_PRODUCT,,,,,,,,NO_EXACT_EMA_PRODUCT,,,,,UNRESOLVED,,,UNRESOLVED,,False,
MED-1130,TROPICAMIDA,UNRESOLVED,False,False,False,NO_EXACT_IDENTITY_MATCH,,,NO_EXACT_DPD_PRODUCT,,,,,,,,NO_EXACT_EMA_PRODUCT,,,,,UNRESOLVED,,,UNRESOLVED,,False,
MED-1131,URAPIDIL,UNRESOLVED,False,False,False,NO_EXACT_IDENTITY_MATCH,,,NO_EXACT_DPD_PRODUCT,,,,,,,,NO_EXACT_EMA_PRODUCT,,,,,UNRESOLVED,,,UNRESOLVED,,False,
MED-1132,UROQUINASA,UNRESOLVED,False,False,False,NO_EXACT_IDENTITY_MATCH,,,NO_EXACT_DPD_PRODUCT,,,,,,,,NO_EXACT_EMA_PRODUCT,,,,,UNRESOLVED,,,UNRESOLVED,,False,
MED-1133,USTEKINUMAB,UNRESOLVED,False,False,False,EXACT_IDENTITY_CORROBORATED,BLA761406,100.0,EXACT_PRODUCT_NO_EXPLICIT_RENAL_ACTION,NO_RENAL_TEXT,103910,02550261,STEQEYMA IV,https://pdf.hres.ca/dpd_pm/00085585.PDF,2024-08-29,,NO_EXACT_EMA_PRODUCT,,,,,NO_EXPLICIT_RENAL_RECOMMENDATION_FOUND,,,NO_EXPLICIT_RENAL_RECOMMENDATION_FOUND,,False,Marketed
MED-1134,VEDOLIZUMAB,UNRESOLVED,False,False,False,EXACT_IDENTITY_CORROBORATED,BLA761133,100.0,EXACT_PRODUCT_NO_EXPLICIT_RENAL_ACTION,RENAL_MENTION_WITHOUT_EXPLICIT_DOSING_ACTION,98766,02497875,ENTYVIO,https://pdf.hres.ca/dpd_pm/00073420.PDF,2020-11-20," should be by injection in line with routine clinical practice. In a placebo-controlled study of healthy volunteers, a single 750 mg dose of Entyvio® did not lower rates of protective immunity to Hepatitis B virus in volunteers who were vaccinated intramuscularly with three doses of recombinant Hepatitis B surface antigen. Entyvio® exposed subjects had lower seroconversion rates after receiving two doses of a killed, oral cholera vaccine (see 10 CLINICAL PHARMACOLOGY). The impact on other oral and nasal vaccines is unknown. Renal No formal studies have been conducted to examine the effects of renal impairment on the pharmacokinetics of vedolizumab. No dose recommendation can be made. 7.1 Special Populations 7.1.1 Pregnant Women There are no studies with vedolizumab in pregnant women. It is strongly recommended that women of childbearing potential use adequate contraception to prevent pregnancy and to continue its use for at least 18 weeks after the last treatment with Entyvio®. ENTYVIO® (vedolizumab) - Product Monograph Page 23 of 62 treatment with TNF antagonist drugs, and presence of anti-vedolizumab antibody increase vedolizumab clearance, the magnitude of their effects is statistically significant but not considered to be clinically relevant. The clinical relevance of the covariates evaluated in the population pharmacokinetics analysis, however, needs to be evaluated concurrently with clinical efficacy and safety data. Special Populations and Conditions Age: Population pharmacokinetics did not identify that age had an impact on the clearance of vedolizumab. Hepatic Insufficiency: No formal studies have been conducted to examine the effects of hepatic impairment on the pharmacokinetics of vedolizumab. Renal Insufficiency: No formal studies have been conducted to examine the effects of renal impairment on the pharmacokinetics of vedolizumab. Pediatric: The safety and efficacy of vedolizumab in pediatric patients below the age of 18 have not been established and its use is not indicated (see 1.1 Indications, Pediatrics). In a phase 2, dose ranging study, the pharmacokinetics, safety and tolerability of vedolizumab were evaluated in a cohort of 48 patients with ulcerative colitis (n=25) or Crohn’s disease (n=23) who weighed ≥30 kg. Patients received vedolizumab 150 mg or 300 mg as an intravenous infusion at Weeks 0, 2, 6, and 14. The pharmacokinetic results demonstrated tha
---
t but not considered to be clinically relevant. The clinical relevance of the covariates evaluated in the population pharmacokinetics analysis, however, needs to be evaluated concurrently with clinical efficacy and safety data. Special Populations and Conditions Age: Population pharmacokinetics did not identify that age had an impact on the clearance of vedolizumab. Hepatic Insufficiency: No formal studies have been conducted to examine the effects of hepatic impairment on the pharmacokinetics of vedolizumab. Renal Insufficiency: No formal studies have been conducted to examine the effects of renal impairment on the pharmacokinetics of vedolizumab. Pediatric: The safety and efficacy of vedolizumab in pediatric patients below the age of 18 have not been established and its use is not indicated (see 1.1 Indications, Pediatrics). In a phase 2, dose ranging study, the pharmacokinetics, safety and tolerability of vedolizumab were evaluated in a cohort of 48 patients with ulcerative colitis (n=25) or Crohn’s disease (n=23) who weighed ≥30 kg. Patients received vedolizumab 150 mg or 300 mg as an intravenous infusion at Weeks 0, 2, 6, and 14. The pharmacokinetic results demonstrated that treatment with vedolizumab 150 mg and 300 mg in pediatric patients ≥30 kg resulted in approximate dose-proportional increases in serum vedolizumab exposure levels (as measured primarily by CTrough). 11 STORAGE, STABILITY AND DISPOSAL Entyvio® (IV) Store unopened vial in a refrigerator (2 to 8°C). Keep the vial in the outer carton to protect from light. Stability of reconstituted vedolizumab solution in vial: In-use stability of the reconstituted solution in the vial has been demonstrated for 8 hours at 2 to 8°C. Stability of diluted vedolizumab solution in 0.9% sodium chloride solution: In-use stability of the diluted solution in 0.9% sodium chloride solution in infusion bag has been demonstrated for 12 hours at 20 to 25°C or 24 hours at 2 to 8°C. The combined in-use stability of vedolizumab in the vial and infusion bag with 0.9% sodium chloride is a total of 12 hours at 20 to 25°C or 24 hours at 2 to 8°C. This hold time may include up to 8 hours at 2 to 8°C in the vial. Do not freeze the reconstituted solution in the vial or the diluted solution in the infusion bag. ",NO_EXACT_EMA_PRODUCT,,,,,NO_EXPLICIT_RENAL_RECOMMENDATION_FOUND,,,NO_EXPLICIT_RENAL_RECOMMENDATION_FOUND,,False,Marketed
MED-1135,VELAGLUCERASA ALFA,UNRESOLVED,False,False,False,NO_EXACT_IDENTITY_MATCH,,,NO_EXACT_DPD_PRODUCT,,,,,,,,NO_EXACT_EMA_PRODUCT,,,,,UNRESOLVED,,,UNRESOLVED,,False,
MED-1136,VESTRONIDASA ALFA,UNRESOLVED,False,False,False,NO_EXACT_IDENTITY_MATCH,,,NO_EXACT_DPD_PRODUCT,,,,,,,,NO_EXACT_EMA_PRODUCT,,,,,UNRESOLVED,,,UNRESOLVED,,False,
MED-1137,VINBLASTINA,UNRESOLVED,False,False,False,NO_EXACT_IDENTITY_MATCH,,,NO_EXACT_DPD_PRODUCT,,,,,,,,NO_EXACT_EMA_PRODUCT,,,,,UNRESOLVED,,,UNRESOLVED,,False,
MED-1138,VINCRISTINA,UNRESOLVED,False,False,False,NO_EXACT_IDENTITY_MATCH,,,NO_EXACT_DPD_PRODUCT,,,,,,,,NO_EXACT_EMA_PRODUCT,,,,,UNRESOLVED,,,UNRESOLVED,,False,
MED-1139,VINDESINA,UNRESOLVED,False,False,False,NO_EXACT_IDENTITY_MATCH,,,NO_EXACT_DPD_PRODUCT,,,,,,,,NO_EXACT_EMA_PRODUCT,,,,,UNRESOLVED,,,UNRESOLVED,,False,
MED-1140,VINORELBINA,UNRESOLVED,False,False,False,NO_EXACT_IDENTITY_MATCH,,,NO_EXACT_DPD_PRODUCT,,,,,,,,NO_EXACT_EMA_PRODUCT,,,,,UNRESOLVED,,,UNRESOLVED,,False,
MED-1144,DIFENIDOL,UNRESOLVED,False,False,False,NO_EXACT_IDENTITY_MATCH,,,NO_EXACT_DPD_PRODUCT,,,,,,,,NO_EXACT_EMA_PRODUCT,,,,,UNRESOLVED,,,UNRESOLVED,,False,
MED-0243,ETAMBUTOL CLORHIDRATO,UNRESOLVED,False,False,False,NO_EXACT_IDENTITY_MATCH,,,NO_EXACT_DPD_PRODUCT,,,,,,,,NO_EXACT_EMA_PRODUCT,,,,,UNRESOLVED,,,UNRESOLVED,,False,
MED-0037,ACIDO VALPROICO,UNRESOLVED,False,False,False,NO_EXACT_IDENTITY_MATCH,,,NO_EXACT_DPD_PRODUCT,,,,,,,,NO_EXACT_EMA_PRODUCT,,,,,UNRESOLVED,,,UNRESOLVED,,False,
MED-0052,AMLODIPINO,UNRESOLVED,False,False,False,NO_EXACT_IDENTITY_MATCH,,,NO_EXACT_DPD_PRODUCT,,,,,,,,NO_EXACT_EMA_PRODUCT,,,,,UNRESOLVED,,,UNRESOLVED,,False,
MED-0056,ANASTRAZOL,UNRESOLVED,False,False,False,NO_EXACT_IDENTITY_MATCH,,,NO_EXACT_DPD_PRODUCT,,,,,,,,NO_EXACT_EMA_PRODUCT,,,,,UNRESOLVED,,,UNRESOLVED,,False,
MED-0069,BACLOFENO,UNRESOLVED,False,False,False,NO_EXACT_IDENTITY_MATCH,,,NO_EXACT_DPD_PRODUCT,,,,,,,,NO_EXACT_EMA_PRODUCT,,,,,UNRESOLVED,,,UNRESOLVED,,False,
MED-0095,CABERGOLINA,UNRESOLVED,False,False,False,NO_EXACT_IDENTITY_MATCH,,,NO_EXACT_DPD_PRODUCT,,,,,,,,NO_EXACT_EMA_PRODUCT,,,,,UNRESOLVED,,,UNRESOLVED,,False,
MED-0107,CARBONATO DE LITIO,UNRESOLVED,False,False,False,NO_EXACT_IDENTITY_MATCH,,,NO_EXACT_DPD_PRODUCT,,,,,,,,NO_EXACT_EMA_PRODUCT,,,,,UNRESOLVED,,,UNRESOLVED,,False,
MED-0108,CARVEDILOL,UNRESOLVED,False,False,False,EXACT_IDENTITY_CORROBORATED,NDA022012,100.0,EXACT_PRODUCT_NO_EXPLICIT_RENAL_ACTION,RENAL_MENTION_WITHOUT_EXPLICIT_DOSING_ACTION,70037,02245917,PMS-CARVEDILOL,https://pdf.hres.ca/dpd_pm/00065327.PDF,2003-08-04,"pms-CARVEDILOL Product Monograph Page 7 of 42 titration should be done more cautiously in patients with hepatic impairment. A lower total daily dose may be reached at the end of up-titration in such patients compared to other patients. Renal Insufficiency Acute, reversible renal failure has been seen in some patients treated with carvedilol; particularly those with underlying renal impairment (see 7 WARNINGS AND PRECAUTIONS). Therefore, after initiating pms-CARVEDILOL at the same dose in patients with renal impairment as in other patients, up-titration should be done more cautiously in patients with renal impairment. Renal function (BUN and creatinine) should be checked in such patients as appropriate. If renal function has deteriorated, the dose of pms-CARVEDILOL may need to be reduced or discontinued. Discontinuation pms-CARVEDILOL should be gradually reduced over a period of about 2 weeks, if possible, and the patient should be carefully observed (see 7 WARNINGS AND PRECAUTIONS, Abrupt Cessation of Therapy). 4.4 Administration pms-CARVEDILOL tablets should be swallowed whole with water. pms-CARVEDILOL tablets should not be chewed, crushed, or broken. 4.5 Missed Dose If a patient misses a dose, advise the patient to take the dose as soon as possible and continue with their regular schedule , however, 2 doses should NOT be taken within 6 hours of each other. The patient must contact a Health professional if more than 2 doses of pms-CARVEDILOL were missed. The patient should NOT restart taking pms-CARVEDILOL until they have spoken to a Health professional. 5 OVERDOSAGE Cases of overdosage with carvedilol alone or in combination with other drugs have been reported. Quantities ingested in some cases exceeded 1000 mg. Clinical signs experienced included low blood pressure and heart rate. Standard supportive treatment was provided and individuals recovered. In the event of inadvertent or intentional overdosage with carvedilol, there may be severe hypotension, excessive bradycardia, heart failure, cardiogenic shock, and cardiac arrest due to its pharmacologic activities. There may also be respiratory distress, bronchospasm, vomiting, pms-CARVEDILOL Product Monog
---
pms-CARVEDILOL Product Monograph Page 7 of 42 titration should be done more cautiously in patients with hepatic impairment. A lower total daily dose may be reached at the end of up-titration in such patients compared to other patients. Renal Insufficiency Acute, reversible renal failure has been seen in some patients treated with carvedilol; particularly those with underlying renal impairment (see 7 WARNINGS AND PRECAUTIONS). Therefore, after initiating pms-CARVEDILOL at the same dose in patients with renal impairment as in other patients, up-titration should be done more cautiously in patients with renal impairment. Renal function (BUN and creatinine) should be checked in such patients as appropriate. If renal function has deteriorated, the dose of pms-CARVEDILOL may need to be reduced or discontinued. Discontinuation pms-CARVEDILOL should be gradually reduced over a period of about 2 weeks, if possible, and the patient should be carefully observed (see 7 WARNINGS AND PRECAUTIONS, Abrupt Cessation of Therapy). 4.4 Administration pms-CARVEDILOL tablets should be swallowed whole with water. pms-CARVEDILOL tablets should not be chewed, crushed, or broken. 4.5 Missed Dose If a patient misses a dose, advise the patient to take the dose as soon as possible and continue with their regular schedule , however, 2 doses should NOT be taken within 6 hours of each other. The patient must contact a Health professional if more than 2 doses of pms-CARVEDILOL were missed. The patient should NOT restart taking pms-CARVEDILOL until they have spoken to a Health professional. 5 OVERDOSAGE Cases of overdosage with carvedilol alone or in combination with other drugs have been reported. Quantities ingested in some cases exceeded 1000 mg. Clinical signs experienced included low blood pressure and heart rate. Standard supportive treatment was provided and individuals recovered. In the event of inadvertent or intentional overdosage with carvedilol, there may be severe hypotension, excessive bradycardia, heart failure, cardiogenic shock, and cardiac arrest due to its pharmacologic activities. There may also be respiratory distress, bronchospasm, vomiting, pms-CARVEDILOL Product Monograph Page 8 of 42 disturbed consciousness, and generalized seizures. Patients who have taken an overdose of carvedilol should be
---
VEDILOL Product Monograph Page 7 of 42 titration should be done more cautiously in patients with hepatic impairment. A lower total daily dose may be reached at the end of up-titration in such patients compared to other patients. Renal Insufficiency Acute, reversible renal failure has been seen in some patients treated with carvedilol; particularly those with underlying renal impairment (see 7 WARNINGS AND PRECAUTIONS). Therefore, after initiating pms-CARVEDILOL at the same dose in patients with renal impairment as in other patients, up-titration should be done more cautiously in patients with renal impairment. Renal function (BUN and creatinine) should be checked in such patients as appropriate. If renal function has deteriorated, the dose of pms-CARVEDILOL may need to be reduced or discontinued. Discontinuation pms-CARVEDILOL should be gradually reduced over a period of about 2 weeks, if possible, and the patient should be carefully observed (see 7 WARNINGS AND PRECAUTIONS, Abrupt Cessation of Therapy). 4.4 Administration pms-CARVEDILOL tablets should be swallowed whole with water. pms-CARVEDILOL tablets should not be chewed, crushed, or broken. 4.5 Missed Dose If a patient misses a dose, advise the patient to take the dose as soon as possible and continue with their regular schedule , however, 2 doses should NOT be taken within 6 hours of each other. The patient must contact a Health professional if more than 2 doses of pms-CARVEDILOL were missed. The patient should NOT restart taking pms-CARVEDILOL until they have spoken to a Health professional. 5 OVERDOSAGE Cases of overdosage with carvedilol alone or in combination with other drugs have been reported. Quantities ingested in some cases exceeded 1000 mg. Clinical signs experienced included low blood pressure and heart rate. Standard supportive treatment was provided and individuals recovered. In the event of inadvertent or intentional overdosage with carvedilol, there may be severe hypotension, excessive bradycardia, heart failure, cardiogenic shock, and cardiac arrest due to its pharmacologic activities. There may also be respiratory distress, bronchospasm, vomiting, pms-CARVEDILOL Product Monograph Page 8 of 42 disturbed consciousness, and generalized seizures. Patients who have taken an overdose of carvedilol should be placed supine, with their legs raised. For removal of the drug shortly after ingestion, gastric lav
---
nograph Page 7 of 42 titration should be done more cautiously in patients with hepatic impairment. A lower total daily dose may be reached at the end of up-titration in such patients compared to other patients. Renal Insufficiency Acute, reversible renal failure has been seen in some patients treated with carvedilol; particularly those with underlying renal impairment (see 7 WARNINGS AND PRECAUTIONS). Therefore, after initiating pms-CARVEDILOL at the same dose in patients with renal impairment as in other patients, up-titration should be done more cautiously in patients with renal impairment. Renal function (BUN and creatinine) should be checked in such patients as appropriate. If renal function has deteriorated, the dose of pms-CARVEDILOL may need to be reduced or discontinued. Discontinuation pms-CARVEDILOL should be gradually reduced over a period of about 2 weeks, if possible, and the patient should be carefully observed (see 7 WARNINGS AND PRECAUTIONS, Abrupt Cessation of Therapy). 4.4 Administration pms-CARVEDILOL tablets should be swallowed whole with water. pms-CARVEDILOL tablets should not be chewed, crushed, or broken. 4.5 Missed Dose If a patient misses a dose, advise the patient to take the dose as soon as possible and continue with their regular schedule , however, 2 doses should NOT be taken within 6 hours of each other. The patient must contact a Health professional if more than 2 doses of pms-CARVEDILOL were missed. The patient should NOT restart taking pms-CARVEDILOL until they have spoken to a Health professional. 5 OVERDOSAGE Cases of overdosage with carvedilol alone or in combination with other drugs have been reported. Quantities ingested in some cases exceeded 1000 mg. Clinical signs experienced included low blood pressure and heart rate. Standard supportive treatment was provided and individuals recovered. In the event of inadvertent or intentional overdosage with carvedilol, there may be severe hypotension, excessive bradycardia, heart failure, cardiogenic shock, and cardiac arrest due to its pharmacologic activities. There may also be respiratory distress, bronchospasm, vomiting, pms-CARVEDILOL Product Monograph Page 8 of 42 disturbed consciousness, and generalized seizures. Patients who have taken an overdose of carvedilol should be placed supine, with their legs raised. For removal of the drug shortly after ingestion, gastric lavage or pharmacol
---
airment. A lower total daily dose may be reached at the end of up-titration in such patients compared to other patients. Renal Insufficiency Acute, reversible renal failure has been seen in some patients treated with carvedilol; particularly those with underlying renal impairment (see 7 WARNINGS AND PRECAUTIONS). Therefore, after initiating pms-CARVEDILOL at the same dose in patients with renal impairment as in other patients, up-titration should be done more cautiously in patients with renal impairment. Renal function (BUN and creatinine) should be checked in such patients as appropriate. If renal function has deteriorated, the dose of pms-CARVEDILOL may need to be reduced or discontinued. Discontinuation pms-CARVEDILOL should be gradually reduced over a period of about 2 weeks, if possible, and the patient should be carefully observed (see 7 WARNINGS AND PRECAUTIONS, Abrupt Cessation of Therapy). 4.4 Administration pms-CARVEDILOL tablets should be swallowed whole with water. pms-CARVEDILOL tablets should not be chewed, crushed, or broken. 4.5 Missed Dose If a patient misses a dose, advise the patient to take the dose as soon as possible and continue with their regular schedule , however, 2 doses should NOT be taken within 6 hours of each other. The patient must contact a Health professional if more than 2 doses of pms-CARVEDILOL were missed. The patient should NOT restart taking pms-CARVEDILOL until they have spoken to a Health professional. 5 OVERDOSAGE Cases of overdosage with carvedilol alone or in combination with other drugs have been reported. Quantities ingested in some cases exceeded 1000 mg. Clinical signs experienced included low blood pressure and heart rate. Standard supportive treatment was provided and individuals recovered. In the event of inadvertent or intentional overdosage with carvedilol, there may be severe hypotension, excessive bradycardia, heart failure, cardiogenic shock, and cardiac arrest due to its pharmacologic activities. There may also be respiratory distress, bronchospasm, vomiting, pms-CARVEDILOL Product Monograph Page 8 of 42 disturbed consciousness, and generalized seizures. Patients who have taken an overdose of carvedilol should be placed supine, with their legs raised. For removal of the drug shortly after ingestion, gastric lavage or pharmacologically induced emesis may be useful. Carvedilol is not removed by hemodialysis. In addit
---
ns is not known but periodic ophthalmic examinations are advisable while the patient is taking carvedilol. Peri-Operative Considerations Because of the synergistic negative inotropic and vasodilating effects of ca",NO_EXACT_EMA_PRODUCT,,,,,NO_EXPLICIT_RENAL_RECOMMENDATION_FOUND,,,NO_EXPLICIT_RENAL_RECOMMENDATION_FOUND,,False,Marketed
MED-0110,CEFALEXINA,LOCAL_SUPPORT_ONLY_NEEDS_CURRENT_SOURCE,False,True,False,NO_EXACT_IDENTITY_MATCH,,,NO_EXACT_DPD_PRODUCT,,,,,,,,NO_EXACT_EMA_PRODUCT,,,,,CURRENT_SOURCE_NOT_FOUND_WITH_SUPPORT,,,CURRENT_SOURCE_NOT_FOUND_WITH_SUPPORT,,False,
MED-0123,CICLOSPORINA,UNRESOLVED,False,False,False,NO_EXACT_IDENTITY_MATCH,,,NO_EXACT_DPD_PRODUCT,,,,,,,,NO_EXACT_EMA_PRODUCT,,,,,UNRESOLVED,,,UNRESOLVED,,False,
MED-0143,CLONIDINA,UNRESOLVED,False,False,False,NO_EXACT_IDENTITY_MATCH,,,NO_EXACT_DPD_PRODUCT,,,,,,,,NO_EXACT_EMA_PRODUCT,,,,,UNRESOLVED,,,UNRESOLVED,,False,
MED-0160,COLCHICINA,UNRESOLVED,False,False,False,NO_EXACT_IDENTITY_MATCH,,,NO_EXACT_DPD_PRODUCT,,,,,,,,NO_EXACT_EMA_PRODUCT,,,,,UNRESOLVED,,,UNRESOLVED,,False,
MED-0208,DORAVIRINA,UNRESOLVED,False,False,False,NO_EXACT_IDENTITY_MATCH,,,NO_EXACT_DPD_PRODUCT,,,,,,,,NO_EXACT_EMA_PRODUCT,,,,,UNRESOLVED,,,UNRESOLVED,,False,
MED-0225,EMPAGLIFOZINA,UNRESOLVED,False,False,False,NO_EXACT_IDENTITY_MATCH,,,NO_EXACT_DPD_PRODUCT,,,,,,,,NO_EXACT_EMA_PRODUCT,,,,,UNRESOLVED,,,UNRESOLVED,,False,
MED-0228,ENTACAPONA,UNRESOLVED,False,False,False,NO_EXACT_IDENTITY_MATCH,,,NO_EXACT_DPD_PRODUCT,,,,,,,,NO_EXACT_EMA_PRODUCT,,,,,UNRESOLVED,,,UNRESOLVED,,False,
MED-0251,FAMOTIDINA,LOCAL_SUPPORT_ONLY_NEEDS_CURRENT_SOURCE,False,True,False,NO_EXACT_IDENTITY_MATCH,,,NO_EXACT_DPD_PRODUCT,,,,,,,,NO_EXACT_EMA_PRODUCT,,,,,CURRENT_SOURCE_NOT_FOUND_WITH_SUPPORT,,,CURRENT_SOURCE_NOT_FOUND_WITH_SUPPORT,,False,
MED-0254,FENITOINA SODICA,UNRESOLVED,False,False,False,NO_EXACT_IDENTITY_MATCH,,,NO_EXACT_DPD_PRODUCT,,,,,,,,NO_EXACT_EMA_PRODUCT,,,,,UNRESOLVED,,,UNRESOLVED,,False,
MED-0276,GABAPENTINA,LOCAL_SUPPORT_ONLY_NEEDS_CURRENT_SOURCE,False,True,False,NO_EXACT_IDENTITY_MATCH,,,NO_EXACT_DPD_PRODUCT,,,,,,,,NO_EXACT_EMA_PRODUCT,,,,,CURRENT_SOURCE_NOT_FOUND_WITH_SUPPORT,,,CURRENT_SOURCE_NOT_FOUND_WITH_SUPPORT,,False,
MED-0296,HIDROXIUREA,UNRESOLVED,False,False,False,NO_EXACT_IDENTITY_MATCH,,,NO_EXACT_DPD_PRODUCT,,,,,,,,NO_EXACT_EMA_PRODUCT,,,,,UNRESOLVED,,,UNRESOLVED,,False,
MED-0321,KETOROLACO,UNRESOLVED,False,False,False,NO_EXACT_IDENTITY_MATCH,,,NO_EXACT_DPD_PRODUCT,,,,,,,,NO_EXACT_EMA_PRODUCT,,,,,UNRESOLVED,,,UNRESOLVED,,False,
MED-0348,LINAGLIPTINA,UNRESOLVED,False,False,False,NO_EXACT_IDENTITY_MATCH,,,NO_EXACT_DPD_PRODUCT,,,,,,,,NO_EXACT_EMA_PRODUCT,,,,,UNRESOLVED,,,UNRESOLVED,,False,
MED-0358,LOVASTATINA,UNRESOLVED,False,False,False,NO_EXACT_IDENTITY_MATCH,,,NO_EXACT_DPD_PRODUCT,,,,,,,,NO_EXACT_EMA_PRODUCT,,,,,UNRESOLVED,,,UNRESOLVED,,False,
MED-0377,METFORMINA,LOCAL_SUPPORT_ONLY_NEEDS_CURRENT_SOURCE,False,True,False,NO_EXACT_IDENTITY_MATCH,,,NO_EXACT_DPD_PRODUCT,,,,,,,,NO_EXACT_EMA_PRODUCT,,,,,CURRENT_SOURCE_NOT_FOUND_WITH_SUPPORT,,,CURRENT_SOURCE_NOT_FOUND_WITH_SUPPORT,,False,
MED-0385,METOCLOPRAMIDA,LOCAL_SUPPORT_ONLY_NEEDS_CURRENT_SOURCE,False,True,False,NO_EXACT_IDENTITY_MATCH,,,NO_EXACT_DPD_PRODUCT,,,,,,,,NO_EXACT_EMA_PRODUCT,,,,,CURRENT_SOURCE_NOT_FOUND_WITH_SUPPORT,,,CURRENT_SOURCE_NOT_FOUND_WITH_SUPPORT,,False,
MED-0393,MIDODRINA CLORHIDRATO,UNRESOLVED,False,False,False,NO_EXACT_IDENTITY_MATCH,,,NO_EXACT_DPD_PRODUCT,,,,,,,,NO_EXACT_EMA_PRODUCT,,,,,UNRESOLVED,,,UNRESOLVED,,False,
MED-0402,MIRTAZAPINA,UNRESOLVED,False,False,False,NO_EXACT_IDENTITY_MATCH,,,NO_EXACT_DPD_PRODUCT,,,,,,,,NO_EXACT_EMA_PRODUCT,,,,,UNRESOLVED,,,UNRESOLVED,,False,
MED-0434,OLANZAPINA,UNRESOLVED,False,False,False,NO_EXACT_IDENTITY_MATCH,,,NO_EXACT_DPD_PRODUCT,,,,,,,,NO_EXACT_EMA_PRODUCT,,,,,UNRESOLVED,,,UNRESOLVED,,False,
MED-0444,OXCARBAZEPINA,UNRESOLVED,False,False,False,NO_EXACT_IDENTITY_MATCH,,,NO_EXACT_DPD_PRODUCT,,,,,,,,NO_EXACT_EMA_PRODUCT,,,,,UNRESOLVED,,,UNRESOLVED,,False,
MED-0457,PAROXETINA,UNRESOLVED,False,False,False,NO_EXACT_IDENTITY_MATCH,,,NO_EXACT_DPD_PRODUCT,,,,,,,,NO_EXACT_EMA_PRODUCT,,,,,UNRESOLVED,,,UNRESOLVED,,False,
MED-0491,QUETIAPINA,UNRESOLVED,False,False,False,NO_EXACT_IDENTITY_MATCH,,,NO_EXACT_DPD_PRODUCT,,,,,,,,NO_EXACT_EMA_PRODUCT,,,,,UNRESOLVED,,,UNRESOLVED,,False,
MED-0504,RISPERIDONA,UNRESOLVED,False,False,False,NO_EXACT_IDENTITY_MATCH,,,NO_EXACT_DPD_PRODUCT,,,,,,,,NO_EXACT_EMA_PRODUCT,,,,,UNRESOLVED,,,UNRESOLVED,,False,
MED-0515,SACUBITRIL VALSARTAN,UNRESOLVED,False,False,False,NO_EXACT_IDENTITY_MATCH,,,NO_EXACT_DPD_PRODUCT,,,,,,,,NO_EXACT_EMA_PRODUCT,,,,,UNRESOLVED,,,UNRESOLVED,,False,
MED-0520,SEMAGLUTIDA,UNRESOLVED,False,False,False,NO_EXACT_IDENTITY_MATCH,,,NO_EXACT_DPD_PRODUCT,,,,,,,,NO_EXACT_EMA_PRODUCT,,,,,UNRESOLVED,,,UNRESOLVED,,False,
MED-0528,SITAGLIPTINA,LOCAL_SUPPORT_ONLY_NEEDS_CURRENT_SOURCE,False,True,False,NO_EXACT_IDENTITY_MATCH,,,NO_EXACT_DPD_PRODUCT,,,,,,,,NO_EXACT_EMA_PRODUCT,,,,,CURRENT_SOURCE_NOT_FOUND_WITH_SUPPORT,,,CURRENT_SOURCE_NOT_FOUND_WITH_SUPPORT,,False,
MED-0530,SOLIFENACINA,UNRESOLVED,False,False,False,NO_EXACT_IDENTITY_MATCH,,,NO_EXACT_DPD_PRODUCT,,,,,,,,NO_EXACT_EMA_PRODUCT,,,,,UNRESOLVED,,,UNRESOLVED,,False,
MED-0553,TADALAFILO,UNRESOLVED,False,False,False,NO_EXACT_IDENTITY_MATCH,,,NO_EXACT_DPD_PRODUCT,,,,,,,,NO_EXACT_EMA_PRODUCT,,,,,UNRESOLVED,,,UNRESOLVED,,False,
MED-0556,TAMSULOSINA CLORHIDRATO,UNRESOLVED,False,False,False,NO_EXACT_IDENTITY_MATCH,,,NO_EXACT_DPD_PRODUCT,,,,,,,,NO_EXACT_EMA_PRODUCT,,,,,UNRESOLVED,,,UNRESOLVED,,False,
MED-0561,TEOFILINA ANHIDRA,UNRESOLVED,False,False,False,NO_EXACT_IDENTITY_MATCH,,,NO_EXACT_DPD_PRODUCT,,,,,,,,NO_EXACT_EMA_PRODUCT,,,,,UNRESOLVED,,,UNRESOLVED,,False,
MED-0562,TERAZOSINA,UNRESOLVED,False,False,False,NO_EXACT_IDENTITY_MATCH,,,NO_EXACT_DPD_PRODUCT,,,,,,,,NO_EXACT_EMA_PRODUCT,,,,,UNRESOLVED,,,UNRESOLVED,,False,
MED-0577,TIZANIDINA,UNRESOLVED,False,False,False,NO_EXACT_IDENTITY_MATCH,,,NO_EXACT_DPD_PRODUCT,,,,,,,,NO_EXACT_EMA_PRODUCT,,,,,UNRESOLVED,,,UNRESOLVED,,False,
MED-0579,TOLTERODINA L-TARTRATO,UNRESOLVED,False,False,False,NO_EXACT_IDENTITY_MATCH,,,NO_EXACT_DPD_PRODUCT,,,,,,,,NO_EXACT_EMA_PRODUCT,,,,,UNRESOLVED,,,UNRESOLVED,,False,
MED-0580,TOPIRAMATO,LOCAL_SUPPORT_ONLY_NEEDS_CURRENT_SOURCE,False,True,False,NO_EXACT_IDENTITY_MATCH,,,NO_EXACT_DPD_PRODUCT,,,,,,,,NO_EXACT_EMA_PRODUCT,,,,,CURRENT_SOURCE_NOT_FOUND_WITH_SUPPORT,,,CURRENT_SOURCE_NOT_FOUND_WITH_SUPPORT,,False,
MED-0584,TRAZODONA,UNRESOLVED,False,False,False,NO_EXACT_IDENTITY_MATCH,,,NO_EXACT_DPD_PRODUCT,,,,,,,,NO_EXACT_EMA_PRODUCT,,,,,UNRESOLVED,,,UNRESOLVED,,False,
MED-0596,UMECLIDINIO,UNRESOLVED,False,False,False,NO_EXACT_IDENTITY_MATCH,,,NO_EXACT_DPD_PRODUCT,,,,,,,,NO_EXACT_EMA_PRODUCT,,,,,UNRESOLVED,,,UNRESOLVED,,False,
MED-0603,VARENICLINA TARTRATO,UNRESOLVED,False,False,False,NO_EXACT_IDENTITY_MATCH,,,NO_EXACT_DPD_PRODUCT,,,,,,,,NO_EXACT_EMA_PRODUCT,,,,,UNRESOLVED,,,UNRESOLVED,,False,
MED-0613,VORTIOXETINA,UNRESOLVED,False,False,False,NO_EXACT_IDENTITY_MATCH,,,NO_EXACT_DPD_PRODUCT,,,,,,,,NO_EXACT_EMA_PRODUCT,,,,,UNRESOLVED,,,UNRESOLVED,,False,
MED-0615,ZIDOVUDINA,UNRESOLVED,False,False,False,NO_EXACT_IDENTITY_MATCH,,,NO_EXACT_DPD_PRODUCT,,,,,,,,NO_EXACT_EMA_PRODUCT,,,,,UNRESOLVED,,,UNRESOLVED,,False,
MED-0670,CEFPODOXIMA,UNRESOLVED,False,False,False,NO_EXACT_IDENTITY_MATCH,,,NO_EXACT_DPD_PRODUCT,,,,,,,,NO_EXACT_EMA_PRODUCT,,,,,UNRESOLVED,,,UNRESOLVED,,False,
