med_id,generic_name,prior_resolution,renal_biblio_verificada_2025,ajuste_renal,renal_biblio_ocr_indice,drugsfda_status,drugsfda_application_number,drugsfda_identity_score,hc_status,hc_reason,hc_drug_code,hc_din,hc_product_name,hc_product_status,hc_monograph_url,hc_monograph_date,hc_renal_text,ema_status,ema_reason,ema_product_page,ema_pdf_url,ema_renal_text,v5_resolution,v5_primary_source,v5_reason,global_resolution,global_primary_source,global_current_resolved
MED-0013,ACETATO DE ULIPRISTAL,UNRESOLVED,False,False,False,EXACT_IDENTITY_CORROBORATED,NDA022474,100.0,ACCEPT,NO_ADJUSTMENT_EXPLICIT,92065,02436329,ELLA,Marketed,https://pdf.hres.ca/dpd_pm/00069612.PDF,2015-09-01,"is drug or to any ingredient in the formulation, including any non-medicinal ingredient, or component of the container. For a complete listing, see 6 DOSAGE FORMS, STRENGTHS, COMPOSITION AND PACKAGING. • ella is contraindicated in women with known or suspected pregnancy. If there is a doubt regarding pregnancy following a previous act of intercourse, especially if there is recent abnormal bleeding, a pregnancy test should be performed before taking ella. See 7.1.1 Pregnant Women 4 DOSAGE AND ADMINISTRATION 4.1 Dosing Considerations • ella can be taken at any time during the menstrual cycle. • Renal impairment: No dose adjustment is necessary. • Hepatic impairment: In the absence of specific studies, no alternate dose recommendations for ella can be made. Severe hepatic impairment: In the absence of specific studies, ella is not recommended. 4.2 Recommended Dose and Dosage Adjustment Instruct patient to take one tablet orally as soon as possible within 5 days (120 hours) after unprotected intercourse or a known or suspected contraceptive failure. If vomiting occurs within 3 hours of ella intake, another tablet should be taken. ",NO_EXACT_EMA_PRODUCT,,,,,CURRENT_SINGLE_OFFICIAL_EXACT,HEALTH_CANADA,NO_ADJUSTMENT_EXPLICIT,CURRENT_SINGLE_OFFICIAL_EXACT,HEALTH_CANADA,True
MED-0022,ACIDO CARGLUMICO,CURRENT_DAILYMED_IDENTITY_CONFIRMED,,,,,,,,,,,,,,,,,,,,,,,,CURRENT_DAILYMED_IDENTITY_CONFIRMED,DAILYMED,True
MED-0030,ACIDO MEFENAMICO,CURRENT_DAILYMED_IDENTITY_CONFIRMED,,,,,,,,,,,,,,,,,,,,,,,,CURRENT_DAILYMED_IDENTITY_CONFIRMED,DAILYMED,True
MED-0035,ACIDO TRANEXAMICO,CURRENT_DAILYMED_IDENTITY_CONFIRMED,,,,,,,,,,,,,,,,,,,,,,,,CURRENT_DAILYMED_IDENTITY_CONFIRMED,DAILYMED,True
MED-0039,AFATINIB,CURRENT_DAILYMED_IDENTITY_CONFIRMED,,,,,,,,,,,,,,,,,,,,,,,,CURRENT_DAILYMED_IDENTITY_CONFIRMED,DAILYMED,True
MED-0065,AVANAFIL,CURRENT_DAILYMED_IDENTITY_CONFIRMED,,,,,,,,,,,,,,,,,,,,,,,,CURRENT_DAILYMED_IDENTITY_CONFIRMED,DAILYMED,True
MED-0066,AXITINIB,CURRENT_DAILYMED_IDENTITY_CONFIRMED,,,,,,,,,,,,,,,,,,,,,,,,CURRENT_DAILYMED_IDENTITY_CONFIRMED,DAILYMED,True
MED-0083,BISOPROLOL FUMARATO,CURRENT_OPENFDA_IDENTITY_CONFIRMED,,,,,,,,,,,,,,,,,,,,,,,,CURRENT_OPENFDA_IDENTITY_CONFIRMED,OPENFDA,True
MED-0085,BOSUTINIB,CURRENT_DAILYMED_IDENTITY_CONFIRMED,,,,,,,,,,,,,,,,,,,,,,,,CURRENT_DAILYMED_IDENTITY_CONFIRMED,DAILYMED,True
MED-0088,BRIVARACETAM,CURRENT_DAILYMED_IDENTITY_CONFIRMED,,,,,,,,,,,,,,,,,,,,,,,,CURRENT_DAILYMED_IDENTITY_CONFIRMED,DAILYMED,True
MED-0089,BROMAZEPAM,UNRESOLVED,False,False,False,NO_EXACT_IDENTITY_MATCH,,,ACCEPT,RENAL_DOSING_TEXT_EXPLICIT,49694,02230585,TEVA-BROMAZEPAM,Marketed,https://pdf.hres.ca/dpd_pm/00062288.PDF,2015-05-29,"ts with severe hepatic impairment. These patients should not be treated with Teva- Bromazepam (see CONTRAINDICATIONS ). Special caution should be exercised when administering Teva-Bromazepam to patients with mild to moderate hepatic impairment. In patients with mild to moderate hepatic impairment, it is recommended to initiate Teva- Bromazepam, if necessary, at a very low dose and to increase the dosage only to the extent that such an increase is compatible with the degree of residual hepatic function. Such patients should be followed closely and have periodic laboratory assessments. Impaired Renal Function In patients with impaired renal function, it is recomme nded to initiate Teva-Bromazepam, if necessary, at a very low dose and to increase the dosage only to the extent that such an increase is compatible with the degree of residual renal functions. Such patients should be followed closely and have periodic laboratory assessments. Monitoring and Laboratory Tests If repeated cycles of Teva-Bromazepam should be administered, periodic blood counts and liver function tests are advisable. ADVERSE REACTIONS Adverse Drug Reaction Overview Most Frequent Adverse Rea ctions: The most frequently reported adverse reactions with bromazepam are related to CNS effects and include drowsiness, ataxia and dizziness. These phenomena occur predominantly when starting bromazepam and usually disappear with repeated administration. Serious and Important Adverse Reactions: There have been reports of falls and fractures in benzodiazepine users. The risk is increased in those taking concomitant sedatives (including alcoholic beverages) and in the elderly. Allergic reactions and a very few cases of anaphylaxis have been reported to occur with benzodiazepines. Release of hostility and other paradoxical reactions such as irritability, excitability, restlessness, agitation, aggressiveness, delusion, anger, nightmares, hallucinations, psychosis, inappropriate behaviour and other adverse behavioural effects are known to occur with the use of benzodiazepines. They are more likely to occur in children and elderly patients than in other patients. If these occur, use of Teva-Bromazepam should be discontinued. Anterograde amnesia may occur using therapeutic doses of benzodiazepines, the risk increasing with higher doses. Effects of anterograde amnesia may be associated with inappropriate behaviour. Chroni
---
patients should not be treated with Teva- Bromazepam (see CONTRAINDICATIONS ). Special caution should be exercised when administering Teva-Bromazepam to patients with mild to moderate hepatic impairment. In patients with mild to moderate hepatic impairment, it is recommended to initiate Teva- Bromazepam, if necessary, at a very low dose and to increase the dosage only to the extent that such an increase is compatible with the degree of residual hepatic function. Such patients should be followed closely and have periodic laboratory assessments. Impaired Renal Function In patients with impaired renal function, it is recomme nded to initiate Teva-Bromazepam, if necessary, at a very low dose and to increase the dosage only to the extent that such an increase is compatible with the degree of residual renal functions. Such patients should be followed closely and have periodic laboratory assessments. Monitoring and Laboratory Tests If repeated cycles of Teva-Bromazepam should be administered, periodic blood counts and liver function tests are advisable. ADVERSE REACTIONS Adverse Drug Reaction Overview Most Frequent Adverse Rea ctions: The most frequently reported adverse reactions with bromazepam are related to CNS effects and include drowsiness, ataxia and dizziness. These phenomena occur predominantly when starting bromazepam and usually disappear with repeated administration. Serious and Important Adverse Reactions: There have been reports of falls and fractures in benzodiazepine users. The risk is increased in those taking concomitant sedatives (including alcoholic beverages) and in the elderly. Allergic reactions and a very few cases of anaphylaxis have been reported to occur with benzodiazepines. Release of hostility and other paradoxical reactions such as irritability, excitability, restlessness, agitation, aggressiveness, delusion, anger, nightmares, hallucinations, psychosis, inappropriate behaviour and other adverse behavioural effects are known to occur with the use of benzodiazepines. They are more likely to occur in children and elderly patients than in other patients. If these occur, use of Teva-Bromazepam should be discontinued. Anterograde amnesia may occur using therapeutic doses of benzodiazepines, the risk increasing with higher doses. Effects of anterograde amnesia may be associated with inappropriate behaviour. Chronic use (even at therapeutic doses) may lea
---
 institute supportive measures as indicated by the patient’s clinical state. In particular, patients may require symptomatic treatment for cardiorespiratory effects or central nervous system effects. Further absorption should be prevented using an appropriate method e.g. treatment within 1- 2 hours with activated charcoal. If activated charcoal is used airway protection is imperative for drowsy patients. In case of mixed ingestion gastric lavage may be considered, however not as a routine measure. Induction of vomiting is not generally recommended. As in overdosage with other benzodiazepines, dialysis is of no known value in bromazepam overdosage. If CNS depression is severe consider the use of flumazenil, a benzodiazepine receptor antagonist. The following should be kept in mind when flumazenil is used in the treatment of benzodiazepine overdosage:  Flumazenil should only be administered under closely monitored conditions. In view of the short half-life (about 1 hour) and duration of action of flumazenil, and the possible need for repeat doses, the patient should be closely monitored until all possible central benzodiazepine effects (e.g., resedation) have subsided.  Particular caution is necessary when using flumazenil in cases of multiple drug overdosage, since the toxic effects (cardiac arrhythmias and/or convulsions) of other psychotropic drugs, especially cyclic antidepressants, may increase as the effects of benzodiazepines subside. Flumazenil is contraindicated in patients who are showing signs of serious cyclic antidepressant overdose. Warning: The benzodiazepine receptor antagonist flumazenil is not indicated in patients with epilepsy who have been treated with benzodiazepines. Antagonism of the benzodiazepine effect in such patients may provoke seizures. Refer to the product monograph for flumazenil for further information on the correct use of this drug. ACTION AND CLINICAL PHARMACOLOGY Pharmacokinetics Absorption: The absolute bioavailability of unchanged, orally administered bromazepam is 60%, and peak blood levels are achieved within 2 hours after administration. Steady state plasma concentrations are reached in around 5 – 9 days. Following multiple oral doses of 3 mg given three times daily, the average maximum concentration of bromazepam at steady-state was 120 ng/mL which is 3- to 4-fold higher than that observed after a single 3-mg dose. Page 15
---
-5-bromo-3- hydroxybenzoyl)-pyridine. Special Populations and Conditions Geriatrics: Elderly patients may have significantly higher peak concentrations, a smaller volume of distribution, increased serum free fraction, lower clearance and hence also a prolonged elimination half-life of bromazepam. This indicates that steady-state concentrations of bromazepam at any given dosing rate will be on average nearly twice as high in an elderly subject as compared to a younger individual (see DOSAGE AND ADMINISTRATION: Recommended Dose and Dosage Adjustment, Elderly and Debilitated Patients ). Impaired Renal Function: No formal pharmacokinetic study has been conducted and no population pharmacokinetic data was collected in patients with renal impairment. Impaired Hepatic Function: No formal pharmacokinetic study has been conducted and no population pharmacokinetic data was collected in patients with hepatic impairment. STORAGE AND STABILITY Store between 15°C and 30°C. SPECIAL HANDLING INSTRUCTIONS Keep this medicine out of the sight and reach of children. DOSAGE FORMS, COMPOSITION AND PACKAGING Teva-Bromazepam (bromazepam) 3 mg is available as pink coloured round flat-faced bevel-edged compressed tablet, engraved novo on one side and 3 with partial bisect on the reverse. Available in bottles of 100 and 500 tablets. 
---
concentrations, a smaller volume of distribution, increased serum free fraction, lower clearance and hence also a prolonged elimination half-life of bromazepam. This indicates that steady-state concentrations of bromazepam at any given dosing rate will be on average nearly twice as high in an elderly subject as compared to a younger individual (see DOSAGE AND ADMINISTRATION: Recommended Dose and Dosage Adjustment, Elderly and Debilitated Patients ). Impaired Renal Function: No formal pharmacokinetic study has been conducted and no population pharmacokinetic data was collected in patients with renal impairment. Impaired Hepatic Function: No formal pharmacokinetic study has been conducted and no population pharmacokinetic data was collected in patients with hepatic impairment. STORAGE AND STABILITY Store between 15°C and 30°C. SPECIAL HANDLING INSTRUCTIONS Keep this medicine out of the sight and reach of children. DOSAGE FORMS, COMPOSITION AND PACKAGING Teva-Bromazepam (bromazepam) 3 mg is available as pink coloured round flat-faced bevel-edged compressed tablet, engraved novo on one side and 3 with partial bisect on the reverse. Available in bottles of 100 and 500 tablets. ",NO_EXACT_EMA_PRODUCT,,,,,CURRENT_SINGLE_OFFICIAL_EXACT,HEALTH_CANADA,RENAL_DOSING_TEXT_EXPLICIT,CURRENT_SINGLE_OFFICIAL_EXACT,HEALTH_CANADA,True
MED-0097,CABOZANTINIB,CURRENT_DAILYMED_IDENTITY_CONFIRMED,,,,,,,,,,,,,,,,,,,,,,,,CURRENT_DAILYMED_IDENTITY_CONFIRMED,DAILYMED,True
MED-0099,CALCITRIOL,CURRENT_OPENFDA_IDENTITY_CONFIRMED,,,,,,,,,,,,,,,,,,,,,,,,CURRENT_OPENFDA_IDENTITY_CONFIRMED,OPENFDA,True
MED-0100,CANDESARTAN,CURRENT_DAILYMED_IDENTITY_CONFIRMED,,,,,,,,,,,,,,,,,,,,,,,,CURRENT_DAILYMED_IDENTITY_CONFIRMED,DAILYMED,True
MED-0101,CAPECITABINA,CURRENT_DAILYMED_IDENTITY_CONFIRMED,,,,,,,,,,,,,,,,,,,,,,,,CURRENT_DAILYMED_IDENTITY_CONFIRMED,DAILYMED,True
MED-0102,CAPTOPRIL,CURRENT_DAILYMED_IDENTITY_CONFIRMED,,,,,,,,,,,,,,,,,,,,,,,,CURRENT_DAILYMED_IDENTITY_CONFIRMED,DAILYMED,True
MED-0114,CEFTIBUTENO,CURRENT_DAILYMED_IDENTITY_CONFIRMED,,,,,,,,,,,,,,,,,,,,,,,,CURRENT_DAILYMED_IDENTITY_CONFIRMED,DAILYMED,True
MED-0116,CELECOXIB,CURRENT_OPENFDA_IDENTITY_CONFIRMED,,,,,,,,,,,,,,,,,,,,,,,,CURRENT_OPENFDA_IDENTITY_CONFIRMED,OPENFDA,True
MED-0124,CILOSTAZOL,CURRENT_DAILYMED_IDENTITY_CONFIRMED,,,,,,,,,,,,,,,,,,,,,,,,CURRENT_DAILYMED_IDENTITY_CONFIRMED,DAILYMED,True
MED-0139,CLOBAZAM,CURRENT_DAILYMED_IDENTITY_CONFIRMED,,,,,,,,,,,,,,,,,,,,,,,,CURRENT_DAILYMED_IDENTITY_CONFIRMED,DAILYMED,True
MED-0142,CLONAZEPAM,UNRESOLVED,False,False,False,EXACT_IDENTITY_CORROBORATED,ANDA077856,100.0,ACCEPT,RENAL_DOSING_TEXT_EXPLICIT,2569,00382841,RIVOTRIL,Marketed,https://pdf.hres.ca/dpd_pm/00065630.PDF,2023-01-31,"4 Drug-Drug Interactions regarding pharmacokinetic and pharmacodynamic interactions with RIVOTRIL. o Avoid the concomitant use of opioids and RIVOTRIL. See 3 SERIOUS WARNINGS AND PRECAUTIONS BOX. o The concomitant use of RIVOTRIL with other anticonvulsants may increase depressant adverse effects. The dosage of each drug may need to be adjusted.  Geriatrics: Elderly patients in particular may be more sensitive to benzodiazepines. See 7.1.4 Geriatrics. o Start with the lowest dose possible and observe closely. o Avoid long-term use of RIVOTRIL. o Enhanced monitoring is recommended.  Hepatic / Renal Impairment: RIVOTRIL is contraindicated in patients with severe hepatic impairment. Patients with mild to moderate hepatic impairment should be given the lowest does possible. Proceed cautiously in cases of renal impairment. See 4.2 Recommended Dose and Dosage Adjustment , Special Populations. Potential loss of efficacy over time: Up to nearly one-third of the patients in some studies have shown a loss of anticonvulsant activity, often within the first three months of administration of RIVOTRIL. In some cases, dosage adjustment may re-establish efficacy. Reduce dose/Discontinue gradually: RIVOTRIL can produce withdrawal signs and symptoms or rebound phenomena following abrupt discontinuation or rapid dose reduction (see 3 SERIOUS WARNINGS AND PRECAUTIONS BOX, Withdrawal; 7 WARNINGS AND PRECAUTIONS, Dependence/Tolerance).  Abrupt discontinuation should be avoided and treatment - even if only of short duration - should be terminated by gradually tapering the dosage schedule under close monitoring.  Tapering should be tailored to the specific patient. Special attention should be given to patients with a history of seizure.  If a patient experiences withdrawal signs and symptoms, consider postponing the taper or raising the benzodiazepine to the previous dosage prior to proceeding with a gradual taper. 4.2 Recommended Dose and Dosage Adjustment Adults: The initial dose for adults should not exceed 1.5 mg/day divided into three doses. Dosage may be increased in increments of 0.5 to 1 mg every three days until seizures are adequately controlled or until side effects preclude any further increase. Maintenance dosage must be individualized for each patient depending upon response. A recommended maintenance dose RIVOTRIL (clonazepam) Product Monograph Page 7 of 37 for adults is 8 to 10
---
 use of RIVOTRIL with other anticonvulsants may increase depressant adverse effects. The dosage of each drug may need to be adjusted.  Geriatrics: Elderly patients in particular may be more sensitive to benzodiazepines. See 7.1.4 Geriatrics. o Start with the lowest dose possible and observe closely. o Avoid long-term use of RIVOTRIL. o Enhanced monitoring is recommended.  Hepatic / Renal Impairment: RIVOTRIL is contraindicated in patients with severe hepatic impairment. Patients with mild to moderate hepatic impairment should be given the lowest does possible. Proceed cautiously in cases of renal impairment. See 4.2 Recommended Dose and Dosage Adjustment , Special Populations. Potential loss of efficacy over time: Up to nearly one-third of the patients in some studies have shown a loss of anticonvulsant activity, often within the first three months of administration of RIVOTRIL. In some cases, dosage adjustment may re-establish efficacy. Reduce dose/Discontinue gradually: RIVOTRIL can produce withdrawal signs and symptoms or rebound phenomena following abrupt discontinuation or rapid dose reduction (see 3 SERIOUS WARNINGS AND PRECAUTIONS BOX, Withdrawal; 7 WARNINGS AND PRECAUTIONS, Dependence/Tolerance).  Abrupt discontinuation should be avoided and treatment - even if only of short duration - should be terminated by gradually tapering the dosage schedule under close monitoring.  Tapering should be tailored to the specific patient. Special attention should be given to patients with a history of seizure.  If a patient experiences withdrawal signs and symptoms, consider postponing the taper or raising the benzodiazepine to the previous dosage prior to proceeding with a gradual taper. 4.2 Recommended Dose and Dosage Adjustment Adults: The initial dose for adults should not exceed 1.5 mg/day divided into three doses. Dosage may be increased in increments of 0.5 to 1 mg every three days until seizures are adequately controlled or until side effects preclude any further increase. Maintenance dosage must be individualized for each patient depending upon response. A recommended maintenance dose RIVOTRIL (clonazepam) Product Monograph Page 7 of 37 for adults is 8 to 10 mg/day in three divided doses. Dosages in excess of 20 mg/day should be administered with caution. Whenever possible, the daily dose should be divided into three equal doses. If doses are not equally divided, the
---
kg of body weight) should be between 0.01 and 0.03 mg/kg/day and should not exceed 0.05 mg/kg/day given in two or three divided doses. Dosage should be increased by no more than 0.25 to 0.50 mg every third day until a maintenance dose of 0.1 to 0.2 mg/kg of body weight has been reached, unless seizures are controlled or side effects preclude further increase. See 10.3 Pharmacokinetics, Special Populations, Pediatrics. Geriatrics (>65 years of age): In general elderly patients should be started on lowest possible dose of RIVOTRIL and observed closely. See 7.1.4 Geriatrics. Special Populations: Renal Impairment: The safety and efficacy of clonazepam in patients with renal impairment has not been studied. Clonazepam metabolites are excreted by the kidneys; to avoid excessive accumulation, caution should be exercised in the administration of the drug to patients with impaired renal function. See 10.3 Pharmacokinetics, Special Populations and Conditions. Hepatic Impairment: Patients with severe hepatic impairment should not be treated with clonazepam (see 2 CONTRAINDICATIONS). Patients with mild to moderate hepatic impairment should be given the lowest dose possible. See 7 WARNINGS AND PRECAUTIONS, Hepatic/Biliary/Pancreatic. 4.3 Administration For oral use. The tablets should be administered with water and swallowed without chewing. 4.4 Missed Dose A missed dose should be taken as soon as possible, when noticed. But, if it is almost time for the next dose, the missed dose should be skipped, and the regular dosing schedule should be followed. 5 OVERDOSAGE Symptoms: Benzodiazepines commonly cause drowsiness, ataxia, dysarthria and nystagmus. Overdose of RIVOTRIL (clonazepam) is seldom life -threatening if the drug is taken alone, but may lead to areflexia, apnea, hypotension, cardiorespiratory depression and coma. Coma, if it occurs, usually lasts a few hours but it may be more protracted and cyclical, particularly in elderly patients. Increased frequency of seizures may occur in patients at supratherapeutic RIVOTRIL (clonazepam) Product Monograph Page 8 of 37 plasma concentrations (see 10 CLINICAL PHARMACOLOGY, Absorption) . Benzodiazepine respiratory depressant effects are more serious in patients with respiratory disease. Benzodiazepines increase the effects of other central nervous system depressants, including alcohol. Treatment: In managing overdosage, consider the possibil
---
ot exceed 0.05 mg/kg/day given in two or three divided doses. Dosage should be increased by no more than 0.25 to 0.50 mg every third day until a maintenance dose of 0.1 to 0.2 mg/kg of body weight has been reached, unless seizures are controlled or side effects preclude further increase. See 10.3 Pharmacokinetics, Special Populations, Pediatrics. Geriatrics (>65 years of age): In general elderly patients should be started on lowest possible dose of RIVOTRIL and observed closely. See 7.1.4 Geriatrics. Special Populations: Renal Impairment: The safety and efficacy of clonazepam in patients with renal impairment has not been studied. Clonazepam metabolites are excreted by the kidneys; to avoid excessive accumulation, caution should be exercised in the administration of the drug to patients with impaired renal function. See 10.3 Pharmacokinetics, Special Populations and Conditions. Hepatic Impairment: Patients with severe hepatic impairment should not be treated with clonazepam (see 2 CONTRAINDICATIONS). Patients with mild to moderate hepatic impairment should be given the lowest dose possible. See 7 WARNINGS AND PRECAUTIONS, Hepatic/Biliary/Pancreatic. 4.3 Administration For oral use. The tablets should be administered with water and swallowed without chewing. 4.4 Missed Dose A missed dose should be taken as soon as possible, when noticed. But, if it is almost time for the next dose, the missed dose should be skipped, and the regular dosing schedule should be followed. 5 OVERDOSAGE Symptoms: Benzodiazepines commonly cause drowsiness, ataxia, dysarthria and nystagmus. Overdose of RIVOTRIL (clonazepam) is seldom life -threatening if the drug is taken alone, but may lead to areflexia, apnea, hypotension, cardiorespiratory depression and coma. Coma, if it occurs, usually lasts a few hours but it may be more protracted and cyclical, particularly in elderly patients. Increased frequency of seizures may occur in patients at supratherapeutic RIVOTRIL (clonazepam) Product Monograph Page 8 of 37 plasma concentrations (see 10 CLINICAL PHARMACOLOGY, Absorption) . Benzodiazepine respiratory depressant effects are more serious in patients with respiratory disease. Benzodiazepines increase the effects of other central nervous system depressants, including alcohol. Treatment: In managing overdosage, consider the possibility of multiple drug involvement. Monitor the patient’s vital signs and i
---
d, unless seizures are controlled or side effects preclude further increase. See 10.3 Pharmacokinetics, Special Populations, Pediatrics. Geriatrics (>65 years of age): In general elderly patients should be started on lowest possible dose of RIVOTRIL and observed closely. See 7.1.4 Geriatrics. Special Populations: Renal Impairment: The safety and efficacy of clonazepam in patients with renal impairment has not been studied. Clonazepam metabolites are excreted by the kidneys; to avoid excessive accumulation, caution should be exercised in the administration of the drug to patients with impaired renal function. See 10.3 Pharmacokinetics, Special Populations and Conditions. Hepatic Impairment: Patients with severe hepatic impairment should not be treated with clonazepam (see 2 CONTRAINDICATIONS). Patients with mild to moderate hepatic impairment should be given the lowest dose possible. See 7 WARNINGS AND PRECAUTIONS, Hepatic/Biliary/Pancreatic. 4.3 Administration For oral use. The tablets should be administered with water and swallowed without chewing. 4.4 Missed Dose A missed dose should be taken as soon as possible, when noticed. But, if it is almost time for the next dose, the missed dose should be skipped, and the regular dosing schedule should be followed. 5 OVERDOSAGE Symptoms: Benzodiazepines commonly cause drowsiness, ataxia, dysarthria and nystagmus. Overdose of RIVOTRIL (clonazepam) is seldom life -threatening if the drug is taken alone, but may lead to areflexia, apnea, hypotension, cardiorespiratory depression and coma. Coma, if it occurs, usually lasts a few hours but it may be more protracted and cyclical, particularly in elderly patients. Increased frequency of seizures may occur in patients at supratherapeutic RIVOTRIL (clonazepam) Product Monograph Page 8 of 37 plasma concentrations (see 10 CLINICAL PHARMACOLOGY, Absorption) . Benzodiazepine respiratory depressant effects are more serious in patients with respiratory disease. Benzodiazepines increase the effects of other central nervous system depressants, including alcohol. Treatment: In managing overdosage, consider the possibility of multiple drug involvement. Monitor the patient’s vital signs and institute supportive measures as indicated by the patient’s clinical state. In particular, patients may require s",NO_EXACT_EMA_PRODUCT,,,,,CURRENT_SINGLE_OFFICIAL_EXACT,HEALTH_CANADA,RENAL_DOSING_TEXT_EXPLICIT,CURRENT_SINGLE_OFFICIAL_EXACT,HEALTH_CANADA,True
MED-0145,CLOPIDOGREL,CURRENT_DAILYMED_IDENTITY_CONFIRMED,,,,,,,,,,,,,,,,,,,,,,,,CURRENT_DAILYMED_IDENTITY_CONFIRMED,DAILYMED,True
MED-0150,CLORHIDRATO DE ALFUZOSINA,CURRENT_DAILYMED_IDENTITY_CONFIRMED,,,,,,,,,,,,,,,,,,,,,,,,CURRENT_DAILYMED_IDENTITY_CONFIRMED,DAILYMED,True
MED-0163,CRIZOTINIB,CURRENT_DAILYMED_IDENTITY_CONFIRMED,,,,,,,,,,,,,,,,,,,,,,,,CURRENT_DAILYMED_IDENTITY_CONFIRMED,DAILYMED,True
MED-0165,DACOMITINIB,CURRENT_DAILYMED_IDENTITY_CONFIRMED,,,,,,,,,,,,,,,,,,,,,,,,CURRENT_DAILYMED_IDENTITY_CONFIRMED,DAILYMED,True
MED-0171,DARIFENACINA,CURRENT_DAILYMED_IDENTITY_CONFIRMED,,,,,,,,,,,,,,,,,,,,,,,,CURRENT_DAILYMED_IDENTITY_CONFIRMED,DAILYMED,True
MED-0172,DAROLUTAMIDA,CURRENT_DAILYMED_IDENTITY_CONFIRMED,,,,,,,,,,,,,,,,,,,,,,,,CURRENT_DAILYMED_IDENTITY_CONFIRMED,DAILYMED,True
MED-0173,DARUNAVIR,CURRENT_OPENFDA_IDENTITY_CONFIRMED,,,,,,,,,,,,,,,,,,,,,,,,CURRENT_OPENFDA_IDENTITY_CONFIRMED,OPENFDA,True
MED-0174,DASATINIB,CURRENT_OPENFDA_IDENTITY_CONFIRMED,,,,,,,,,,,,,,,,,,,,,,,,CURRENT_OPENFDA_IDENTITY_CONFIRMED,OPENFDA,True
MED-0177,DEFLAZACORT,CURRENT_DAILYMED_IDENTITY_CONFIRMED,,,,,,,,,,,,,,,,,,,,,,,,CURRENT_DAILYMED_IDENTITY_CONFIRMED,DAILYMED,True
MED-0179,DESLORATADINA,CURRENT_DAILYMED_IDENTITY_CONFIRMED,,,,,,,,,,,,,,,,,,,,,,,,CURRENT_DAILYMED_IDENTITY_CONFIRMED,DAILYMED,True
MED-0181,DESVENLAFAXINA,CURRENT_DAILYMED_IDENTITY_CONFIRMED,,,,,,,,,,,,,,,,,,,,,,,,CURRENT_DAILYMED_IDENTITY_CONFIRMED,DAILYMED,True
MED-0185,DEXLANSOPRAZOL,UNRESOLVED,False,False,False,NO_EXACT_IDENTITY_MATCH,,,ACCEPT,NO_ADJUSTMENT_EXPLICIT,101822,02529025,APO-DEXLANSOPRAZOLE,Marketed,https://pdf.hres.ca/dpd_pm/00074360.PDF,2024-02-26,"re erosive esophagitis, a maintenance dose of 60 mg may be used. b Controlled studies did not extend beyond 6 months in adults, and beyond 4 months in adolescents 12 to 17 years of age. • No dosage adjustment for APO-DEXLANSOPRAZOLE is necessary for patients with mild hepatic impairment (Child- Pugh Class A). APO-DEXLANSOPRAZOLE 30 mg should be considered for patients with moderate hepatic impairment (Child-Pugh Class B). No studies have been conducted in patients with severe hepatic impairment (Child-Pugh Class C). • No dosage adjustment is necessary for elderly patients or for patients with renal impairment. • Health Canada has not authorized an indication for pediatric use in patients less than 12 years of age. See 7.1.3 Pediatrics. 4.4 Administration APO-DEXLANSOPRAZOLE can be taken without regard to food or the timing of food. APO-DEXLANSOPRAZOLE should be swallowed whole with plenty of water. • Alternatively, APO-DEXLANSOPRAZOLE capsules can be opened and administered as follows: • Administration with Applesauce 1. Place one tablespoon of applesauce into a clean container APO-DEXLANSOPRAZOLE (Dexlansoprazole Delayed -Release Capsules) Page 6 of 48 2. Open capsule 3. Sprinkle intact granules on applesauce; 4. Swallow applesauce and granules immediately. Do not chew granules. Do not save the applesauce and granules for later use. • Administration with Water in an Oral Syringe 1. Open the capsule and empty the granules into a clean container with 20 mL of water. 2. Withdraw the entire mixture into a syringe. 3. Gently swirl the syringe in order to keep granules from settling. 4. Administer the mixture immediately into the mouth. Do not save the water and granule mixture for later use. 5. Refill the syringe with 10 mL of water, swirl gently, and administer. 6. Repeat step 5. • Administration with Water via a Nasogastric Tube (≥16 French) 1. Open the capsule and empty the granules into a clean container with 20 mL of water. 2. Withdraw the entire mixture into a catheter-tip syringe. 3. Swirl the syringe gently in order to keep the granules from settling, and immediately inject the mixture through the nasogastric tube into the stomach. Do not save the water and granule mixture for later use. 4. Refill the syringe with 10 mL of water, swirl gently, and flush the tube. 5. Repeat step 4. 4.5 Missed Dose If a capsule is missed at its usual time, it should be taken as soon as po
---
 into the stomach. Do not save the water and granule mixture for later use. 4. Refill the syringe with 10 mL of water, swirl gently, and flush the tube. 5. Repeat step 4. 4.5 Missed Dose If a capsule is missed at its usual time, it should be taken as soon as possible. But if it is too close to the time of the next dose, only the prescribed dose should be taken at the appointed time. A double dose should not be taken. 5 OVERDOSAGE There have been no reports of significant overdose of dexlansoprazole delayed-release capsules. Dexlansoprazole is not expected to be removed from the circulation by hemodialysis. For management of a suspected drug overdose, contact your regional poison control centre. APO-DEXLANSOPRAZOLE (Dexlansoprazole Delayed -Release Capsules) Page 11 of 48 See 4 DOSAGE AND ADMINISTRATION and 8 ADVERSE REACTIONS. Renal No dosage adjustment is necessary for patients with renal impairment. See 10.3 Pharmacokinetics, Special Populations and Conditions. Skin See 7 WARNINGS AND PRECAUTIONS - Immune 7.1 Special Populations 7.1.1 Pregnant Women There are no adequate or well-controlled studies in pregnant women with dexlansoprazole delayed-release capsules. Exposure in clinical trials was very limited. APO-DEXLANSOPRAZOLE should not be administered to pregnant women unless the expected benefits outweigh the potential risks. See 16 NON-CLINICAL TOXICOLOGY, Reproductive and Developmental Toxicology. 7.1.2 Breast-feeding It is not known whether dexlansoprazole is excreted in human milk. However, lansoprazole (the racemate) and its metabolites are excreted in the milk of rats. As many drugs are excreted in human milk, APO-DEXLANSOPRAZOLE should not be given to nursing mothers unless its use is considered essential. In this case, nursing should be avoided. 7.1.3 Pediatrics Pediatrics (<12 years of age): Based on the data submitted and reviewed by Health Canada, the safety and efficacy of dexlansoprazole delayed-release capsules in pediatric patients has not been established; therefore, Health Canada has not authorized an indication for pediatric use in children under 12 years of age. APO-DEXLANSOPRAZOLE should not be used in pediatric patients less than one year of age because lansoprazole (the racemic mixture) was not effective for the treatment of symptomatic GERD in a multicenter, double- blind controlled trial. In addition, toxicology studies with lansoprazole have
---
e time of the next dose, only the prescribed dose should be taken at the appointed time. A double dose should not be taken. 5 OVERDOSAGE There have been no reports of significant overdose of dexlansoprazole delayed-release capsules. Dexlansoprazole is not expected to be removed from the circulation by hemodialysis. For management of a suspected drug overdose, contact your regional poison control centre. APO-DEXLANSOPRAZOLE (Dexlansoprazole Delayed -Release Capsules) Page 11 of 48 See 4 DOSAGE AND ADMINISTRATION and 8 ADVERSE REACTIONS. Renal No dosage adjustment is necessary for patients with renal impairment. See 10.3 Pharmacokinetics, Special Populations and Conditions. Skin See 7 WARNINGS AND PRECAUTIONS - Immune 7.1 Special Populations 7.1.1 Pregnant Women There are no adequate or well-controlled studies in pregnant women with dexlansoprazole delayed-release capsules. Exposure in clinical trials was very limited. APO-DEXLANSOPRAZOLE should not be administered to pregnant women unless the expected benefits outweigh the potential risks. See 16 NON-CLINICAL TOXICOLOGY, Reproductive and Developmental Toxicology. 7.1.2 Breast-feeding It is not known whether dexlansoprazole is excreted in human milk. However, lansoprazole (the racemate) and its metabolites are excreted in the milk of rats. As many drugs are excreted in human milk, APO-DEXLANSOPRAZOLE should not be given to nursing mothers unless its use is considered essential. In this case, nursing should be avoided. 7.1.3 Pediatrics Pediatrics (<12 years of age): Based on the data submitted and reviewed by Health Canada, the safety and efficacy of dexlansoprazole delayed-release capsules in pediatric patients has not been established; therefore, Health Canada has not authorized an indication for pediatric use in children under 12 years of age. APO-DEXLANSOPRAZOLE should not be used in pediatric patients less than one year of age because lansoprazole (the racemic mixture) was not effective for the treatment of symptomatic GERD in a multicenter, double- blind controlled trial. In addition, toxicology studies with lansoprazole have shown heart valve thickening and bone changes in juvenile rats. See 16 NON-CLINICAL TOXICOLOGY, Juvenile Animal Toxicity Data. Pediatrics (12 to 17 years of age): APO-DEXLANSOPRAZOLE is indicated for adolescents 12 to 17 years of age, and is supported by evidence from adequate and well-controlled st
---
for patients with mild hepatic impairment (Child-Pugh Class A). APO- DEXLANSOPRAZOLE 30 mg should be considered for patients with moderate hepatic impairment (Child- Pugh Class B). No studies have been conducted in patients with severe hepatic impairment (Child-Pugh Class C). See 7 WARNINGS AND PRECAUTIONS. • Renal Insufficiency: Dexlansoprazole is extensively metabolized in the liver to inactive metabolites, and no parent drug is recovered in the urine following an oral dose of dexlansoprazole. Therefore, the pharmacokinetics of dexlansoprazole are not expected to be altered in patients with renal impairment, and no studies were conducted in subjects with renal impairment. See 7 WARNINGS AND PRECAUTIONS. 11 STORAGE, STABILITY AND DISPOSAL Store at room temperature (15°C to 30°C). Keep out of reach and sight of children. 12 SPECIAL HANDLING INSTRUCTIONS No special handling instructions are required for this product. 
---
PO- DEXLANSOPRAZOLE 30 mg should be considered for patients with moderate hepatic impairment (Child- Pugh Class B). No studies have been conducted in patients with severe hepatic impairment (Child-Pugh Class C). See 7 WARNINGS AND PRECAUTIONS. • Renal Insufficiency: Dexlansoprazole is extensively metabolized in the liver to inactive metabolites, and no parent drug is recovered in the urine following an oral dose of dexlansoprazole. Therefore, the pharmacokinetics of dexlansoprazole are not expected to be altered in patients with renal impairment, and no studies were conducted in subjects with renal impairment. See 7 WARNINGS AND PRECAUTIONS. 11 STORAGE, STABILITY AND DISPOSAL Store at room temperature (15°C to 30°C). Keep out of reach and sight of children. 12 SPECIAL HANDLING INSTRUCTIONS No special handling instructions are required for this product. ",NO_EXACT_EMA_PRODUCT,,,,,CURRENT_SINGLE_OFFICIAL_EXACT,HEALTH_CANADA,NO_ADJUSTMENT_EXPLICIT,CURRENT_SINGLE_OFFICIAL_EXACT,HEALTH_CANADA,True
MED-0188,DIAZEPAM,UNRESOLVED,False,False,False,EXACT_IDENTITY_CORROBORATED,ANDA071584,100.0,ACCEPT,RENAL_DOSING_TEXT_EXPLICIT,3291,00405337,DIAZEPAM,Marketed,https://pdf.hres.ca/dpd_pm/00064440.PDF,2020-05-07,"on, irritability, aggressiveness, anxiety, delusion, anger, nightmares, hallucinations, psychoses, inappropriate behaviour and other adverse behavioural effects are known to occur when using benzodiazepines, and are more likely to occur in children and the elderly. Should this occur, the use of DIAZEPAM should be discontinued. Since excitement and other paradoxical reactions can result from the use of anxiolytic sedatives in psychotic patients, diazepam should not be used in ambulatory patients suspected of having psychotic tendencies. Renal If treatment is necessary in patients with impaired renal function, it is recommended to initiate - DIAZEPAM at a very low dose and to increase the dosage only to the extent that such an increase is compatible with the degree of residual renal function. If DIAZEPAM is administered for protracted periods, such patients should be monitored closely. Respiratory Respiratory depression may occur following administration of DIAZEPAM. This effect may be aggravated by pre-existing airway obstruction or brain damage or if other medications which depress respiration have been given. As a rule, this can be avoided by careful adjustment of the dose to individual requirements. DIAZEPAM should be used with caution in patients with chronic respiratory diseases and a lower dose is recommended due to the risk of respiratory depression. Special Populations Page 9 of 28 Pregnant Women: The safety of diazepam for use in pregnancy has not been established. An increased risk of congenital malformation (e.g., congenital malformations of the heart, cleft lip and/or palate) associated with the use of benzodiazepines during the first trimester of pregnancy has been suggested. DIAZEPAM should not be used during pregnancy except if absolutely necessary. Continuous administration of benzodiazepines during pregnancy may give rise to hypotension, reduced respiratory function and hypothermia in the newborn child. Infants born to mothers who took benzodiazepines chronically during the later stages of pregnancy may have developed physical dependence. Withdrawal symptoms in newborn infants have occasionally been reported with this class of drug. Special care must be taken when DIAZEPAM is used during labour and delivery, as high single doses may produce irregularities in the fetal heart rate and hypotonia, poor sucking, hypothermia and moderate respiratory depression i
---
sing benzodiazepines, and are more likely to occur in children and the elderly. Should this occur, the use of DIAZEPAM should be discontinued. Since excitement and other paradoxical reactions can result from the use of anxiolytic sedatives in psychotic patients, diazepam should not be used in ambulatory patients suspected of having psychotic tendencies. Renal If treatment is necessary in patients with impaired renal function, it is recommended to initiate - DIAZEPAM at a very low dose and to increase the dosage only to the extent that such an increase is compatible with the degree of residual renal function. If DIAZEPAM is administered for protracted periods, such patients should be monitored closely. Respiratory Respiratory depression may occur following administration of DIAZEPAM. This effect may be aggravated by pre-existing airway obstruction or brain damage or if other medications which depress respiration have been given. As a rule, this can be avoided by careful adjustment of the dose to individual requirements. DIAZEPAM should be used with caution in patients with chronic respiratory diseases and a lower dose is recommended due to the risk of respiratory depression. Special Populations Page 9 of 28 Pregnant Women: The safety of diazepam for use in pregnancy has not been established. An increased risk of congenital malformation (e.g., congenital malformations of the heart, cleft lip and/or palate) associated with the use of benzodiazepines during the first trimester of pregnancy has been suggested. DIAZEPAM should not be used during pregnancy except if absolutely necessary. Continuous administration of benzodiazepines during pregnancy may give rise to hypotension, reduced respiratory function and hypothermia in the newborn child. Infants born to mothers who took benzodiazepines chronically during the later stages of pregnancy may have developed physical dependence. Withdrawal symptoms in newborn infants have occasionally been reported with this class of drug. Special care must be taken when DIAZEPAM is used during labour and delivery, as high single doses may produce irregularities in the fetal heart rate and hypotonia, poor sucking, hypothermia and moderate respiratory depression in the neonate. With newborn infants it must be remembered that the enzyme system involved in the breakdown of the drug is not yet fully developed (especially in premature infants). If DI
---
voided in geriatric or debilitated patients who may be more sensitive to benzodiazepines. There is an increased risk of cognitive impairment, delirium, falls, fractures, hospitalizations and motor vehicle accidents in these users. Enhanced monitoring is recommended in this population. There is an increased risk for falls and fractures among elderly and debilitated benzodiazepine users. The risk is increased in those taking concomitant sedatives (including alcoholic beverages). Monitoring and Laboratory Tests If DIAZEPAM is administered for protracted periods, patients with impaired hepatic or renal function should be monitored closely. Because of isolated reports of neutropenia and jaundice, periodic blood counts and liver function tests are recommended during long term therapy. ADVERSE REACTIONS Adverse Drug Reaction Overview The most common adverse reactions reported for diazepam are fatigue, drowsiness, muscle weakness and ataxia; they are usually dose -related. These adverse events occur predominantly at the start of therapy and usually disappear with prolonged administration. Serious and Important Adverse Reactions The more serious adverse reactions occasionally reported are leucopenia, jaundice and hypersensitivity. Page 16 of 28 such as diazepam are being used, it is important to warn against changing to a short-acting benzodiazepine as withdrawal symptoms may develop.  Geriatric patients in particular may be more sensitive to benzodiazepines (see WARNINGS AND PRECAUTIONS, Falls and fractures).  Lower doses are recommended for elderly and debilitated patients, and patients with debilitating diseases. In the first few days of administration a cumulative effect of drug may occur, and therefore, the dosage should be increased only after stabilization is apparent.  Long-term use of DIAZEPAM should be avoided in geriatric patients. Enhanced monitoring is recommended. Recommended Dose and Dosage Adjustment Children: Because of varied responses, initiate therapy with lowest dose and increase as required. Not for use in children under six months. See CONTRAINDICATIONS. The initial dose should be between 1 mg and 2.5 mg, three or four times daily initially; increase gradually as needed and tolerated. Adults: Symptomatic relief of anxiety and tension in psychoneurosis and anxiety reactions: Depending upon severity of symptoms, the initial dose should be between 2 mg and 1
---
t: DIAZEPAM is contraindicated in patients with severe hepatic impairment (see CONTRAINDICATIONS; WARNINGS and PRECAUTIONS - Hepatic). Special caution should be exercised when administering DIAZEPAM to patients with mild to moderate hepatic impairment. If treatment is necessary, it is recommended to initiate DIAZEPAM at a very low dose and to increase the dosage only to the extent that such an increase is compatible with the degree of residual hepatic function. If DIAZEPAM is administered for protracted periods, such patients should be monitored closely and have periodic liver function tests. Renal impairment: If treatment is necessary in patients with impaired renal function, it is recommended to initiate DIAZEPAM at a very low dose and to increase the dosage only to the extent that such an increase i s compatible with the degree of residual renal function. If DIAZEPAM is administered for protracted periods, such patients should be monitored closely. OVERDOSAGE For management of a suspected drug overdose, contact your regional Poison Control Centre. Symptoms Page 19 of 28 Disposition of both diazepam and desmethyl-diazepam is altered in liver disease. In acute viral hepatitis, the half-life of diazepam is increased by about 2-fold but returns slowly to normal on recovery. A more marked (2- to 5-fold) increase in the elimination half-life is seen in patients with alcoholic cirrhosis. These changes are primarily due to impaired hepatic metabolism; altered distribution due to changes in protein binding may be contributory. The reduced clearance of diazepam and desmethyl-diazepam leads to their increased accumulation during long-term dosing. This in turn is associated with increased sedation. Renal impairment In chronic renal failure, elimination of diazepam, as indicated by clearance of unbound drug, was similar to that in healthy volunteers. Due to changes in plasma protein binding and tissue distribution of diazepam its elimination half-life was shortened in renal disease from (mean ±S.E.) 92 ±23 h in control to 37 ±7 h in renal failure subjects. Pregnancy Diazepam and desmethyl-diazepam readily cross the placental barrier. The fetus can also carry out N- demethylation of diazepam. Long-term treatment leads to accumulation of both compounds in the fetus with high levels in the fetal heart, lungs and brain. Plasma protein binding of diazepam is decreased during pregnancy, pa
---
ent (see CONTRAINDICATIONS; WARNINGS and PRECAUTIONS - Hepatic). Special caution should be exercised when administering DIAZEPAM to patients with mild to moderate hepatic impairment. If treatment is necessary, it is recommended to initiate DIAZEPAM at a very low dose and to increase the dosage only to the extent that such an increase is compatible with the degree of residual hepatic function. If DIAZEPAM is administered for protracted periods, such patients should be monitored closely and have periodic liver function tests. Renal impairment: If treatment is necessary in patients with impaired renal function, it is recommended to initiate DIAZEPAM at a very low dose and to increase the dosage only to the extent that such an increase i s compatible with the degree of residual renal function. If DIAZEPAM is administered for protracted periods, such patients should be monitored closely. OVERDOSAGE For management of a suspected drug overdose, contact your regional Poison Control Centre. Symptoms Page 19 of 28 Disposition of both diazepam and desmethyl-diazepam is altered in liver disease. In acute viral hepatitis, the half-life of diazepam is increased by about 2-fold but returns slowly to normal on recovery. A more marked (2- to 5-fold) increase in the elimination half-life is seen in patients with alcoholic cirrhosis. These changes are primarily due to impaired hepatic metabolism; altered distribution due to changes in protein binding may be contributory. The reduced clearance of diazepam and desmethyl-diazepam leads to their increased accumulation during long-term dosing. This in turn is associated with increased sedation. Renal impairment In chronic renal failure, elimination of diazepam, as indicated by clearance of unbound drug, was similar to that in healthy volunteers. Due to changes in plasma protein binding and tissue distribution of diazepam its elimination half-life was shortened in renal disease from (mean ±S.E.) 92 ±23 h in control to 37 ±7 h in renal failure subjects. Pregnancy Diazepam and desmethyl-diazepam readily cross the placental barrier. The fetus can also carry out N- demethylation of diazepam. Long-term treatment leads to accumulation of both compounds in the fetus with high levels in the fetal heart, lungs and brain. Plasma protein binding of diazepam is decrea",NO_EXACT_EMA_PRODUCT,,,,,CURRENT_SINGLE_OFFICIAL_EXACT,HEALTH_CANADA,RENAL_DOSING_TEXT_EXPLICIT,CURRENT_SINGLE_OFFICIAL_EXACT,HEALTH_CANADA,True
MED-0196,DILTIAZEM,CURRENT_DAILYMED_IDENTITY_CONFIRMED,,,,,,,,,,,,,,,,,,,,,,,,CURRENT_DAILYMED_IDENTITY_CONFIRMED,DAILYMED,True
MED-0215,DRONEDARONA,CURRENT_DAILYMED_IDENTITY_CONFIRMED,,,,,,,,,,,,,,,,,,,,,,,,CURRENT_DAILYMED_IDENTITY_CONFIRMED,DAILYMED,True
MED-0216,DROSPIRENONA,CURRENT_DAILYMED_IDENTITY_CONFIRMED,,,,,,,,,,,,,,,,,,,,,,,,CURRENT_DAILYMED_IDENTITY_CONFIRMED,DAILYMED,True
MED-0219,DUTASTERIDA,CURRENT_DAILYMED_IDENTITY_CONFIRMED,,,,,,,,,,,,,,,,,,,,,,,,CURRENT_DAILYMED_IDENTITY_CONFIRMED,DAILYMED,True
MED-0220,EFAVIRENZ,UNRESOLVED,False,False,False,EXACT_IDENTITY_CORROBORATED,ANDA202042,100.0,ACCEPT,RENAL_DOSING_TEXT_EXPLICIT,87524,02389762,TEVA-EFAVIRENZ,Marketed,https://pdf.hres.ca/dpd_pm/00074364.PDF,2013-07-30," and its use is not recommended in patients with moderate or severe hepatic impairment (Child-Pugh Class B or C) because of insufficient data. Because of the extensive cytochrome P450-mediated metabolism of efavirenz and limited clinical experience in patients with mild hepatic impairment, caution should be exercised in administering TEVA- EFAVIRENZ to these patients (see Monitoring and Laboratory Tests; Liver Enzymes, ADVERSE REACTIONS; Abnormal Hematologic and Clinical Chemistry Findings, DOSAGE AND ADMINISTRATION and ACTION AND CLINICAL PHARMACOLOGY; Pharmacokinetics; Special Populations). Renal Impairment: The pharmacokinetics of efavirenz have not been studied in patients with renal insufficiency. However, less than 1% of efavirenz is excreted unchanged in the urine; consequently, the impact of renal impairment on efavirenz elimination should be minimal. There is no experience in patients with severe renal failure and close safety monitoring is recommended in this population (see DOSAGE AND ADMINISTRATION). Monitoring and Laboratory Tests Lipids: Monitoring of cholesterol and triglycerides should be considered in patients treated with TEVA- EFAVIRENZ (see ADVERSE REACTIONS; Abnormal Hematologic and Clinical Chemistry Findings). Liver Enzymes: In patients with underlying liver disease including Hepatitis B or C infection and in patients treated with other medications associated with liver toxicity, monitoring of liver enzymes is recommended. Postmarketing reports of hepatic failure have occurred including some cases in patients with no pre-existing hepatic disease or other identifiable risk factors (see Post-Market Adverse Drug Reactions). Liver enzyme monitoring should also be considered for patients without pre-existing hepatic dysfunction or other risk factors. In patients with persistent elevations of serum transaminases to greater than five times the upper limit of the normal range, the benefit of continued therapy with TEVA-EFAVIRENZ needs to be weighed against the potential risks of significant liver toxicity (see ADVERSE REACTIONS; Abnormal Hematologic and Clinical Chemistry Findings). Page 23 of 54 Adjustment and ACTION AND CLINICAL PHARMACOLOGY: Pharmacokinetics, Effect of Food on Oral Absorption). Drug-Herb Interactions St. John’s Wort: Concomitant use of St. John’s wort (Hypericum perforatum) or St. John’s wort-containing products with efavirenz is contraind
---
irenz and limited clinical experience in patients with mild hepatic impairment, caution should be exercised in administering TEVA- EFAVIRENZ to these patients (see Monitoring and Laboratory Tests; Liver Enzymes, ADVERSE REACTIONS; Abnormal Hematologic and Clinical Chemistry Findings, DOSAGE AND ADMINISTRATION and ACTION AND CLINICAL PHARMACOLOGY; Pharmacokinetics; Special Populations). Renal Impairment: The pharmacokinetics of efavirenz have not been studied in patients with renal insufficiency. However, less than 1% of efavirenz is excreted unchanged in the urine; consequently, the impact of renal impairment on efavirenz elimination should be minimal. There is no experience in patients with severe renal failure and close safety monitoring is recommended in this population (see DOSAGE AND ADMINISTRATION). Monitoring and Laboratory Tests Lipids: Monitoring of cholesterol and triglycerides should be considered in patients treated with TEVA- EFAVIRENZ (see ADVERSE REACTIONS; Abnormal Hematologic and Clinical Chemistry Findings). Liver Enzymes: In patients with underlying liver disease including Hepatitis B or C infection and in patients treated with other medications associated with liver toxicity, monitoring of liver enzymes is recommended. Postmarketing reports of hepatic failure have occurred including some cases in patients with no pre-existing hepatic disease or other identifiable risk factors (see Post-Market Adverse Drug Reactions). Liver enzyme monitoring should also be considered for patients without pre-existing hepatic dysfunction or other risk factors. In patients with persistent elevations of serum transaminases to greater than five times the upper limit of the normal range, the benefit of continued therapy with TEVA-EFAVIRENZ needs to be weighed against the potential risks of significant liver toxicity (see ADVERSE REACTIONS; Abnormal Hematologic and Clinical Chemistry Findings). Page 23 of 54 Adjustment and ACTION AND CLINICAL PHARMACOLOGY: Pharmacokinetics, Effect of Food on Oral Absorption). Drug-Herb Interactions St. John’s Wort: Concomitant use of St. John’s wort (Hypericum perforatum) or St. John’s wort-containing products with efavirenz is contraindicated. Coadministration of non-nucleoside reverse transcriptase inhibitors (NNRTIs), including TEVA-EFAVIRENZ, with St. John’s wort is expected to substantially decrease NNRTI concentrations. Decreased concentr
---
tolerability of nervous system symptoms (see WARNINGS AND PRECAUTIONS; Neurologic and ADVERSE REACTIONS). Pediatric Patients and Adolescents It is recommended that TEVA-EFAVIRENZ be taken on an emptystomach, preferably at bedtime. The recommended dosage of TEVA-EFAVIRENZ for pediatric patients weighing greater than 40 kg is 600 mg, once daily. TEVA-EFAVIRENZ tablets are not suitable for children weighing less than 40 kg because no appropriate dose adjustment can be made. Information is based on one study, ACTG 382. Patients were administered efavirenz in combination with nelfinavir and NRTIs. Renal Impairment See WARNINGS AND PRECAUTIONS; Special Populations, Renal Impairment. Page 24 of 54 Hepatic Impairment TEVA-EFAVIRENZ use is not recommended in patients with moderate or severe hepatic impairment (Child-Pugh Class B or C) because of insufficient data to determine appropriate dosing. Caution should be exercised in administering TEVA-EFAVIRENZ to patients with mild hepatic impairment because of the extensive cytochrome P450-mediated metabolism of efavirenz and limited clinical experience. See WARNINGS AND PRECAUTIONS; Special Populations, Hepatic Impairment, Monitoring and Laboratory Tests, Liver enzymes and ACTION AND CLINICAL PHARMACOLOGY; Pharmacokinetics; Special Populations. Missed Dose If a dose of TEVA-EFAVIRENZ is missed, patients should take the dose as soon as possible and then return to their normal schedule. However, if a dose is skipped, the patient should not double the next dose. OVERDOSAGE For management of a suspected drug overdose, please contact your regional Poison Control Center. Treatment of overdose with TEVA-EFAVIRENZ (efavirenz) should consist of general supportive measures, including monitoring of vital signs and observation of the patient’s clinical status. Administration of activated charcoal should be used to aid removal of unabsorbed drug, as recommended in American College of Emergency Physicians guidelines. There is no specific antidote for overdose with TEVA-EFAVIRENZ. Since efavirenz is highly protein bound, dialysis is unlikely to significantly remove the drug from blood. Some patients accidentally taking 600 mg twice daily have reported increased nervous system symptoms. One patient experienced involuntary muscle contractions and a second patient experienced vomiting after taking twice the recommended dose. ACTION AND CLINICAL PHARMACOL
---
S; Neurologic and ADVERSE REACTIONS). Pediatric Patients and Adolescents It is recommended that TEVA-EFAVIRENZ be taken on an emptystomach, preferably at bedtime. The recommended dosage of TEVA-EFAVIRENZ for pediatric patients weighing greater than 40 kg is 600 mg, once daily. TEVA-EFAVIRENZ tablets are not suitable for children weighing less than 40 kg because no appropriate dose adjustment can be made. Information is based on one study, ACTG 382. Patients were administered efavirenz in combination with nelfinavir and NRTIs. Renal Impairment See WARNINGS AND PRECAUTIONS; Special Populations, Renal Impairment. Page 24 of 54 Hepatic Impairment TEVA-EFAVIRENZ use is not recommended in patients with moderate or severe hepatic impairment (Child-Pugh Class B or C) because of insufficient data to determine appropriate dosing. Caution should be exercised in administering TEVA-EFAVIRENZ to patients with mild hepatic impairment because of the extensive cytochrome P450-mediated metabolism of efavirenz and limited clinical experience. See WARNINGS AND PRECAUTIONS; Special Populations, Hepatic Impairment, Monitoring and Laboratory Tests, Liver enzymes and ACTION AND CLINICAL PHARMACOLOGY; Pharmacokinetics; Special Populations. Missed Dose If a dose of TEVA-EFAVIRENZ is missed, patients should take the dose as soon as possible and then return to their normal schedule. However, if a dose is skipped, the patient should not double the next dose. OVERDOSAGE For management of a suspected drug overdose, please contact your regional Poison Control Center. Treatment of overdose with TEVA-EFAVIRENZ (efavirenz) should consist of general supportive measures, including monitoring of vital signs and observation of the patient’s clinical status. Administration of activated charcoal should be used to aid removal of unabsorbed drug, as recommended in American College of Emergency Physicians guidelines. There is no specific antidote for overdose with TEVA-EFAVIRENZ. Since efavirenz is highly protein bound, dialysis is unlikely to significantly remove the drug from blood. Some patients accidentally taking 600 mg twice daily have reported increased nervous system symptoms. One patient experienced involuntary muscle contractions and a second patient experienced vomiting after taking twice the recommended dose. ACTION AND CLINICAL PHARMACOLOGY Mechanism of Action Efavirenz is a selective non-nucleoside reve",NO_EXACT_EMA_PRODUCT,,,,,CURRENT_SINGLE_OFFICIAL_EXACT,HEALTH_CANADA,RENAL_DOSING_TEXT_EXPLICIT,CURRENT_SINGLE_OFFICIAL_EXACT,HEALTH_CANADA,True
MED-0221,ELETRIPTAN,CURRENT_OPENFDA_IDENTITY_CONFIRMED,,,,,,,,,,,,,,,,,,,,,,,,CURRENT_OPENFDA_IDENTITY_CONFIRMED,OPENFDA,True
MED-0222,ELIGLUSTAT,CURRENT_DAILYMED_IDENTITY_CONFIRMED,,,,,,,,,,,,,,,,,,,,,,,,CURRENT_DAILYMED_IDENTITY_CONFIRMED,DAILYMED,True
MED-0223,ELTROMBOPAG,UNRESOLVED,False,False,False,EXACT_IDENTITY_CORROBORATED,ANDA209938,100.0,ACCEPT,NO_ADJUSTMENT_EXPLICIT,84688,02361833,REVOLADE,Marketed,https://pdf.hres.ca/dpd_pm/00063465.PDF,2016-02-16," patients with liver impairment (Child-Pugh Class A and B), the starting dose must be 25 mg once daily. Attempts to maintain platelet counts below 200 x 109/L should be carried out in these patient populations. There are no data in pediatric patients with hepatic impairment. After initiating REVOLADE or following any dose increase in ITP patients with liver impairment (Child-Pugh Class A and B), wait a minimum of 3 weeks before increasing the dose. Thrombocytopenic patients with chronic HCV should initiate REVOLADE at the usual dose of 25 mg once daily (see 14.1 Pharmacokinetic Interactions). Renal Impairment: No dose adjustment is generally necessary in patients with renal impairment. REVOLADE should be used in patients having impaired renal function with caution and close monitoring, for example by testing serum creatinine and/or performing urine analysis (see 10.3 Pharmacokinetics, Special Populations and Conditions - Renal Impairment). There are limited data with the use of REVOLADE in patients with severe renal impairment (creatinine clearance < 30mL/min), therefore it is generally not recommended for use in these patients (see 7 Renal and 10.3 Pharmacokinetics, Special Populations and Conditions - Renal Impairment). Asian Patients: REVOLADE should be initiated at a reduced dose of 25 mg once daily is recommended for SAA and adult and pediatric (aged 6 to < 18 years) ITP patients of East- /Southeast-Asian ancestry (see 10.3 Pharmacokinetics, Special Populations and Conditions - Ethnic Origin ). No dosage adjustment is necessary for chronic HCV patients of East-/Southeast-Asian ancestry. REVOLADE should be initiated at the recommended dose of 25 mg once daily (see 10.3 Pharmacokinetics, Special Populations and Conditions). Patient platelet count should continue to be monitored and the standard criteria for further dose modification followed. Elderly: There are limited data on the use of REVOLADE in patients aged 65 years and older and no clinical experience in patients aged over 85 years. In the clinical studies of REVOLADE, overall no clinically significant differences in the safety of REVOLADE were observed between patients aged at least 65 years and younger patients. Other reported clinical experience has not identified differences in responses between the elderly and younger patients, but greater sensitivity of some older individuals cannot be ruled out (see 10.3 Ph
---
 must be 25 mg once daily. Attempts to maintain platelet counts below 200 x 109/L should be carried out in these patient populations. There are no data in pediatric patients with hepatic impairment. After initiating REVOLADE or following any dose increase in ITP patients with liver impairment (Child-Pugh Class A and B), wait a minimum of 3 weeks before increasing the dose. Thrombocytopenic patients with chronic HCV should initiate REVOLADE at the usual dose of 25 mg once daily (see 14.1 Pharmacokinetic Interactions). Renal Impairment: No dose adjustment is generally necessary in patients with renal impairment. REVOLADE should be used in patients having impaired renal function with caution and close monitoring, for example by testing serum creatinine and/or performing urine analysis (see 10.3 Pharmacokinetics, Special Populations and Conditions - Renal Impairment). There are limited data with the use of REVOLADE in patients with severe renal impairment (creatinine clearance < 30mL/min), therefore it is generally not recommended for use in these patients (see 7 Renal and 10.3 Pharmacokinetics, Special Populations and Conditions - Renal Impairment). Asian Patients: REVOLADE should be initiated at a reduced dose of 25 mg once daily is recommended for SAA and adult and pediatric (aged 6 to < 18 years) ITP patients of East- /Southeast-Asian ancestry (see 10.3 Pharmacokinetics, Special Populations and Conditions - Ethnic Origin ). No dosage adjustment is necessary for chronic HCV patients of East-/Southeast-Asian ancestry. REVOLADE should be initiated at the recommended dose of 25 mg once daily (see 10.3 Pharmacokinetics, Special Populations and Conditions). Patient platelet count should continue to be monitored and the standard criteria for further dose modification followed. Elderly: There are limited data on the use of REVOLADE in patients aged 65 years and older and no clinical experience in patients aged over 85 years. In the clinical studies of REVOLADE, overall no clinically significant differences in the safety of REVOLADE were observed between patients aged at least 65 years and younger patients. Other reported clinical experience has not identified differences in responses between the elderly and younger patients, but greater sensitivity of some older individuals cannot be ruled out (see 10.3 Pharmacokinetics, Special Populations and Conditions). Food Interactions: REVOL
---
200 x 109/L should be carried out in these patient populations. There are no data in pediatric patients with hepatic impairment. After initiating REVOLADE or following any dose increase in ITP patients with liver impairment (Child-Pugh Class A and B), wait a minimum of 3 weeks before increasing the dose. Thrombocytopenic patients with chronic HCV should initiate REVOLADE at the usual dose of 25 mg once daily (see 14.1 Pharmacokinetic Interactions). Renal Impairment: No dose adjustment is generally necessary in patients with renal impairment. REVOLADE should be used in patients having impaired renal function with caution and close monitoring, for example by testing serum creatinine and/or performing urine analysis (see 10.3 Pharmacokinetics, Special Populations and Conditions - Renal Impairment). There are limited data with the use of REVOLADE in patients with severe renal impairment (creatinine clearance < 30mL/min), therefore it is generally not recommended for use in these patients (see 7 Renal and 10.3 Pharmacokinetics, Special Populations and Conditions - Renal Impairment). Asian Patients: REVOLADE should be initiated at a reduced dose of 25 mg once daily is recommended for SAA and adult and pediatric (aged 6 to < 18 years) ITP patients of East- /Southeast-Asian ancestry (see 10.3 Pharmacokinetics, Special Populations and Conditions - Ethnic Origin ). No dosage adjustment is necessary for chronic HCV patients of East-/Southeast-Asian ancestry. REVOLADE should be initiated at the recommended dose of 25 mg once daily (see 10.3 Pharmacokinetics, Special Populations and Conditions). Patient platelet count should continue to be monitored and the standard criteria for further dose modification followed. Elderly: There are limited data on the use of REVOLADE in patients aged 65 years and older and no clinical experience in patients aged over 85 years. In the clinical studies of REVOLADE, overall no clinically significant differences in the safety of REVOLADE were observed between patients aged at least 65 years and younger patients. Other reported clinical experience has not identified differences in responses between the elderly and younger patients, but greater sensitivity of some older individuals cannot be ruled out (see 10.3 Pharmacokinetics, Special Populations and Conditions). Food Interactions: REVOLADE should be taken at least two hours before or four hours after an
---
 ITP patients with liver impairment (Child-Pugh Class A and B), wait a minimum of 3 weeks before increasing the dose. Thrombocytopenic patients with chronic HCV should initiate REVOLADE at the usual dose of 25 mg once daily (see 14.1 Pharmacokinetic Interactions). Renal Impairment: No dose adjustment is generally necessary in patients with renal impairment. REVOLADE should be used in patients having impaired renal function with caution and close monitoring, for example by testing serum creatinine and/or performing urine analysis (see 10.3 Pharmacokinetics, Special Populations and Conditions - Renal Impairment). There are limited data with the use of REVOLADE in patients with severe renal impairment (creatinine clearance < 30mL/min), therefore it is generally not recommended for use in these patients (see 7 Renal and 10.3 Pharmacokinetics, Special Populations and Conditions - Renal Impairment). Asian Patients: REVOLADE should be initiated at a reduced dose of 25 mg once daily is recommended for SAA and adult and pediatric (aged 6 to < 18 years) ITP patients of East- /Southeast-Asian ancestry (see 10.3 Pharmacokinetics, Special Populations and Conditions - Ethnic Origin ). No dosage adjustment is necessary for chronic HCV patients of East-/Southeast-Asian ancestry. REVOLADE should be initiated at the recommended dose of 25 mg once daily (see 10.3 Pharmacokinetics, Special Populations and Conditions). Patient platelet count should continue to be monitored and the standard criteria for further dose modification followed. Elderly: There are limited data on the use of REVOLADE in patients aged 65 years and older and no clinical experience in patients aged over 85 years. In the clinical studies of REVOLADE, overall no clinically significant differences in the safety of REVOLADE were observed between patients aged at least 65 years and younger patients. Other reported clinical experience has not identified differences in responses between the elderly and younger patients, but greater sensitivity of some older individuals cannot be ruled out (see 10.3 Pharmacokinetics, Special Populations and Conditions). Food Interactions: REVOLADE should be taken at least two hours before or four hours after antacids, dairy products, or mineral supplements, or any other products containing polyvalent cations (e.g. aluminium, calcium, iron, magnesium, selenium and zinc). REVOLADE may be taken with 
---
efore increasing the dose. Thrombocytopenic patients with chronic HCV should initiate REVOLADE at the usual dose of 25 mg once daily (see 14.1 Pharmacokinetic Interactions). Renal Impairment: No dose adjustment is generally necessary in patients with renal impairment. REVOLADE should be used in patients having impaired renal function with caution and close monitoring, for example by testing serum creatinine and/or performing urine analysis (see 10.3 Pharmacokinetics, Special Populations and Conditions - Renal Impairment). There are limited data with the use of REVOLADE in patients with severe renal impairment (creatinine clearance < 30mL/min), therefore it is generally not recommended for use in these patients (see 7 Renal and 10.3 Pharmacokinetics, Special Populations and Conditions - Renal Impairment). Asian Patients: REVOLADE should be initiated at a reduced dose of 25 mg once daily is recommended for SAA and adult and pediatric (aged 6 to < 18 years) ITP patients of East- /Southeast-Asian ancestry (see 10.3 Pharmacokinetics, Special Populations and Conditions - Ethnic Origin ). No dosage adjustment is necessary for chronic HCV patients of East-/Southeast-Asian ancestry. REVOLADE should be initiated at the recommended dose of 25 mg once daily (see 10.3 Pharmacokinetics, Special Populations and Conditions). Patient platelet count should continue to be monitored and the standard criteria for further dose modification followed. Elderly: There are limited data on the use of REVOLADE in patients aged 65 years and older and no clinical experience in patients aged over 85 years. In the clinical studies of REVOLADE, overall no clinically significant differences in the safety of REVOLADE were observed between patients aged at least 65 years and younger patients. Other reported clinical experience has not identified differences in responses between the elderly and younger patients, but greater sensitivity of some older individuals cannot be ruled out (see 10.3 Pharmacokinetics, Special Populations and Conditions). Food Interactions: REVOLADE should be taken at least two hours before or four hours after antacids, dairy products, or mineral supplements, or any other products containing polyvalent cations (e.g. aluminium, calcium, iron, magnesium, selenium and zinc). REVOLADE may be take",NO_EXACT_EMA_PRODUCT,,,,,CURRENT_SINGLE_OFFICIAL_EXACT,HEALTH_CANADA,NO_ADJUSTMENT_EXPLICIT,CURRENT_SINGLE_OFFICIAL_EXACT,HEALTH_CANADA,True
MED-0224,ELVITEGRAVIR,UNRESOLVED,False,False,False,EXACT_IDENTITY_CORROBORATED,NDA203093,100.0,ACCEPT,NO_ADJUSTMENT_EXPLICIT,89581,02411180,VITEKTA,Cancelled Post Market,https://pdf.hres.ca/dpd_pm/00021793.PDF,2017-01-09,"VITEKTA™ (Elvitegravir Tablets) Product Monograph CONFIDENTIAL Page 22 23 August 2013 Geriatrics (≥65 years of age) Insufficient data are available on which to make a dose recommendation for patients over 65 years of age. Pediatrics (<18 years of age) VITEKTA is not indicated for use in pediatric patients < 18 years of age. Dose Adjustment for Renal Impairment No dose adjustment of VITEKTA is required for patients with renal impairment (see ACTION AND CLINICAL PHARMACOLOGY: Renal Insufficiency). Dose Adjustment for Hepatic Impairment No dose adjustment of VITEKTA is required in patients with mild (Child-Pugh Class A) or moderate hepatic impairment (Child-Pugh Class B). VITEKTA has not been studied in patients with severe hepatic impairment (Child-Pugh Class C) (see ACTION AND CLINICAL PHARMACOLOGY: Hepatic Insufficiency). Missed Dose If the patient misses a dose of VITEKTA, the missed dose should be taken as soon as possible with food unless it is almost time for the next dose. Do not double the next dose. The patient should then take their next scheduled dose of VITEKTA at its regular time with the ritonavir-boosted protease inhibitor. OVERDOSAGE For management of a suspected drug overdose, please contact your regional Poison Control Centre. If overdose occurs the patient must be monitored for evidence of toxicity. Treatment of overdose with VITEKTA consists of general supportive measures including monitoring of vital signs as well as observation of the clinical status of the patient. Although no data are available, administration of activated charcoal may be used to aid in removal of unabsorbed drug. Limited clinical experience is available at doses higher than the therapeutic dose of elvitegravir. In one trial, boosted elvitegravir providing exposures corresponding to 2 times the therapeutic dose of 150 mg once daily for 10 days was administered to 42 healthy subjects. No severe adverse reactions were reported. The effects of higher doses are not known. As elvitegravir is highly bound to plasma proteins, it is unlikely that it will be significantly removed by hemodialysis or peritoneal dialysis. VITEKTA™ (Elvitegravir Tab
---
VITEKTA™ (Elvitegravir Tablets) Product Monograph CONFIDENTIAL Page 22 23 August 2013 Geriatrics (≥65 years of age) Insufficient data are available on which to make a dose recommendation for patients over 65 years of age. Pediatrics (<18 years of age) VITEKTA is not indicated for use in pediatric patients < 18 years of age. Dose Adjustment for Renal Impairment No dose adjustment of VITEKTA is required for patients with renal impairment (see ACTION AND CLINICAL PHARMACOLOGY: Renal Insufficiency). Dose Adjustment for Hepatic Impairment No dose adjustment of VITEKTA is required in patients with mild (Child-Pugh Class A) or moderate hepatic impairment (Child-Pugh Class B). VITEKTA has not been studied in patients with severe hepatic impairment (Child-Pugh Class C) (see ACTION AND CLINICAL PHARMACOLOGY: Hepatic Insufficiency). Missed Dose If the patient misses a dose of VITEKTA, the missed dose should be taken as soon as possible with food unless it is almost time for the next dose. Do not double the next dose. The patient should then take their next scheduled dose of VITEKTA at its regular time with the ritonavir-boosted protease inhibitor. OVERDOSAGE For management of a suspected drug overdose, please contact your regional Poison Control Centre. If overdose occurs the patient must be monitored for evidence of toxicity. Treatment of overdose with VITEKTA consists of general supportive measures including monitoring of vital signs as well as observation of the clinical status of the patient. Although no data are available, administration of activated charcoal may be used to aid in removal of unabsorbed drug. Limited clinical experience is available at doses higher than the therapeutic dose of elvitegravir. In one trial, boosted elvitegravir providing exposures corresponding to 2 times the therapeutic dose of 150 mg once daily for 10 days was administered to 42 healthy subjects. No severe adverse reactions were reported. The effects of higher doses are not known. As elvitegravir is highly bound to plasma proteins, it is unlikely that it will be significantly removed by hemodialysis or peritoneal dialysis. VITEKTA™ (Elvitegravir Tablets) Product Monograph CONFIDENTIAL Page 25 23 August 2013 Gender: No clinic
---
he patient. Although no data are available, administration of activated charcoal may be used to aid in removal of unabsorbed drug. Limited clinical experience is available at doses higher than the therapeutic dose of elvitegravir. In one trial, boosted elvitegravir providing exposures corresponding to 2 times the therapeutic dose of 150 mg once daily for 10 days was administered to 42 healthy subjects. No severe adverse reactions were reported. The effects of higher doses are not known. As elvitegravir is highly bound to plasma proteins, it is unlikely that it will be significantly removed by hemodialysis or peritoneal dialysis. VITEKTA™ (Elvitegravir Tablets) Product Monograph CONFIDENTIAL Page 25 23 August 2013 Gender: No clinically relevant pharmacokinetic differences due to gender have been identified for boosted elvitegravir. Hepatic Insufficiency: Elvitegravir is primarily metabolized and eliminated by the liver. A study of the pharmacokinetics of boosted elvitegravir was performed in non-HIV-1 infected subjects with moderate hepatic impairment (Child-Pugh Class B). No clinically relevant differences in elvitegravir pharmacokinetics were observed between subjects with moderate impairment and healthy subjects. No dosage adjustment of VITEKTA is necessary for patients with mild to moderate hepatic impairment. The effect of severe hepatic impairment (Child-Pugh Class C) on the pharmacokinetics of elvitegravir has not been studied. Renal Insufficiency: A study of the pharmacokinetics of boosted elvitegravir was performed in non HIV-1 infected subjects with severe renal impairment (estimated creatinine clearance below 30 mL/min). No clinically relevant differences in elvitegravir pharmacokinetics were observed between subjects with severe renal impairment and healthy subjects. No dose adjustment of VITEKTA is required for patients with renal impairment. Hepatitis B and/or Hepatitis C Virus Coinfection: Limited data from population pharmacokinetic analysis (N=56) indicated that hepatitis B and/or C virus infection had no clinically relevant effect on the exposure of boosted elvitegravir. STORAGE AND STABILITY Store at room temperature 15–30 C (59–86 F). Keep container tightly closed Dispense only in original container Do not use if seal over bottle opening is broken or missing. SPECIAL HANDLING INSTRUCTIONS There are no special handling instructions. DOSAGE FORMS, COMPO
---
a are available, administration of activated charcoal may be used to aid in removal of unabsorbed drug. Limited clinical experience is available at doses higher than the therapeutic dose of elvitegravir. In one trial, boosted elvitegravir providing exposures corresponding to 2 times the therapeutic dose of 150 mg once daily for 10 days was administered to 42 healthy subjects. No severe adverse reactions were reported. The effects of higher doses are not known. As elvitegravir is highly bound to plasma proteins, it is unlikely that it will be significantly removed by hemodialysis or peritoneal dialysis. VITEKTA™ (Elvitegravir Tablets) Product Monograph CONFIDENTIAL Page 25 23 August 2013 Gender: No clinically relevant pharmacokinetic differences due to gender have been identified for boosted elvitegravir. Hepatic Insufficiency: Elvitegravir is primarily metabolized and eliminated by the liver. A study of the pharmacokinetics of boosted elvitegravir was performed in non-HIV-1 infected subjects with moderate hepatic impairment (Child-Pugh Class B). No clinically relevant differences in elvitegravir pharmacokinetics were observed between subjects with moderate impairment and healthy subjects. No dosage adjustment of VITEKTA is necessary for patients with mild to moderate hepatic impairment. The effect of severe hepatic impairment (Child-Pugh Class C) on the pharmacokinetics of elvitegravir has not been studied. Renal Insufficiency: A study of the pharmacokinetics of boosted elvitegravir was performed in non HIV-1 infected subjects with severe renal impairment (estimated creatinine clearance below 30 mL/min). No clinically relevant differences in elvitegravir pharmacokinetics were observed between subjects with severe renal impairment and healthy subjects. No dose adjustment of VITEKTA is required for patients with renal impairment. Hepatitis B and/or Hepatitis C Virus Coinfection: Limited data from population pharmacokinetic analysis (N=56) indicated that hepatitis B and/or C virus infection had no clinically relevant effect on the exposure of boosted elvitegravir. STORAGE AND STABILITY Store at room temperature 15–30 C (59–86 F). Keep container tightly closed Dispense only in original container Do not use if seal over bottle opening is broken or missing. SPECIAL HANDLING INSTRUCTIONS There are no special handling instructions. DOSAGE FORMS, COMPOSITION AND PACKAGING VI
---
 performed in non-HIV-1 infected subjects with moderate hepatic impairment (Child-Pugh Class B). No clinically relevant differences in elvitegravir pharmacokinetics were observed between subjects with moderate impairment and healthy subjects. No dosage adjustment of VITEKTA is necessary for patients with mild to moderate hepatic impairment. The effect of severe hepatic impairment (Child-Pugh Class C) on the pharmacokinetics of elvitegravir has not been studied. Renal Insufficiency: A study of the pharmacokinetics of boosted elvitegravir was performed in non HIV-1 infected subjects with severe renal impairment (estimated creatinine clearance below 30 mL/min). No clinically relevant differences in elvitegravir pharmacokinetics were observed between subjects with severe renal impairment and healthy subjects. No dose adjustment of VITEKTA is required for patients with renal impairment. Hepatitis B and/or Hepatitis C Virus Coinfection: Limited data from population pharmacokinetic analysis (N=56) indicated that hepatitis B and/or C virus infection had no clinically relevant effect on the exposure of boosted elvitegravir. STORAGE AND STABILITY Store at room temperature 15–30 C (59–86 F). Keep container tightly closed Dispense only in original container Do not use if seal over bottle opening is broken or missing. SPECIAL HANDLING INSTRUCTIONS There are no special handling instructions. DOSAGE FORMS, COMPOSITION AND PACKAGING VITEKTA is available as tablets. Each tablet contains 85 or 150 mg of elvitegravir as the active ingredient. The tablets also include the following inactive ingredients: lactose monohydrate, microcrystalline cellulose, sodium lauryl sulfate, croscarmellose sodium, 
---
cted subjects with moderate hepatic impairment (Child-Pugh Class B). No clinically relevant differences in elvitegravir pharmacokinetics were observed between subjects with moderate impairment and healthy subjects. No dosage adjustment of VITEKTA is necessary for patients with mild to moderate hepatic impairment. The effect of severe hepatic impairment (Child-Pugh Class C) on the pharmacokinetics of elvitegravir has not been studied. Renal Insufficiency: A study of the pharmacokinetics of boosted elvitegravir was performed in non HIV-1 infected subjects with severe renal impairment (estimated creatinine clearance below 30 mL/min). No clinically relevant differences in elvitegravir pharmacokinetics were observed between subjects with severe renal impairment and healthy subjects. No dose adjustment of VITEKTA is required for patients with renal impairment. Hepatitis B and/or Hepatitis C Virus Coinfection: Limited data from population pharmacokinetic analysis (N=56) indicated that hepatitis B and/or C virus infection had no clinically ",NO_EXACT_EMA_PRODUCT,,,,,CURRENT_SINGLE_OFFICIAL_EXACT,HEALTH_CANADA,NO_ADJUSTMENT_EXPLICIT,CURRENT_SINGLE_OFFICIAL_EXACT,HEALTH_CANADA,True
MED-0229,ENTECAVIR,CURRENT_DAILYMED_IDENTITY_CONFIRMED,,,,,,,,,,,,,,,,,,,,,,,,CURRENT_DAILYMED_IDENTITY_CONFIRMED,DAILYMED,True
MED-0230,ENTRECTINIB,CURRENT_DAILYMED_IDENTITY_CONFIRMED,,,,,,,,,,,,,,,,,,,,,,,,CURRENT_DAILYMED_IDENTITY_CONFIRMED,DAILYMED,True
MED-0231,ENZALUTAMIDA,CURRENT_DAILYMED_IDENTITY_CONFIRMED,,,,,,,,,,,,,,,,,,,,,,,,CURRENT_DAILYMED_IDENTITY_CONFIRMED,DAILYMED,True
MED-0235,ERLOTINIB,CURRENT_OPENFDA_IDENTITY_CONFIRMED,,,,,,,,,,,,,,,,,,,,,,,,CURRENT_OPENFDA_IDENTITY_CONFIRMED,OPENFDA,True
MED-0238,ESOMEPRAZOL,UNRESOLVED,False,False,False,NO_EXACT_IDENTITY_MATCH,,,ACCEPT,NO_ADJUSTMENT_EXPLICIT,86505,02379163,PMS-ESOMEPRAZOLE DR,Approved,https://pdf.hres.ca/dpd_pm/00085626.PDF,2014-05-26,"nd long- term PPI therapy (a year or longer). Patients should use the lowest dose and shortest duration of PPI therapy appropriate to the condition being treated. Patients at risk for osteoporosis- related fractures should be managed according to established treatment guidelines (see 4 DOSAGE AND ADMINISTRATION; and 8.5 Post-Market Adverse Reactions). Renal Since the kidney is responsible for the excretion of metabolites of esomeprazole magnesium but not for the elimination of the parent compound, the metabolism of esomeprazole magnesium is not expected to be changed in patients with impaired renal function. Esomeprazole is extensively protein-bound and is, therefore, not expected to be readily dialyzable. Dose adjustment is not required in patients with impaired renal function (see 4.2 Recommended Dose and Dosage Adjustment). 7.1 Special Populations 7.1.1 Pregnant Women There are no adequate or well-controlled studies in pregnant women. Therefore, the safety of esomeprazole magnesium in pregnancy has not been established. pms-ESOMEPRAZOLE DR should not be administered to pregnant women unless the expected benefits outweigh the potential risks. pms-ESOMEPRAZOLE DR is indicated in combination with antibiotics for the treatment of duodenal ulcer disease and eradication of Helicobacter Pylori. One of the recommended antibiotics, clarithromycin, should not be used in pregnancy except where no alternative therapy is appropriate, particularly during the first 3 months of pregnancy. Refer to the Product Monograph for clarithromycin before using the product. 7.1.2 Breast-feeding It has not been investigated whether or not esomeprazole magnesium is excreted in human breast milk. No studies in lactating women have been performed. Precaution should be exercised because many drugs can be excreted in human milk. Esomeprazole is the S- isomer of omeprazole, which is secreted in breast milk. Therefore, pms-ESOMEPRAZOLE DR should not be given to nursing mothers unless its use is considered essential. 
---
 risk for osteoporosis- related fractures should be managed according to established treatment guidelines (see 4 DOSAGE AND ADMINISTRATION; and 8.5 Post-Market Adverse Reactions). Renal Since the kidney is responsible for the excretion of metabolites of esomeprazole magnesium but not for the elimination of the parent compound, the metabolism of esomeprazole magnesium is not expected to be changed in patients with impaired renal function. Esomeprazole is extensively protein-bound and is, therefore, not expected to be readily dialyzable. Dose adjustment is not required in patients with impaired renal function (see 4.2 Recommended Dose and Dosage Adjustment). 7.1 Special Populations 7.1.1 Pregnant Women There are no adequate or well-controlled studies in pregnant women. Therefore, the safety of esomeprazole magnesium in pregnancy has not been established. pms-ESOMEPRAZOLE DR should not be administered to pregnant women unless the expected benefits outweigh the potential risks. pms-ESOMEPRAZOLE DR is indicated in combination with antibiotics for the treatment of duodenal ulcer disease and eradication of Helicobacter Pylori. One of the recommended antibiotics, clarithromycin, should not be used in pregnancy except where no alternative therapy is appropriate, particularly during the first 3 months of pregnancy. Refer to the Product Monograph for clarithromycin before using the product. 7.1.2 Breast-feeding It has not been investigated whether or not esomeprazole magnesium is excreted in human breast milk. No studies in lactating women have been performed. Precaution should be exercised because many drugs can be excreted in human milk. Esomeprazole is the S- isomer of omeprazole, which is secreted in breast milk. Therefore, pms-ESOMEPRAZOLE DR should not be given to nursing mothers unless its use is considered essential. ",NO_EXACT_EMA_PRODUCT,,,,,CURRENT_SINGLE_OFFICIAL_EXACT,HEALTH_CANADA,NO_ADJUSTMENT_EXPLICIT,CURRENT_SINGLE_OFFICIAL_EXACT,HEALTH_CANADA,True
MED-0246,ETRAVIRINA (TMC 125),CURRENT_DAILYMED_IDENTITY_CONFIRMED,,,,,,,,,,,,,,,,,,,,,,,,CURRENT_DAILYMED_IDENTITY_CONFIRMED,DAILYMED,True
MED-0247,EVEROLIMUS,CURRENT_DAILYMED_IDENTITY_CONFIRMED,,,,,,,,,,,,,,,,,,,,,,,,CURRENT_DAILYMED_IDENTITY_CONFIRMED,DAILYMED,True
MED-0249,EXEMESTANO,CURRENT_DAILYMED_IDENTITY_CONFIRMED,,,,,,,,,,,,,,,,,,,,,,,,CURRENT_DAILYMED_IDENTITY_CONFIRMED,DAILYMED,True
MED-0252,FEBUXOSTAT,CURRENT_DAILYMED_IDENTITY_CONFIRMED,,,,,,,,,,,,,,,,,,,,,,,,CURRENT_DAILYMED_IDENTITY_CONFIRMED,DAILYMED,True
MED-0261,FINGOLIMOD,CURRENT_DAILYMED_IDENTITY_CONFIRMED,,,,,,,,,,,,,,,,,,,,,,,,CURRENT_DAILYMED_IDENTITY_CONFIRMED,DAILYMED,True
MED-0278,GEFITINIB,CURRENT_DAILYMED_IDENTITY_CONFIRMED,,,,,,,,,,,,,,,,,,,,,,,,CURRENT_DAILYMED_IDENTITY_CONFIRMED,DAILYMED,True
MED-0281,GILTERITINIB,CURRENT_OPENFDA_IDENTITY_CONFIRMED,,,,,,,,,,,,,,,,,,,,,,,,CURRENT_OPENFDA_IDENTITY_CONFIRMED,OPENFDA,True
MED-0300,IBRUTINIB,CURRENT_OPENFDA_IDENTITY_CONFIRMED,,,,,,,,,,,,,,,,,,,,,,,,CURRENT_OPENFDA_IDENTITY_CONFIRMED,OPENFDA,True
MED-0331,LANSOPRAZOL,UNRESOLVED,False,False,False,NO_EXACT_IDENTITY_MATCH,,,ACCEPT,NO_ADJUSTMENT_EXPLICIT,84279,02357690,LANSOPRAZOLE,Marketed,https://pdf.hres.ca/dpd_pm/00085177.PDF,2026-06-26,"o 11 year olds. It is not known if lansoprazole is safe and effective if used longer than the recommended duration. Do not exceed the recommended dose and duration of use in children as outlined below. • Children (6 to 11 years): The recommended pediatric oral dose is 15 mg (≤ 30 kg) and 30 mg (>30 kg) once daily for up to 12 weeks. • Children (12 to 17 years): The same approved regimen for adults can be used. Patients with Hepatic Impairment • The daily dose of LANSOPRAZOLE or LANSOPRAZOLE FDT should not exceed 30 mg (see 7 WARNINGS AND PRECAUTIONS, Hepatic/Biliary/Pancreatic). Patients with Renal Impairment • No dosage modification of LANSOPRAZOLE or LANSOPRAZOLE FDT is necessary (see 7 WARNINGS AND PRECAUTIONS, Renal). Elderly Patients • The daily dose should not exceed 30 mg (see 7.1.4 Geriatrics). 4.4 Administration LANSOPRAZOLE and LANSOPRAZOLE FDT should be taken daily before breakfast. Where the product may be used twice daily, it should be taken prior to breakfast and another meal. LANSOPRAZOLE capsules and LANSOPRAZOLE FDT SHOULD NOT BE CRUSHED, CHEWED, BROKEN OR CUT. LANSOPRAZOLE capsules should be swallowed whole with sufficient water before meal. LANSOPRAZOLE (Lansoprazole Delayed-Release Capsules) LANSOPRAZOLE FDT (Lansoprazole Fast-Disintegrating, Delayed-Release Tablets) Page 8 of 81 4.5 Missed Dose If a dose of this medication is missed, patients should be instructed to take it as soon as possible. However, if the next scheduled dose is due, the patient should not take the missed dose, and should be instructed to take the next dose on time. Patients should be instructed not to take two doses at one time to make up for a missed dose. 5 OVERDOSAGE As in all cases where overdosing is suspected, treatment should be supportive and symptomatic. Any unabsorbed material should be removed from the gastrointestinal tract, and the patient should be carefully monitored. Lansoprazole is not removed from the circulation by hemodialysis. In one reported case of overdose, the patient consumed 600 mg of lansoprazole with no adverse reaction. Oral doses up to 5000 mg/kg in rats (approximately 1300 times the recommended human dose based on body surface area) and mice (about 675.7 times the recommended human dose based on body surface area) did not produce deaths or any clinical signs. For management of a suspected drug overdose, contact your regional poison control centre. 6 
---
ation is missed, patients should be instructed to take it as soon as possible. However, if the next scheduled dose is due, the patient should not take the missed dose, and should be instructed to take the next dose on time. Patients should be instructed not to take two doses at one time to make up for a missed dose. 5 OVERDOSAGE As in all cases where overdosing is suspected, treatment should be supportive and symptomatic. Any unabsorbed material should be removed from the gastrointestinal tract, and the patient should be carefully monitored. Lansoprazole is not removed from the circulation by hemodialysis. In one reported case of overdose, the patient consumed 600 mg of lansoprazole with no adverse reaction. Oral doses up to 5000 mg/kg in rats (approximately 1300 times the recommended human dose based on body surface area) and mice (about 675.7 times the recommended human dose based on body surface area) did not produce deaths or any clinical signs. For management of a suspected drug overdose, contact your regional poison control centre. 6 DOSAGE FORMS, STRENGTHS, COMPOSITION AND PACKAGING Table 1. Dosage Forms, Strengths, Composition and Packaging Route of Administration Dosage Form / Strength/Composition Non-medicinal Ingredients Oral Capsule (delayed- release) 15 mg and 30 mg Corn starch, D&C red #28, FD&C blue #1, FD&C red #40, FD&C yellow #6 (15 mg capsules only), gelatin, hydroxypropyl cellulose, iron oxide black (30 mg capsules only), magnesium carbonate, methacrylic acid copolymer, polyethylene glycol 6000, polysorbate 80, silicon dioxide, sucrose, sugar spheres, talc, titanium dioxide, white imprinting ink (butyl alcohol, dehydrated alcohol, isopropyl alcohol, povidone, propylene glycol, shellac, sodium hydroxide and titanium dioxide). Oral, nasogastric Tablet (fast- disintegrating, delayed- release) 15 mg and 30 mg Aspartame*, citric acid monohydrate, crospovidone, hydroxypropyl cellulose, iron oxide red, iron oxide yellow, magnesium carbonate, magnesium stearate, mannitol, LANSOPRAZOLE (Lansoprazole Delayed-Release Capsules) LANSOPRAZOLE FDT (Lansoprazole Fast-Disintegrating, Delayed-Release Tablets) Page 14 of 81 No dosage adjustment of LANSOPRAZOLE or LANSOPRAZOLE FDT is necessary in patients with renal impairment. See 4.2 Recommended Dose and Dosage Adjustment and 10 CLINICAL PHARMACOLOGY. Skin See 7 WARNINGS AND PRECAUTIONS - Immune Use in Women Over 4000
---
alcohol, dehydrated alcohol, isopropyl alcohol, povidone, propylene glycol, shellac, sodium hydroxide and titanium dioxide). Oral, nasogastric Tablet (fast- disintegrating, delayed- release) 15 mg and 30 mg Aspartame*, citric acid monohydrate, crospovidone, hydroxypropyl cellulose, iron oxide red, iron oxide yellow, magnesium carbonate, magnesium stearate, mannitol, LANSOPRAZOLE (Lansoprazole Delayed-Release Capsules) LANSOPRAZOLE FDT (Lansoprazole Fast-Disintegrating, Delayed-Release Tablets) Page 14 of 81 No dosage adjustment of LANSOPRAZOLE or LANSOPRAZOLE FDT is necessary in patients with renal impairment. See 4.2 Recommended Dose and Dosage Adjustment and 10 CLINICAL PHARMACOLOGY. Skin See 7 WARNINGS AND PRECAUTIONS - Immune Use in Women Over 4000 women were treated with lansoprazole delayed-release capsules. The incidence rates of adverse events are also similar to those seen in males. 7.1 Special Populations 7.1.1 Pregnant Women Reproductive studies conducted in pregnant rats at oral doses up to 150 mg/kg/day (40 times the recommended human dose based on body surface area), and in rabbits at oral doses up to 30 mg/kg/day (16 times the recommended human dose based on body surface area), revealed no lansoprazole-related impairment of fertility, fetal malformations or developmental toxicity to fetuses or suckling neonates. Lansoprazole is not considered to be teratogenic. Maternal toxicity and a significant increase in fetal mortality were observed in the rabbit study at doses above 10 mg/kg/day. In rats, maternal toxicity and a slight reduction in litter survival and weights were noted at doses above 100 mg/kg/day. See Reproductive and Developmental Toxicology. There are no adequate or well-controlled studies in pregnant women. Therefore, LANSOPRAZOLE or LANSOPRAZOLE FDT should be used with caution during pregnancy, only if the potential benefit justifies the potential risk to the fetus. 7.1.2 Breast-feeding Lansoprazole or its metabolites are excreted in the milk of rats. It is unknown whether lansoprazole is excreted in human milk. Precaution should be exercised because many drugs can be excreted in human milk. Lansoprazole should not be given to nursing mothers unless its use is considered essential. In this case nursing should be avoided. 7.1.3 Pediatrics Safety and effectiveness have been established in pediatric patients 1 to 17 years of age for short-term treatm
---
, and safety LANSOPRAZOLE (Lansoprazole Delayed-Release Capsules) LANSOPRAZOLE FDT (Lansoprazole Fast-Disintegrating, Delayed-Release Tablets) Page 37 of 81 increase in AUC of 3.4-fold was observed in patients with hepatic impairment versus healthy subjects (7096 versus 2645 ng•h/mL) which was due to slower elimination of lansoprazole; however, Cmax was not significantly affected. Dose reduction in patients with severe hepatic disease should be considered. • Renal Insufficiency: In patients with mild (Clcr 40 to 80 mL/min), moderate (Clcr 20 to 40 mL/min) and severe (Clcr < 20 mL/min) chronic renal impairment, the disposition of lansoprazole after oral administration was very similar to that of healthy volunteers. The impact of dialysis on lansoprazole was evaluated from a pharmacokinetic standpoint, and there were no significant differences in AUC, Cmax or t½ between dialysis day and dialysis-free day. Dialysate contained no measurable lansoprazole or metabolite. Lansoprazole is not significantly dialysed. 11 STORAGE, STABILITY AND DISPOSAL LANSOPRAZOLE (lansoprazole delayed-release capsules) LANSOPRAZOLE should be stored in a tight container protected from light and moisture. Store between 15°C and 25°C. LANSOPRAZOLE FDT (lansoprazole fast-disintegrating, delayed-release tablets) LANSOPRAZOLE FDT should be stored in a tight container protected from moisture. Store between 15°C and 30°C. 12 SPECIAL HANDLING INSTRUCTIONS No special handling instructions are required for this product. 
---
ets) Page 37 of 81 increase in AUC of 3.4-fold was observed in patients with hepatic impairment versus healthy subjects (7096 versus 2645 ng•h/mL) which was due to slower elimination of lansoprazole; however, Cmax was not significantly affected. Dose reduction in patients with severe hepatic disease should be considered. • Renal Insufficiency: In patients with mild (Clcr 40 to 80 mL/min), moderate (Clcr 20 to 40 mL/min) and severe (Clcr < 20 mL/min) chronic renal impairment, the disposition of lansoprazole after oral administration was very similar to that of healthy volunteers. The impact of dialysis on lansoprazole was evaluated from a pharmacokinetic standpoint, and there were no significant differences in AUC, Cmax or t½ between dialysis day and dialysis-free day. Dialysate contained no measurable lansoprazole or metabolite. Lansoprazole is not significantly dialysed. 11 STORAGE, STABILITY AND DISPOSAL LANSOPRAZOLE (lansoprazole delayed-release capsules) LANSOPRAZOLE should be stored in a tight container protected from light and moisture. Store between 15°C and 25°C. LANSOPRAZOLE FDT (lansoprazole fast-disintegrating, delayed-release tablets) LANSOPRAZOLE FDT should be stored in a tight container protected from moisture. Store between 15°C and 30°C. 12 SPECIAL HANDLING INSTRUCTIONS No special handling instructions are required for this product. 
---
mL) which was due to slower elimination of lansoprazole; however, Cmax was not significantly affected. Dose reduction in patients with severe hepatic disease should be considered. • Renal Insufficiency: In patients with mild (Clcr 40 to 80 mL/min), moderate (Clcr 20 to 40 mL/min) and severe (Clcr < 20 mL/min) chronic renal impairment, the disposition of lansoprazole after oral administration was very similar to that of healthy volunteers. The impact of dialysis on lansoprazole was evaluated from a pharmacokinetic standpoint, and there were no significant differences in AUC, Cmax or t½ between dialysis day and dialysis-free day. Dialysate contained no measurable lansoprazole or metabolite. Lansoprazole is not significantly dialysed. 11 STORAGE, STABILITY AND DISPOSAL LANSOPRAZOLE (lansoprazole delayed-release capsules) LANSOPRAZOLE should be stored in a tight container protected from light and moisture. Store between 15°C and 25°C. LANSOPRAZOLE FDT (lansoprazole fast-disintegrating, delayed-release tablets) LANSOPRAZOLE FDT should be stored in a tight container protected from moisture. Store between 15°C and 30°C. 12 SPECIAL HANDLING INSTRUCTIONS No special handling instructions are required for this product. 
---
 to slower elimination of lansoprazole; however, Cmax was not significantly affected. Dose reduction in patients with severe hepatic disease should be considered. • Renal Insufficiency: In patients with mild (Clcr 40 to 80 mL/min), moderate (Clcr 20 to 40 mL/min) and severe (Clcr < 20 mL/min) chronic renal impairment, the disposition of lansoprazole after oral administration was very similar to that of healthy volunteers. The impact of dialysis on lansoprazole was evaluated from a pharmacokinetic standpoint, and there were no significant differences in AUC, Cmax or t½ between dialysis day and dialysis-free day.",NO_EXACT_EMA_PRODUCT,,,,,CURRENT_SINGLE_OFFICIAL_EXACT,HEALTH_CANADA,NO_ADJUSTMENT_EXPLICIT,CURRENT_SINGLE_OFFICIAL_EXACT,HEALTH_CANADA,True
MED-0332,LAPATINIB,CURRENT_OPENFDA_IDENTITY_CONFIRMED,,,,,,,,,,,,,,,,,,,,,,,,CURRENT_OPENFDA_IDENTITY_CONFIRMED,OPENFDA,True
MED-0333,LAROTRECTINIB,CURRENT_DAILYMED_IDENTITY_CONFIRMED,,,,,,,,,,,,,,,,,,,,,,,,CURRENT_DAILYMED_IDENTITY_CONFIRMED,DAILYMED,True
MED-0336,LENVATINIB,CURRENT_DAILYMED_IDENTITY_CONFIRMED,,,,,,,,,,,,,,,,,,,,,,,,CURRENT_DAILYMED_IDENTITY_CONFIRMED,DAILYMED,True
MED-0341,LEVODOPA,CURRENT_OPENFDA_IDENTITY_CONFIRMED,,,,,,,,,,,,,,,,,,,,,,,,CURRENT_OPENFDA_IDENTITY_CONFIRMED,OPENFDA,True
MED-0352,LOMITAPIDA,CURRENT_DAILYMED_IDENTITY_CONFIRMED,,,,,,,,,,,,,,,,,,,,,,,,CURRENT_DAILYMED_IDENTITY_CONFIRMED,DAILYMED,True
MED-0356,LORAZEPAM,CURRENT_OPENFDA_IDENTITY_CONFIRMED,,,,,,,,,,,,,,,,,,,,,,,,CURRENT_OPENFDA_IDENTITY_CONFIRMED,OPENFDA,True
MED-0360,LUBIPROSTONE,CURRENT_OPENFDA_IDENTITY_CONFIRMED,,,,,,,,,,,,,,,,,,,,,,,,CURRENT_OPENFDA_IDENTITY_CONFIRMED,OPENFDA,True
MED-0362,LURASIDONA CLORHIDRATO,CURRENT_DAILYMED_IDENTITY_CONFIRMED,,,,,,,,,,,,,,,,,,,,,,,,CURRENT_DAILYMED_IDENTITY_CONFIRMED,DAILYMED,True
MED-0363,MACITENTAN,CURRENT_OPENFDA_IDENTITY_CONFIRMED,,,,,,,,,,,,,,,,,,,,,,,,CURRENT_OPENFDA_IDENTITY_CONFIRMED,OPENFDA,True
MED-0364,MARAVIROC,CURRENT_DAILYMED_IDENTITY_CONFIRMED,,,,,,,,,,,,,,,,,,,,,,,,CURRENT_DAILYMED_IDENTITY_CONFIRMED,DAILYMED,True
MED-0371,MELOXICAM,CURRENT_OPENFDA_IDENTITY_CONFIRMED,,,,,,,,,,,,,,,,,,,,,,,,CURRENT_OPENFDA_IDENTITY_CONFIRMED,OPENFDA,True
MED-0373,MERCAPTOPURINA,CURRENT_DAILYMED_IDENTITY_CONFIRMED,,,,,,,,,,,,,,,,,,,,,,,,CURRENT_DAILYMED_IDENTITY_CONFIRMED,DAILYMED,True
MED-0386,METOPROLOL,CURRENT_OPENFDA_IDENTITY_CONFIRMED,,,,,,,,,,,,,,,,,,,,,,,,CURRENT_OPENFDA_IDENTITY_CONFIRMED,OPENFDA,True
MED-0392,MIDAZOLAM,CURRENT_OPENFDA_IDENTITY_CONFIRMED,,,,,,,,,,,,,,,,,,,,,,,,CURRENT_OPENFDA_IDENTITY_CONFIRMED,OPENFDA,True
MED-0396,MIGALASTAT CLORHIDRATO,CURRENT_DAILYMED_IDENTITY_CONFIRMED,,,,,,,,,,,,,,,,,,,,,,,,CURRENT_DAILYMED_IDENTITY_CONFIRMED,DAILYMED,True
MED-0400,MINOXIDIL,CURRENT_OPENFDA_IDENTITY_CONFIRMED,,,,,,,,,,,,,,,,,,,,,,,,CURRENT_OPENFDA_IDENTITY_CONFIRMED,OPENFDA,True
MED-0403,MISOPROSTOL,CURRENT_OPENFDA_IDENTITY_CONFIRMED,,,,,,,,,,,,,,,,,,,,,,,,CURRENT_OPENFDA_IDENTITY_CONFIRMED,OPENFDA,True
MED-0405,MODAFINIL,CURRENT_OPENFDA_IDENTITY_CONFIRMED,,,,,,,,,,,,,,,,,,,,,,,,CURRENT_OPENFDA_IDENTITY_CONFIRMED,OPENFDA,True
MED-0422,NILOTINIB,UNRESOLVED,False,False,False,EXACT_IDENTITY_CORROBORATED,ANDA219134,100.0,ACCEPT,RENAL_DOSING_TEXT_EXPLICIT,85322,02368250,TASIGNA,Marketed,https://pdf.hres.ca/dpd_pm/00085162.PDF,2011-07-15,"....................................................................... 21 7.1.1. Pregnancy ............................................................................................................ 21 7.1.2. Breast-feeding ..................................................................................................... 21 7.1.3. Pediatrics ............................................................................................................. 21 7.1.4. Geriatrics ............................................................................................................. 22 7.1.5. Renal impairment ................................................................................................ 22 7.1.6. Hepatic impairment ............................................................................................. 22 7.1.7. Cardiac disorders ................................................................................................. 22 8. Adverse Reactions ........................................................................................................ 22 8.1. Adverse Reaction Overview ........................................................................................ 22 8.2. Clinical Trial Adverse Reactions ................................................................................... 23 8.2.1. Clinical Trial Adverse Reactions – Pediatrics ........................................................ 29 8.3. Less Common Clinical Trial Adverse Reactions ............................................................ 29 8.4. Abnormal Laboratory Findings: Hematologic, Clinical Chemistry, and Other Quantitative Data……………………………………………………………………………………………………………32 8.5. Post-Market Adverse Reactions .................................................................................. 35 9. Drug Interactions .......................................................................................................... 36 9.1. Serious Drug Interactions ............................................................................................ 36 9.2. Drug Interactions Overview ......................................................................................... 37 9.3. Drug-Behaviour Interactions ....................................................................................... 37 9.4. Drug-Drug Interactions ...................................................
---
his should be considered while using Tasigna for pediatric population and for dose adjustments. Pediatrics 2 to < 18 years: The safety and efficacy of Tasigna in pediatric patients with Ph+ CML-CP from 2 to less than 18 years of age has been established (see 7 Warnings and Precautions, 7.1.3 Pediatrics, 8 Adverse Reactions, 8.2.1 Clinical Trial Adverse Drug Reactions – Pediatrics, 10 Clinical Pharmacology, Special Populations and Conditions, and 14 Clinical Trials). There is no experience in pediatric patients below 2 years of age or in pediatric patients with Ph+ CML-AP or blast crisis (BC). Renal impairment Tasigna® (nilotinib, as nilotinib hydrochloride monohydrate) Page 6 of 84 Clinical studies have not been performed in patients with impaired renal function. Clinical studies have excluded patients with serum creatinine concentration >1.5 times the upper limit of the normal range. Tasigna and its metabolites are not renally excreted (See 7 Warnings and Precautions, 7.1.5 Renal impairment and 10 Clinical Pharmacology, 10.3 Pharmacokinetics). Hepatic impairment Hepatic impairment has an effect on the pharmacokinetics of nilotinib in adults. Dose adjustment is not considered necessary in hepatically impaired patients. Patients with hepatic impairment should be treated with caution and careful clinical monitoring, including close monitoring of the QTc interval (see 7 Warnings and Precautions, 7.1.6 Hepatic impairment). Cardiac disorders In clinical studies, newly diagnosed Ph+ CML-CP and imatinib-resistant or -intolerant Ph+ CML-CP and CML-AP patients with any of the following uncontrolled or significant cardiac disease were excluded: recent myocardial infarction, CHF, unstable angina, or clinically significant bradycardia. Imatinib- resistant or -intolerant Ph+ CML-CP and CML-AP patients with complete left bundle branch block and/or right bundle branch block, with left anterior hemiblock, or with bifascicular block were excluded from the study. Newly diagnosed Ph+ CML-CP patients with complete left bundle branch block were also excluded. ECG and cardiac enzyme monitoring were conducted in patients throughout the studies. Caution should be exercised in patients with relevant cardiac disorders (see 7 Warnings and Precautions, 7.1.7 Cardiac disorders). Tumour Lysis Syndrome Due to possible occurrence of Tumour Lysis Syndrome (TLS) it is recommended to measure serum levels of 
---
 in pediatric patients with Ph+ CML-CP from 2 to less than 18 years of age has been established (see 7 Warnings and Precautions, 7.1.3 Pediatrics, 8 Adverse Reactions, 8.2.1 Clinical Trial Adverse Drug Reactions – Pediatrics, 10 Clinical Pharmacology, Special Populations and Conditions, and 14 Clinical Trials). There is no experience in pediatric patients below 2 years of age or in pediatric patients with Ph+ CML-AP or blast crisis (BC). Renal impairment Tasigna® (nilotinib, as nilotinib hydrochloride monohydrate) Page 6 of 84 Clinical studies have not been performed in patients with impaired renal function. Clinical studies have excluded patients with serum creatinine concentration >1.5 times the upper limit of the normal range. Tasigna and its metabolites are not renally excreted (See 7 Warnings and Precautions, 7.1.5 Renal impairment and 10 Clinical Pharmacology, 10.3 Pharmacokinetics). Hepatic impairment Hepatic impairment has an effect on the pharmacokinetics of nilotinib in adults. Dose adjustment is not considered necessary in hepatically impaired patients. Patients with hepatic impairment should be treated with caution and careful clinical monitoring, including close monitoring of the QTc interval (see 7 Warnings and Precautions, 7.1.6 Hepatic impairment). Cardiac disorders In clinical studies, newly diagnosed Ph+ CML-CP and imatinib-resistant or -intolerant Ph+ CML-CP and CML-AP patients with any of the following uncontrolled or significant cardiac disease were excluded: recent myocardial infarction, CHF, unstable angina, or clinically significant bradycardia. Imatinib- resistant or -intolerant Ph+ CML-CP and CML-AP patients with complete left bundle branch block and/or right bundle branch block, with left anterior hemiblock, or with bifascicular block were excluded from the study. Newly diagnosed Ph+ CML-CP patients with complete left bundle branch block were also excluded. ECG and cardiac enzyme monitoring were conducted in patients throughout the studies. Caution should be exercised in patients with relevant cardiac disorders (see 7 Warnings and Precautions, 7.1.7 Cardiac disorders). Tumour Lysis Syndrome Due to possible occurrence of Tumour Lysis Syndrome (TLS) it is recommended to measure serum levels of creatinine, uric acid, phosphate, potassium, corrected calcium and LDH prior to the initiation of treatment with Tasigna in order to assess the risk or pres
---
nical Pharmacology, Special Populations and Conditions, and 14 Clinical Trials). There is no experience in pediatric patients below 2 years of age or in pediatric patients with Ph+ CML-AP or blast crisis (BC). Renal impairment Tasigna® (nilotinib, as nilotinib hydrochloride monohydrate) Page 6 of 84 Clinical studies have not been performed in patients with impaired renal function. Clinical studies have excluded patients with serum creatinine concentration >1.5 times the upper limit of the normal range. Tasigna and its metabolites are not renally excreted (See 7 Warnings and Precautions, 7.1.5 Renal impairment and 10 Clinical Pharmacology, 10.3 Pharmacokinetics). Hepatic impairment Hepatic impairment has an effect on the pharmacokinetics of nilotinib in adults. Dose adjustment is not considered necessary in hepatically impaired patients. Patients with hepatic impairment should be treated with caution and careful clinical monitoring, including close monitoring of the QTc interval (see 7 Warnings and Precautions, 7.1.6 Hepatic impairment). Cardiac disorders In clinical studies, newly diagnosed Ph+ CML-CP and imatinib-resistant or -intolerant Ph+ CML-CP and CML-AP patients with any of the following uncontrolled or significant cardiac disease were excluded: recent myocardial infarction, CHF, unstable angina, or clinically significant bradycardia. Imatinib- resistant or -intolerant Ph+ CML-CP and CML-AP patients with complete left bundle branch block and/or right bundle branch block, with left anterior hemiblock, or with bifascicular block were excluded from the study. Newly diagnosed Ph+ CML-CP patients with complete left bundle branch block were also excluded. ECG and cardiac enzyme monitoring were conducted in patients throughout the studies. Caution should be exercised in patients with relevant cardiac disorders (see 7 Warnings and Precautions, 7.1.7 Cardiac disorders). Tumour Lysis Syndrome Due to possible occurrence of Tumour Lysis Syndrome (TLS) it is recommended to measure serum levels of creatinine, uric acid, phosphate, potassium, corrected calcium and LDH prior to the initiation of treatment with Tasigna in order to assess the risk or presence of TLS and to monitor these parameters during the initial period of treatment with Tasigna until a significant reduction of tumour cell burden has been achieved. Prophylaxis of TLS such as hydration and treatment of high uric aci
---
wice daily (see 14 Clinical Trials). Treatment should continue as long as the patient continues to benefit. Tasigna® (nilotinib, as nilotinib hydrochloride monohydrate) Page 22 of 84 7.1.4. Geriatrics ≥ 65 years of age: Approximately 12% and 30% of subjects in the clinical studies (Phase III study (A2303) in newly diagnosed Ph+ CML-CP; and Phase II study (A2101) in resistant or -intolerant Ph+ CML-CP and CML-AP) were 65 years of age or older respectively. No major differences were observed for safety and efficacy in patients ≥65 years of age as compared to adults 18 to 65 years of age. 7.1.5. Renal impairment Clinical studies have not been performed in patients with impaired renal function. Clinical studies have excluded patients with serum creatinine concentration >1.5 times the upper limit of the normal range. Tasigna and its metabolites are not renally excreted (See 10 Clinical Pharmacology, 10.3 Pharmacokinetics). Due to the potential for tumour lysis syndrome in patients treated with Tasigna, patients with decreased renal function may be at increased risk (See 4 Dosage and Administration, 4.1 Dosing Considerations). 7.1.6. Hepatic impairment Hepatic impairment has an effect on the pharmacokinetics of Tasigna. Single dose administration of Tasigna 200 mg in adults resulted in increases in AUC of 35%, 35% and 56% in subjects with mild, moderate and severe hepatic impairment, respectively compared to a control group of subjects with normal hepatic function. The steady-state Cmax of Tasigna will likely to be increased by up to approximately 29% in subjects with hepatic impairment. Clinical studies have excluded patients with ALT and/ or AST >2.5 (or >5, if related to disease) times the upper limit of the normal range and/ or total bilirubin >1.5 times the upper limit of the normal range. Metabolism of nilotinib is mainly hepatic. Tasigna should be used with caution and careful clinical monitoring (including close monitoring of the QTc interval) in patients with hepatic impairment (see 4 Dosage and Administration, 4.1 Dosing Considerations). 7.1.7. Cardiac disorders In clinical studies, newly diagnosed Ph+ CML-CP and imatinib-resistant or -intolerant Ph+ CML-CP and CML-AP patients with any of the following uncontrolled or significant cardiac disease were excluded: recent myocar",NO_EXACT_EMA_PRODUCT,,,,,CURRENT_SINGLE_OFFICIAL_EXACT,HEALTH_CANADA,RENAL_DOSING_TEXT_EXPLICIT,CURRENT_SINGLE_OFFICIAL_EXACT,HEALTH_CANADA,True
MED-0425,NINTEDANIB,CURRENT_DAILYMED_IDENTITY_CONFIRMED,,,,,,,,,,,,,,,,,,,,,,,,CURRENT_DAILYMED_IDENTITY_CONFIRMED,DAILYMED,True
MED-0426,NIRAPARIB,UNRESOLVED,False,False,False,EXACT_IDENTITY_CORROBORATED,NDA214876,100.0,ACCEPT,NO_ADJUSTMENT_EXPLICIT,101925,02530031,ZEJULA,Marketed,https://pdf.hres.ca/dpd_pm/00084423.PDF,2023-09-13,"parib tablets) Page 9 of 51 limit of normal [ULN] and any aspartate transaminase [AST] level, or bilirubin ≤ ULN and AST > ULN). For patients with moderate hepatic impairment (total bilirubin >1.5–3.0 x ULN and any AST), the recommended starting dose of niraparib is 200 mg once daily (see 10.3 Pharmacokinetics). Monitor patients for hematologic toxicity and reduce the dose further, if needed. The safety of ZEJULA in patients with severe hepatic impairment (total bilirubin >3.0 x ULN and any AST) is unknown. Renal Insufficiency No dose adjustment is necessary for patients with mild to moderate renal impairment. The safety of ZEJULA in patients with severe renal impairment or end stage renal disease undergoing hemodialysis is unknown. Pediatrics (<18 years of age) Health Canada has not authorized an indication for pediatric use. 4.4. Administration Instruct patients to take their dose of ZEJULA at approximately the same time each day. Each capsule or tablet should be swallowed whole. ZEJULA may be taken with or without food (see 10.3 Pharmacokinetics). Bedtime administration may be a potential method for managing nausea. 4.5. Missed Dose In the case of a missed dose of ZEJULA, instruct patients to take their next dose at its regularly scheduled time. If a patient vomits or misses a dose of ZEJULA, an additional dose should not be taken. 5. Overdose There is no specific treatment in the event of ZEJULA overdose, and symptoms of overdose are not established. In the event of an overdose, health professionals should follow general supportive measures and should treat symptomatically. For the most recent information in the management of a suspected drug overdose, contact your regional poison control centre or Health Canada’s toll-free number, 1-844 POISON-X (1-844-764- 7669). 6. Dosage Forms, Strengths, Composition, and Packaging Table 4 – Dosage Forms, Strengths, and Composition Route of Administration Dosage Form / Strength/Composition Non-Medicinal Ingredients oral capsule 100 mg FD&C Blue #1, FD&C Red #3, FD&C Yellow #5 (tartrazine), gelatin, lactose monohydrate, magnesium stearate, pharmaceutical grade printing ink, and titanium dioxide. oral tablet 100 mg Crospovidone, ferrosoferric oxide, lactose monohydrate, magnesium stearate, microcrystalline cellulose, polyethylene glycol, polyvinyl alcohol, povidone, silicon dioxide, talc, ZEJULA (niraparib capsules and niraparib table
---
tate transaminase [AST] level, or bilirubin ≤ ULN and AST > ULN). For patients with moderate hepatic impairment (total bilirubin >1.5–3.0 x ULN and any AST), the recommended starting dose of niraparib is 200 mg once daily (see 10.3 Pharmacokinetics). Monitor patients for hematologic toxicity and reduce the dose further, if needed. The safety of ZEJULA in patients with severe hepatic impairment (total bilirubin >3.0 x ULN and any AST) is unknown. Renal Insufficiency No dose adjustment is necessary for patients with mild to moderate renal impairment. The safety of ZEJULA in patients with severe renal impairment or end stage renal disease undergoing hemodialysis is unknown. Pediatrics (<18 years of age) Health Canada has not authorized an indication for pediatric use. 4.4. Administration Instruct patients to take their dose of ZEJULA at approximately the same time each day. Each capsule or tablet should be swallowed whole. ZEJULA may be taken with or without food (see 10.3 Pharmacokinetics). Bedtime administration may be a potential method for managing nausea. 4.5. Missed Dose In the case of a missed dose of ZEJULA, instruct patients to take their next dose at its regularly scheduled time. If a patient vomits or misses a dose of ZEJULA, an additional dose should not be taken. 5. Overdose There is no specific treatment in the event of ZEJULA overdose, and symptoms of overdose are not established. In the event of an overdose, health professionals should follow general supportive measures and should treat symptomatically. For the most recent information in the management of a suspected drug overdose, contact your regional poison control centre or Health Canada’s toll-free number, 1-844 POISON-X (1-844-764- 7669). 6. Dosage Forms, Strengths, Composition, and Packaging Table 4 – Dosage Forms, Strengths, and Composition Route of Administration Dosage Form / Strength/Composition Non-Medicinal Ingredients oral capsule 100 mg FD&C Blue #1, FD&C Red #3, FD&C Yellow #5 (tartrazine), gelatin, lactose monohydrate, magnesium stearate, pharmaceutical grade printing ink, and titanium dioxide. oral tablet 100 mg Crospovidone, ferrosoferric oxide, lactose monohydrate, magnesium stearate, microcrystalline cellulose, polyethylene glycol, polyvinyl alcohol, povidone, silicon dioxide, talc, ZEJULA (niraparib capsules and niraparib tablets) Page 27 of 51 content of the meal from fat) did not signifi
---
ST] level, or bilirubin ≤ ULN and AST > ULN). For patients with moderate hepatic impairment (total bilirubin >1.5–3.0 x ULN and any AST), the recommended starting dose of niraparib is 200 mg once daily (see 10.3 Pharmacokinetics). Monitor patients for hematologic toxicity and reduce the dose further, if needed. The safety of ZEJULA in patients with severe hepatic impairment (total bilirubin >3.0 x ULN and any AST) is unknown. Renal Insufficiency No dose adjustment is necessary for patients with mild to moderate renal impairment. The safety of ZEJULA in patients with severe renal impairment or end stage renal disease undergoing hemodialysis is unknown. Pediatrics (<18 years of age) Health Canada has not authorized an indication for pediatric use. 4.4. Administration Instruct patients to take their dose of ZEJULA at approximately the same time each day. Each capsule or tablet should be swallowed whole. ZEJULA may be taken with or without food (see 10.3 Pharmacokinetics). Bedtime administration may be a potential method for managing nausea. 4.5. Missed Dose In the case of a missed dose of ZEJULA, instruct patients to take their next dose at its regularly scheduled time. If a patient vomits or misses a dose of ZEJULA, an additional dose should not be taken. 5. Overdose There is no specific treatment in the event of ZEJULA overdose, and symptoms of overdose are not established. In the event of an overdose, health professionals should follow general supportive measures and should treat symptomatically. For the most recent information in the management of a suspected drug overdose, contact your regional poison control centre or Health Canada’s toll-free number, 1-844 POISON-X (1-844-764- 7669). 6. Dosage Forms, Strengths, Composition, and Packaging Table 4 – Dosage Forms, Strengths, and Composition Route of Administration Dosage Form / Strength/Composition Non-Medicinal Ingredients oral capsule 100 mg FD&C Blue #1, FD&C Red #3, FD&C Yellow #5 (tartrazine), gelatin, lactose monohydrate, magnesium stearate, pharmaceutical grade printing ink, and titanium dioxide. oral tablet 100 mg Crospovidone, ferrosoferric oxide, lactose monohydrate, magnesium stearate, microcrystalline cellulose, polyethylene glycol, polyvinyl alcohol, povidone, silicon dioxide, talc, ZEJULA (niraparib capsules and niraparib tablets) Page 27 of 51 content of the meal from fat) did not significantly affect the e
---
ST > ULN). For patients with moderate hepatic impairment (total bilirubin >1.5–3.0 x ULN and any AST), the recommended starting dose of niraparib is 200 mg once daily (see 10.3 Pharmacokinetics). Monitor patients for hematologic toxicity and reduce the dose further, if needed. The safety of ZEJULA in patients with severe hepatic impairment (total bilirubin >3.0 x ULN and any AST) is unknown. Renal Insufficiency No dose adjustment is necessary for patients with mild to moderate renal impairment. The safety of ZEJULA in patients with severe renal impairment or end stage renal disease undergoing hemodialysis is unknown. Pediatrics (<18 years of age) Health Canada has not authorized an indication for pediatric use. 4.4. Administration Instruct patients to take their dose of ZEJULA at approximately the same time each day. Each capsule or tablet should be swallowed whole. ZEJULA may be taken with or without food (see 10.3 Pharmacokinetics). Bedtime administration may be a potential method for managing nausea. 4.5. Missed Dose In the case of a missed dose of ZEJULA, instruct patients to take their next dose at its regularly scheduled time. If a patient vomits or misses a dose of ZEJULA, an additional dose should not be taken. 5. Overdose There is no specific treatment in the event of ZEJULA overdose, and symptoms of overdose are not established. In the event of an overdose, health professionals should follow general supportive measures and should treat symptomatically. For the most recent information in the management of a suspected drug overdose, contact your regional poison control centre or Health Canada’s toll-free number, 1-844 POISON-X (1-844-764- 7669). 6. Dosage Forms, Strengths, Composition, and Packaging Table 4 – Dosage Forms, Strengths, and Composition Route of Administration Dosage Form / Strength/Composition Non-Medicinal Ingredients oral capsule 100 mg FD&C Blue #1, FD&C Red #3, FD&C Yellow #5 (tartrazine), gelatin, lactose monohydrate, magnesium stearate, pharmaceutical grade printing ink, and titanium dioxide. oral tablet 100 mg Crospovidone, ferrosoferric oxide, lactose monohydrate, magnesium stearate, microcrystalline cellulose, polyethylene glycol, polyvinyl alcohol, povidone, silicon dioxide, talc, ZEJULA (niraparib capsules and niraparib tablets) Page 27 of 51 content of the meal from fat) did not significantly affect the exposure of niraparib capsule. Fo
---
derate hepatic impairment (n=8) was 1.56 (90% CI: 1.06 to 2.30) times the niraparib AUCinf in patients with normal hepatic function (n=9) following administration of a single 300 mg dose. ZEJULA dose adjustment is recommended for patients with moderate hepatic impairment (see 4.2 Recommended Dose and Dosage Adjustment, Hepatic Insufficiency). Moderate hepatic impairment did not have an effect on niraparib Cmax or on niraparib protein binding. The effect of severe hepatic impairment on the pharmacokinetics of niraparib is unknown. • Renal insufficiency: Analyses suggested that mild to moderate renal impairment had no ZEJULA (niraparib capsules and niraparib tablets) Page 28 of 51 clinically significant effect on the pharmacokinetics of niraparib. The effect of severe renal impairment or end-stage renal disease undergoing hemodialysis on the pharmacokinetics of niraparib is unknown. • Obesity: The effect of obesity on the pharmacokinetics of niraparib is not studied. 11. Storage, Stability, and Disposal Store ZEJULA capsules up to 25°C. Store ZEJULA tablets between 15°C and 30°C in the original container. Keep out of reach and sight of children. Health professionals should recommend that their patients return all unused medications to a pharmacy for proper disposal. 
---
0 mg dose. ZEJULA dose adjustment is recommended for patients with moderate hepatic impairment (see 4.2 Recommended Dose and Dosage Adjustment, Hepatic Insufficiency). Moderate hepatic impairment did not have an effect on niraparib Cmax or on niraparib protein binding. The effect of severe hepatic impairment on the pharmacokinetics of niraparib is unknown. • Renal insufficiency: Analyses suggested that mild to moderate renal impairment had no ZEJULA (niraparib capsules and niraparib tablets) Page 28 of 51 clinically significant effect on the pharmacokinetics of niraparib. The effect of severe renal impairment or end-stage renal disease undergoing hemodialysis on the pharmacokinetics of niraparib is unknown. • Obesity: The effect of obesity on the pharmacokinetics of niraparib is not studied. 11. Storage, Stability, and Disposal Store ZEJULA capsules up to 25°C. Store ZEJULA tablets between 15°C and 30°C in the original container. Keep out of reach and sight of children. Health professionals should recommend that the",NO_EXACT_EMA_PRODUCT,,,,,CURRENT_SINGLE_OFFICIAL_EXACT,HEALTH_CANADA,NO_ADJUSTMENT_EXPLICIT,CURRENT_SINGLE_OFFICIAL_EXACT,HEALTH_CANADA,True
MED-0436,OLMESARTAN,CURRENT_OPENFDA_IDENTITY_CONFIRMED,,,,,,,,,,,,,,,,,,,,,,,,CURRENT_OPENFDA_IDENTITY_CONFIRMED,OPENFDA,True
MED-0437,OMEPRAZOL,UNRESOLVED,False,False,False,NO_EXACT_IDENTITY_MATCH,,,ACCEPT,RENAL_DOSING_TEXT_EXPLICIT,9823,00846503,LOSEC,Marketed,https://pdf.hres.ca/dpd_pm/00072924.PDF,2020-11-03,"Product Monograph Date: September 2023 LOSEC (omeprazole delayed release capsules) Page 21 of 43 Proper/Common name Effect Clinical comment Quinidine After one week of omeprazole 40 mg once daily, no effect was observed on the kinetics or pharmacodynamics of quinidine. – Tacrolimus Although no clinical studies have been undertaken, there is a possibility that the concomitant administration of omeprazole and tacrolimus may increase serum levels of tacrolimus. A reinforced monitoring of tacrolimus concentrations as well as renal function (creatinine clearance) should be performed, and dosage of tacrolimus adjusted if needed. Theophylline No effects on oral or i.v. theophylline kinetics have been observed after repeated once daily doses of 40 mg omeprazole. – Voriconazole Concomitant administration of omeprazole and a CYP 2C19 and CYP 3A4 inhibitor, voriconazole, resulted in more than doubling of the omeprazole exposure. A dose adjustment of LOSEC is not required. a Diazepam, Phenytoin, Warfarin (or other vitamin K antagonists) and Cilostazol (not marketed in Canada) 9.5 Drug-Food Interactions Interactions with food have not been established. 9.6 Drug-Herb Interactions St John’s Wort is a strong CYP 3A4 inducer. Co-administration with LOSEC may decrease omeprazole plasma concentrations by increasing omeprazole’s rate of metabolism. 9.7 Drug-Laboratory Test Interactions During treatment with antisecretory drugs, CgA increases due to decreased gastric acidity. Increased CgA levels may interfere with investigations for neuroendocrine tumors. To avoid this interference, LOSEC treatment should be stopped 14 days before CgA measurements. This is to allow CgA levels that might be spuriously elevated following PPI treatment to return to reference range. Product Monograph Date: September 2023 LOSEC (omeprazole delayed release capsules) Page 25 of 43 Poor metabolizers: Approximately 3% of the Caucasian population and 15-20% of Asian populations lack a functional CYP 2C19 enzyme and are called poor metabolizers. In such individuals, the metabolism of omeprazole is expected to be catalyzed by CYP 3A4. After repeated once-daily administration of 20 mg omeprazole, the mean AUC was 5 to 10 times higher in poor metabolizers than in subjects having a functional CYP 2C19 enzyme (extensive metabolizers). Mean peak plasma 
---
Product Monograph Date: September 2023 LOSEC (omeprazole delayed release capsules) Page 21 of 43 Proper/Common name Effect Clinical comment Quinidine After one week of omeprazole 40 mg once daily, no effect was observed on the kinetics or pharmacodynamics of quinidine. – Tacrolimus Although no clinical studies have been undertaken, there is a possibility that the concomitant administration of omeprazole and tacrolimus may increase serum levels of tacrolimus. A reinforced monitoring of tacrolimus concentrations as well as renal function (creatinine clearance) should be performed, and dosage of tacrolimus adjusted if needed. Theophylline No effects on oral or i.v. theophylline kinetics have been observed after repeated once daily doses of 40 mg omeprazole. – Voriconazole Concomitant administration of omeprazole and a CYP 2C19 and CYP 3A4 inhibitor, voriconazole, resulted in more than doubling of the omeprazole exposure. A dose adjustment of LOSEC is not required. a Diazepam, Phenytoin, Warfarin (or other vitamin K antagonists) and Cilostazol (not marketed in Canada) 9.5 Drug-Food Interactions Interactions with food have not been established. 9.6 Drug-Herb Interactions St John’s Wort is a strong CYP 3A4 inducer. Co-administration with LOSEC may decrease omeprazole plasma concentrations by increasing omeprazole’s rate of metabolism. 9.7 Drug-Laboratory Test Interactions During treatment with antisecretory drugs, CgA increases due to decreased gastric acidity. Increased CgA levels may interfere with investigations for neuroendocrine tumors. To avoid this interference, LOSEC treatment should be stopped 14 days before CgA measurements. This is to allow CgA levels that might be spuriously elevated following PPI treatment to return to reference range. Product Monograph Date: September 2023 LOSEC (omeprazole delayed release capsules) Page 25 of 43 Poor metabolizers: Approximately 3% of the Caucasian population and 15-20% of Asian populations lack a functional CYP 2C19 enzyme and are called poor metabolizers. In such individuals, the metabolism of omeprazole is expected to be catalyzed by CYP 3A4. After repeated once-daily administration of 20 mg omeprazole, the mean AUC was 5 to 10 times higher in poor metabolizers than in subjects having a functional CYP 2C19 enzyme (extensive metabolizers). Mean peak plasma concentrations were al
---
concomitant hepatic disease. • Geriatrics: Elderly subjects showed increased bioavailability (36%), reduced total plasma clearance (to 250 mL/min) and prolonged (50%) elimination half-life (to 1.0 hour). The mean urinary excretion of metabolites was 68% of the dose. These changes are consistent with reduction in pre-systemic and systemic elimination, typical in the elderly. The daily dose should, as a rule, not exceed 20 mg in this patient group (see 7 WARNINGS AND PRECAUTIONS and 4 DOSAGE AND ADMINISTRATION). • Renal Insufficiency: The pharmacokinetics of omeprazole in patients with impaired renal function was virtually the same as in healthy subjects. • Hepatic Insufficiency: Patients with impaired liver function showed increased bioavailability (75%), reduced total plasma clearance (to 67 mL/min), and a four-fold prolongation of the elimination half-life (to 2.8 hours). Twenty mg given once daily to these patients for four weeks was well tolerated. Dosage for patients with liver cirrhosis and other liver dysfunction should, as a rule, not exceed 20 mg daily (see 7 WARNINGS AND PRECAUTIONS and 4 DOSAGE AND ADMINISTRATION). 11 STORAGE, STABILITY AND DISPOSAL LOSEC (omeprazole) capsules are moisture sensitive and are therefore provided in a package suitable for direct distribution to the patient. ",NO_EXACT_EMA_PRODUCT,,,,,CURRENT_SINGLE_OFFICIAL_EXACT,HEALTH_CANADA,RENAL_DOSING_TEXT_EXPLICIT,CURRENT_SINGLE_OFFICIAL_EXACT,HEALTH_CANADA,True
MED-0439,ORLISTAT,UNRESOLVED,False,False,False,EXACT_IDENTITY_CORROBORATED,NDA021887,100.0,ACCEPT,NO_ADJUSTMENT_EXPLICIT,63865,02240325,XENICAL,Marketed,https://pdf.hres.ca/dpd_pm/00071526.PDF,2018-06-01,", orlistat Page 5 of 48 4 DOSAGE AND ADMINISTRATION 4.1 Dosing Considerations • The patient should be on a nutritionally balanced, mildly hypocaloric diet that contains no more than 30% of calories from fat. The daily intake of fat, carbohydrate and protein should be distributed over three main meals. • For patients with type 2 diabetes, the reduced calorie diet should be consistent with the dietary recommendations of the Canadian Diabetes Association Guidelines for the Nutritional Management of Diabetes Mellitus in the New Millennium. • Clinical investigations in patients with hepatic and/or renal impairment, elderly patients and children under the age of 12 have not been undertaken (see 10.3 Pharmacokinetics). • Since Xenical has been shown to reduce the absorption of some fat-soluble vitamins and beta- carotene, vitamin supplementation should be advised to ensure adequate nutrition. The vitamin supplement should be taken at least 2 hours before or after the administration of Xenical, such as at bedtime (see 7 WARNINGS AND PRECAUTIONS and 9.4 Drug-Drug Interactions). 4.2 Recommended Dose and Dosage Adjustment The recommended dose of XENICAL (orlistat) is one 120 mg capsule three times daily with each main meal (during or up to 1 hour after the meal). If a meal is occasionally missed or contains no fat, the dose of XENICAL may be omitted. Doses above 120 mg three times daily have not been shown to provide additional benefit. No dose adjustment is necessary for the geriatric patient. Based on fecal fat measurements, the effect of XENICAL is seen as soon as 24 to 48 hours after dosing. Upon discontinuation of therapy, fecal fat content usually returns to pretreatment levels within 48 to 72 hours. Health Canada has not authorized an indication for pediatric use in patients less than 12 years of age (see 1 INDICATIONS and 10.3 Pharmacokinetics, Special Populations and Conditions). 4.4 Administration XENICAL (orlistat) is administered orally with food (during a meal or up to 1 hour after the meal). 4.5 Missed Dose If a dose is missed, it can be taken as soon as the patient remembers, provided this is within one hour of the last meal. Patients should not take a double dose (two doses at the same time) to make up for a forgotten dose. XENICAL cannot work properly if many doses are missed. 5 OVERDOSAGE Single doses of 800 mg XENICAL (orlistat) and multiple doses of up to 400 mg ti
---
, studies in special populations (geriatric, pediatric, different races, patients with renal and hepatic insufficiency) were not conducted. • Pediatrics: Plasma concentrations of orlistat and its metabolites M1 and M3 were similar to slightly lower, compared to those found in adults at the same dose level. Daily fecal fat excretions were 27% and 7% of dietary intake in orlistat and placebo treatment groups, respectively. • Hepatic Insufficiency: Clinical investigations in patients with hepatic impairment have not been undertaken. • Renal Insufficiency: Clinical investigations in patients with renal impairment have not been undertaken. Effect of Orlistat on Gastrointestinal and Systemic Physiological Processes: Adults In several studies of up to 6-weeks duration, the effects of orlistat on gastrointestinal and systemic physiological processes were assessed in normal weight and obese subjects. Postprandial cholecystokinin plasma concentrations were lowered after multiple doses of orlistat in two studies but not significantly different from placebo in two other experiments. There were no clinically significant changes observed in gallbladder motility, bile composition or lithogenicity or colonic cell proliferation rate, and no clinically significant reduction of gastric emptying time or gastric acidity. In addition, no effect on plasma triglyceride levels, systemic lipases or balance of six minerals (calcium, magnesium, phosphorus, zinc, copper and iron) were observed with administration of orlistat in these studies. Pediatrics In a 3-week study of 32 obese adolescents aged 12 to 16 years, XENICAL (120 mg, three times a day) did not significantly affect the balance of calcium, magnesium, phosphorous, zinc, or copper. The iron ",NO_EXACT_EMA_PRODUCT,,,,,CURRENT_SINGLE_OFFICIAL_EXACT,HEALTH_CANADA,NO_ADJUSTMENT_EXPLICIT,CURRENT_SINGLE_OFFICIAL_EXACT,HEALTH_CANADA,True
MED-0441,OSIMERTINIB,CURRENT_DAILYMED_IDENTITY_CONFIRMED,,,,,,,,,,,,,,,,,,,,,,,,CURRENT_DAILYMED_IDENTITY_CONFIRMED,DAILYMED,True
MED-0446,OXICODONA CLORHIDRATO,CURRENT_DAILYMED_IDENTITY_CONFIRMED,,,,,,,,,,,,,,,,,,,,,,,,CURRENT_DAILYMED_IDENTITY_CONFIRMED,DAILYMED,True
MED-0456,PARICALCITOL,CURRENT_OPENFDA_IDENTITY_CONFIRMED,,,,,,,,,,,,,,,,,,,,,,,,CURRENT_OPENFDA_IDENTITY_CONFIRMED,OPENFDA,True
MED-0460,PERINDOPRIL,CURRENT_DAILYMED_IDENTITY_CONFIRMED,,,,,,,,,,,,,,,,,,,,,,,,CURRENT_DAILYMED_IDENTITY_CONFIRMED,DAILYMED,True
MED-0472,PIROXICAM,UNRESOLVED,False,False,False,EXACT_IDENTITY_CORROBORATED,ANDA206152,100.0,ACCEPT,RENAL_THRESHOLD_DOSING_EXPLICIT,6813,00695718,TEVA-PIROXICAM,Marketed,https://pdf.hres.ca/dpd_pm/00067228.PDF,2015-07-15," TEVA-PIROXICAM Page 6 of 45  severe liver impairment or active liver disease  severe renal impairment (creatinine clearance <30 mL/min or 0.5 mL/sec) or deteriorating renal disease (individuals with lesser degrees of renal impairment are at risk of deterioration of their renal function when prescribed NSAIDs and must be monitored) (see 7 WARNINGS AND PRECAUTIONS- Renal)  known hyperkalemia (see Warnings and Precautions - Renal - Fluid and Electrolyte Balance)  children and adolescents less than 16 years of age 3 SERIOUS WARNING AND PRECAUTIONS Risk of Cardiovascular (CV) Adverse Events: Ischemic Heart Disease, Cerebrovascular Disease, Congestive Heart Failure (NYHA II-IV) (See 7 WARNINGS AND PRECAUTIONS – Cardiovascular) TEVA-PIROXICAM is a non-steroidal anti-inflammatory drug (NSAID). Use of some NSAIDs is associated with an increased incidence of cardiovascular adverse events (such as myocardial infarction, stroke or thrombotic events) which can be fatal. The risk may increase with duration of use. Patients with cardiovascular disease or risk factors may be at greater risk. Caution should be exercised in prescribing TEVA-PIROXICAM to any patient with ischemic heart disease (including but NOT limited to acute myocardial infarction, history of myocardial infarction and/or angina), cerebrovascular disease (including but NOT limited to stroke, cerebrovascular accident, transient ischemic attacks and/or amaurosis fugax) and/or congestive heart failure (NYHA II-IV). Use of TEVA-PIROXICAM can promote sodium retention in a dose-dependent manner, through a renal mechanism, which can result in increased blood pressure and/or exacerbation of congestive heart failure. (See also 7 WARNINGS AND PRECAUTIONS – Renal- Fluid and Electrolyte Balance) Randomized clinical trials with piroxicam have not been designed to detect differences in cardiovascular events in a chronic setting. T
---
 TEVA-PIROXICAM Page 6 of 45  severe liver impairment or active liver disease  severe renal impairment (creatinine clearance <30 mL/min or 0.5 mL/sec) or deteriorating renal disease (individuals with lesser degrees of renal impairment are at risk of deterioration of their renal function when prescribed NSAIDs and must be monitored) (see 7 WARNINGS AND PRECAUTIONS- Renal)  known hyperkalemia (see Warnings and Precautions - Renal - Fluid and Electrolyte Balance)  children and adolescents less than 16 years of age 3 SERIOUS WARNING AND PRECAUTIONS Risk of Cardiovascular (CV) Adverse Events: Ischemic Heart Disease, Cerebrovascular Disease, Congestive Heart Failure (NYHA II-IV) (See 7 WARNINGS AND PRECAUTIONS – Cardiovascular) TEVA-PIROXICAM is a non-steroidal anti-inflammatory drug (NSAID). Use of some NSAIDs is associated with an increased incidence of cardiovascular adverse events (such as myocardial infarction, stroke or thrombotic events) which can be fatal. The risk may increase with duration of use. Patients with cardiovascular disease or risk factors may be at greater risk. Caution should be exercised in prescribing TEVA-PIROXICAM to any patient with ischemic heart disease (including but NOT limited to acute myocardial infarction, history of myocardial infarction and/or angina), cerebrovascular disease (including but NOT limited to stroke, cerebrovascular accident, transient ischemic attacks and/or amaurosis fugax) and/or congestive heart failure (NYHA II-IV). Use of TEVA-PIROXICAM can promote sodium retention in a dose-dependent manner, through a renal mechanism, which can result in increased blood pressure and/or exacerbation of congestive heart failure. (See also 7 WARNINGS AND PRECAUTIONS – Renal- Fluid and Electrolyte Balance) Randomized clinical trials with piroxicam have not been designed to detect differences in cardiovascular events in a chronic setting. Therefore, caution shou
---
 TEVA-PIROXICAM Page 6 of 45  severe liver impairment or active liver disease  severe renal impairment (creatinine clearance <30 mL/min or 0.5 mL/sec) or deteriorating renal disease (individuals with lesser degrees of renal impairment are at risk of deterioration of their renal function when prescribed NSAIDs and must be monitored) (see 7 WARNINGS AND PRECAUTIONS- Renal)  known hyperkalemia (see Warnings and Precautions - Renal - Fluid and Electrolyte Balance)  children and adolescents less than 16 years of age 3 SERIOUS WARNING AND PRECAUTIONS Risk of Cardiovascular (CV) Adverse Events: Ischemic Heart Disease, Cerebrovascular Disease, Congestive Heart Failure (NYHA II-IV) (See 7 WARNINGS AND PRECAUTIONS – Cardiovascular) TEVA-PIROXICAM is a non-steroidal anti-inflammatory drug (NSAID). Use of some NSAIDs is associated with an increased incidence of cardiovascular adverse events (such as myocardial infarction, stroke or thrombotic events) which can be fatal. The risk may increase with duration of use. Patients with cardiovascular disease or risk factors may be at greater risk. Caution should be exercised in prescribing TEVA-PIROXICAM to any patient with ischemic heart disease (including but NOT limited to acute myocardial infarction, history of myocardial infarction and/or angina), cerebrovascular disease (including but NOT limited to stroke, cerebrovascular accident, transient ischemic attacks and/or amaurosis fugax) and/or congestive heart failure (NYHA II-IV). Use of TEVA-PIROXICAM can promote sodium retention in a dose-dependent manner, through a renal mechanism, which can result in increased blood pressure and/or exacerbation of congestive heart failure. (See also 7 WARNINGS AND PRECAUTIONS – Renal- Fluid and Electrolyte Balance) Randomized clinical trials with piroxicam have not been designed to detect differences in cardiovascular events in a chronic setting. Therefore, caution should be exercised when prescribing TEVA-PIROXICAM. TEVA-PIROXICAM Page 7 of 45 Risk of Gastrointestinal (GI) Adv
---
 TEVA-PIROXICAM Page 6 of 45  severe liver impairment or active liver disease  severe renal impairment (creatinine clearance <30 mL/min or 0.5 mL/sec) or deteriorating renal disease (individuals with lesser degrees of renal impairment are at risk of deterioration of their renal function when prescribed NSAIDs and must be monitored) (see 7 WARNINGS AND PRECAUTIONS- Renal)  known hyperkalemia (see Warnings and Precautions - Renal - Fluid and Electrolyte Balance)  children and adolescents less than 16 years of age 3 SERIOUS WARNING AND PRECAUTIONS Risk of Cardiovascular (CV) Adverse Events: Ischemic Heart Disease, Cerebrovascular Disease, Congestive Heart Failure (NYHA II-IV) (See 7 WARNINGS AND PRECAUTIONS – Cardiovascular) TEVA-PIROXICAM is a non-steroidal anti-inflammatory drug (NSAID). Use of some NSAIDs is associated with an increased incidence of cardiovascular adverse events (such as myocardial infarction, stroke or thrombotic events) which can be fatal. The risk may increase with duration of use. Patients with cardiovascular disease or risk factors may be at greater risk. Caution should be exercised in prescribing TEVA-PIROXICAM to any patient with ischemic heart disease (including but NOT limited to acute myocardial infarction, history of myocardial infarction and/or angina), cerebrovascular disease (including but NOT limited to stroke, cerebrovascular accident, transient ischemic attacks and/or amaurosis fugax) and/or congestive heart failure (NYHA II-IV). Use of TEVA-PIROXICAM can promote sodium retention in a dose-dependent manner, through a renal mechanism, which can result in increased blood pressure and/or exacerbation of congestive heart failure. (See also 7 WARNINGS AND PRECAUTIONS – Renal- Fluid and Electrolyte Balance) Randomized clinical trials with piroxicam have not been designed to detect differences in cardiovascular events in a chronic setting. Therefore, caution should be exercised when prescribing TEVA-PIROXICAM. TEVA-PIROXICAM Page 7 of 45 Risk of Gastrointestinal (GI) Adverse Events (See 7 WARNINGS AND PRECAUTIONS - Gastroi
---
TEVA-PIROXICAM. TEVA-PIROXICAM Page 7 of 45 Risk of Gastrointestinal (GI) Adverse Events (See 7 WARNINGS AND PRECAUTIONS - Gastrointestinal) Use of TEVA-PIROXICAM is associated with an increased incidence of gastrointestinal adverse events (such as peptic/duodenal ulceration, perforation, obstruction and gastrointestinal bleeding). Risk in Pregnancy: Caution should be exercised in prescribing TEVA-PIROXICAM during the first and second trimesters of pregnancy. Use of NSAIDS at approximately 20 weeks of gestation or later may cause fetal renal dysfunction leading to oligohydramnios and neonatal renal impairment or failure (see 7.1.1 Pregnant Women). TEVA-PIROXICAM is contraindicated for use during the third trimester because of risk of premature closure of the ductus arteriosus and uterine inertia (prolonged parturition) (see 2 CONTRAINDICATIONS). 4 DOSAGE AND ADMINISTRATION 4.1 Dosing Considerations Use of TEVA-PIROXICAM should be limited to the lowest effective dose for the shortest possible duration of treatment. See 1 INDICATIONS. For patients with an increased risk of developing CV and/or GI adverse events, other management strategies that do NOT include the use of NSAIDs should be considered first. (See 2 CONTRAINDICATIONS and 7 WARNINGS AND PRECAUTIONS) Frail or debilitated patients may tolerate side effects less well and therefore special care should be taken in treating this population. To minimize the potential risk for an adverse event the lowest effective dose should be used for the shortest possible duration. As with other NSAIDs, caution should be used in the treatment of elderly patients who are more likely to be suffering from impaired renal, hepatic or cardiac function. Consideration should be given to a starting dose that is lower than usual and to an increase of the dose only if symptoms remain uncontrolled. Such patients must be carefully supervised. For high risk patients, alternate therapies that do not involve NSAIDs should be considered. 4.2 Recommended Dose and Dose Adjustment The recommended starting dose is a single daily dose of 20 mg, or 10 mg b.i.d. In rheumatoid arthritis and ankylosing spondylitis most patients will be maintained on 20 mg daily. Some patients may be maintained on 10 mg daily. TEVA-PIROXICAM Page 8 of 45 In osteoarthritis the usual maintenance dose is 10-20 mg daily. The total daily dose of TEVA-PIROXICAM should not exceed 20 mg
---
20 mg per day. Pediatrics (< 16 years of age): Health Canada has not authorized an indication for pediatric use (See 2 CONTRAINDICATIONS). Geriatrics (> 65 years of age): Consideration should be given to a starting dose lower than the one usually recommended, with individual adjustment when necessary and under close supervision (See 7.1.4 Geriatrics). Renal Insufficiency: Because of the extensive renal excretion of TEVA-PIROXICAM and its biotransformation products (less than 5% of the daily dose excreted unchanged), lower doses of TEVA-PIROXICAM should be anticipated in patients with impaired renal function and they should be carefully monitored. TEVA-PIROXICAM is contraindicated in severe renal impairment and in deteriorating renal disease (See 2 CONTRAINDICATIONS). Hepatic Insufficiency: A substantial portion of piroxicam elimination occurs by hepatic metabolism. Consequently, patients with hepatic disease may require reduced doses of TEVA- PIROXICAM. TEVA-PIROXICAM is contraindicated in severe liver impairment or active liver disease. 4.4 Administration TEVA-PIROXICAM capsules should be taken immediately after a meal or with food or milk. If stomach upset (indigestion, nausea, vomiting, stomach pain or diarrhea) occurs and continues, a doctor should be consulted. 4.5 Missed Dose If a dose of TEVA-PIROXICAM is taken once a day and a dose of this medicine is missed, a dose of TEVA-PIROXICAM should be taken right away if remembered by the patient within 8 hours of the missed dose. If TEVA-PIROXICAM is taken twice a day and a dose is missed, which the patient remembers within 2 ",NO_EXACT_EMA_PRODUCT,,,,,CURRENT_SINGLE_OFFICIAL_EXACT,HEALTH_CANADA,RENAL_THRESHOLD_DOSING_EXPLICIT,CURRENT_SINGLE_OFFICIAL_EXACT,HEALTH_CANADA,True
MED-0474,POMALIDOMIDA,CURRENT_DAILYMED_IDENTITY_CONFIRMED,,,,,,,,,,,,,,,,,,,,,,,,CURRENT_DAILYMED_IDENTITY_CONFIRMED,DAILYMED,True
MED-0481,PRIMAQUINA,CURRENT_DAILYMED_IDENTITY_CONFIRMED,,,,,,,,,,,,,,,,,,,,,,,,CURRENT_DAILYMED_IDENTITY_CONFIRMED,DAILYMED,True
MED-0497,RIBOCICLIB,CURRENT_DAILYMED_IDENTITY_CONFIRMED,,,,,,,,,,,,,,,,,,,,,,,,CURRENT_DAILYMED_IDENTITY_CONFIRMED,DAILYMED,True
MED-0511,RUFINAMIDA,CURRENT_DAILYMED_IDENTITY_CONFIRMED,,,,,,,,,,,,,,,,,,,,,,,,CURRENT_DAILYMED_IDENTITY_CONFIRMED,DAILYMED,True
MED-0519,SELEXIPAG,CURRENT_OPENFDA_IDENTITY_CONFIRMED,,,,,,,,,,,,,,,,,,,,,,,,CURRENT_OPENFDA_IDENTITY_CONFIRMED,OPENFDA,True
MED-0522,SEVELAMER CLORHIDRATO,CURRENT_OPENFDA_IDENTITY_CONFIRMED,,,,,,,,,,,,,,,,,,,,,,,,CURRENT_OPENFDA_IDENTITY_CONFIRMED,OPENFDA,True
MED-0549,SUMATRIPTAN,CURRENT_OPENFDA_IDENTITY_CONFIRMED,,,,,,,,,,,,,,,,,,,,,,,,CURRENT_OPENFDA_IDENTITY_CONFIRMED,OPENFDA,True
MED-0554,TALAZOPARIB,CURRENT_DAILYMED_IDENTITY_CONFIRMED,,,,,,,,,,,,,,,,,,,,,,,,CURRENT_DAILYMED_IDENTITY_CONFIRMED,DAILYMED,True
MED-0572,TINIDAZOL,CURRENT_DAILYMED_IDENTITY_CONFIRMED,,,,,,,,,,,,,,,,,,,,,,,,CURRENT_DAILYMED_IDENTITY_CONFIRMED,DAILYMED,True
MED-0582,TRAMETINIB DIMETILSULFOXIDO,CURRENT_OPENFDA_IDENTITY_CONFIRMED,,,,,,,,,,,,,,,,,,,,,,,,CURRENT_OPENFDA_IDENTITY_CONFIRMED,OPENFDA,True
MED-0583,TRANDOLAPRIL,CURRENT_OPENFDA_IDENTITY_CONFIRMED,,,,,,,,,,,,,,,,,,,,,,,,CURRENT_OPENFDA_IDENTITY_CONFIRMED,OPENFDA,True
MED-0608,VERICIGUAT,CURRENT_DAILYMED_IDENTITY_CONFIRMED,,,,,,,,,,,,,,,,,,,,,,,,CURRENT_DAILYMED_IDENTITY_CONFIRMED,DAILYMED,True
MED-0646,GLUCAGÓN,UNRESOLVED,False,False,False,EXACT_IDENTITY_CORROBORATED,ANDA218813,100.0,ACCEPT,DIALYSIS_DOSING_EXPLICIT,67195,02243297,GLUCAGON,Cancelled Post Market,https://pdf.hres.ca/dpd_pm/00017002.PDF,2023-12-18,"GLUCACON (rDNA Origin) Product Monograph Page 12 of 32 If the patient develops a dramatic increase in blood pressure, 5 to 10 mg of phentolamine has been shown to be effective in lowering blood pressure for the short time that control would be needed. Forced diuresis, peritoneal dialysis, hemodialysis, or charcoal hemoperfusion have not been established as beneficial for an overdose of glucagon; it is extremely unlikely that one of these procedures would ever be indicated. All of the results mentioned above have been obtained with animal sourced glucagon rather than recombinant glucagon. Since the structure of recombinant glucagon is identical to the animal sourced glucagon, the results obtained from the animal sourced glucagon studies are applicable to recombinant glucagon. ACTION AND CLINICAL PHARMACOLOGY GLUCAGON (glucagon for injection, rDNA origin) is a polypeptide hormone identical to human glucagon which is manufactured by recombinant DNA technology and has the same molecular structure as animal sourced glucagon. Glucagon causes an increase in blood glucose concentration. Glucagon acts only on liver glycogen, converting it to glucose. Parenteral administration of glucagon relaxes smooth muscle of the stomach, duodenum, small bowel, and colon. Pharmacodynamics In a study of 29 healthy volunteers, a subcutaneous dose of 1 mg glucagon resulted in a mean peak glucose concentration of 136 mg/dL (7.55 mmol/L), 30 minutes after injection for the 25 evaluable patients. Similarly, following intramuscular injection, the mean peak glucose level was 138 mg/dL (7.66 mmol/L), which occurred at 26 minutes after injection. No difference in glucodynamic activity between animal-sourced and rDNA glucagon was observed after subcutaneous and intramuscular injection. Pharmacokinetics Glucagon has been studied following intramuscular, subcutaneous, and intravenous administration in adult volunteers. Administration of the intravenous Glucagon showed dose proportionality of the pharmacokinetics between 0.25 and 2.0 mg. Calculations from a 1 mg dose showed a small volume
---
GLUCACON (rDNA Origin) Product Monograph Page 12 of 32 If the patient develops a dramatic increase in blood pressure, 5 to 10 mg of phentolamine has been shown to be effective in lowering blood pressure for the short time that control would be needed. Forced diuresis, peritoneal dialysis, hemodialysis, or charcoal hemoperfusion have not been established as beneficial for an overdose of glucagon; it is extremely unlikely that one of these procedures would ever be indicated. All of the results mentioned above have been obtained with animal sourced glucagon rather than recombinant glucagon. Since the structure of recombinant glucagon is identical to the animal sourced glucagon, the results obtained from the animal sourced glucagon studies are applicable to recombinant glucagon. ACTION AND CLINICAL PHARMACOLOGY GLUCAGON (glucagon for injection, rDNA origin) is a polypeptide hormone identical to human glucagon which is manufactured by recombinant DNA technology and has the same molecular structure as animal sourced glucagon. Glucagon causes an increase in blood glucose concentration. Glucagon acts only on liver glycogen, converting it to glucose. Parenteral administration of glucagon relaxes smooth muscle of the stomach, duodenum, small bowel, and colon. Pharmacodynamics In a study of 29 healthy volunteers, a subcutaneous dose of 1 mg glucagon resulted in a mean peak glucose concentration of 136 mg/dL (7.55 mmol/L), 30 minutes after injection for the 25 evaluable patients. Similarly, following intramuscular injection, the mean peak glucose level was 138 mg/dL (7.66 mmol/L), which occurred at 26 minutes after injection. No difference in glucodynamic activity between animal-sourced and rDNA glucagon was observed after subcutaneous and intramuscular injection. Pharmacokinetics Glucagon has been studied following intramuscular, subcutaneous, and intravenous administration in adult volunteers. Administration of the intravenous Glucagon showed dose proportionality of the pharmacokinetics between 0.25 and 2.0 mg. Calculations from a 1 mg dose showed a small volume of distributi
---
s grew when transferred to histidine-free media, indicating that the organisms were true revertants. The mechanism for the reversion, however, was apparently related to generation of histidine from rGlucagon and was not due to a mutagenic impurity. In order to ensure that the increased colony counts were not due to a mutagenic impurity, additional Ames assays were conducted using rGlucagon that had been subjected to additional purification. Purification by acid precipitation or reverse-phase chromatography did not change the ability of rGlucagon to increase colony counts. When material from a dialysis purification was tested, the permeate (containing any small molecules) did not increase colony counts, while the retentate (containing rGlucagon) continued to increase colony counts. These results indicated that no mutagenic impurities were present in the test article. Rather, the observed increases in colony counts can be explained based on the liberation of histidine, which is essential for the growth of TA98 and TA100, from rGlucagon. Concentration-dependent generation of histidine from rGlucagon under the conditions of the activated Ames assay was demonstrated in separate experiments. The high concentrations of rGlucagon in the test apparently provided sufficient histidine to allow continued cell divisions and subsequent formation of spontaneous revertants. Therefore, it was concluded that rGlucagon was not mutagenic in the Ames bacterial mutation assay. GLUCACON (rDNA Origin) Product Monograph Page 26 of 32 17. Diamant B, Picazo J. 1983. Spasmolytic action and clinical use of glucagon. In: Lefebvre PJ, editor. Glucagon II. New York: Springer-Verlag. p 611-634. 18. Dotevall G, Kock NG. The Effect of Glucagon on Intestinal Motility in Man. Gastroenterol 1963;45:364-367. 19. Dyck WP, Texter EC, Lasater JM, Hightower NC. Influence of Glucagon on Pancreatic Secretion in Man. Gastroenterology 1970;58:532-539. 20. Editorial: Glucagon in Congestive Heart Failure. JAMA 1968;206:1078. 21. Elrick H, et al. Effects of Glucagon on Renal Function in Man. J Clin Endocrinol 1958;18:813-824. 22. Eistrup C, Hjortkjaer RK, Pickersgill N, Virgo DM, Woolley APAH. 1993. Glucagon produced by recombinant DNA technology: repeated dose toxicity studies, intravenous administration to CD rats and beagle dogs for four weeks. Pharmacol Toxicol 73:103-108. 23. Etzwiler DD. Effect of Glucagon Hy
---
cterial mutation assay. GLUCACON (rDNA Origin) Product Monograph Page 26 of 32 17. Diamant B, Picazo J. 1983. Spasmolytic action and clinical use of glucagon. In: Lefebvre PJ, editor. Glucagon II. New York: Springer-Verlag. p 611-634. 18. Dotevall G, Kock NG. The Effect of Glucagon on Intestinal Motility in Man. Gastroenterol 1963;45:364-367. 19. Dyck WP, Texter EC, Lasater JM, Hightower NC. Influence of Glucagon on Pancreatic Secretion in Man. Gastroenterology 1970;58:532-539. 20. Editorial: Glucagon in Congestive Heart Failure. JAMA 1968;206:1078. 21. Elrick H, et al. Effects of Glucagon on Renal Function in Man. J Clin Endocrinol 1958;18:813-824. 22. Eistrup C, Hjortkjaer RK, Pickersgill N, Virgo DM, Woolley APAH. 1993. Glucagon produced by recombinant DNA technology: repeated dose toxicity studies, intravenous administration to CD rats and beagle dogs for four weeks. Pharmacol Toxicol 73:103-108. 23. Etzwiler DD. Effect of Glucagon Hydrochloride on Hypoglycemia of Juvenile Diabetics. The Jour of the Amer Med Assoc 1963;183:795-797. 24. Gibbs, et al. Use of Glucagon to terminate insulin reactions in diabetic children. Nebr Med J 1958;43:56-57. 25. Farah AD. 1983. Glucagon and the heart. In: Lefebvre PJ, editor. Glucagon II. New York: Springer-Verlag. p 563-573. 26. Feczko PJ, Haggar AM, Halpert RD. A reappraisal of upper gastrointestinal response to low-dose glucagon. CRC Crit Rev Diagn Imaging 1985;23(4):377-412. 27. Gilsanz V, Oteyza CP, Jose L. Glucagon vs Anticholinergics in the Treatment of Acute Pancreatitis. Arch Intern Med 1978;138:535-538. 28. Glucagon and Pheochromocytoma, Annals of Internal. Medicine. EDITORIAL 1970;73:851-852. 29. Gohel VK, Dalinka MK, Coren GC. Hypotonic Examination of the Colon with Glucagon. Rad 1975;115:1-4. 30. Harned RK, Stelling CB, Williams S, Wolf GL. Glucagon and Barium Enema Examinations: A Controlled Clinical Trial. The Amer Jour of Roentgenol, Radium Therapy and Nuclear Medicine 1976;126:981-984. 31. Haunz EA. Feigned Insulin Reactions in Diabetic Children Prevented by Glucagon. Lancet 1962;82:263-267. 32. Hall-Boyer K, Zaloga GP, Chernow B. Glucagon: Hormone or therapeutic agent? Critical Care Medicine 1984;7:584-589. 33. Helmer OM, Kirtley WR, Ridolfo AS. Clinical and Metabolic Changes Induced by Glucagon in Patients with Rheumatoid Arthritis. J Lab and Clin Med 1957;50:824. 34. Hug G. Glucagon Tolerance Test in Glycogen Stor",NO_EXACT_EMA_PRODUCT,,,,,CURRENT_SINGLE_OFFICIAL_EXACT,HEALTH_CANADA,DIALYSIS_DOSING_EXPLICIT,CURRENT_SINGLE_OFFICIAL_EXACT,HEALTH_CANADA,True
MED-0663,FLUMAZENIL,CURRENT_OPENFDA_IDENTITY_CONFIRMED,,,,,,,,,,,,,,,,,,,,,,,,CURRENT_OPENFDA_IDENTITY_CONFIRMED,OPENFDA,True
MED-0666,FOMEPIZOL,UNRESOLVED,False,False,False,NO_EXACT_IDENTITY_MATCH,,,ACCEPT,DIALYSIS_DOSING_EXPLICIT,66820,02242980,ANTIZOL,Marketed,https://pdf.hres.ca/dpd_pm/00084186.PDF,2026-04-08,"zole at which alcohol dehydrogenase is inhibited by 50% in vitro is approximately 0.1 mcmol/L. The plasma concentrations achieved in humans with the proposed dosage regimen are well above this, with peak concentrations of fomepizole between 100-300 mcmol/L (8.2-24.6 mg/L). These levels are achieved with oral or IV fomepizole doses of 10-20 mg/kg. Fomepizole is most effective when given in close proximity to the ethylene glycol or methanol ingestion before significant target organ damage occurs. Pharmacokinetics: The plasma half-life of fomepizole varies with dose, even in patients with normal renal function, and has not been calculated. Distribution Antizol - Product Monograph Page 3 of 18 After intravenous infusion, fomepizole rapidly distributes to total body water. The volume of distribution is between 0.6 L/kg and 1.02 L/kg. Metabolism In healthy volunteers, only 1-3.5% of the administered dose of fomepizole (7-20 mg/kg oral and IV) was excreted unchanged in the urine, indicating that metabolism is the major route of elimination. In humans, the primary metabolite of fomepizole is 4-carboxypyrazole (approximately 80-85% of administered dose), which is excreted in the urine. Other metabolites of fomepizole observed in the urine are 4-hydroxymethylpyrazole and the N-glucuronide conjugates of 4-carboxypyrazole and 4-hydroxymethylpyrazole. Excretion After a single dose, the elimination of fomepizole is best characterized by Michaelis-Menten kinetics with saturable elimination occurring at plasma concentrations of 100-300 mcmol/L (8.2- 24.6 mg/L). With multiple doses, fomepizole rapidly induces its own metabolism via the cytochrome P450 mixed-function oxidase system, which produces a significant increase in the elimination rate after about 30-40 hours. After enzyme induction, elimination follows first-order kinetics. Special Populations No special pharmacokinetic studies have been performed with respect to pediatric, geriatric, hepatically-impaired, or renally-impaired patients. Gender: Possible gender differences were not investigated therefore dose adjustments for patient subgroups cannot be recommended. INDICATIONS AND CLINICAL USE Antizol (fomepizole) Injection is indicated as an antidote for ethylene glycol (such as antifreeze) or methanol (such as windshield washer fluid) poisoning, or for use in suspected ethylene glycol or methanol ingestion, either alone or in comb
---
rst-order kinetics. Special Populations No special pharmacokinetic studies have been performed with respect to pediatric, geriatric, hepatically-impaired, or renally-impaired patients. Gender: Possible gender differences were not investigated therefore dose adjustments for patient subgroups cannot be recommended. INDICATIONS AND CLINICAL USE Antizol (fomepizole) Injection is indicated as an antidote for ethylene glycol (such as antifreeze) or methanol (such as windshield washer fluid) poisoning, or for use in suspected ethylene glycol or methanol ingestion, either alone or in combination with hemodialysis (see DOSAGE AND ADMINISTRATION). CONTRAINDICATIONS Antizol (fomepizole) Injection should not be administered to patients with a documented serious hypersensitivity reaction to Antizol or other pyrazoles. PRECAUTIONS General: Antizol (fomepizole) Injection should not be given undiluted or by bolus injection. Venous irritation and phlebosclerosis were noted in two of six normal volunteers given bolus injections of Antizol (over 5 minutes) at a concentration of 25 mg/mL. Antizol - Product Monograph Page 5 of 18 Gastrointestinal: Vomiting, diarrhea, dyspepsia, heartburn, decreased appetite, transient increase in liver function tests. Hemic/Lymphatic: Eosinophilia/hypereosinophilia, lymphangitis, anemia. Central Nervous System (CNS): Lightheadedness, agitation, feeling drunk, facial flush, vertigo, nystagmus, anxiety, “felt strange”, decreased environmental awareness. Respiratory: Hiccups, pharyngitis. Skin/Appendages: Application site reaction, rash. Special Senses: Abnormal smell, speech/visual disturbances, transient blurred vision, roar in ear. Post-Market Adverse Reactions: Serious, life-threatening hypersensitivity reaction (anaphylaxis) has been reported following fomepizole administration (see CONTRAINDICATIONS). SYMPTOMS AND TREATMENT OF OVERDOSAGE Nausea, dizziness, and vertigo were noted in healthy volunteers receiving 50 and 100 mg/kg doses of Antizol (fomepizole) Injection (at plasma concentrations of 290-520 mcmol/L, 23.8- 42.7 mg/L). These doses are 3-6 times the recommended dose. This dose-dependent CNS effect was short-lived in most subjects however in one subject it lasted up to 30 hours. Antizol is dialyzable, and hemodialysis may be useful in treating cases of overdosage. DOSAGE AND ADMINISTRATION Treatment Guidelines: Treatment of ethylene glycol and me
---
rations and eosinophilia have been noted with repeated Antizol dosing. Dosing of Antizol: A loading dose of 15 mg/kg should be administered, followed by doses of 10 mg/kg every 12 hours for 4 doses, then 15 mg/kg every 12 hours thereafter until ethylene glycol or methanol concentrations are undetectable or have been reduced below 20 mg/dL (3.2 mmol/L for ethylene glycol and 6.2 mmol/L for methanol), and the patient is asymptomatic with normal pH. All doses should be administered as a slow intravenous infusion over 30 minutes (see Preparation for Intravenous Administration, below). Dosage with Hemodialysis: Hemodialysis should be considered in addition to Antizol in the case of renal failure, significant or worsening metabolic acidosis, or a measured ethylene glycol or methanol concentration of greater than or equal to 50 mg/dL (8.1 mmol/L for ethylene glycol and 15.6 mmol/L for methanol). Patients should be dialyzed to correct metabolic abnormalities and to lower the ethylene glycol concentrations below 50 mg/dL (8.1 mmol/L for ethylene glycol and 15.6 mmol/L for methanol). The following guidelines for administering Antizol during hemodialysis should be used: Before dialysis: Administer next scheduled dose if > 6 hours since the last dose. During dialysis: Administer doses every 4 hours. Post-dialysis: If time since last dose is < 1 hour, then give the next scheduled dose 12 hours from the last dose administered, and then follow the normal dosing schedule (see Dosing of Antizol). If time since last dose is ≥ 1 hour but < 3 hours, then immediately administer 50% of the next scheduled dose, and then follow the normal dosing schedule. If time since last dose is ≥ 3 hours, then immediately administer 100% of the next scheduled dose, and then follow the normal dosing schedule. Discontinuation of Antizol Treatment: Treatment with Antizol may be discontinued when ethylene glycol or methanol concentrations are undetectable or have been reduced below 20 mg/dL (3.2 mmol/L for ethylene glycol and 6.2 mmol/L for methanol), and the patient is asymptomatic with normal pH. Preparation for Intravenous Administration: When preparing Antizol solution avoid ocular, dermal, or inhalation exposures. In case of eye or skin exposure, flush immediately with copious amounts of water. Seek medical attention if irritation persists. Prepare solution in well-ventilated area. If accidental inhalatio
---
sinophilia have been noted with repeated Antizol dosing. Dosing of Antizol: A loading dose of 15 mg/kg should be administered, followed by doses of 10 mg/kg every 12 hours for 4 doses, then 15 mg/kg every 12 hours thereafter until ethylene glycol or methanol concentrations are undetectable or have been reduced below 20 mg/dL (3.2 mmol/L for ethylene glycol and 6.2 mmol/L for methanol), and the patient is asymptomatic with normal pH. All doses should be administered as a slow intravenous infusion over 30 minutes (see Preparation for Intravenous Administration, below). Dosage with Hemodialysis: Hemodialysis should be considered in addition to Antizol in the case of renal failure, significant or worsening metabolic acidosis, or a measured ethylene glycol or methanol concentration of greater than or equal to 50 mg/dL (8.1 mmol/L for ethylene glycol and 15.6 mmol/L for methanol). Patients should be dialyzed to correct metabolic abnormalities and to lower the ethylene glycol concentrations below 50 mg/dL (8.1 mmol/L for ethylene glycol and 15.6 mmol/L for methanol). The following guidelines for administering Antizol during hemodialysis should be used: Before dialysis: Administer next scheduled dose if > 6 hours since the last dose. During dialysis: Administer doses every 4 hours. Post-dialysis: If time since last dose is < 1 hour, then give the next scheduled dose 12 hours from the last dose administered, and then follow the normal dosing schedule (see Dosing of Antizol). If time since last dose is ≥ 1 hour but < 3 hours, then immediately administer 50% of the next scheduled dose, and then follow the normal dosing schedule. If time since last dose is ≥ 3 hours, then immediately administer 100% of the next scheduled dose, and then follow the normal dosing schedule. Discontinuation of Antizol Treatment: Treatment with Antizol may be discontinued when ethylene glycol or methanol concentrations are undetectable or have been reduced below 20 mg/dL (3.2 mmol/L for ethylene glycol and 6.2 mmol/L for methanol), and the patient is asymptomatic with normal pH. Preparation for Intravenous Administration: When preparing Antizol solution avoid ocular, dermal, or inhalation exposures. In case of eye or skin exposure, flush immediately with copious amounts of water. Seek medical attention if irritation persists. Prepare solution in well-ventilated area. If accidental inhalation occurs, move
---
or Intravenous Administration, below). Dosage with Hemodialysis: Hemodialysis should be considered in addition to Antizol in the case of renal failure, significant or worsening metabolic acidosis, or a measured ethylene glycol or methanol concentration of greater than or equal to 50 mg/dL (8.1 mmol/L for ethylene glycol and 15.6 mmol/L for methanol). Patients should be dialyzed to correct metabolic abnormalities and to lower the ethylene glycol concentrations below 50 mg/dL (8.1 mmol/L for ethylene glycol and 15.6 mmol/L for methanol). The following guidelines for administering Antizol during hemodialysis should be used: Before dialysis: Administer next scheduled dose if > 6 hours since the last dose. During dialysis: Administer doses every 4 hours. Post-dialysis: If time since last dose is < 1 hour, then give the next scheduled dose 12 hours from the last dose administered, and then follow the normal dosing schedule (see Dosing of Antizol). If time since last dose is ≥ 1 hour but < 3 hours, then immediately administer 50% of the next scheduled dose, and then follow the normal dosing schedule. If time since last dose is ≥ 3 hours, then immediately administer 100% of the next scheduled dose, and then follow the normal dosing schedule. Discontinuation of Antizol Treatment: Treatment with Antizol may be discontinued when ethylene glycol or methanol concentrations are undetectable or have been reduced below 20 mg/dL (3.2 mmol/L for ethylene glycol and 6.2 mmol/L for methanol), and the patient is asymptomatic with normal pH. Preparation for Intravenous Administration: When preparing Antizol solution avoid ocular, dermal, or inhalation exposures. In case of eye or skin exposure, flush immediately with copious amounts of water. Seek medical attention if irritation persists. Prepare solution in well-ventilated area. If accidental inhalation occurs, move to fresh air. Antizol - Product Monograph Page 9 of 18 PHARMACOLOGY Animal Studies: Fomepizole has been shown in vitro and in vivo to block alcohol dehydrogenase enzyme activity in dog, monkey, and human liver. The relative affinity of fomepizole for human ADH is 80,000 times greater than that of methanol and ethylene glycol, and 8,000 times greater than that of ethanol (3, 18, 30). Fomepizole has been shown to inhibit ethylene glycol toxicity in r",NO_EXACT_EMA_PRODUCT,,,,,CURRENT_SINGLE_OFFICIAL_EXACT,HEALTH_CANADA,DIALYSIS_DOSING_EXPLICIT,CURRENT_SINGLE_OFFICIAL_EXACT,HEALTH_CANADA,True
MED-0675,ZANAMIVIR,CURRENT_DAILYMED_IDENTITY_CONFIRMED,,,,,,,,,,,,,,,,,,,,,,,,CURRENT_DAILYMED_IDENTITY_CONFIRMED,DAILYMED,True
MED-0676,REMDESIVIR,CURRENT_DAILYMED_IDENTITY_CONFIRMED,,,,,,,,,,,,,,,,,,,,,,,,CURRENT_DAILYMED_IDENTITY_CONFIRMED,DAILYMED,True
MED-0685,IDARUCIZUMAB,CURRENT_OPENFDA_IDENTITY_CONFIRMED,,,,,,,,,,,,,,,,,,,,,,,,CURRENT_OPENFDA_IDENTITY_CONFIRMED,OPENFDA,True
MED-0686,ANDEXANET ALFA,UNRESOLVED,False,False,False,NO_EXACT_IDENTITY_MATCH,,,ACCEPT,NO_ADJUSTMENT_EXPLICIT,102725,02538539,ONDEXXYA,Cancelled Post Market,https://pdf.hres.ca/dpd_pm/00071399.PDF,2026-08-21," ONDEXXYA® (andexanet alfa) Page 6 of 32 Special Populations Pediatrics (< 18 years of age): Health Canada has not authorized an indication for pediatric use. Geriatrics (≥ 65 years of age): No dose adjustment is recommended for elderly patients (≥ 65 years of age) (see 7 WARNINGS AND PRECAUTIONS and 10 CLINICAL PHARMACOLOGY). Renal Impairment: The effect of renal impairment on ONDEXXYA exposure levels has not been evaluated. Because andexanet alfa is a protein and is given as a one-time treatment, no dose adjustment is recommended. Hepatic Impairment: The safety and efficacy of ONDEXXYA have not been studied in patients with hepatic impairment. Biliary and/or feces elimination of protein therapeutics is not a known route of protein elimination. Because andexanet alfa is a protein and is given as a one-time treatment, no dose adjustment is recommended. 4.3 Reconstitution ONDEXXYA does not need to be brought to room temperature before reconstitution or administration to the patient. Aseptic technique during the reconstitution procedure should be used. Two IV infusion bags will be prepared to deliver the selected ONDEXXYA regimen. One bag containing the bolus dose and one bag containing the follow-on IV infusion. The reconstituted solution contains andexanet alfa at a concentration of 10 mg/mL. Chemical and physical in-use stability has been demonstrated over a 24-hour period. The reconstituted solution in the primary packaging vials can be stored for 16 hours at 2°C to 8°C. If necessary, the reconstituted solution can be stored at room temperature for an additional eight hours after being transferred to the IV bag. To minimize the risk of microbial growth, once reconstituted, it is recommended that the product be used immediately. ONDEXXYA® (andexanet alfa) Page 18 of 32 effective half-life. Special Populations and Conditions • Pediatrics (> 18 years of age): The pharmacokinetics of ONDEXXYA have not been studied in pediatric patients. • Geriatrics (≥ 65 years of age): In a study comparing ONDEXXYA pharmacokinetics in elderly (65-69 years) and younger (26-42 years) healthy subjects who had received apixaban, 
---
 ONDEXXYA® (andexanet alfa) Page 6 of 32 Special Populations Pediatrics (< 18 years of age): Health Canada has not authorized an indication for pediatric use. Geriatrics (≥ 65 years of age): No dose adjustment is recommended for elderly patients (≥ 65 years of age) (see 7 WARNINGS AND PRECAUTIONS and 10 CLINICAL PHARMACOLOGY). Renal Impairment: The effect of renal impairment on ONDEXXYA exposure levels has not been evaluated. Because andexanet alfa is a protein and is given as a one-time treatment, no dose adjustment is recommended. Hepatic Impairment: The safety and efficacy of ONDEXXYA have not been studied in patients with hepatic impairment. Biliary and/or feces elimination of protein therapeutics is not a known route of protein elimination. Because andexanet alfa is a protein and is given as a one-time treatment, no dose adjustment is recommended. 4.3 Reconstitution ONDEXXYA does not need to be brought to room temperature before reconstitution or administration to the patient. Aseptic technique during the reconstitution procedure should be used. Two IV infusion bags will be prepared to deliver the selected ONDEXXYA regimen. One bag containing the bolus dose and one bag containing the follow-on IV infusion. The reconstituted solution contains andexanet alfa at a concentration of 10 mg/mL. Chemical and physical in-use stability has been demonstrated over a 24-hour period. The reconstituted solution in the primary packaging vials can be stored for 16 hours at 2°C to 8°C. If necessary, the reconstituted solution can be stored at room temperature for an additional eight hours after being transferred to the IV bag. To minimize the risk of microbial growth, once reconstituted, it is recommended that the product be used immediately. ONDEXXYA® (andexanet alfa) Page 18 of 32 effective half-life. Special Populations and Conditions • Pediatrics (> 18 years of age): The pharmacokinetics of ONDEXXYA have not been studied in pediatric patients. • Geriatrics (≥ 65 years of age): In a study comparing ONDEXXYA pharmacokinetics in elderly (65-69 years) and younger (26-42 years) healthy subjects who had received apixaban, the pharmacokinetics of ONDEXXYA
---
egnant women to determine if ONDEXXYA exposure during pregnancy poses any risk to the mother or fetus. Animal reproductive and developmental studies have not been conducted with ONDEXXYA. ONDEXXYA is not recommended during pregnancy. Breastfeeding It is unknown whether ONDEXXYA is excreted in human milk. A risk to breastfed newborns/infants cannot be excluded. Hepatic Impairment: No trials have been conducted to investigate the pharmacokinetics of ONDEXXYA in patients with hepatic impairment. Biliary and/or feces elimination of protein therapeutics is not a known route of protein elimination. Renal Impairment: No trials have been conducted to investigate the pharmacokinetics of ONDEXXYA in patients with renal impairment. Based on the available PK data, ONDEXXYA has little to no renal clearance. 11 STORAGE, STABILITY AND DISPOSAL Unopened Vial Stored in a refrigerator at 2°C - 8°C. DO NOT FREEZE. Reconstituted Product For storage conditions after reconstitution of the medicinal product, see 4.3 Reconstitution. Disposal For disposal, see 4.3 Reconstitution. 12 SPECIAL HANDLING INSTRUCTIONS This medicinal product must not be mixed with other medicinal products. 
---
roductive and developmental studies have not been conducted with ONDEXXYA. ONDEXXYA is not recommended during pregnancy. Breastfeeding It is unknown whether ONDEXXYA is excreted in human milk. A risk to breastfed newborns/infants cannot be excluded. Hepatic Impairment: No trials have been conducted to investigate the pharmacokinetics of ONDEXXYA in patients with hepatic impairment. Biliary and/or feces elimination of protein therapeutics is not a known route of protein elimination. Renal Impairment: No trials have been conducted to investigate the pharmacokinetics of ONDEXXYA in patients with renal impairment. Based on the available PK data, ONDEXXYA has little to no renal clearance. 11 STORAGE, STABILITY AND DISPOSAL Unopened Vial Stored in a refrigerator at 2°C - 8°C. DO NOT FREEZE. Reconstituted Product For storage conditions after reconstitution of the medicinal product, see 4.3 Reconstitution. Disposal For disposal, see 4.3 Reconstitution. 12 SPECIAL HANDLING INSTRUCTIONS This medicinal product must not be mixed with other medicinal products. ",NO_EXACT_EMA_PRODUCT,,,,,CURRENT_SINGLE_OFFICIAL_EXACT,HEALTH_CANADA,NO_ADJUSTMENT_EXPLICIT,CURRENT_SINGLE_OFFICIAL_EXACT,HEALTH_CANADA,True
MED-0694,ESMOLOL,CURRENT_DAILYMED_IDENTITY_CONFIRMED,,,,,,,,,,,,,,,,,,,,,,,,CURRENT_DAILYMED_IDENTITY_CONFIRMED,DAILYMED,True
MED-0705,SUGAMMADEX,CURRENT_DAILYMED_IDENTITY_CONFIRMED,,,,,,,,,,,,,,,,,,,,,,,,CURRENT_DAILYMED_IDENTITY_CONFIRMED,DAILYMED,True
MED-0708,CEFACLOR,CURRENT_OPENFDA_IDENTITY_CONFIRMED,,,,,,,,,,,,,,,,,,,,,,,,CURRENT_OPENFDA_IDENTITY_CONFIRMED,OPENFDA,True
MED-0713,ITRACONAZOL,CURRENT_DAILYMED_IDENTITY_CONFIRMED,,,,,,,,,,,,,,,,,,,,,,,,CURRENT_DAILYMED_IDENTITY_CONFIRMED,DAILYMED,True
MED-0774,ARTEMÉTER/LUMEFANTRINA,CURRENT_DAILYMED_IDENTITY_CONFIRMED,,,,,,,,,,,,,,,,,,,,,,,,CURRENT_DAILYMED_IDENTITY_CONFIRMED,DAILYMED,True
MED-0793,INSULINA LISPRO/INSULINA LISPRO-PROTAMINA,CURRENT_DAILYMED_IDENTITY_CONFIRMED,,,,,,,,,,,,,,,,,,,,,,,,CURRENT_DAILYMED_IDENTITY_CONFIRMED,DAILYMED,True
MED-0794,IVACAFTOR/TEZACAFTOR,CURRENT_DAILYMED_IDENTITY_CONFIRMED,,,,,,,,,,,,,,,,,,,,,,,,CURRENT_DAILYMED_IDENTITY_CONFIRMED,DAILYMED,True
MED-0796,LOPINAVIR/RITONAVIR,LOCAL_SUPPORT_ONLY_NEEDS_CURRENT_SOURCE,True,False,False,EXACT_IDENTITY_CORROBORATED,ANDA090371,90.0,ACCEPT,NO_ADJUSTMENT_EXPLICIT,79781,02312301,KALETRA,Marketed,https://pdf.hres.ca/dpd_pm/00085373.PDF,2014-11-25,"pproach the potential lethal dose of alcohol (see see 7.1.3. Pediatrics and 4.2. Recommended Dose and Dosage Adjustment). • There is no specific antidote for overdose with KALETRA. • Treatment of overdose with KALETRA should consist of general supportive measures including monitoring of vital signs and observation of the clinical status of the patient. • Administration of activated charcoal should be used to aid in removal of unabsorbed drug. • Human experience of acute overdosage with KALETRA is limited. • Since KALETRA is highly protein bound, dialysis is unlikely to be beneficial. However, dialysis can remove both alcohol and propylene glycol in the case of overdose with KALETRA oral solution. For the most recent information in the management of a suspected drug overdose, contact your regional poison control centre or Health Canada’s toll-free number, 1-844 POISON-X (1-844-764- 7669). 6. Dosage Forms, Strengths, Composition, and Packaging Table 8 – Dosage Forms, Strengths, Composition, and Packaging Route of Administration Dosage Form / Strength/Composition Non-medicinal Ingredients oral film-coated tablets (lopinavir/ritonavir)/ 100/25 mg, 200/50 mg Each 100/25 mg pale-pink tablet contains 100 mg of lopinavir and 25 mg of ritonavir with the following non-medicinal ingredients: copovidone, colloidal silicon dioxide, sodium stearyl fumarate and sorbitan monolaurate. The film-coating ingredients include: polyethylene glycol 3350, polyvinyl alcohol, red ferric oxide E172, talc, and titanium dioxide. Each 200/50 mg red tablet contains 200 mg of lopinavir and 50 mg of ritonavir with the following non-medicinal ingredients: copovidone, colloidal silicon dioxide, sodium stearyl fumarate and sorbitan monolaurate. The film-coating ingredients include: colloidal silicon dioxide, hydroxypropyl cellulose, hypromellose, polyethylene glycol 400, polyethylene glycol 3350, polysorbate 80, red ferric oxide E172, KALETRA (lopinavir/ritonavir) Page 19 of 104 The presence of high level alcohol in KALETRA oral solution is potentially harmful for those suffering from liver disease, alcoholism, epilepsy, brain injury or disease, as well as for pregnant women and children. It may modify or increase the effects of the other medicines (see 6. Dosage Forms, Strengths, Composition, and Packaging). Patients taking KALETRA oral solution, particularly those with renal impairment or with decrea
---
olloidal silicon dioxide, hydroxypropyl cellulose, hypromellose, polyethylene glycol 400, polyethylene glycol 3350, polysorbate 80, red ferric oxide E172, KALETRA (lopinavir/ritonavir) Page 19 of 104 The presence of high level alcohol in KALETRA oral solution is potentially harmful for those suffering from liver disease, alcoholism, epilepsy, brain injury or disease, as well as for pregnant women and children. It may modify or increase the effects of the other medicines (see 6. Dosage Forms, Strengths, Composition, and Packaging). Patients taking KALETRA oral solution, particularly those with renal impairment or with decreased ability to metabolize propylene glycol (e.g., those of Asian origin), should be monitored for adverse reactions potentially related to propylene glycol toxicity (i.e., seizures, stupor, tachycardia, hyperosmolarity, lactic acidosis, renal toxicity, haemolysis). KALETRA oral solution contains up to 0.8 g of fructose per dose when taken according to the dosage recommendations. This may be unsuitable in hereditary fructose intolerance. KALETRA oral solution contains up to 0.3 g of glycerol per dose. Only at high inadvertent doses, it can cause headache and gastrointestinal upset. Furthermore, polyoxol 40 hydrogenated castor oil and potassium present in KALETRA oral solution may cause only at high inadvertent doses gastrointestinal upset. Patients on a low potassium diet should be cautioned. 7.1. Special Populations 7.1.1. Pregnancy There are no adequate and well-controlled studies in pregnant women. Based on limited pharmacokinetics data from a published literature, 12 HIV-infected pregnant women received KALETRA 400 mg/100 mg (two 200/50 mg tablets) twice daily as part of an antiretroviral regimen. Plasma concentrations of lopinavir were measured over 12-hour periods during the second trimester (20 to 24 weeks gestation), the third trimester (30 weeks gestation) and at 8 weeks post- partum. The C12h values of lopinavir were lower during the second and third trimester by approximately 40% as compared to post-partum. No treatment-related malformations were observed when lopinavir in combination with ritonavir was administered to pregnant rats or rabbits. Embryonic and fetal developmental toxicities occurred in rats at a maternally toxic dose (see 16. Non-Clinical Toxicology). Embryonic and fetal developmental toxicities (early resorption, decreased fetal 
---
y only [N = 16]) and dose group II (400/100 mg twice daily [N = 35] and 400/200 mg twice daily [N = 33]). Within dosing groups, moderate to severe nausea of probable/possible relationship to KALETRA occurred at a higher rate in the 400/200 mg dose arm compared to the 400/100 mg dose arm in group II. b. In the first 8 weeks of the study, 166 and 165 of the patients received KALETRA capsule once daily and twice daily, respectively. After that period, all patients received KALETRA tablet. c. Criterion for Study M05-730 was > 5 x ULN (AST/ALT). d. The Cockcroft-Gault formula was used to calculate creatinine clearance. Definitions: b.i.d. = twice daily; t.i.d. = three times daily; d4T = stavudine; 3TC = lamivudine; FTC = emtricitabine; TDF = tenofovir DF; ULN = upper limit of the normal range; N/A = Not Applicable; SGPT/ALT = serum glutamic- pyruvic transaminase/alanine aminotransferase; SGOT/AST = serum glutamic-oxaloacetic transaminase/aspartate aminotransferase; GGT = gamma-glutamyl transpeptidase. Table 14 - Grade 3 to 4 Laboratory Abnormalities Reported in ≥ 2% of Adult Protease Inhibitor-Experienced Patients Variable Limit Study M98-888 (48 Weeks) Studies M98-957a and M97- 765b (84 to 144 Weeks) Study M06-802 (48 Weeks) KALETRA capsules 400/100 mg b.i.d. + NVP + NRTIs Investigator- selected PI(s) + NVP + NRTIs KALETRA capsules b.i.d. + NNRTI + NRTIs KALETRA tablets 800/200 mg daily + NRTIs KALETRA tablets 400/100 mg b.i.d. + NRTIs (N = 148) (N = 140) (N = 127) (N = 300) (N = 299) Chemistry High Glucose > 13.8 mmol/L 1% 2% 5% 2% 2% KALETRA (lopinavir/ritonavir) Page 34 of 104 Variable Limit Study M98-888 (48 Weeks) Studies M98-957a and M97- 765b (84 to 144 Weeks) Study M06-802 (48 Weeks) KALETRA capsules 400/100 mg b.i.d. + NVP + NRTIs Investigator- selected PI(s) + NVP + NRTIs KALETRA capsules b.i.d. + NNRTI + NRTIs KALETRA tablets 800/200 mg daily + NRTIs KALETRA tablets 400/100 mg b.i.d. + NRTIs (N = 148) (N = 140) (N = 127) (N = 300) (N = 299) Hematology Low Neutrophils 0.75 x 109/L 1% 2% 4% 3% 4% Hemoglobin < 80 g/L 1% 1% 1% 1% 2% a. Includes clinical laboratory data from patients receiving 400/100 mg capsules twice daily (n = 29) or 533/133 mg capsules twice daily (n = 28) for 84 weeks. Patients received KALETRA capsules in combination with NRTIs and efavirenz. b. Includes clinical laboratory data from patients receiving 400/100 mg capsules twice daily (n = 36) or 400/200
---
L 1% 1% 1% 1% 2% a. Includes clinical laboratory data from patients receiving 400/100 mg capsules twice daily (n = 29) or 533/133 mg capsules twice daily (n = 28) for 84 weeks. Patients received KALETRA capsules in combination with NRTIs and efavirenz. b. Includes clinical laboratory data from patients receiving 400/100 mg capsules twice daily (n = 36) or 400/200 mg capsules twice daily (n = 34) for 144 weeks. Patients received KALETRA capsules in combination with NRTIs and nevirapine. c. Criterion for Study M06-802 was > 5 x ULN (AST/ALT). d. The Cockcroft-Gault formula was used to calculate creatinine clearance. Definitions: b.i.d. = twice daily; NRTI = nucleoside reverse transcriptase inhibitor; NNRTI = non-nucleoside reverse transcriptase inhibitor; NVP = nevirapine; PI = protease inhibitor; ULN = upper limit of the normal range; N/A = Not Applicable; SGPT/ALT = serum glutamic-pyruvic transaminase/alanine aminotransferase; SGOT/AST = serum glutamic-oxaloacetic transaminase/aspartate aminotransferase; GGT = gamma- glutamyl transpeptidase. KALETRA (lopinavir/ritonavir) Page 45 of 104 Concomitant Drug Class: Drug Name Effect on Concentration of Lopinavir or Concomitant Druga Clinical Comments Anti-infective: clarithromycin ↑ clarithromycin For patients with renal impairment, the following dosage adjustments should be considered: • For patients with CLCR 30 to 60 mL/min, the dose of clarithromycin should be reduced by 50%. • For patients with CLCR < 30 mL/min, the dose of clarithromycin should be decreased by 75%. No dose adjustment for patients with normal renal function is necessary. Antifungals: itraconazole, ketoconazole ↑ itraconazole ↑ ketoconazole ↔ lopinavirb High doses of ketoconazole or itraconazole (> 200 mg/day) are not recommended. Careful monitoring for adverse events and cautious use of ketoconazole or itraconazole is warranted at doses > 200 mg/day when administered with KALETRA. Administration of a single 200 mg dose of ketoconazole did not increase the Cmax, AUC or Cmin of lopinavir during KALETRA 400/100 mg twice daily administration. However, it is possible that with multiple administration or higher doses of ketoconazole, lopinavir concentrations could be moderately increased. voriconazole ↓ voriconazole A study has shown that co-administration of ritonavir 100 mg every 12 hours decreased voriconazole steady-state AUC by an average of 39%; therefore, co-adm
---
rse transcriptase inhibitor; NNRTI = non-nucleoside reverse transcriptase inhibitor; NVP = nevirapine; PI = protease inhibitor; ULN = upper limit of the normal range; N/A = Not Applicable; SGPT/ALT = serum glutamic-pyruvic transaminase/alanine aminotransferase; SGOT/AST = serum glutamic-oxaloacetic transaminase/aspartate aminotransferase; GGT = gamma- glutamyl transpeptidase. KALETRA (lopinavir/ritonavir) Page 45 of 104 Concomitant Drug Class: Drug Name Effect on Concentration of Lopinavir or Concomitant Druga Clinical Comments Anti-infective: clarithromycin ↑ clarithromycin For patients with renal impairment, the following dosage adjustments should be considered: • For patients with CLCR 30 to 60 mL/min, the dose of clarithromycin should be reduced by 50%. • For patients with CLCR < 30 mL/min, the dose of clarithromycin should be decreased by 75%. No dose adjustment for patients with normal renal function is necessary. Antifungals: itraconazole, ketoconazole ↑ itraconazole ↑ ketoconazole ↔ lopinavirb High doses of ketoconazole or itraconazole (> 200 mg/day) are not recommended. Careful monitoring for adverse events and cautious use of ketoconazole or itraconazole is warranted at doses > 200 mg/day when administered with KALETRA. Administration of a single 200 mg dose of ketoconazole did not increase the Cmax, AUC or Cmin of lopinavir during KALETRA 400/100 mg twice daily administration. However, it is possible that with multiple administration or higher doses of ketoconazole, lopinavir concentrations could be moderately increased. voriconazole ↓ voriconazole A study has shown that co-administration of ritonavir 100 mg every 12 hours decreased voriconazole steady-state AUC by an average of 39%; therefore, co-administration of lopinavir/ritonavir and voriconazole should be avoided, unless an assessment of the benefit/risk to the patient justifies the use of voriconazole. KALETRA (lopinavir/ritonavir) Page 67 of 104 • Hepatic Insufficiency Lopinavir is principally metabolized and eliminated by the liver. Multiple dosing of KALETRA capsules 400/100 mg twice daily to HIV and HCV co-infected patients with mild to moderate hepatic impairment (n = 12) resulted in a 30% increase in lopinavir AUC and 20% increase in Cmax compared to HIV-infected subjects with normal hepatic function (",NO_EXACT_EMA_PRODUCT,,,,,CURRENT_SINGLE_OFFICIAL_EXACT,HEALTH_CANADA,NO_ADJUSTMENT_EXPLICIT,CURRENT_SINGLE_OFFICIAL_EXACT,HEALTH_CANADA,True
MED-0797,LUMACAFTOR/IVACAFTOR,UNRESOLVED,False,False,False,EXACT_IDENTITY_CORROBORATED,NDA211358,90.0,ACCEPT,NO_ADJUSTMENT_EXPLICIT,102579,02537087,ORKAMBI,Marketed,https://pdf.hres.ca/dpd_pm/00084705.PDF,2023-04-14," PACKAGING. 4 DOSAGE AND ADMINISTRATION 4.1 Dosing Considerations ORKAMBI should only be administered to patients who have a mutation in the CFTR gene listed in 1 INDICATIONS. ORKAMBI should only be prescribed by healthcare professional with experience in the treatment of cystic fibrosis. If the patient’s genotype is unknown, an accurate and validated genotyping method should be performed to confirm the presence of the F508del mutation on both alleles of the CFTR gene. ORKAMBI dosing may be impacted in the following patient groups: • Hepatic Impairment: Moderate or severe hepatic impairment • Renal Impairment: Severe renal impairment or end-stage renal disease • Interactions with Medicinal Products: Concomitant use of strong CYP3A inhibitors • Elevated Liver function tests (ALT, AST, and bilirubin) 4.2 Recommended Dose and Dosage Adjustment Adults, Adolescents, and children aged 1 year and older The recommended daily dose of ORKAMBI in adult and pediatric patients aged 1 year and older PrORKAMBI® (Lumacaftor/Ivacaftor Tablets and Granules) Page 6 of 47 Unclassified / Non classifié Table 2: Dosage Adjustment Recommendations for Patients with Hepatic Impairment Hepatic Insufficiency Age Dose Adjustment* Morning Dose Evening Dose Class B) 6 years and older 2 tablets 1 tablet Severe hepatic impairment (Child-Pugh Class C) 1 to 5 years 1 packet of granules per day** 6 years and older 1 tablet 1 tablet *See Table 1 for the appropriate dose per unit based on age and weight. ** or less frequently Elevated Liver Function Tests Dosing should be interrupted, and laboratory tests closely followed in patients with ALT or AST greater than 5 x upper limit of normal (ULN) when not associated with elevated bilirubin. Dosing should also be interrupted, and laboratory tests closely followed in patients with ALT or AST elevations greater than 3 x ULN when associated with bilirubin elevations greater than 2 x ULN. Renal Impairment No dose adjustment is necessary for patients with mild to moderate renal impairment. Caution is recommended while using ORKAMBI in patients with severe renal impairment (creatinine clearance less than or equal to 30 mL/min) or end-stage renal disease (see 7 WARNINGS AND PRECAUTIONS and 10 CLINICAL PHARMACOLOGY). Concomitant CYP3A Inhibitors No dose adjustment is necessary when CYP3A inhibitors are initiated in patients currently taking ORKAMBI. However, when initiatin
---
ADMINISTRATION 4.1 Dosing Considerations ORKAMBI should only be administered to patients who have a mutation in the CFTR gene listed in 1 INDICATIONS. ORKAMBI should only be prescribed by healthcare professional with experience in the treatment of cystic fibrosis. If the patient’s genotype is unknown, an accurate and validated genotyping method should be performed to confirm the presence of the F508del mutation on both alleles of the CFTR gene. ORKAMBI dosing may be impacted in the following patient groups: • Hepatic Impairment: Moderate or severe hepatic impairment • Renal Impairment: Severe renal impairment or end-stage renal disease • Interactions with Medicinal Products: Concomitant use of strong CYP3A inhibitors • Elevated Liver function tests (ALT, AST, and bilirubin) 4.2 Recommended Dose and Dosage Adjustment Adults, Adolescents, and children aged 1 year and older The recommended daily dose of ORKAMBI in adult and pediatric patients aged 1 year and older PrORKAMBI® (Lumacaftor/Ivacaftor Tablets and Granules) Page 6 of 47 Unclassified / Non classifié Table 2: Dosage Adjustment Recommendations for Patients with Hepatic Impairment Hepatic Insufficiency Age Dose Adjustment* Morning Dose Evening Dose Class B) 6 years and older 2 tablets 1 tablet Severe hepatic impairment (Child-Pugh Class C) 1 to 5 years 1 packet of granules per day** 6 years and older 1 tablet 1 tablet *See Table 1 for the appropriate dose per unit based on age and weight. ** or less frequently Elevated Liver Function Tests Dosing should be interrupted, and laboratory tests closely followed in patients with ALT or AST greater than 5 x upper limit of normal (ULN) when not associated with elevated bilirubin. Dosing should also be interrupted, and laboratory tests closely followed in patients with ALT or AST elevations greater than 3 x ULN when associated with bilirubin elevations greater than 2 x ULN. Renal Impairment No dose adjustment is necessary for patients with mild to moderate renal impairment. Caution is recommended while using ORKAMBI in patients with severe renal impairment (creatinine clearance less than or equal to 30 mL/min) or end-stage renal disease (see 7 WARNINGS AND PRECAUTIONS and 10 CLINICAL PHARMACOLOGY). Concomitant CYP3A Inhibitors No dose adjustment is necessary when CYP3A inhibitors are initiated in patients currently taking ORKAMBI. However, when initiating ORKAMBI in patients cur
---
osing Considerations ORKAMBI should only be administered to patients who have a mutation in the CFTR gene listed in 1 INDICATIONS. ORKAMBI should only be prescribed by healthcare professional with experience in the treatment of cystic fibrosis. If the patient’s genotype is unknown, an accurate and validated genotyping method should be performed to confirm the presence of the F508del mutation on both alleles of the CFTR gene. ORKAMBI dosing may be impacted in the following patient groups: • Hepatic Impairment: Moderate or severe hepatic impairment • Renal Impairment: Severe renal impairment or end-stage renal disease • Interactions with Medicinal Products: Concomitant use of strong CYP3A inhibitors • Elevated Liver function tests (ALT, AST, and bilirubin) 4.2 Recommended Dose and Dosage Adjustment Adults, Adolescents, and children aged 1 year and older The recommended daily dose of ORKAMBI in adult and pediatric patients aged 1 year and older PrORKAMBI® (Lumacaftor/Ivacaftor Tablets and Granules) Page 6 of 47 Unclassified / Non classifié Table 2: Dosage Adjustment Recommendations for Patients with Hepatic Impairment Hepatic Insufficiency Age Dose Adjustment* Morning Dose Evening Dose Class B) 6 years and older 2 tablets 1 tablet Severe hepatic impairment (Child-Pugh Class C) 1 to 5 years 1 packet of granules per day** 6 years and older 1 tablet 1 tablet *See Table 1 for the appropriate dose per unit based on age and weight. ** or less frequently Elevated Liver Function Tests Dosing should be interrupted, and laboratory tests closely followed in patients with ALT or AST greater than 5 x upper limit of normal (ULN) when not associated with elevated bilirubin. Dosing should also be interrupted, and laboratory tests closely followed in patients with ALT or AST elevations greater than 3 x ULN when associated with bilirubin elevations greater than 2 x ULN. Renal Impairment No dose adjustment is necessary for patients with mild to moderate renal impairment. Caution is recommended while using ORKAMBI in patients with severe renal impairment (creatinine clearance less than or equal to 30 mL/min) or end-stage renal disease (see 7 WARNINGS AND PRECAUTIONS and 10 CLINICAL PHARMACOLOGY). Concomitant CYP3A Inhibitors No dose adjustment is necessary when CYP3A inhibitors are initiated in patients currently taking ORKAMBI. However, when initiating ORKAMBI in patients currently taking stron
---
ugh Class C) 1 to 5 years 1 packet of granules per day** 6 years and older 1 tablet 1 tablet *See Table 1 for the appropriate dose per unit based on age and weight. ** or less frequently Elevated Liver Function Tests Dosing should be interrupted, and laboratory tests closely followed in patients with ALT or AST greater than 5 x upper limit of normal (ULN) when not associated with elevated bilirubin. Dosing should also be interrupted, and laboratory tests closely followed in patients with ALT or AST elevations greater than 3 x ULN when associated with bilirubin elevations greater than 2 x ULN. Renal Impairment No dose adjustment is necessary for patients with mild to moderate renal impairment. Caution is recommended while using ORKAMBI in patients with severe renal impairment (creatinine clearance less than or equal to 30 mL/min) or end-stage renal disease (see 7 WARNINGS AND PRECAUTIONS and 10 CLINICAL PHARMACOLOGY). Concomitant CYP3A Inhibitors No dose adjustment is necessary when CYP3A inhibitors are initiated in patients currently taking ORKAMBI. However, when initiating ORKAMBI in patients currently taking strong CYP3A inhibitors (e.g., itraconazole), reduce ORKAMBI dose to 1 tablet daily or 1 packet of granules every other day as appropriate for the first week of treatment. Following this period, continue with the recommended daily dose. If ORKAMBI is interrupted for more than 1- week and then re-initiated while taking strong CYP3A inhibitors, reduce ORKAMBI dose to 1 tablet daily or 1 packet of granules every other day for the first week of treatment re-initiation (see 9 DRUG INTERACTIONS). Following this period, continue with the recommended daily dose. 4.4 Administration ORKAMBI granules and tablets should be taken with fat-containing food. A fat-containing meal or snack should be consumed just before or just after dosing. Meals and snacks recommended in CF guidelines or meals recommended in standard nutritional guidelines contain adequate amounts of fat. A serving size of foods appropriate for age from a typical CF diet should be given. Examples of fat-containing food: meals that contain fat that have been prepared with butter or oils, meals that have eggs, nuts, whole-dairy products (such as whole-milk, breast milk, infant formula cheese, and yogurt), or meats. PrORKAMBI® (Lumacaftor/Ivacaftor Tablets and Granules) Page 11 of 47 Unclassified / Non classifié Blood 
---
1 tablet *See Table 1 for the appropriate dose per unit based on age and weight. ** or less frequently Elevated Liver Function Tests Dosing should be interrupted, and laboratory tests closely followed in patients with ALT or AST greater than 5 x upper limit of normal (ULN) when not associated with elevated bilirubin. Dosing should also be interrupted, and laboratory tests closely followed in patients with ALT or AST elevations greater than 3 x ULN when associated with bilirubin elevations greater than 2 x ULN. Renal Impairment No dose adjustment is necessary for patients with mild to moderate renal impairment. Caution is recommended while using ORKAMBI in patients with severe renal impairment (creatinine clearance less than or equal to 30 mL/min) or end-stage renal disease (see 7 WARNINGS AND PRECAUTIONS and 10 CLINICAL PHARMACOLOGY). Concomitant CYP3A Inhibitors No dose adjustment is necessary when CYP3A inhibitors are initiated in patients currently taking ORKAMBI. However, when initiating ORKAMBI in patients currently taking strong CYP3A inhibitors (e.g., itraconazole), reduce ORKAMBI dose to 1 tablet daily or 1 packet of granules every other day as appropriate for the first week of treatment. Following this period, continue with the recommended daily dose. If ORKAMBI is interrupted for more than 1- week and then re-initiated while taking strong CYP3A inhibitors, reduce ORKAMBI dose to 1 tablet daily or 1 packet of granules every other day for the first week of treatment re-initiation (see 9 DRUG INTERACTIONS). Following this period, continue with the recommended daily dose. 4.4 Administration ORKAMBI granules and tablets should be taken with fat-containing food. A fat-containing meal or snack should be consumed just before or just after dosing. Meals and snacks recommended in CF guidelines or meals recommended in standard nutritional guidelines contain adequate amounts of fat. A serving size of foods appropriate for age from a typical CF diet should be given. Examples of fat-containing food: meals that contain fat that have been prepared with butter or oils, meals that have eggs, nuts, whole-dairy products (such as whole-milk, breast milk, infant formula cheese, and yogurt), or meats. PrORKAMBI® (Lumacaftor/Ivacaftor Tablets and Granules) Page 11 of 47 Unclassified / Non c",NO_EXACT_EMA_PRODUCT,,,,,CURRENT_SINGLE_OFFICIAL_EXACT,HEALTH_CANADA,NO_ADJUSTMENT_EXPLICIT,CURRENT_SINGLE_OFFICIAL_EXACT,HEALTH_CANADA,True
MED-0814,ACEBUTOLOL,CURRENT_OPENFDA_IDENTITY_CONFIRMED,,,,,,,,,,,,,,,,,,,,,,,,CURRENT_OPENFDA_IDENTITY_CONFIRMED,OPENFDA,True
MED-0827,ADALIMUMAB,UNRESOLVED,False,False,False,EXACT_IDENTITY_CORROBORATED,BLA761058,100.0,ACCEPT,RENAL_DOSING_TEXT_EXPLICIT,94651,02459310,AMGEVITA,Marketed,https://pdf.hres.ca/dpd_pm/00085868.PDF,2021-02-19," differences were observed after correction for a patient’s body weight. Healthy volunteers and patients with rheumatoid arthritis displayed similar adalimumab pharmacokinetics. Race No differences in immunoglobulin clearance would be expected among races. From limited data in non-Caucasians, no important kinetic differences were observed for adalimumab. Dosage adjustment is not required. Hepatic Insufficiency No pharmacokinetic data are available in patients with hepatic impairment. No dose recommendation can be made. Renal Insufficiency No pharmacokinetic data are available in patients with renal impairment. No dose recommendation can be made. Disease States Healthy volunteers and patients with rheumatoid arthritis displayed similar adalimumab pharmacokinetics. See 10.3 Pharmacokinetics, Special Populations and Conditions, Disease States. Concomitant Medications MTX, glucocorticoids, salicylates, nonsteroidal anti-inflammatory drugs (NSAIDs), analgesics or other DMARDs may be continued during treatment with AMGEVITA. When treated with adalimumab as monotherapy, some rheumatoid arthritis patients who experience a decrease in their response to adalimumab 40 mg every other week may benefit from an increase in dose intensity to adalimumab 40 mg every week. 4.2 Recommended Dose and Dosage Adjustment AMGEVITA is available as a 20 mg and 40 mg prefilled syringe, and a 40 mg and 80 mg prefilled SureClick® autoinjector to administer a full 20 mg, 40 mg, or 80 mg dose. Pediatrics Polyarticular Juvenile Idiopathic Arthritis The recommended dose of AMGEVITA for patients with polyarticular JIA from 2 years of age is based on body weight (Table 1). AMGEVITA is administered every other week via subcutaneous injection. AMGEVITA can be used in combination with MTX or as monotherapy in case of intolerance to MTX or when continued treatment with MTX is not appropriate. AMGEVITA® (adalimumab) Product Monograph Page 48 of 192 Other Common Clinical Trial Adverse Drug Reactions Other clinical trial adverse reactions occurring at an incidence of ≥ 1% that were observed among the various indications include: Eye Disorders: conjunctivitis, visual impairment Renal and Urinary Disorders: hematuria, renal impairment 8.2.1 Clinical Trial Adverse Reactions - Pediatrics Polyarticular Juvenile Idiopathic Arthritis AMGEVITA® (adalimumab) Product Monograph Page 73 of 192 Special Populations and Conditions 
---
om 2 years of age is based on body weight (Table 1). AMGEVITA is administered every other week via subcutaneous injection. AMGEVITA can be used in combination with MTX or as monotherapy in case of intolerance to MTX or when continued treatment with MTX is not appropriate. AMGEVITA® (adalimumab) Product Monograph Page 48 of 192 Other Common Clinical Trial Adverse Drug Reactions Other clinical trial adverse reactions occurring at an incidence of ≥ 1% that were observed among the various indications include: Eye Disorders: conjunctivitis, visual impairment Renal and Urinary Disorders: hematuria, renal impairment 8.2.1 Clinical Trial Adverse Reactions - Pediatrics Polyarticular Juvenile Idiopathic Arthritis AMGEVITA® (adalimumab) Product Monograph Page 73 of 192 Special Populations and Conditions Pediatrics: Adalimumab has not been studied in pediatric patients with polyarticular JIA less than 2 years of age or in patients with a weight < 10 kg. The majority (102/192) of pediatric patients with Crohn’s disease studied were 13 to 17 years of age weighing ≥ 40 kg. There are no clinical trials with adalimumab in adolescent patients (12 to 17 years of age) with hidradenitis suppurativa. Use of adalimumab in adolescent patients is supported by evidence from adequate and well-controlled studies of adalimumab in adult hidradenitis suppurativa patients with supplemental pharmacokinetic modeling and simulation. The use of adalimumab has not been established in patients younger than 12 years of age with hidradenitis suppurativa. Adalimumab has not been studied in pediatric patients with uveitis less than 2 years of age. Very limited data are available for pediatric patients with uveitis between 2 and < 3 years of age. Adalimumab has not been studied in pediatric patients with ulcerative colitis less than 5 years of age. Geriatrics: Population pharmacokinetic analyses in patients with rheumatoid arthritis revealed that there was a trend toward lower clearance with increasing age in patients aged 40 to > 75 years of age. Sex: Population pharmacokinetic analyses in patients with rheumatoid arthritis revealed that no gender-related pharmacokinetic differences were observed after correction for a patient’s body weight. Ethnic origin: No differences in immunoglobulin clearance would be expected among races. From limited data in non-Caucasians, no important kinetic differences were observed for
---
atients aged 40 to > 75 years of age. Sex: Population pharmacokinetic analyses in patients with rheumatoid arthritis revealed that no gender-related pharmacokinetic differences were observed after correction for a patient’s body weight. Ethnic origin: No differences in immunoglobulin clearance would be expected among races. From limited data in non-Caucasians, no important kinetic differences were observed for adalimumab. Hepatic Insufficiency: No pharmacokinetic data are available in patients with hepatic impairment. Renal Insufficiency: No pharmacokinetic data are available in patients with renal impairment. Disease States: Healthy volunteers and patients with rheumatoid arthritis displayed similar adalimumab pharmacokinetics. Population pharmacokinetic analyses predicted minor increases in apparent clearance in patients receiving doses lower than the recommended dose and in patients with high rheumatoid factor or C-reactive protein (CRP) concentrations. These increases are not likely to be clinically important. See 4.1 Dosing Considerations, Disease States. ",NO_EXACT_EMA_PRODUCT,,,,,CURRENT_SINGLE_OFFICIAL_EXACT,HEALTH_CANADA,RENAL_DOSING_TEXT_EXPLICIT,CURRENT_SINGLE_OFFICIAL_EXACT,HEALTH_CANADA,True
MED-0828,ADEFOVIR,CURRENT_DAILYMED_IDENTITY_CONFIRMED,,,,,,,,,,,,,,,,,,,,,,,,CURRENT_DAILYMED_IDENTITY_CONFIRMED,DAILYMED,True
MED-0832,ALEMTUZUMAB,UNRESOLVED,False,False,False,EXACT_IDENTITY_CORROBORATED,BLA103948,100.0,ACCEPT,NO_ADJUSTMENT_EXPLICIT,90290,02418320,LEMTRADA,Marketed,https://pdf.hres.ca/dpd_pm/00085844.PDF,2024-04-19,"the use of immunomodulating therapies. 4.2. Recommended Dose and Dosage Adjustment The recommended dose of LEMTRADA is 12 mg/day administered by intravenous (IV) infusion for 2 treatment courses: • Initial/ First Treatment Course: 12 mg/day for 5 consecutive days (60 mg total dose) • Second Treatment Course: 12 mg/day for 3 consecutive days (36 mg total dose) administered 12 months after the first initial treatment course. LEMTRADA should be administered as an IV infusion over a period of approximately 4 hours. Do not administer as IV push or bolus. No dosage adjustment required in hepatic or renal impairment. Health Canada has not authorized an indication for pediatric use (see 1 Indications). Recommended Concomitant Medications: Patients should be premedicated with corticosteroids immediately prior to LEMTRADA administration for the first 3 days of any treatment course (see 7 Warnings and Precautions, General, Infusion Associated Reactions). In clinical trials, patients were pretreated with 1,000 mg methylprednisolone for the first 3 days of each LEMTRADA treatment course. Pretreatment with antihistamines and/or antipyretics prior to LEMTRADA administration may also be considered. Oral prophylaxis for herpes infection should be administered to all patients starting on the first day of each treatment course and continuing for a minimum of 1 month following treatment with LEMTRADA (see 7 Warnings and Precautions, Immune, Sensitivity/Resistance, Infections). In clinical trials, patients were administered acyclovir 200 mg BID or equivalent. 4.3. Reconstitution For IV administration, withdraw 1.2 mL of LEMTRADA from the vial into a syringe using aseptic technique. Inject into 100 mL sterile 0.9% Sodium Chloride USP or 5% Dextrose in Water USP. Gently invert the bag to mix the solution. Care should be taken to ensure the sterility of the prepared solution, particularly as it contains no antimicrobial preservatives. Each vial is intended for single use only. LEMTRADA (alemtuzumab for injection) Page 15 of 54 Patients with known bleeding disorder (e.g., dysfibrinogenemia, factor IX deficiency, hemophilia, Von Willebrand’s disease, disseminated intravascular coagulation, fibrinogen deficiency, clotting factor deficiency) or therapeutic anticoagulation were excluded from clinical trials with LEMTRADA. Cytopenias Suspected autoimmune cytopenias such as neutropenia, hemolytic anemia,
---
intervention should be promptly initiated, including referral to a specialist. Cases of severe (including fatal) neutropenia have been reported within 2 months of LEMTRADA infusion; some cases resolved with receiving granulocyte-colony stimulating factor treatment. Thrombotic Thrombocytopenic Purpura (TTP) During postmarketing use, TTP, which can be fatal, has been reported in patients treated with LEMTRADA. TTP is a serious condition that requires urgent evaluation and treatment. TTP may be characterized by thrombocytopenia, microangiopathic hemolytic anemia, neurological sequelae, fever and renal impairment. It is associated with high morbidity and mortality rates if not recognized and treated early. Hepatic/Biliary/Pancreatic Autoimmune Hepatitis and hepatic injury Cases of autoimmune hepatitis causing clinically significant liver injury, including acute liver failure requiring transplant or death, has been reported in patients treated with LEMTRADA in the post marketing setting. If a patient develops clinical signs including unexplained liver enzyme elevations or symptoms suggestive of hepatic dysfunction (e.g., unexplained nausea, vomiting, abdominal pain, fatigue, anorexia, or jaundice and/or dark urine), promptly measure serum transaminases and total bilirubin and interrupt or discontinue treatment with LEMTRADA, as appropriate. Liver function tests (serum transaminases ALT and AST, total bilirubin levels) should be performed before initial treatment and at monthly intervals until at least 48 months after the last infusion. Patients should be informed about the risk of autoimmune hepatitis and related symptoms. Immune Chronic inflammatory demyelinating polyradiculoneuropathy has been reported in the treatment of patients with B-cell chronic lymphocytic leukemia (B-CLL), as well as other autoimmune disorders, generally at higher and more frequent doses than recommended in MS. An oncology patient treated with alemtuzumab had fatal transfusion-associated graft-versus-host disease. LEMTRADA (alemtuzumab for injection) Page 17 of 54 an appropriate differential diagnosis should be undertaken. The patient should seek immediate medical help for any concerns. Anti-GBM disease may lead to renal failure requiring dialysis and/or transplantation if not treated rapidly and can be life-threatening if left untreated. The patient should be reminded to remain vigilant for symptoms th
---
une Chronic inflammatory demyelinating polyradiculoneuropathy has been reported in the treatment of patients with B-cell chronic lymphocytic leukemia (B-CLL), as well as other autoimmune disorders, generally at higher and more frequent doses than recommended in MS. An oncology patient treated with alemtuzumab had fatal transfusion-associated graft-versus-host disease. LEMTRADA (alemtuzumab for injection) Page 17 of 54 an appropriate differential diagnosis should be undertaken. The patient should seek immediate medical help for any concerns. Anti-GBM disease may lead to renal failure requiring dialysis and/or transplantation if not treated rapidly and can be life-threatening if left untreated. The patient should be reminded to remain vigilant for symptoms they may experience and to seek immediate medical help if they have any concerns. Serum creatinine levels and urinalysis with cell counts should be obtained prior to initiation of treatment and at monthly intervals thereafter until 48 months after the last infusion and at any time afterwards testing should be performed immediately if nephropathy is suspected. The observation of clinically significant changes from baseline in serum creatinine, unexplained hematuria, and/or proteinuria, should prompt further evaluation for nephropathies, including referral to a specialist. Early detection and treatment of nephropathies may decrease the risk of poor outcomes. In postmarketing cases, some LEMTRADA-treated patients with anti-GBM disease developed end-stage renal disease requiring dialysis or renal transplantation. Urgent evaluation and treatment is required, because early treatment can improve the preservation of renal function. Anti-GBM disease can be life- threatening if left untreated. Alveolar hemorrhage, manifested as hemoptysis, is a common component of anti-GBM disease and has been reported in postmarketing cases. Cases of anti-GBM disease have been diagnosed up to 40 months after the last dose of LEMTRADA. The potential risk associated with retreatment with LEMTRADA following the occurrence of nephropathies is unknown. Thyroid Disorders Thyroid endocrine disorders, including autoimmune thyroid disorders, occurred in 36.8% of LEMTRADA-treated patients in clinical studies in MS with a median of 6.1 years (maximum 12 years) of follow-up from the first LEMTRADA exposure. Newly diagnosed thyroid disorders occurred thr
---
ined prior to initiation of treatment and at monthly intervals thereafter until 48 months after the last infusion and at any time afterwards testing should be performed immediately if nephropathy is suspected. The observation of clinically significant changes from baseline in serum creatinine, unexplained hematuria, and/or proteinuria, should prompt further evaluation for nephropathies, including referral to a specialist. Early detection and treatment of nephropathies may decrease the risk of poor outcomes. In postmarketing cases, some LEMTRADA-treated patients with anti-GBM disease developed end-stage renal disease requiring dialysis or renal transplantation. Urgent evaluation and treatment is required, because early treatment can improve the preservation of renal function. Anti-GBM disease can be life- threatening if left untreated. Alveolar hemorrhage, manifested as hemoptysis, is a common component of anti-GBM disease and has been reported in postmarketing cases. Cases of anti-GBM disease have been diagnosed up to 40 months after the last dose of LEMTRADA. The potential risk associated with retreatment with LEMTRADA following the occurrence of nephropathies is unknown. Thyroid Disorders Thyroid endocrine disorders, including autoimmune thyroid disorders, occurred in 36.8% of LEMTRADA-treated patients in clinical studies in MS with a median of 6.1 years (maximum 12 years) of follow-up from the first LEMTRADA exposure. Newly diagnosed thyroid disorders occurred throughout the uncontrolled clinical study follow-up period, more than 7 years after the first LEMTRADA dose. Autoimmune thyroid disorders included Graves’ disease, hyperthyroidism, hypothyroidism, autoimmune thyroiditis, and goiter. Graves’ ophthalmopathy with decreased vision, eye pain, and exophthalmos occurred in 2% of LEMTRADA-treated patients. Seven patients required surgical orbital decompression. Serious thyroid events occurred in about 5.2% of LEMTRADA-treated patients in clinical studies and included cardiac and psychiatric events associated with thyroid disease. Of all LEMTRADA-treated patients, 3.8% underwent thyroidectomy. Thyroid function tests (TFTs), such as thyroid stimulating hormone (TSH) levels, should be obtained prior to initiation of treatment and every 3 months thereafter until 48 months after the last infusion. After this period of time, testing should be performed based on clinical findin
---
ent and at monthly intervals thereafter until 48 months after the last infusion and at any time afterwards testing should be performed immediately if nephropathy is suspected. The observation of clinically significant changes from baseline in serum creatinine, unexplained hematuria, and/or proteinuria, should prompt further evaluation for nephropathies, including referral to a specialist. Early detection and treatment of nephropathies may decrease the risk of poor outcomes. In postmarketing cases, some LEMTRADA-treated patients with anti-GBM disease developed end-stage renal disease requiring dialysis or renal transplantation. Urgent evaluation and treatment is required, because early treatment can improve the preservation of renal function. Anti-GBM disease can be life- threatening if left untreated. Alveolar hemorrhage, manifested as hemoptysis, is a common component of anti-GBM disease and has been reported in postmarketing cases. Cases of anti-GBM disease have been diagnosed up to 40 months after the last dose of LEMTRADA. The potential risk associated with retreatment with LEMTRADA following the occurrence of nephropathies is unknown. Thyroid Disorders Thyroid endocrine disorders, including autoimmune thyroid disorders, occurred in 36.8% of LEMTRADA-treated patients in clinical studies in MS with a median of 6.1 years (maximum 12 years) of follow-up from the first LEMTRADA exposure. Newly diagnosed thyroid disorders occurred throughout the uncontrolled clinical study follow-up period, more than 7 years after the first LEMTRADA dose. Autoimmune thyroid disorders included Graves’ disease, hyperthyroidism, hypothyroidism, autoimmune thyroiditis, and goiter. Graves’ ophthalmopathy with decreased vision, eye pain, and exophthalmos occurred in 2% of LEMTRADA-treated patients. Seven patients required surgical orbital decompression. Serious thyroid events occurred in about 5.2% of LEMTRADA-treated patients in clinical studies and included cardiac and psychiatric events associated with thyroid disease. Of all LEMTRADA-treated patients, 3.8% underwent thyroidectomy. Thyroid function tests (TFTs), such as thyroid stimulating hormone (TSH) levels, should be obtained prior to initiation of treatment and every 3 months thereafter until 48 months after the last infusion. After this period of ti",NO_EXACT_EMA_PRODUCT,,,,,CURRENT_SINGLE_OFFICIAL_EXACT,HEALTH_CANADA,NO_ADJUSTMENT_EXPLICIT,CURRENT_SINGLE_OFFICIAL_EXACT,HEALTH_CANADA,True
MED-0836,ALMOTRIPTÁN,CURRENT_OPENFDA_IDENTITY_CONFIRMED,,,,,,,,,,,,,,,,,,,,,,,,CURRENT_OPENFDA_IDENTITY_CONFIRMED,OPENFDA,True
MED-0837,ALPROSTADIL,CURRENT_OPENFDA_IDENTITY_CONFIRMED,,,,,,,,,,,,,,,,,,,,,,,,CURRENT_OPENFDA_IDENTITY_CONFIRMED,OPENFDA,True
MED-0841,ANAKINRA,CURRENT_DAILYMED_IDENTITY_CONFIRMED,,,,,,,,,,,,,,,,,,,,,,,,CURRENT_DAILYMED_IDENTITY_CONFIRMED,DAILYMED,True
MED-0842,ANIDULAFUNGINA,CURRENT_OPENFDA_IDENTITY_CONFIRMED,,,,,,,,,,,,,,,,,,,,,,,,CURRENT_OPENFDA_IDENTITY_CONFIRMED,OPENFDA,True
MED-0846,APREPITANT,CURRENT_DAILYMED_IDENTITY_CONFIRMED,,,,,,,,,,,,,,,,,,,,,,,,CURRENT_DAILYMED_IDENTITY_CONFIRMED,DAILYMED,True
MED-0857,BEDAQUILINA,CURRENT_DAILYMED_IDENTITY_CONFIRMED,,,,,,,,,,,,,,,,,,,,,,,,CURRENT_DAILYMED_IDENTITY_CONFIRMED,DAILYMED,True
MED-0858,BELIMUMAB,CURRENT_DAILYMED_IDENTITY_CONFIRMED,,,,,,,,,,,,,,,,,,,,,,,,CURRENT_DAILYMED_IDENTITY_CONFIRMED,DAILYMED,True
MED-0866,BRINCIDOFOVIR,CURRENT_DAILYMED_IDENTITY_CONFIRMED,,,,,,,,,,,,,,,,,,,,,,,,CURRENT_DAILYMED_IDENTITY_CONFIRMED,DAILYMED,True
MED-0867,BUSULFÁN,CURRENT_OPENFDA_IDENTITY_CONFIRMED,,,,,,,,,,,,,,,,,,,,,,,,CURRENT_OPENFDA_IDENTITY_CONFIRMED,OPENFDA,True
MED-0869,CANAKINUMAB,UNRESOLVED,False,False,False,EXACT_IDENTITY_CORROBORATED,BLA125319,100.0,ACCEPT,NO_ADJUSTMENT_EXPLICIT,94767,02460351,ILARIS,Marketed,https://pdf.hres.ca/dpd_pm/00080999.PDF,2017-08-22,"ensitive to canakinumab or to any ingredient in the formulation of Ilaris or component of the container. For a complete listing, see 6 DOSAGE FORMS, STRENGTHS, COMPOSITION AND PACKAGING . A risk for hypersensitivity reactions, which is not uncommon for injectable proteins, cannot be excluded.  Patients who have active, severe infections (see 8 ADVERSE REACTIONS, Serious I nfections ). 4 DOSAGE AND ADMINISTRATION Continued treatment with Ilaris in patients without clinical improvement should be reconsidered by the treating health professional . 4.1 Dosing Considerations Special populations:  Renal impairment: No dose adjustment is required in patients with renal impairment. However, clinical experience in such patients is limited.  Hepatic impairment: Ilaris has not been studied in patients with hepatic impairment.  Pediatric patients (<18 years of age): CAPS, TRAPS, HIDS/MKD, and FMF: Ilaris is not recommended for use in children below the age of 2 years. SJIA : The safety and efficacy of Ilaris in SJIA patients under 2 years of age and with a body weight < 9 kg have not been established.  Geriatric patients (> 65 years of age): No dose adjustment is required in geriatric patients. However, clinical experience in such patients is limited. 4.2 Recommended Dose and Dosage Adjustment Dosage for CAPS The recommended starting dose of Ilaris for CAPS patients is:  150 mg with body weight >40 kg  2 mg/kg with body weight ≥15 kg and ≤40 kg If a satisfactory clinical response (resolution of rash and other generalized inflammatory symptoms) has not been achieved 7 days after the first dose, the dose can be individually adjusted in 150 mg or 2 mg/kg in crements with a minimum of 1 week observation period for satisfactory treatment response between increases, to a maximum of 600 mg (body weight > 40 kg) or 8 mg/kg (body weight 15 – 40 kg) . If a full treatment response is subsequently achieved, the intensified dose should be maintained and Product Monograph Master Template Template Date: September 2020 ILARIS ® (canakinumab) Page 11 of 68 treated with Ilaris, predominantly in patients with systemic juvenile idiopathic arthritis (sJIA). Patients with DRESS may require hospitalization, as this condition may be fatal. If signs and symptoms of DRESS are present and an alternative etiology cannot be established, Ilaris should not be readministered and a different treatment considered
---
 Ilaris or component of the container. For a complete listing, see 6 DOSAGE FORMS, STRENGTHS, COMPOSITION AND PACKAGING . A risk for hypersensitivity reactions, which is not uncommon for injectable proteins, cannot be excluded.  Patients who have active, severe infections (see 8 ADVERSE REACTIONS, Serious I nfections ). 4 DOSAGE AND ADMINISTRATION Continued treatment with Ilaris in patients without clinical improvement should be reconsidered by the treating health professional . 4.1 Dosing Considerations Special populations:  Renal impairment: No dose adjustment is required in patients with renal impairment. However, clinical experience in such patients is limited.  Hepatic impairment: Ilaris has not been studied in patients with hepatic impairment.  Pediatric patients (<18 years of age): CAPS, TRAPS, HIDS/MKD, and FMF: Ilaris is not recommended for use in children below the age of 2 years. SJIA : The safety and efficacy of Ilaris in SJIA patients under 2 years of age and with a body weight < 9 kg have not been established.  Geriatric patients (> 65 years of age): No dose adjustment is required in geriatric patients. However, clinical experience in such patients is limited. 4.2 Recommended Dose and Dosage Adjustment Dosage for CAPS The recommended starting dose of Ilaris for CAPS patients is:  150 mg with body weight >40 kg  2 mg/kg with body weight ≥15 kg and ≤40 kg If a satisfactory clinical response (resolution of rash and other generalized inflammatory symptoms) has not been achieved 7 days after the first dose, the dose can be individually adjusted in 150 mg or 2 mg/kg in crements with a minimum of 1 week observation period for satisfactory treatment response between increases, to a maximum of 600 mg (body weight > 40 kg) or 8 mg/kg (body weight 15 – 40 kg) . If a full treatment response is subsequently achieved, the intensified dose should be maintained and Product Monograph Master Template Template Date: September 2020 ILARIS ® (canakinumab) Page 11 of 68 treated with Ilaris, predominantly in patients with systemic juvenile idiopathic arthritis (sJIA). Patients with DRESS may require hospitalization, as this condition may be fatal. If signs and symptoms of DRESS are present and an alternative etiology cannot be established, Ilaris should not be readministered and a different treatment considered. 7.1 Special Populations Patients with Renal Impairment : No form
---
 – 40 kg) . If a full treatment response is subsequently achieved, the intensified dose should be maintained and Product Monograph Master Template Template Date: September 2020 ILARIS ® (canakinumab) Page 11 of 68 treated with Ilaris, predominantly in patients with systemic juvenile idiopathic arthritis (sJIA). Patients with DRESS may require hospitalization, as this condition may be fatal. If signs and symptoms of DRESS are present and an alternative etiology cannot be established, Ilaris should not be readministered and a different treatment considered. 7.1 Special Populations Patients with Renal Impairment : No formal studies have been conducted to examine the pharmacokinetics of Ilaris administered subcutaneously in patients with renal impairment. Patients with Hepatic Impairment: No formal studies have been conducted to examine the pharmacokinetics of Ilaris administered subcutaneously in patients with hepatic impairment (see 10 CLINICAL PHARMACOLOGY ) . 7.1.1 Pregnant Women Pregnant Women and Women of Child - Bearing Potential: There are no adequate and well - controlled studies of Ilaris in pregnant women or women of child - bearing potential. There is a limited amount of data from the use of Ilaris in this population. Women should use effective contraceptives during treatment with Ilaris and for up to 3 months after the last dose. A significant shift in the litter size was observed in marmosets treated with 150 mg/kg of canakinumab. Singlet pregnancy that was seen in 0% of animals in the control group, increased to 21% in the treated group and triplet pregnancy in control vs. treated group was down from 45% to 7%. This shift could be an indication of impaired fertility. Delayed ossification was seen in study 0680148 in a mouse model. Because animal reproduction studies are not always predictive of the human response, the risk for the foetus/mother is unknown, therefore, Ilaris should not be given to pregnant women or women who desire to become pregnant, unless clearly needed (see 16 NON - CLINICAL TOXICOLOGY ). Animal studies indicate that canakinumab crosses the placenta and is detectable in the foetus. No human data are available, but as canakinumab is an immunoglobulin of the G class (IgG1), human transplacental transfer is expected. The clinical impact of this is unknown. However, administration of live vaccines to infants exposed to canakinumab in utero is not 
---
te Template Date: September 2020 ILARIS ® (canakinumab) Page 11 of 68 treated with Ilaris, predominantly in patients with systemic juvenile idiopathic arthritis (sJIA). Patients with DRESS may require hospitalization, as this condition may be fatal. If signs and symptoms of DRESS are present and an alternative etiology cannot be established, Ilaris should not be readministered and a different treatment considered. 7.1 Special Populations Patients with Renal Impairment : No formal studies have been conducted to examine the pharmacokinetics of Ilaris administered subcutaneously in patients with renal impairment. Patients with Hepatic Impairment: No formal studies have been conducted to examine the pharmacokinetics of Ilaris administered subcutaneously in patients with hepatic impairment (see 10 CLINICAL PHARMACOLOGY ) . 7.1.1 Pregnant Women Pregnant Women and Women of Child - Bearing Potential: There are no adequate and well - controlled studies of Ilaris in pregnant women or women of child - bearing potential. There is a limited amount of data from the use of Ilaris in this population. Women should use effective contraceptives during treatment with Ilaris and for up to 3 months after the last dose. A significant shift in the litter size was observed in marmosets treated with 150 mg/kg of canakinumab. Singlet pregnancy that was seen in 0% of animals in the control group, increased to 21% in the treated group and triplet pregnancy in control vs. treated group was down from 45% to 7%. This shift could be an indication of impaired fertility. Delayed ossification was seen in study 0680148 in a mouse model. Because animal reproduction studies are not always predictive of the human response, the risk for the foetus/mother is unknown, therefore, Ilaris should not be given to pregnant women or women who desire to become pregnant, unless clearly needed (see 16 NON - CLINICAL TOXICOLOGY ). Animal studies indicate that canakinumab crosses the placenta and is detectable in the foetus. No human data are available, but as canakinumab is an immunoglobulin of the G class (IgG1), human transplacental transfer is expected. The clinical impact of this is unknown. However, administration of live vaccines to infants exposed to canakinumab in utero is not recommended for 16 weeks following the mother’s last dose of Ilaris before childbirth. Women who r eceived Ilaris during pregnancy should be ins
---
d decreased values in Part II with placebo, 1 of them increased up to 5X ULN in Part III after re - treatment with Ilaris (see 7 WARNINGS AND PRECAUTIONS ). Tumor Necrosis Factor receptor Associated Periodic Syndrome (TRAPS), Hyperimmunoglobulin D Syndrome (HIDS)/Mevalonate Kinase Deficiency (MKD), Familial Mediterranean Fever (FMF) In all N2301 cohorts in Part II and in Parts II - IV, all newly occurring or worsening notable post - baseline abnormalities in biochemistry and urinalysis parameters were mild or CTCAE grade 1. In Parts II - IV in the Total ACZ group, 0 patients showed changes in creatinine clearance, gamma glutamyl transferase, cholesterol, or triglycerides. The most commonly observed change was a creatin ine increase ≥ 25% Product Monograph Master Template Template Date: September 2020 ILARIS ® (canakinumab) Page 35 of 68 In SJIA, exposure parameters (such as AUC and C max ) were comparable across age groups from 2 to <20 years following subcutaneous administration of canakinumab 4 mg/kg every 4 weeks. In AOSD patients, canakinumab exposure was similar to that observed in SJIA patients, based on population pharmacokinetic analysis using sparse sampling data from 26 AOSD patients.  Geriatrics : Based on the pharmacokinetic - binding model, subject’s age did not impact the key pharmacokinetic parameters (canakinumab clearance, volumes of distribution) after correction for the subject’s body weight. It should also be noted that the number of patients aged 65 and over is not sufficient to determine whether the pharmacokinetics of canakinumab is truly different in elderly patients compared to the adult patients.  Ethnic O rigin : Based on the population pharmacokinetic binding model, which included 175 Caucasians, 54 Asians (of which 48 were healthy Japanese and 6 non - Japanese Asians), 1 black, 1 Native American, and 2 coded as “other”, the pharmacokinetic parameters were comparable between CAPS patients who were predominantly Caucasians and the Japanese healthy volunteers. Ethnicity (Japanese vs non - Japanese) showed no trends once the other covariates (age, weight) were taken into account.  Hepatic Insufficiency : No formal studies have been conducted to examine the pharmacokinetics of Ilaris administered subcutaneously in patients with hepatic impairment. ",NO_EXACT_EMA_PRODUCT,,,,,CURRENT_SINGLE_OFFICIAL_EXACT,HEALTH_CANADA,NO_ADJUSTMENT_EXPLICIT,CURRENT_SINGLE_OFFICIAL_EXACT,HEALTH_CANADA,True
MED-0878,CEFTOBIPROL,CURRENT_DAILYMED_IDENTITY_CONFIRMED,,,,,,,,,,,,,,,,,,,,,,,,CURRENT_DAILYMED_IDENTITY_CONFIRMED,DAILYMED,True
MED-0882,CIDOFOVIR (CDV),CURRENT_OPENFDA_IDENTITY_CONFIRMED,,,,,,,,,,,,,,,,,,,,,,,,CURRENT_OPENFDA_IDENTITY_CONFIRMED,OPENFDA,True
MED-0889,CLOFARABINA,CURRENT_DAILYMED_IDENTITY_CONFIRMED,,,,,,,,,,,,,,,,,,,,,,,,CURRENT_DAILYMED_IDENTITY_CONFIRMED,DAILYMED,True
MED-0901,DALBAVANCINA,CURRENT_DAILYMED_IDENTITY_CONFIRMED,,,,,,,,,,,,,,,,,,,,,,,,CURRENT_DAILYMED_IDENTITY_CONFIRMED,DAILYMED,True
MED-0903,DARBEPOETINA ALFA,CURRENT_OPENFDA_IDENTITY_CONFIRMED,,,,,,,,,,,,,,,,,,,,,,,,CURRENT_OPENFDA_IDENTITY_CONFIRMED,OPENFDA,True
MED-0918,DORIPENEM,UNRESOLVED,False,False,False,EXACT_IDENTITY_CORROBORATED,NDA022106,100.0,ACCEPT,RENAL_THRESHOLD_DOSING_EXPLICIT,81855,02332906,DORIBAX,Cancelled Post Market,https://pdf.hres.ca/dpd_pm/00020914.PDF,2013-07-03,"nd susceptibility patterns may contribute to the empiric selection of therapy. Empiric therapy with DORIBAX® may be initiated before the results of these tests are known. Geriatrics (≥ 65 years of age): Evidence from clinical studies suggests that use in the geriatric population is not associated with significant differences in safety or effectiveness (see WARNINGS AND PRECAUTIONS, Special Populations, Geriatrics). Population pharmacokinetic data showed there is no independent effect of age on the pharmacokinetics of doripenem. Dosage adjustment is not required in elderly patients with normal renal function (see DOSAGE AND ADMINISTRATION, Patients with Renal Impairment). Pediatrics (<18 years of age): No data available (see WARNINGS AND PRECAUTIONS, Special Populations, Pediatrics). CONTRAINDICATIONS DORIBAX® is contraindicated in patients with known hypersensitivity to doripenem monohydrate or to other drugs in the same class or in patients who have demonstrated anaphylactic reactions to beta-lactams. WARNINGS AND PRECAUTIONS Serious Warnings and Precautions SERIOUS AND OCCASIONALLY FATAL HYPERSENSITIVITY (ANAPHYLACTIC) REACTIONS HAVE BEEN REPORTED IN PATIENTS RECEIVING BETA-LACTAMS. ANAPHYLACTIC AND ANAPHYLACTOID REACTIONS HAVE BEEN OBSERVED WITH DORIBAX® (see WARNINGS AND PRECAUTIONS, Immune, Hypersensitivity Reactions) Seizures have been reported during treatment with carbapenems, including doripenem. Seizures in clinical trials with doripenem occurred most commonly in those with pre-existing central nervous system (CNS) disorders (e.g. stroke or history of seizures), compromised renal function and at doses greater than 500 mg (see WARNINGS AND PRECAUTIONS, Nervous System Disorders, Seizures and ADVERSE REACTIONS). Case reports in the literature have shown that co-administration of carbapenems to patients receiving valproic acid or sodium valproate results in a reduction in serum valproic acid concentrations which may drop below the therapeutic range, therefore increasing the risk of breakthrough seizures. Alternative antibacterial and anticonvulsant therapies or supplemental anticonvulsant therapy should be considered. Therefore frequent monitoring of serum valproic acid concentration is considered after initiating therapy if DORIBAX® is administrated concomitantly with valproic acid or sodium valproate (see DRUG INTERACTIONS). DORIBAX 163140 APM.doc Page 6 of 47 Imm
---
ction of therapy. Empiric therapy with DORIBAX® may be initiated before the results of these tests are known. Geriatrics (≥ 65 years of age): Evidence from clinical studies suggests that use in the geriatric population is not associated with significant differences in safety or effectiveness (see WARNINGS AND PRECAUTIONS, Special Populations, Geriatrics). Population pharmacokinetic data showed there is no independent effect of age on the pharmacokinetics of doripenem. Dosage adjustment is not required in elderly patients with normal renal function (see DOSAGE AND ADMINISTRATION, Patients with Renal Impairment). Pediatrics (<18 years of age): No data available (see WARNINGS AND PRECAUTIONS, Special Populations, Pediatrics). CONTRAINDICATIONS DORIBAX® is contraindicated in patients with known hypersensitivity to doripenem monohydrate or to other drugs in the same class or in patients who have demonstrated anaphylactic reactions to beta-lactams. WARNINGS AND PRECAUTIONS Serious Warnings and Precautions SERIOUS AND OCCASIONALLY FATAL HYPERSENSITIVITY (ANAPHYLACTIC) REACTIONS HAVE BEEN REPORTED IN PATIENTS RECEIVING BETA-LACTAMS. ANAPHYLACTIC AND ANAPHYLACTOID REACTIONS HAVE BEEN OBSERVED WITH DORIBAX® (see WARNINGS AND PRECAUTIONS, Immune, Hypersensitivity Reactions) Seizures have been reported during treatment with carbapenems, including doripenem. Seizures in clinical trials with doripenem occurred most commonly in those with pre-existing central nervous system (CNS) disorders (e.g. stroke or history of seizures), compromised renal function and at doses greater than 500 mg (see WARNINGS AND PRECAUTIONS, Nervous System Disorders, Seizures and ADVERSE REACTIONS). Case reports in the literature have shown that co-administration of carbapenems to patients receiving valproic acid or sodium valproate results in a reduction in serum valproic acid concentrations which may drop below the therapeutic range, therefore increasing the risk of breakthrough seizures. Alternative antibacterial and anticonvulsant therapies or supplemental anticonvulsant therapy should be considered. Therefore frequent monitoring of serum valproic acid concentration is considered after initiating therapy if DORIBAX® is administrated concomitantly with valproic acid or sodium valproate (see DRUG INTERACTIONS). DORIBAX 163140 APM.doc Page 6 of 47 Immune Hypersensitivity Reactions Serious and occasionally fatal h
---
ctams. WARNINGS AND PRECAUTIONS Serious Warnings and Precautions SERIOUS AND OCCASIONALLY FATAL HYPERSENSITIVITY (ANAPHYLACTIC) REACTIONS HAVE BEEN REPORTED IN PATIENTS RECEIVING BETA-LACTAMS. ANAPHYLACTIC AND ANAPHYLACTOID REACTIONS HAVE BEEN OBSERVED WITH DORIBAX® (see WARNINGS AND PRECAUTIONS, Immune, Hypersensitivity Reactions) Seizures have been reported during treatment with carbapenems, including doripenem. Seizures in clinical trials with doripenem occurred most commonly in those with pre-existing central nervous system (CNS) disorders (e.g. stroke or history of seizures), compromised renal function and at doses greater than 500 mg (see WARNINGS AND PRECAUTIONS, Nervous System Disorders, Seizures and ADVERSE REACTIONS). Case reports in the literature have shown that co-administration of carbapenems to patients receiving valproic acid or sodium valproate results in a reduction in serum valproic acid concentrations which may drop below the therapeutic range, therefore increasing the risk of breakthrough seizures. Alternative antibacterial and anticonvulsant therapies or supplemental anticonvulsant therapy should be considered. Therefore frequent monitoring of serum valproic acid concentration is considered after initiating therapy if DORIBAX® is administrated concomitantly with valproic acid or sodium valproate (see DRUG INTERACTIONS). DORIBAX 163140 APM.doc Page 6 of 47 Immune Hypersensitivity Reactions Serious and occasionally fatal hypersensitivity (anaphylactic) and serious skin reactions have been reported in patients receiving beta-lactam antibiotics (see CONTRAINDICATIONS). Anaphylactic and anaphylactoid reactions have been observed with DORIBAX®. These reactions are more likely to occur in individuals with a history of sensitivity to multiple allergens. Before therapy with DORIBAX® is instituted, careful inquiry should be made to determine whether the patient has had a previous hypersensitivity reaction to other carbapenems, cephalosporins, penicillins or other allergens. If this product is to be given to a penicillin- or other beta lactam-allergic patient, caution should be exercised because cross-hyperreactivity among beta-lactam antibiotics has been clearly documented. If an allergic reaction to DORIBAX® occurs, discontinue the drug. Serious acute hypersensitivity (anaphylactic) reactions require emergency treatment with epinephrine and other emergency me
---
i.v. fluids, i.v. antihistamines, corticosteroids, pressor amines and airway management, as clinically indicated. Nervous System Disorders Seizures During clinical trials of adult patients with nosocomial pneumonia treated with DORIBAX® (500 mg), seizures, irrespective of drug relationship, occurred in 0.2% of patients during study therapy. In clinical trials in adults with nosocomial pneumonia treated with DORIBAX® greater than 500 mg, seizures occurred at 1.2%. These experiences have occurred most commonly in patients with CNS disorders (e.g. stroke or history of seizures and/or compromised renal function) and at doses greater than 500 mg. Close adherence to the recommended dosage regimen is urged, especially in patients with known factors that predispose to convulsive activity. Anticonvulsant therapy should be continued in patients with known seizure disorders. If focal tremors, myoclonus, or seizures occur, patients should be evaluated neurologically, placed on anticonvulsant therapy if not already instituted, and the dosage of DORIBAX ® re-examined to determine whether it should be adjusted or the antibiotic discontinued. Renal In patients with moderately or severely impaired renal function (CrCl > 10 to ≤ 50 mL/min), dosage adjustment is required (see DOSAGE AND ADMINISTRATION, Patients with Renal Impairment). In such patients, renal function should be monitored. Evidence from clinical studies suggests more adverse events occurred in patients with moderately or severely impaired renal function than patients with CrCl > 50 mL/min. Most adverse events that occurred at a higher rate in patients with moderately or severely impaired renal function also occurred at a higher rate in patients > 65 years of age, as would be expected since renal function declines with age. Clinical response rates were also lower for these patients as compared to patients with normal renal function. There is limited clinical experience with this population, and in addition there are no clinical data for patients with severe renal impairment using the four-hour DORIBAX® infusion. PK/PD modeling indicates a potential for reduced efficacy of DORIBAX® against pathogens with MICs ≥ 4µg/mL in certain situations, even when using the extended duration of infusion of four hours (see DOSAGE AND ADMINISTRATION and ACTION AND CLINICAL PHARMACOLOGY, DORIBAX 163140 APM.doc Page 7 of 47 Pharmacodynamics). No
---
renal function) and at doses greater than 500 mg. Close adherence to the recommended dosage regimen is urged, especially in patients with known factors that predispose to convulsive activity. Anticonvulsant therapy should be continued in patients with known seizure disorders. If focal tremors, myoclonus, or seizures occur, patients should be evaluated neurologically, placed on anticonvulsant therapy if not already instituted, and the dosage of DORIBAX ® re-examined to determine whether it should be adjusted or the antibiotic discontinued. Renal In patients with moderately or severely impaired renal function (CrCl > 10 to ≤ 50 mL/min), dosage adjustment is required (see DOSAGE AND ADMINISTRATION, Patients with Renal Impairment). In such patients, renal function should be monitored. Evidence from clinical studies suggests more adverse events occurred in patients with moderately or severely impaired renal function than patients with CrCl > 50 mL/min. Most adverse events that occurred at a higher rate in patients with moderately or severely impaired renal function also occurred at a higher rate in patients > 65 years of age, as would be expected since renal function declines with age. Clinical response rates were also lower for these patients as compared to patients with normal renal function. There is limited clinical experience with this population, and in addition there are no clinical data for patients with severe renal impairment using the four-hour DORIBAX® infusion. PK/PD modeling indicates a potential for reduced efficacy of DORIBAX® against pathogens with MICs ≥ 4µg/mL in certain situations, even when using the extended duration of infusion of four hours (see DOSAGE AND ADMINISTRATION and ACTION AND CLINICAL PHARMACOLOGY, DORIBAX 163140 APM.doc Page 7 of 47 Pharmacodynamics). No data on the safety and efficacy in patients with end-stage renal disease (CrCl ≤ 10 mL/min) or those on dialysis methods other than continuous renal replacement therapy compared to non- renally impaired patients are available. Due to limited clinical data and an expected increased exposure of doripenem and its metabolite, DORIBAX ® should be used with caution in patients with severe renal impairment (see ACTION AND CLINICAL PHARMACOLOGY, Special Populations and Conditions, Renal Insufficiency). DORIBAX",NO_EXACT_EMA_PRODUCT,,,,,CURRENT_SINGLE_OFFICIAL_EXACT,HEALTH_CANADA,RENAL_THRESHOLD_DOSING_EXPLICIT,CURRENT_SINGLE_OFFICIAL_EXACT,HEALTH_CANADA,True
MED-0921,ECULIZUMAB,CURRENT_OPENFDA_IDENTITY_CONFIRMED,,,,,,,,,,,,,,,,,,,,,,,,CURRENT_OPENFDA_IDENTITY_CONFIRMED,OPENFDA,True
MED-0928,EPOETINA ALFA,CURRENT_OPENFDA_IDENTITY_CONFIRMED,,,,,,,,,,,,,,,,,,,,,,,,CURRENT_OPENFDA_IDENTITY_CONFIRMED,OPENFDA,True
MED-0929,EPOETINA BETA,CURRENT_OPENFDA_IDENTITY_CONFIRMED,,,,,,,,,,,,,,,,,,,,,,,,CURRENT_OPENFDA_IDENTITY_CONFIRMED,OPENFDA,True
MED-0932,ESLICARBAZEPINA,CURRENT_DAILYMED_IDENTITY_CONFIRMED,,,,,,,,,,,,,,,,,,,,,,,,CURRENT_DAILYMED_IDENTITY_CONFIRMED,DAILYMED,True
MED-0933,ESTIRIPENTOL,CURRENT_DAILYMED_IDENTITY_CONFIRMED,,,,,,,,,,,,,,,,,,,,,,,,CURRENT_DAILYMED_IDENTITY_CONFIRMED,DAILYMED,True
MED-0955,FEXINIDAZOL,CURRENT_DAILYMED_IDENTITY_CONFIRMED,,,,,,,,,,,,,,,,,,,,,,,,CURRENT_DAILYMED_IDENTITY_CONFIRMED,DAILYMED,True
MED-0958,FILGRASTIM,CURRENT_OPENFDA_IDENTITY_CONFIRMED,,,,,,,,,,,,,,,,,,,,,,,,CURRENT_OPENFDA_IDENTITY_CONFIRMED,OPENFDA,True
MED-0961,FLUDARABINA,CURRENT_DAILYMED_IDENTITY_CONFIRMED,,,,,,,,,,,,,,,,,,,,,,,,CURRENT_DAILYMED_IDENTITY_CONFIRMED,DAILYMED,True
MED-0967,FOSCARNET,CURRENT_OPENFDA_IDENTITY_CONFIRMED,,,,,,,,,,,,,,,,,,,,,,,,CURRENT_OPENFDA_IDENTITY_CONFIRMED,OPENFDA,True
MED-0970,GANCICLOVIR,CURRENT_DAILYMED_IDENTITY_CONFIRMED,,,,,,,,,,,,,,,,,,,,,,,,CURRENT_DAILYMED_IDENTITY_CONFIRMED,DAILYMED,True
MED-0976,GLUCARPIDASA,CURRENT_DAILYMED_IDENTITY_CONFIRMED,,,,,,,,,,,,,,,,,,,,,,,,CURRENT_DAILYMED_IDENTITY_CONFIRMED,DAILYMED,True
MED-0978,GRANISETRÓN,CURRENT_DAILYMED_IDENTITY_CONFIRMED,,,,,,,,,,,,,,,,,,,,,,,,CURRENT_DAILYMED_IDENTITY_CONFIRMED,DAILYMED,True
MED-0986,ILOPROST,CURRENT_DAILYMED_IDENTITY_CONFIRMED,,,,,,,,,,,,,,,,,,,,,,,,CURRENT_DAILYMED_IDENTITY_CONFIRMED,DAILYMED,True
MED-0991,INSULINA ASPART,CURRENT_DAILYMED_IDENTITY_CONFIRMED,,,,,,,,,,,,,,,,,,,,,,,,CURRENT_DAILYMED_IDENTITY_CONFIRMED,DAILYMED,True
MED-0992,INSULINA DEGLUDEC,CURRENT_DAILYMED_IDENTITY_CONFIRMED,,,,,,,,,,,,,,,,,,,,,,,,CURRENT_DAILYMED_IDENTITY_CONFIRMED,DAILYMED,True
MED-0993,INSULINA DETEMIR,CURRENT_DAILYMED_IDENTITY_CONFIRMED,,,,,,,,,,,,,,,,,,,,,,,,CURRENT_DAILYMED_IDENTITY_CONFIRMED,DAILYMED,True
MED-0994,INSULINA GLARGINA,CURRENT_DAILYMED_IDENTITY_CONFIRMED,,,,,,,,,,,,,,,,,,,,,,,,CURRENT_DAILYMED_IDENTITY_CONFIRMED,DAILYMED,True
MED-0996,INSULINA LISPRO,CURRENT_DAILYMED_IDENTITY_CONFIRMED,,,,,,,,,,,,,,,,,,,,,,,,CURRENT_DAILYMED_IDENTITY_CONFIRMED,DAILYMED,True
MED-1004,IVACAFTOR,CURRENT_OPENFDA_IDENTITY_CONFIRMED,,,,,,,,,,,,,,,,,,,,,,,,CURRENT_OPENFDA_IDENTITY_CONFIRMED,OPENFDA,True
MED-1028,MIGLUSTAT,CURRENT_DAILYMED_IDENTITY_CONFIRMED,,,,,,,,,,,,,,,,,,,,,,,,CURRENT_DAILYMED_IDENTITY_CONFIRMED,DAILYMED,True
MED-1033,NADOLOL,CURRENT_DAILYMED_IDENTITY_CONFIRMED,,,,,,,,,,,,,,,,,,,,,,,,CURRENT_DAILYMED_IDENTITY_CONFIRMED,DAILYMED,True
MED-1035,NARATRIPTÁN,CURRENT_DAILYMED_IDENTITY_CONFIRMED,,,,,,,,,,,,,,,,,,,,,,,,CURRENT_DAILYMED_IDENTITY_CONFIRMED,DAILYMED,True
MED-1037,NELARABINA,CURRENT_DAILYMED_IDENTITY_CONFIRMED,,,,,,,,,,,,,,,,,,,,,,,,CURRENT_DAILYMED_IDENTITY_CONFIRMED,DAILYMED,True
MED-1038,NELFINAVIR,CURRENT_OPENFDA_IDENTITY_CONFIRMED,,,,,,,,,,,,,,,,,,,,,,,,CURRENT_OPENFDA_IDENTITY_CONFIRMED,OPENFDA,True
MED-1047,OCTREOTIDE,CURRENT_DAILYMED_IDENTITY_CONFIRMED,,,,,,,,,,,,,,,,,,,,,,,,CURRENT_DAILYMED_IDENTITY_CONFIRMED,DAILYMED,True
MED-1051,OXALIPLATINO,CURRENT_DAILYMED_IDENTITY_CONFIRMED,,,,,,,,,,,,,,,,,,,,,,,,CURRENT_DAILYMED_IDENTITY_CONFIRMED,DAILYMED,True
MED-1058,PEGFILGRASTIM,UNRESOLVED,False,False,False,EXACT_IDENTITY_CORROBORATED,BLA125031,100.0,ACCEPT,NO_ADJUSTMENT_EXPLICIT,97449,02484153,FULPHILA,Marketed,https://pdf.hres.ca/dpd_pm/00085787.PDF,2026-08-14," Fulphila Page 5 of 41 4 DOSAGE AND ADMINISTRATION 4.1 Dosing Considerations Fulphila (pegfilgrastim) should be administered no sooner than 24 hours after the administration of cytotoxic chemotherapy (see 7 WARNINGS AND PRECAUTIONS). Renal impairment, including end-stage renal disease, appears to have no effect on the pharmacokinetics of pegfilgrastim and no dosage adjustment is required. 4.2 Recommended Dose and Dosage Adjustment The recommended dosage of Fulphila is a single subcutaneous injection of 6 mg, administered once per cycle of chemotherapy. Fulphila should be administered no sooner than 24 hours after the administration of cytotoxic chemotherapy (see 7 WARNINGS AND PRECAUTIONS). Health Canada has not authorized an indication for pediatric use. (see 1 INDICATIONS: Pediatrics). 4.3 Reconstitution Not applicable; Fulphila is administered from a prefilled syringe and should not be mixed with any diluents. 4.4 Administration Fulphila is intended for subcutaneous injection only and should not be given by any other route of administration. Fulphila should not be mixed with any diluents. Fulphila should not be vigorously shaken. Following administration of Fulphila from the single-use prefilled syringe, the patient should activate the UltraSafe™ Plus Passive Needle Guard by releasing the plunger and allowing the syringe to move up until the needle is covered by needle guard. Note: The needle guard will not activate unless the entire dose is injected. 4.5 Missed Dose If a scheduled dose is missed, Fulphila should not be administered less than 14 days before subsequent administration of cytotoxic chemotherapy. 5 OVERDOSAGE The maximum tolerated dose of Fulphila (pegfilgrastim) has not been determined in humans. Fulphila Page 18 of 41 Special Populations and Conditions Pediatrics: The pharmacokinetic profile in pediatric populations has not been assessed. Geriatrics: no differences were observed in the pharmacokinetics of geriatric patients with cancer (≥65 years of age) compared to younger patients (<65 years of 
---
 Fulphila Page 5 of 41 4 DOSAGE AND ADMINISTRATION 4.1 Dosing Considerations Fulphila (pegfilgrastim) should be administered no sooner than 24 hours after the administration of cytotoxic chemotherapy (see 7 WARNINGS AND PRECAUTIONS). Renal impairment, including end-stage renal disease, appears to have no effect on the pharmacokinetics of pegfilgrastim and no dosage adjustment is required. 4.2 Recommended Dose and Dosage Adjustment The recommended dosage of Fulphila is a single subcutaneous injection of 6 mg, administered once per cycle of chemotherapy. Fulphila should be administered no sooner than 24 hours after the administration of cytotoxic chemotherapy (see 7 WARNINGS AND PRECAUTIONS). Health Canada has not authorized an indication for pediatric use. (see 1 INDICATIONS: Pediatrics). 4.3 Reconstitution Not applicable; Fulphila is administered from a prefilled syringe and should not be mixed with any diluents. 4.4 Administration Fulphila is intended for subcutaneous injection only and should not be given by any other route of administration. Fulphila should not be mixed with any diluents. Fulphila should not be vigorously shaken. Following administration of Fulphila from the single-use prefilled syringe, the patient should activate the UltraSafe™ Plus Passive Needle Guard by releasing the plunger and allowing the syringe to move up until the needle is covered by needle guard. Note: The needle guard will not activate unless the entire dose is injected. 4.5 Missed Dose If a scheduled dose is missed, Fulphila should not be administered less than 14 days before subsequent administration of cytotoxic chemotherapy. 5 OVERDOSAGE The maximum tolerated dose of Fulphila (pegfilgrastim) has not been determined in humans. Fulphila Page 18 of 41 Special Populations and Conditions Pediatrics: The pharmacokinetic profile in pediatric populations has not been assessed. Geriatrics: no differences were observed in the pharmacokinetics of geriatric patients with cancer (≥65 years of age) compared to younger patients (<65 years of age) (see 7 WARNINGS AND PR
---
ofile in pediatric populations has not been assessed. Geriatrics: no differences were observed in the pharmacokinetics of geriatric patients with cancer (≥65 years of age) compared to younger patients (<65 years of age) (see 7 WARNINGS AND PRECAUTIONS, Special Populations, Geriatrics). Sex: no gender-related differences were observed in the pharmacokinetics of pegfilgrastim. Ethnic origin: The effect of race on pharmacokinetics has not been adequately assessed. Hepatic Insufficiency: The pharmacokinetic profile in patients with hepatic insufficiency has not been assessed. Renal Insufficiency: Renal impairment, including end-stage renal disease, appears to have no effects on the pharmacokinetics of pegfilgrastim. 11 STORAGE, STABILITY AND DISPOSAL Fulphila (pegfilgrastim) should be stored refrigerated at 2° to 8°C (36° to 46°F). Keep the container in the outer carton to protect from light. Before injection‚ Fulphila may be allowed to reach room temperature for a maximum of 72 hours. Fulphila left at room temperature for more than 72 hours should be discarded. Freezing should be avoided; however, if accidentally frozen Fulphila should be allowed to thaw in the refrigerator before administration. If frozen a second time, Fulphila should be discarded. Fulphila should be visually inspected for discoloration and particulate matter before administration. Fulphila should not be administered if discoloration or particulates are observed. Fulphila should be disposed of by placing all needle covers and used prefilled syringes in an approved sharps disposal container right away after use (see the Instructions for Use leaflet for further instructions on activating the needle guard and safe disposal of the used prefilled syringe). 12 SPECIAL HANDLING INSTRUCTIONS Fulphila (pegfilgrastim) should not be vigorously shaken. Full instructions for use are included in the PATIENT MEDICATION INFORMATION section. 
---
ns has not been assessed. Geriatrics: no differences were observed in the pharmacokinetics of geriatric patients with cancer (≥65 years of age) compared to younger patients (<65 years of age) (see 7 WARNINGS AND PRECAUTIONS, Special Populations, Geriatrics). Sex: no gender-related differences were observed in the pharmacokinetics of pegfilgrastim. Ethnic origin: The effect of race on pharmacokinetics has not been adequately assessed. Hepatic Insufficiency: The pharmacokinetic profile in patients with hepatic insufficiency has not been assessed. Renal Insufficiency: Renal impairment, including end-stage renal disease, appears to have no effects on the pharmacokinetics of pegfilgrastim. 11 STORAGE, STABILITY AND DISPOSAL Fulphila (pegfilgrastim) should be stored refrigerated at 2° to 8°C (36° to 46°F). Keep the container in the outer carton to protect from light. Before injection‚ Fulphila may be allowed to reach room temperature for a maximum of 72 hours. Fulphila left at room temperature for more than 72 hours should be discarded. Freezing should be avoided; however, if accidentally frozen Fulphila should be allowed to thaw in the refrigerator before administration. If frozen a second time, Fulphila should be discarded. Fulphila should be visually inspected for discoloration and particulate matter before administration. Fulphila should not be administered if discoloration or particulates are observed. Fulphila should be disposed of by placing all needle covers and used prefilled syringes in an approved sharps disposal container right away after use (see the Instructions for Use leaflet for further instructions on activating the needle guard and safe disposal of the used prefilled syringe). 12 SPECIAL HANDLING INSTRUCTIONS Fulphila (pegfilgrastim) should not be vigorously shaken. Full instructions for use are included in the PATIENT MEDICATION INFORMATION section. ",NO_EXACT_EMA_PRODUCT,,,,,CURRENT_SINGLE_OFFICIAL_EXACT,HEALTH_CANADA,NO_ADJUSTMENT_EXPLICIT,CURRENT_SINGLE_OFFICIAL_EXACT,HEALTH_CANADA,True
MED-1070,PRAZIQUANTEL,CURRENT_OPENFDA_IDENTITY_CONFIRMED,,,,,,,,,,,,,,,,,,,,,,,,CURRENT_OPENFDA_IDENTITY_CONFIRMED,OPENFDA,True
MED-1078,REMIFENTANILO,CURRENT_DAILYMED_IDENTITY_CONFIRMED,,,,,,,,,,,,,,,,,,,,,,,,CURRENT_DAILYMED_IDENTITY_CONFIRMED,DAILYMED,True
MED-1084,RITUXIMAB,CURRENT_OPENFDA_IDENTITY_CONFIRMED,,,,,,,,,,,,,,,,,,,,,,,,CURRENT_OPENFDA_IDENTITY_CONFIRMED,OPENFDA,True
MED-1085,RIZATRIPTÁN,CURRENT_OPENFDA_IDENTITY_CONFIRMED,,,,,,,,,,,,,,,,,,,,,,,,CURRENT_OPENFDA_IDENTITY_CONFIRMED,OPENFDA,True
MED-1090,SAQUINAVIR,CURRENT_DAILYMED_IDENTITY_CONFIRMED,,,,,,,,,,,,,,,,,,,,,,,,CURRENT_DAILYMED_IDENTITY_CONFIRMED,DAILYMED,True
MED-1091,SARILUMAB,CURRENT_DAILYMED_IDENTITY_CONFIRMED,,,,,,,,,,,,,,,,,,,,,,,,CURRENT_DAILYMED_IDENTITY_CONFIRMED,DAILYMED,True
MED-1102,TEDIZOLID,CURRENT_OPENFDA_IDENTITY_CONFIRMED,,,,,,,,,,,,,,,,,,,,,,,,CURRENT_OPENFDA_IDENTITY_CONFIRMED,OPENFDA,True
MED-1104,TEMSIROLIMUS,CURRENT_DAILYMED_IDENTITY_CONFIRMED,,,,,,,,,,,,,,,,,,,,,,,,CURRENT_DAILYMED_IDENTITY_CONFIRMED,DAILYMED,True
MED-1111,TIMOLOL,CURRENT_OPENFDA_IDENTITY_CONFIRMED,,,,,,,,,,,,,,,,,,,,,,,,CURRENT_OPENFDA_IDENTITY_CONFIRMED,OPENFDA,True
MED-1114,TIOTEPA,CURRENT_DAILYMED_IDENTITY_CONFIRMED,,,,,,,,,,,,,,,,,,,,,,,,CURRENT_DAILYMED_IDENTITY_CONFIRMED,DAILYMED,True
MED-1117,TOCILIZUMAB,CURRENT_DAILYMED_IDENTITY_CONFIRMED,,,,,,,,,,,,,,,,,,,,,,,,CURRENT_DAILYMED_IDENTITY_CONFIRMED,DAILYMED,True
MED-1120,TOLVAPTAN,CURRENT_DAILYMED_IDENTITY_CONFIRMED,,,,,,,,,,,,,,,,,,,,,,,,CURRENT_DAILYMED_IDENTITY_CONFIRMED,DAILYMED,True
MED-1121,TOPOTECÁN,CURRENT_DAILYMED_IDENTITY_CONFIRMED,,,,,,,,,,,,,,,,,,,,,,,,CURRENT_DAILYMED_IDENTITY_CONFIRMED,DAILYMED,True
MED-1126,TRIÓXIDO DE ARSÉNICO,CURRENT_DAILYMED_IDENTITY_CONFIRMED,,,,,,,,,,,,,,,,,,,,,,,,CURRENT_DAILYMED_IDENTITY_CONFIRMED,DAILYMED,True
MED-1128,TRIPTORELINA DEPOT,CURRENT_DAILYMED_IDENTITY_CONFIRMED,,,,,,,,,,,,,,,,,,,,,,,,CURRENT_DAILYMED_IDENTITY_CONFIRMED,DAILYMED,True
MED-1141,ZAFIRLUKAST,CURRENT_OPENFDA_IDENTITY_CONFIRMED,,,,,,,,,,,,,,,,,,,,,,,,CURRENT_OPENFDA_IDENTITY_CONFIRMED,OPENFDA,True
MED-1142,ZOLMITRIPTÁN,UNRESOLVED,False,False,False,EXACT_IDENTITY_CORROBORATED,ANDA202078,100.0,ACCEPT,NO_ADJUSTMENT_EXPLICIT,84796,02362988,SANDOZ ZOLMITRIPTAN,Marketed,https://pdf.hres.ca/dpd_pm/00077878.PDF,2011-06-07," in the liver. Patients with moderate to severe hepatic impairment have decreased clearance of zolmitriptan and significant elevation in blood pressure was observed in some patients. Sandoz Zolmitriptan / Sandoz Zolmitriptan ODT should be administered with caution to patients with moderate or severe hepatic impairment, using a dose lower than 2.5 mg. Total dose should not exceed 5 mg in 24 hours. Blood pressure monitoring is recommended (see 7 WARNINGS AND PRECAUTIONS - Hepatic/Biliary/Pancreatic; 10.3 Pharmacokinetics). Renal Insufficiency: No dosage adjustment is required in patients with a creatinine clearance ≥15 ml/min. Sandoz Zolmitriptan / Sandoz Zolmitriptan ODT should not be used in patients with end-stage renal disease (CrCl <15 mL/min). 4.4 Administration Sandoz Zolmitriptan (zolmitriptan tablets): The tablet should be swallowed with water. Sandoz Zolmitriptan and Sandoz Zolmitriptan ODT Page 9 of 63 Sandoz Zolmitriptan ODT (zolmitriptan orally disintegrating tablets): The tablet should be placed on the tongue, where it will dissolve with the saliva. Water is not needed for the dispersible tablet. 5 OVERDOSAGE There is no experience with clinical overdose. Volunteers receiving single 50 mg oral doses of zolmitriptan commonly experienced sedation. The elimination half-life of zolmitriptan is 2.5 - 3 hours (see 10.3 Pharmacokinetics), and therefore monitoring of patients after overdose with Sandoz Zolmitriptan / Sandoz Zolmitriptan ODT should continue for at least 15 hours or while symptoms or signs persist. There is no specific antidote to zolmitriptan. In cases of severe intoxication, intensive care procedures are recommended, including establishing and maintaining a patent airway, ensuring adequate oxygenation and ventilation, and monitoring and support of the cardiovascular system. It is unknown what effect hemodialysis or peritoneal dialysis has on the serum concentrations of zolmitriptan. For management of a suspected drug overdose, contact your regional poison control centre immediately or Health Canada’s toll-free number, 1-844 POISON-X (1-844-764-7669). 6 DOSAGE FORMS, STRENGTHS, COMPOSITION AND PACKAGING Table 1- Dosage Forms, Strengths, Composition and Packaging Formulation Route of Administration Dosage Form / Strength / Composition Non-medicinal Ingredients Sandoz Zolmitriptan and Sandoz Zolmitriptan ODT Page 35 of 63 in vitro: Receptor specificity studies
---
nificant elevation in blood pressure was observed in some patients. Sandoz Zolmitriptan / Sandoz Zolmitriptan ODT should be administered with caution to patients with moderate or severe hepatic impairment, using a dose lower than 2.5 mg. Total dose should not exceed 5 mg in 24 hours. Blood pressure monitoring is recommended (see 7 WARNINGS AND PRECAUTIONS - Hepatic/Biliary/Pancreatic; 10.3 Pharmacokinetics). Renal Insufficiency: No dosage adjustment is required in patients with a creatinine clearance ≥15 ml/min. Sandoz Zolmitriptan / Sandoz Zolmitriptan ODT should not be used in patients with end-stage renal disease (CrCl <15 mL/min). 4.4 Administration Sandoz Zolmitriptan (zolmitriptan tablets): The tablet should be swallowed with water. Sandoz Zolmitriptan and Sandoz Zolmitriptan ODT Page 9 of 63 Sandoz Zolmitriptan ODT (zolmitriptan orally disintegrating tablets): The tablet should be placed on the tongue, where it will dissolve with the saliva. Water is not needed for the dispersible tablet. 5 OVERDOSAGE There is no experience with clinical overdose. Volunteers receiving single 50 mg oral doses of zolmitriptan commonly experienced sedation. The elimination half-life of zolmitriptan is 2.5 - 3 hours (see 10.3 Pharmacokinetics), and therefore monitoring of patients after overdose with Sandoz Zolmitriptan / Sandoz Zolmitriptan ODT should continue for at least 15 hours or while symptoms or signs persist. There is no specific antidote to zolmitriptan. In cases of severe intoxication, intensive care procedures are recommended, including establishing and maintaining a patent airway, ensuring adequate oxygenation and ventilation, and monitoring and support of the cardiovascular system. It is unknown what effect hemodialysis or peritoneal dialysis has on the serum concentrations of zolmitriptan. For management of a suspected drug overdose, contact your regional poison control centre immediately or Health Canada’s toll-free number, 1-844 POISON-X (1-844-764-7669). 6 DOSAGE FORMS, STRENGTHS, COMPOSITION AND PACKAGING Table 1- Dosage Forms, Strengths, Composition and Packaging Formulation Route of Administration Dosage Form / Strength / Composition Non-medicinal Ingredients Sandoz Zolmitriptan and Sandoz Zolmitriptan ODT Page 35 of 63 in vitro: Receptor specificity studies using radioligand binding assays and isolated intact tissue assays have shown that zolmitriptan is a selectiv
---
od pressure was observed in some patients. Sandoz Zolmitriptan / Sandoz Zolmitriptan ODT should be administered with caution to patients with moderate or severe hepatic impairment, using a dose lower than 2.5 mg. Total dose should not exceed 5 mg in 24 hours. Blood pressure monitoring is recommended (see 7 WARNINGS AND PRECAUTIONS - Hepatic/Biliary/Pancreatic; 10.3 Pharmacokinetics). Renal Insufficiency: No dosage adjustment is required in patients with a creatinine clearance ≥15 ml/min. Sandoz Zolmitriptan / Sandoz Zolmitriptan ODT should not be used in patients with end-stage renal disease (CrCl <15 mL/min). 4.4 Administration Sandoz Zolmitriptan (zolmitriptan tablets): The tablet should be swallowed with water. Sandoz Zolmitriptan and Sandoz Zolmitriptan ODT Page 9 of 63 Sandoz Zolmitriptan ODT (zolmitriptan orally disintegrating tablets): The tablet should be placed on the tongue, where it will dissolve with the saliva. Water is not needed for the dispersible tablet. 5 OVERDOSAGE There is no experience with clinical overdose. Volunteers receiving single 50 mg oral doses of zolmitriptan commonly experienced sedation. The elimination half-life of zolmitriptan is 2.5 - 3 hours (see 10.3 Pharmacokinetics), and therefore monitoring of patients after overdose with Sandoz Zolmitriptan / Sandoz Zolmitriptan ODT should continue for at least 15 hours or while symptoms or signs persist. There is no specific antidote to zolmitriptan. In cases of severe intoxication, intensive care procedures are recommended, including establishing and maintaining a patent airway, ensuring adequate oxygenation and ventilation, and monitoring and support of the cardiovascular system. It is unknown what effect hemodialysis or peritoneal dialysis has on the serum concentrations of zolmitriptan. For management of a suspected drug overdose, contact your regional poison control centre immediately or Health Canada’s toll-free number, 1-844 POISON-X (1-844-764-7669). 6 DOSAGE FORMS, STRENGTHS, COMPOSITION AND PACKAGING Table 1- Dosage Forms, Strengths, Composition and Packaging Formulation Route of Administration Dosage Form / Strength / Composition Non-medicinal Ingredients Sandoz Zolmitriptan and Sandoz Zolmitriptan ODT Page 35 of 63 in vitro: Receptor specificity studies using radioligand binding assays and isolated intact tissue assays have shown that zolmitriptan is a selective 5-HT1 partia
---
cific. Zolmitriptan exhibited no general autonomic effects, but at low doses (3 -100 mcg/kg IV) had a selective effect on the sympathetic innervation to the carotid vasculature consistent with agonist activity at pre-junctional inhibitory 5-HT1D -like receptors. Zolmitriptan did not cause any important respiratory effects except at high doses (>1 mg/kg). However, at these doses other central nervous system and behavioural effects may contribute. Zolmitriptan had no effects on gastrointestinal function except at very high doses (30 mg/kg, PO). Likewise, the drug was without important effect on renal function and barbiturate sleeping times. Sandoz Zolmitriptan and Sandoz Zolmitriptan ODT Page 40 of 63 Seven out of 27 patients with hepatic impairment (4 with moderate and 3 with severe liver disease) experienced 20 to 80 mmHg elevations in systolic and/or diastolic blood pressure after a 10 mg dose. Zolmitriptan should be administered with caution in subjects with moderate or severe liver disease (see 7 WARNINGS AND PRECAUTIONS – Hepatic/Biliary/Pancreatic; 4.1 Dosing Considerations). • Renal Insufficiency: Following oral dosing in patients with severe renal impairment (ClCr ≥ 5 - ≤ 25 mL/min), clearance of zolmitriptan was reduced by 25% compared to normal (ClCr ≥ 70 mL/min). There was no significant change observed in the clearance of zolmitriptan in patients with moderate renal impairment (ClCr ≥ 26 - ≤ 50 mL/min). The effects of renal impairment on the pharmacokinetics of zolmitriptan nasal spray have not been evaluated. • Obesity: Zolmitriptan pharmacokinetics in obese patients have not been established • Hypertension: No differences in the pharmacokinetics of zolmitriptan were noted in mild to moderate hypertensive volunteers compared to normotensive controls. In this study involving a limited number of patients, small dose-dependent increases in systolic and diastolic blood pressure (approximately 3 mmHg) did not differ between mild/moderate hypertensives and normotensive controls. Sandoz Zolmitriptan / Sandoz Zolmitriptan ODT is contraindicated in patients with uncontrolled or severe hypertension (see 2 CONTRAINDICATIONS; 7 WARNINGS AND PRECAUTIONS – Cardiovascular). 11 STORAGE, STABILITY AND DISPOSAL Sandoz Zolmitriptan and Sandoz Zolmitriptan ODT should be stored at room temperature between 15 and 30ºC. 12 SPECIAL HANDLING INSTRUCTIONS No special requirements for ha
---
 was without important effect on renal function and barbiturate sleeping times. Sandoz Zolmitriptan and Sandoz Zolmitriptan ODT Page 40 of 63 Seven out of 27 patients with hepatic impairment (4 with moderate and 3 with severe liver disease) experienced 20 to 80 mmHg elevations in systolic and/or diastolic blood pressure after a 10 mg dose. Zolmitriptan should be administered with caution in subjects with moderate or severe liver disease (see 7 WARNINGS AND PRECAUTIONS – Hepatic/Biliary/Pancreatic; 4.1 Dosing Considerations). • Renal Insufficiency: Following oral dosing in patients with severe renal impairment (ClCr ≥ 5 - ≤ 25 mL/min), clearance of zolmitriptan was reduced by 25% compared to normal (ClCr ≥ 70 mL/min). There was no significant change observed in the clearance of zolmitriptan in patients with moderate renal impairment (ClCr ≥ 26 - ≤ 50 mL/min). The effects of renal impairment on the pharmacokinetics of zolmitriptan nasal spray have not been evaluated. • Obesity: Zolmitriptan pharmacokinetics in obese patients have not been established • Hypertension: No differences in the pharmacokinetics of zolmitriptan were noted in mild to moderate hypertensive volunteers compared to normotensive controls. In this study involving a limited number of patients, small dose-dependent increases in systolic and diastolic blood pressure (approximately 3 mmHg) did not differ between mild/moderate hypertensives and normotensive controls. Sandoz Zolmitriptan / Sandoz Zolmitriptan ODT is contraindicated in patients with uncontrolled or severe hypertension (see 2 CONTRAINDICATIONS; 7 WARNINGS AND PRECAUTIONS – Cardiovascular). 11 STORAGE, STABILITY AND DISPOSAL Sandoz Zolmitriptan and Sandoz Zolmitriptan ODT should be stored at room temperature between 15 and 30ºC. 12 SPECIAL HANDLING INSTRUCTIONS No special requirements for handling. 
---
iver disease) experienced 20 to 80 mmHg elevations in systolic and/or diastolic blood pressure after a 10 mg dose. Zolmitriptan should be administered with caution in subjects with moderate or severe liver disease (see 7 WARNINGS AND PRECAUTIONS – Hepatic/Biliary/Pancreatic; 4.1 Dosing Considerations). • Renal Insufficiency: Following oral dosing in patients with severe renal impairment (ClCr ≥ 5 - ≤ 25 mL/min), clearance of zolmitriptan was reduced by 25% compar",NO_EXACT_EMA_PRODUCT,,,,,CURRENT_SINGLE_OFFICIAL_EXACT,HEALTH_CANADA,NO_ADJUSTMENT_EXPLICIT,CURRENT_SINGLE_OFFICIAL_EXACT,HEALTH_CANADA,True
MED-1143,ZONISAMIDA,CURRENT_DAILYMED_IDENTITY_CONFIRMED,,,,,,,,,,,,,,,,,,,,,,,,CURRENT_DAILYMED_IDENTITY_CONFIRMED,DAILYMED,True
MED-0002,ABACAVIR,CURRENT_OPENFDA_IDENTITY_CONFIRMED,,,,,,,,,,,,,,,,,,,,,,,,CURRENT_OPENFDA_IDENTITY_CONFIRMED,OPENFDA,True
MED-0003,ABEMACICLIB,CURRENT_DAILYMED_IDENTITY_CONFIRMED,,,,,,,,,,,,,,,,,,,,,,,,CURRENT_DAILYMED_IDENTITY_CONFIRMED,DAILYMED,True
MED-0004,ABIRATERONA,CURRENT_DAILYMED_IDENTITY_CONFIRMED,,,,,,,,,,,,,,,,,,,,,,,,CURRENT_DAILYMED_IDENTITY_CONFIRMED,DAILYMED,True
MED-0005,ABROCITINIB,CURRENT_DAILYMED_IDENTITY_CONFIRMED,,,,,,,,,,,,,,,,,,,,,,,,CURRENT_DAILYMED_IDENTITY_CONFIRMED,DAILYMED,True
MED-0029,ACIDO IBANDRONICO,CURRENT_DAILYMED_IDENTITY_CONFIRMED,,,,,,,,,,,,,,,,,,,,,,,,CURRENT_DAILYMED_IDENTITY_CONFIRMED,DAILYMED,True
MED-0042,ALENDRONATO,CURRENT_DAILYMED_IDENTITY_CONFIRMED,,,,,,,,,,,,,,,,,,,,,,,,CURRENT_DAILYMED_IDENTITY_CONFIRMED,DAILYMED,True
MED-0045,ALOPURINOL,CURRENT_DAILYMED_IDENTITY_CONFIRMED,,,,,,,,,,,,,,,,,,,,,,,,CURRENT_DAILYMED_IDENTITY_CONFIRMED,DAILYMED,True
MED-0047,AMANTADINA CLORHIDRATO,CURRENT_DAILYMED_IDENTITY_CONFIRMED,,,,,,,,,,,,,,,,,,,,,,,,CURRENT_DAILYMED_IDENTITY_CONFIRMED,DAILYMED,True
MED-0048,AMBRISENTAN,CURRENT_DAILYMED_IDENTITY_CONFIRMED,,,,,,,,,,,,,,,,,,,,,,,,CURRENT_DAILYMED_IDENTITY_CONFIRMED,DAILYMED,True
MED-0057,APIXABAN,CURRENT_OPENFDA_IDENTITY_CONFIRMED,,,,,,,,,,,,,,,,,,,,,,,,CURRENT_OPENFDA_IDENTITY_CONFIRMED,OPENFDA,True
MED-0058,APREMILAST,CURRENT_DAILYMED_IDENTITY_CONFIRMED,,,,,,,,,,,,,,,,,,,,,,,,CURRENT_DAILYMED_IDENTITY_CONFIRMED,DAILYMED,True
MED-0059,ARIPIPRAZOL,CURRENT_DAILYMED_IDENTITY_CONFIRMED,,,,,,,,,,,,,,,,,,,,,,,,CURRENT_DAILYMED_IDENTITY_CONFIRMED,DAILYMED,True
MED-0063,ATENOLOL,CURRENT_DAILYMED_IDENTITY_CONFIRMED,,,,,,,,,,,,,,,,,,,,,,,,CURRENT_DAILYMED_IDENTITY_CONFIRMED,DAILYMED,True
MED-0064,ATORVASTATINA,CURRENT_DAILYMED_IDENTITY_CONFIRMED,,,,,,,,,,,,,,,,,,,,,,,,CURRENT_DAILYMED_IDENTITY_CONFIRMED,DAILYMED,True
MED-0070,BARICITINIB,CURRENT_DAILYMED_IDENTITY_CONFIRMED,,,,,,,,,,,,,,,,,,,,,,,,CURRENT_DAILYMED_IDENTITY_CONFIRMED,DAILYMED,True
MED-0077,BICALUTAMIDA,CURRENT_DAILYMED_IDENTITY_CONFIRMED,,,,,,,,,,,,,,,,,,,,,,,,CURRENT_DAILYMED_IDENTITY_CONFIRMED,DAILYMED,True
MED-0084,BOSENTAN,CURRENT_DAILYMED_IDENTITY_CONFIRMED,,,,,,,,,,,,,,,,,,,,,,,,CURRENT_DAILYMED_IDENTITY_CONFIRMED,DAILYMED,True
MED-0087,BRIGATINIB,CURRENT_DAILYMED_IDENTITY_CONFIRMED,,,,,,,,,,,,,,,,,,,,,,,,CURRENT_DAILYMED_IDENTITY_CONFIRMED,DAILYMED,True
MED-0094,BUPROPION,CURRENT_DAILYMED_IDENTITY_CONFIRMED,,,,,,,,,,,,,,,,,,,,,,,,CURRENT_DAILYMED_IDENTITY_CONFIRMED,DAILYMED,True
MED-0109,CEFADROXILO,CURRENT_DAILYMED_IDENTITY_CONFIRMED,,,,,,,,,,,,,,,,,,,,,,,,CURRENT_DAILYMED_IDENTITY_CONFIRMED,DAILYMED,True
MED-0125,CINACALCET,CURRENT_DAILYMED_IDENTITY_CONFIRMED,,,,,,,,,,,,,,,,,,,,,,,,CURRENT_DAILYMED_IDENTITY_CONFIRMED,DAILYMED,True
MED-0131,CITALOPRAM,CURRENT_OPENFDA_IDENTITY_CONFIRMED,,,,,,,,,,,,,,,,,,,,,,,,CURRENT_OPENFDA_IDENTITY_CONFIRMED,OPENFDA,True
MED-0135,CLADRIBINA,CURRENT_DAILYMED_IDENTITY_CONFIRMED,,,,,,,,,,,,,,,,,,,,,,,,CURRENT_DAILYMED_IDENTITY_CONFIRMED,DAILYMED,True
MED-0164,DABIGATRAN,CURRENT_DAILYMED_IDENTITY_CONFIRMED,,,,,,,,,,,,,,,,,,,,,,,,CURRENT_DAILYMED_IDENTITY_CONFIRMED,DAILYMED,True
MED-0168,DAPAGLIFLOZINA,CURRENT_OPENFDA_IDENTITY_CONFIRMED,,,,,,,,,,,,,,,,,,,,,,,,CURRENT_OPENFDA_IDENTITY_CONFIRMED,OPENFDA,True
MED-0176,DEFERASIROX,CURRENT_DAILYMED_IDENTITY_CONFIRMED,,,,,,,,,,,,,,,,,,,,,,,,CURRENT_DAILYMED_IDENTITY_CONFIRMED,DAILYMED,True
MED-0195,DIGOXINA,CURRENT_DAILYMED_IDENTITY_CONFIRMED,,,,,,,,,,,,,,,,,,,,,,,,CURRENT_DAILYMED_IDENTITY_CONFIRMED,DAILYMED,True
MED-0217,DROXIDOPA,CURRENT_DAILYMED_IDENTITY_CONFIRMED,,,,,,,,,,,,,,,,,,,,,,,,CURRENT_DAILYMED_IDENTITY_CONFIRMED,DAILYMED,True
MED-0218,DULOXETINA,CURRENT_DAILYMED_IDENTITY_CONFIRMED,,,,,,,,,,,,,,,,,,,,,,,,CURRENT_DAILYMED_IDENTITY_CONFIRMED,DAILYMED,True
MED-0227,ENALAPRIL MALEATO,CURRENT_DAILYMED_IDENTITY_CONFIRMED,,,,,,,,,,,,,,,,,,,,,,,,CURRENT_DAILYMED_IDENTITY_CONFIRMED,DAILYMED,True
MED-0237,ESCITALOPRAM,CURRENT_DAILYMED_IDENTITY_CONFIRMED,,,,,,,,,,,,,,,,,,,,,,,,CURRENT_DAILYMED_IDENTITY_CONFIRMED,DAILYMED,True
MED-0250,EZETIMIBE,CURRENT_DAILYMED_IDENTITY_CONFIRMED,,,,,,,,,,,,,,,,,,,,,,,,CURRENT_DAILYMED_IDENTITY_CONFIRMED,DAILYMED,True
MED-0260,FINASTERIDA,CURRENT_DAILYMED_IDENTITY_CONFIRMED,,,,,,,,,,,,,,,,,,,,,,,,CURRENT_DAILYMED_IDENTITY_CONFIRMED,DAILYMED,True
MED-0277,GALANTAMINA,CURRENT_DAILYMED_IDENTITY_CONFIRMED,,,,,,,,,,,,,,,,,,,,,,,,CURRENT_DAILYMED_IDENTITY_CONFIRMED,DAILYMED,True
MED-0284,GLIMEPIRIDA,CURRENT_DAILYMED_IDENTITY_CONFIRMED,,,,,,,,,,,,,,,,,,,,,,,,CURRENT_DAILYMED_IDENTITY_CONFIRMED,DAILYMED,True
MED-0303,IMATINIB,CURRENT_DAILYMED_IDENTITY_CONFIRMED,,,,,,,,,,,,,,,,,,,,,,,,CURRENT_DAILYMED_IDENTITY_CONFIRMED,DAILYMED,True
MED-0309,IRBERSARTAN,CURRENT_DAILYMED_IDENTITY_CONFIRMED,,,,,,,,,,,,,,,,,,,,,,,,CURRENT_DAILYMED_IDENTITY_CONFIRMED,DAILYMED,True
MED-0317,IVABRADINA,CURRENT_DAILYMED_IDENTITY_CONFIRMED,,,,,,,,,,,,,,,,,,,,,,,,CURRENT_DAILYMED_IDENTITY_CONFIRMED,DAILYMED,True
MED-0318,IXAZOMIB,CURRENT_DAILYMED_IDENTITY_CONFIRMED,,,,,,,,,,,,,,,,,,,,,,,,CURRENT_DAILYMED_IDENTITY_CONFIRMED,DAILYMED,True
MED-0329,LAMOTRIGINA,CURRENT_DAILYMED_IDENTITY_CONFIRMED,,,,,,,,,,,,,,,,,,,,,,,,CURRENT_DAILYMED_IDENTITY_CONFIRMED,DAILYMED,True
MED-0335,LENALIDOMIDA,CURRENT_DAILYMED_IDENTITY_CONFIRMED,,,,,,,,,,,,,,,,,,,,,,,,CURRENT_DAILYMED_IDENTITY_CONFIRMED,DAILYMED,True
MED-0338,LETROZOL,CURRENT_DAILYMED_IDENTITY_CONFIRMED,,,,,,,,,,,,,,,,,,,,,,,,CURRENT_DAILYMED_IDENTITY_CONFIRMED,DAILYMED,True
MED-0339,LEVETIRACETAM,CURRENT_DAILYMED_IDENTITY_CONFIRMED,,,,,,,,,,,,,,,,,,,,,,,,CURRENT_DAILYMED_IDENTITY_CONFIRMED,DAILYMED,True
MED-0340,LEVOCETIRIZINA,CURRENT_DAILYMED_IDENTITY_CONFIRMED,,,,,,,,,,,,,,,,,,,,,,,,CURRENT_DAILYMED_IDENTITY_CONFIRMED,DAILYMED,True
MED-0350,LISINOPRIL,CURRENT_OPENFDA_IDENTITY_CONFIRMED,,,,,,,,,,,,,,,,,,,,,,,,CURRENT_OPENFDA_IDENTITY_CONFIRMED,OPENFDA,True
MED-0357,LOSARTAN,CURRENT_OPENFDA_IDENTITY_CONFIRMED,,,,,,,,,,,,,,,,,,,,,,,,CURRENT_OPENFDA_IDENTITY_CONFIRMED,OPENFDA,True
MED-0372,MEMANTINA CLORHIDRATO,CURRENT_DAILYMED_IDENTITY_CONFIRMED,,,,,,,,,,,,,,,,,,,,,,,,CURRENT_DAILYMED_IDENTITY_CONFIRMED,DAILYMED,True
MED-0401,MIRABEGRON,CURRENT_DAILYMED_IDENTITY_CONFIRMED,,,,,,,,,,,,,,,,,,,,,,,,CURRENT_DAILYMED_IDENTITY_CONFIRMED,DAILYMED,True
MED-0410,MONTELUKAST,CURRENT_OPENFDA_IDENTITY_CONFIRMED,,,,,,,,,,,,,,,,,,,,,,,,CURRENT_OPENFDA_IDENTITY_CONFIRMED,OPENFDA,True
MED-0415,NEBIVOLOL,CURRENT_DAILYMED_IDENTITY_CONFIRMED,,,,,,,,,,,,,,,,,,,,,,,,CURRENT_DAILYMED_IDENTITY_CONFIRMED,DAILYMED,True
MED-0430,NITROFURANTOINA,CURRENT_OPENFDA_IDENTITY_CONFIRMED,,,,,,,,,,,,,,,,,,,,,,,,CURRENT_OPENFDA_IDENTITY_CONFIRMED,OPENFDA,True
MED-0435,OLAPARIB,CURRENT_OPENFDA_IDENTITY_CONFIRMED,,,,,,,,,,,,,,,,,,,,,,,,CURRENT_OPENFDA_IDENTITY_CONFIRMED,OPENFDA,True
MED-0438,ONDANSETRON,CURRENT_DAILYMED_IDENTITY_CONFIRMED,,,,,,,,,,,,,,,,,,,,,,,,CURRENT_DAILYMED_IDENTITY_CONFIRMED,DAILYMED,True
MED-0448,PALBOCICLIB,CURRENT_DAILYMED_IDENTITY_CONFIRMED,,,,,,,,,,,,,,,,,,,,,,,,CURRENT_DAILYMED_IDENTITY_CONFIRMED,DAILYMED,True
MED-0449,PALIPERIDONA,CURRENT_DAILYMED_IDENTITY_CONFIRMED,,,,,,,,,,,,,,,,,,,,,,,,CURRENT_DAILYMED_IDENTITY_CONFIRMED,DAILYMED,True
MED-0452,PANTOPRAZOL,UNRESOLVED,False,False,False,NO_EXACT_IDENTITY_MATCH,,,ACCEPT,NO_ADJUSTMENT_EXPLICIT,75263,02267233,TECTA,Marketed,https://pdf.hres.ca/dpd_pm/00070181.PDF,2013-06-21,"pared with healthy subjects following administration of 40 mg pantoprazole sodium. Similarly, following administration of a 20 mg dose, the AUC increased by a factor of 5.5 and the Cmax increased by a factor of 1.3 in patients with severe liver cirrhosis compared with healthy subjects. Considering the linear pharmacokinetics of pantoprazole sodium, there is an increase in AUC by a factor of 2.75 in patients with severe liver cirrhosis following administration of a 20 mg dose compared to healthy volunteers following administration of a 40 mg dose. • Renal Insufficiency: In patients with severe renal impairment, pharmacokinetic parameters for pantoprazole sodium were similar to those of healthy subjects. No dosage adjustment is necessary in patients with renal impairment or in patients undergoing hemodialysis, as the difference in AUCs between patients who are dialyzed and those who are not is 4%. STORAGE, STABILITY AND DISPOSAL Store at 15°C to 30°C in the recommended packaging. Keep out of reach and sight of children. 
---
or of 5.5 and the Cmax increased by a factor of 1.3 in patients with severe liver cirrhosis compared with healthy subjects. Considering the linear pharmacokinetics of pantoprazole sodium, there is an increase in AUC by a factor of 2.75 in patients with severe liver cirrhosis following administration of a 20 mg dose compared to healthy volunteers following administration of a 40 mg dose. • Renal Insufficiency: In patients with severe renal impairment, pharmacokinetic parameters for pantoprazole sodium were similar to those of healthy subjects. No dosage adjustment is necessary in patients with renal impairment or in patients undergoing hemodialysis, as the difference in AUCs between patients who are dialyzed and those who are not is 4%. STORAGE, STABILITY AND DISPOSAL Store at 15°C to 30°C in the recommended packaging. Keep out of reach and sight of children. 
---
r of 1.3 in patients with severe liver cirrhosis compared with healthy subjects. Considering the linear pharmacokinetics of pantoprazole sodium, there is an increase in AUC by a factor of 2.75 in patients with severe liver cirrhosis following administration of a 20 mg dose compared to healthy volunteers following administration of a 40 mg dose. • Renal Insufficiency: In patients with severe renal impairment, pharmacokinetic parameters for pantoprazole sodium were similar to those of healthy subjects. No dosage adjustment is necessary in patients with renal impairment or in patients undergoing hemodialysis, as the difference in AUCs between patients who are dialyzed and those who are not is 4%. STORAGE, STABILITY AND DISPOSAL Store at 15°C to 30°C in the recommended packaging. Keep out of reach and sight of children. ",NO_EXACT_EMA_PRODUCT,,,,,CURRENT_SINGLE_OFFICIAL_EXACT,HEALTH_CANADA,NO_ADJUSTMENT_EXPLICIT,CURRENT_SINGLE_OFFICIAL_EXACT,HEALTH_CANADA,True
MED-0476,PRAMIPEXOL,CURRENT_DAILYMED_IDENTITY_CONFIRMED,,,,,,,,,,,,,,,,,,,,,,,,CURRENT_DAILYMED_IDENTITY_CONFIRMED,DAILYMED,True
MED-0477,PRAVASTATINA SODICA,CURRENT_DAILYMED_IDENTITY_CONFIRMED,,,,,,,,,,,,,,,,,,,,,,,,CURRENT_DAILYMED_IDENTITY_CONFIRMED,DAILYMED,True
MED-0489,PRUCALOPRIDA,CURRENT_DAILYMED_IDENTITY_CONFIRMED,,,,,,,,,,,,,,,,,,,,,,,,CURRENT_DAILYMED_IDENTITY_CONFIRMED,DAILYMED,True
MED-0492,RALTEGRAVIR,CURRENT_OPENFDA_IDENTITY_CONFIRMED,,,,,,,,,,,,,,,,,,,,,,,,CURRENT_OPENFDA_IDENTITY_CONFIRMED,OPENFDA,True
MED-0494,RANOLAZINA,CURRENT_DAILYMED_IDENTITY_CONFIRMED,,,,,,,,,,,,,,,,,,,,,,,,CURRENT_DAILYMED_IDENTITY_CONFIRMED,DAILYMED,True
MED-0495,RASAGILINA,CURRENT_DAILYMED_IDENTITY_CONFIRMED,,,,,,,,,,,,,,,,,,,,,,,,CURRENT_DAILYMED_IDENTITY_CONFIRMED,DAILYMED,True
MED-0503,RIOCIGUAT,CURRENT_DAILYMED_IDENTITY_CONFIRMED,,,,,,,,,,,,,,,,,,,,,,,,CURRENT_DAILYMED_IDENTITY_CONFIRMED,DAILYMED,True
MED-0505,RITONAVIR,CURRENT_OPENFDA_IDENTITY_CONFIRMED,,,,,,,,,,,,,,,,,,,,,,,,CURRENT_OPENFDA_IDENTITY_CONFIRMED,OPENFDA,True
MED-0506,RIVAROXABAN,CURRENT_DAILYMED_IDENTITY_CONFIRMED,,,,,,,,,,,,,,,,,,,,,,,,CURRENT_DAILYMED_IDENTITY_CONFIRMED,DAILYMED,True
MED-0507,RIVASTIGMINA,CURRENT_DAILYMED_IDENTITY_CONFIRMED,,,,,,,,,,,,,,,,,,,,,,,,CURRENT_DAILYMED_IDENTITY_CONFIRMED,DAILYMED,True
MED-0509,ROFLUMILAST,CURRENT_OPENFDA_IDENTITY_CONFIRMED,,,,,,,,,,,,,,,,,,,,,,,,CURRENT_OPENFDA_IDENTITY_CONFIRMED,OPENFDA,True
MED-0510,ROSUVASTATINA,CURRENT_DAILYMED_IDENTITY_CONFIRMED,,,,,,,,,,,,,,,,,,,,,,,,CURRENT_DAILYMED_IDENTITY_CONFIRMED,DAILYMED,True
MED-0514,RUXOLITINIB,CURRENT_DAILYMED_IDENTITY_CONFIRMED,,,,,,,,,,,,,,,,,,,,,,,,CURRENT_DAILYMED_IDENTITY_CONFIRMED,DAILYMED,True
MED-0521,SERTRALINA,CURRENT_DAILYMED_IDENTITY_CONFIRMED,,,,,,,,,,,,,,,,,,,,,,,,CURRENT_DAILYMED_IDENTITY_CONFIRMED,DAILYMED,True
MED-0523,SILDENAFILO,CURRENT_DAILYMED_IDENTITY_CONFIRMED,,,,,,,,,,,,,,,,,,,,,,,,CURRENT_DAILYMED_IDENTITY_CONFIRMED,DAILYMED,True
MED-0525,SILODOSINA,CURRENT_DAILYMED_IDENTITY_CONFIRMED,,,,,,,,,,,,,,,,,,,,,,,,CURRENT_DAILYMED_IDENTITY_CONFIRMED,DAILYMED,True
MED-0527,SIMVASTATINA,CURRENT_DAILYMED_IDENTITY_CONFIRMED,,,,,,,,,,,,,,,,,,,,,,,,CURRENT_DAILYMED_IDENTITY_CONFIRMED,DAILYMED,True
MED-0532,SORAFENIB,CURRENT_DAILYMED_IDENTITY_CONFIRMED,,,,,,,,,,,,,,,,,,,,,,,,CURRENT_DAILYMED_IDENTITY_CONFIRMED,DAILYMED,True
MED-0533,SOTALOL,CURRENT_DAILYMED_IDENTITY_CONFIRMED,,,,,,,,,,,,,,,,,,,,,,,,CURRENT_DAILYMED_IDENTITY_CONFIRMED,DAILYMED,True
MED-0550,SUNITINIB,CURRENT_DAILYMED_IDENTITY_CONFIRMED,,,,,,,,,,,,,,,,,,,,,,,,CURRENT_DAILYMED_IDENTITY_CONFIRMED,DAILYMED,True
MED-0551,SUVOREXANT,CURRENT_DAILYMED_IDENTITY_CONFIRMED,,,,,,,,,,,,,,,,,,,,,,,,CURRENT_DAILYMED_IDENTITY_CONFIRMED,DAILYMED,True
MED-0552,TACROLIMUS,CURRENT_OPENFDA_IDENTITY_CONFIRMED,,,,,,,,,,,,,,,,,,,,,,,,CURRENT_OPENFDA_IDENTITY_CONFIRMED,OPENFDA,True
MED-0557,TAPENTADOL,CURRENT_DAILYMED_IDENTITY_CONFIRMED,,,,,,,,,,,,,,,,,,,,,,,,CURRENT_DAILYMED_IDENTITY_CONFIRMED,DAILYMED,True
MED-0558,TELMISARTAN,CURRENT_OPENFDA_IDENTITY_CONFIRMED,,,,,,,,,,,,,,,,,,,,,,,,CURRENT_OPENFDA_IDENTITY_CONFIRMED,OPENFDA,True
MED-0559,TEMOZOLOMIDA,CURRENT_DAILYMED_IDENTITY_CONFIRMED,,,,,,,,,,,,,,,,,,,,,,,,CURRENT_DAILYMED_IDENTITY_CONFIRMED,DAILYMED,True
MED-0565,TERIFLUNOMIDA,CURRENT_DAILYMED_IDENTITY_CONFIRMED,,,,,,,,,,,,,,,,,,,,,,,,CURRENT_DAILYMED_IDENTITY_CONFIRMED,DAILYMED,True
MED-0571,TICAGRELOR,CURRENT_DAILYMED_IDENTITY_CONFIRMED,,,,,,,,,,,,,,,,,,,,,,,,CURRENT_DAILYMED_IDENTITY_CONFIRMED,DAILYMED,True
MED-0578,TOFACITINIB,CURRENT_DAILYMED_IDENTITY_CONFIRMED,,,,,,,,,,,,,,,,,,,,,,,,CURRENT_DAILYMED_IDENTITY_CONFIRMED,DAILYMED,True
MED-0581,TRAMADOL,CURRENT_OPENFDA_IDENTITY_CONFIRMED,,,,,,,,,,,,,,,,,,,,,,,,CURRENT_OPENFDA_IDENTITY_CONFIRMED,OPENFDA,True
MED-0600,VALSARTAN,CURRENT_OPENFDA_IDENTITY_CONFIRMED,,,,,,,,,,,,,,,,,,,,,,,,CURRENT_OPENFDA_IDENTITY_CONFIRMED,OPENFDA,True
MED-0602,VARDENAFIL,CURRENT_DAILYMED_IDENTITY_CONFIRMED,,,,,,,,,,,,,,,,,,,,,,,,CURRENT_DAILYMED_IDENTITY_CONFIRMED,DAILYMED,True
MED-0605,VENETOCLAX,CURRENT_DAILYMED_IDENTITY_CONFIRMED,,,,,,,,,,,,,,,,,,,,,,,,CURRENT_DAILYMED_IDENTITY_CONFIRMED,DAILYMED,True
MED-0606,VENLAFAXINA,CURRENT_DAILYMED_IDENTITY_CONFIRMED,,,,,,,,,,,,,,,,,,,,,,,,CURRENT_DAILYMED_IDENTITY_CONFIRMED,DAILYMED,True
MED-0609,VIGABATRINA,CURRENT_DAILYMED_IDENTITY_CONFIRMED,,,,,,,,,,,,,,,,,,,,,,,,CURRENT_DAILYMED_IDENTITY_CONFIRMED,DAILYMED,True
MED-0614,WARFARINA,CURRENT_DAILYMED_IDENTITY_CONFIRMED,,,,,,,,,,,,,,,,,,,,,,,,CURRENT_DAILYMED_IDENTITY_CONFIRMED,DAILYMED,True
MED-0617,ZOLPIDEM,CURRENT_OPENFDA_IDENTITY_CONFIRMED,,,,,,,,,,,,,,,,,,,,,,,,CURRENT_OPENFDA_IDENTITY_CONFIRMED,OPENFDA,True
MED-0643,ENOXAPARINA,CURRENT_DAILYMED_IDENTITY_CONFIRMED,,,,,,,,,,,,,,,,,,,,,,,,CURRENT_DAILYMED_IDENTITY_CONFIRMED,DAILYMED,True
MED-0669,CEFDINIR,CURRENT_OPENFDA_IDENTITY_CONFIRMED,,,,,,,,,,,,,,,,,,,,,,,,CURRENT_OPENFDA_IDENTITY_CONFIRMED,OPENFDA,True
MED-0701,MICAFUNGINA,CURRENT_DAILYMED_IDENTITY_CONFIRMED,,,,,,,,,,,,,,,,,,,,,,,,CURRENT_DAILYMED_IDENTITY_CONFIRMED,DAILYMED,True
MED-0779,PREGABALINA,CURRENT_DAILYMED_IDENTITY_CONFIRMED,,,,,,,,,,,,,,,,,,,,,,,,CURRENT_DAILYMED_IDENTITY_CONFIRMED,DAILYMED,True
MED-0784,PROPRANOLOL,CURRENT_OPENFDA_IDENTITY_CONFIRMED,,,,,,,,,,,,,,,,,,,,,,,,CURRENT_OPENFDA_IDENTITY_CONFIRMED,OPENFDA,True
MED-0017,ACICLOVIR,EXISTING_VERIFIED_MEDCALC,,,,,,,,,,,,,,,,,,,,,,,,EXISTING_VERIFIED_MEDCALC,MEDCALC,True
MED-0053,AMOXICILINA,EXISTING_VERIFIED_MEDCALC,,,,,,,,,,,,,,,,,,,,,,,,EXISTING_VERIFIED_MEDCALC,MEDCALC,True
MED-0054,AMPICILINA,EXISTING_VERIFIED_MEDCALC,,,,,,,,,,,,,,,,,,,,,,,,EXISTING_VERIFIED_MEDCALC,MEDCALC,True
MED-0062,ATAZANAVIR,EXISTING_VERIFIED_MEDCALC,,,,,,,,,,,,,,,,,,,,,,,,EXISTING_VERIFIED_MEDCALC,MEDCALC,True
MED-0068,AZITROMICINA,EXISTING_VERIFIED_MEDCALC,,,,,,,,,,,,,,,,,,,,,,,,EXISTING_VERIFIED_MEDCALC,MEDCALC,True
MED-0096,CABOTEGRAVIR,EXISTING_VERIFIED_MEDCALC,,,,,,,,,,,,,,,,,,,,,,,,EXISTING_VERIFIED_MEDCALC,MEDCALC,True
MED-0115,CEFUROXIMA,EXISTING_VERIFIED_MEDCALC,,,,,,,,,,,,,,,,,,,,,,,,EXISTING_VERIFIED_MEDCALC,MEDCALC,True
MED-0129,CIPROFLOXACINA,EXISTING_VERIFIED_MEDCALC,,,,,,,,,,,,,,,,,,,,,,,,EXISTING_VERIFIED_MEDCALC,MEDCALC,True
MED-0136,CLARITROMICINA,EXISTING_VERIFIED_MEDCALC,,,,,,,,,,,,,,,,,,,,,,,,EXISTING_VERIFIED_MEDCALC,MEDCALC,True
MED-0138,CLINDAMICINA,EXISTING_VERIFIED_MEDCALC,,,,,,,,,,,,,,,,,,,,,,,,EXISTING_VERIFIED_MEDCALC,MEDCALC,True
MED-0147,CLORANFENICOL,EXISTING_VERIFIED_MEDCALC,,,,,,,,,,,,,,,,,,,,,,,,EXISTING_VERIFIED_MEDCALC,MEDCALC,True
MED-0158,COBICISTAT,EXISTING_VERIFIED_MEDCALC,,,,,,,,,,,,,,,,,,,,,,,,EXISTING_VERIFIED_MEDCALC,MEDCALC,True
MED-0178,DELAFLOXACINO,EXISTING_VERIFIED_MEDCALC,,,,,,,,,,,,,,,,,,,,,,,,EXISTING_VERIFIED_MEDCALC,MEDCALC,True
MED-0205,DOLUTEGRAVIR,EXISTING_VERIFIED_MEDCALC,,,,,,,,,,,,,,,,,,,,,,,,EXISTING_VERIFIED_MEDCALC,MEDCALC,True
MED-0211,DOXICICLINA,EXISTING_VERIFIED_MEDCALC,,,,,,,,,,,,,,,,,,,,,,,,EXISTING_VERIFIED_MEDCALC,MEDCALC,True
MED-0234,ERITROMICINA,EXISTING_VERIFIED_MEDCALC,,,,,,,,,,,,,,,,,,,,,,,,EXISTING_VERIFIED_MEDCALC,MEDCALC,True
MED-0265,FLUCITOSINA,EXISTING_VERIFIED_MEDCALC,,,,,,,,,,,,,,,,,,,,,,,,EXISTING_VERIFIED_MEDCALC,MEDCALC,True
MED-0266,FLUCONAZOL,EXISTING_VERIFIED_MEDCALC,,,,,,,,,,,,,,,,,,,,,,,,EXISTING_VERIFIED_MEDCALC,MEDCALC,True
MED-0310,ISAVUCONAZOL,EXISTING_VERIFIED_MEDCALC,,,,,,,,,,,,,,,,,,,,,,,,EXISTING_VERIFIED_MEDCALC,MEDCALC,True
MED-0313,ISONIACIDA,EXISTING_VERIFIED_MEDCALC,,,,,,,,,,,,,,,,,,,,,,,,EXISTING_VERIFIED_MEDCALC,MEDCALC,True
MED-0328,LAMIVUDINA,EXISTING_VERIFIED_MEDCALC,,,,,,,,,,,,,,,,,,,,,,,,EXISTING_VERIFIED_MEDCALC,MEDCALC,True
MED-0337,LETERMOVIR,EXISTING_VERIFIED_MEDCALC,,,,,,,,,,,,,,,,,,,,,,,,EXISTING_VERIFIED_MEDCALC,MEDCALC,True
MED-0342,LEVOFLOXACINA,EXISTING_VERIFIED_MEDCALC,,,,,,,,,,,,,,,,,,,,,,,,EXISTING_VERIFIED_MEDCALC,MEDCALC,True
MED-0349,LINEZOLID,EXISTING_VERIFIED_MEDCALC,,,,,,,,,,,,,,,,,,,,,,,,EXISTING_VERIFIED_MEDCALC,MEDCALC,True
MED-0389,METRONIDAZOL,EXISTING_VERIFIED_MEDCALC,,,,,,,,,,,,,,,,,,,,,,,,EXISTING_VERIFIED_MEDCALC,MEDCALC,True
MED-0412,MOXIFLOXACINA,EXISTING_VERIFIED_MEDCALC,,,,,,,,,,,,,,,,,,,,,,,,EXISTING_VERIFIED_MEDCALC,MEDCALC,True
MED-0418,NEVIRAPINA,EXISTING_VERIFIED_MEDCALC,,,,,,,,,,,,,,,,,,,,,,,,EXISTING_VERIFIED_MEDCALC,MEDCALC,True
MED-0432,NORFLOXACINA,EXISTING_VERIFIED_MEDCALC,,,,,,,,,,,,,,,,,,,,,,,,EXISTING_VERIFIED_MEDCALC,MEDCALC,True
MED-0440,OSELTAMIVIR,EXISTING_VERIFIED_MEDCALC,,,,,,,,,,,,,,,,,,,,,,,,EXISTING_VERIFIED_MEDCALC,MEDCALC,True
MED-0467,PIRAZINAMIDA,EXISTING_VERIFIED_MEDCALC,,,,,,,,,,,,,,,,,,,,,,,,EXISTING_VERIFIED_MEDCALC,MEDCALC,True
MED-0470,PIRIMETAMINA,EXISTING_VERIFIED_MEDCALC,,,,,,,,,,,,,,,,,,,,,,,,EXISTING_VERIFIED_MEDCALC,MEDCALC,True
MED-0475,POSACONAZOL,EXISTING_VERIFIED_MEDCALC,,,,,,,,,,,,,,,,,,,,,,,,EXISTING_VERIFIED_MEDCALC,MEDCALC,True
MED-0499,RIFAMPICINA,EXISTING_VERIFIED_MEDCALC,,,,,,,,,,,,,,,,,,,,,,,,EXISTING_VERIFIED_MEDCALC,MEDCALC,True
MED-0501,RILPIRIVINA,EXISTING_VERIFIED_MEDCALC,,,,,,,,,,,,,,,,,,,,,,,,EXISTING_VERIFIED_MEDCALC,MEDCALC,True
MED-0529,SOFOSBUVIR,EXISTING_VERIFIED_MEDCALC,,,,,,,,,,,,,,,,,,,,,,,,EXISTING_VERIFIED_MEDCALC,MEDCALC,True
MED-0540,SULFAMETOXAZOL,EXISTING_VERIFIED_MEDCALC,,,,,,,,,,,,,,,,,,,,,,,,EXISTING_VERIFIED_MEDCALC,MEDCALC,True
MED-0560,TENOFOVIR,EXISTING_VERIFIED_MEDCALC,,,,,,,,,,,,,,,,,,,,,,,,EXISTING_VERIFIED_MEDCALC,MEDCALC,True
MED-0568,TETRACICLINA,EXISTING_VERIFIED_MEDCALC,,,,,,,,,,,,,,,,,,,,,,,,EXISTING_VERIFIED_MEDCALC,MEDCALC,True
MED-0592,TRIMETOPRIM,EXISTING_VERIFIED_MEDCALC,,,,,,,,,,,,,,,,,,,,,,,,EXISTING_VERIFIED_MEDCALC,MEDCALC,True
MED-0597,VALACICLOVIR,EXISTING_VERIFIED_MEDCALC,,,,,,,,,,,,,,,,,,,,,,,,EXISTING_VERIFIED_MEDCALC,MEDCALC,True
MED-0599,VALGANCICLOVIR,EXISTING_VERIFIED_MEDCALC,,,,,,,,,,,,,,,,,,,,,,,,EXISTING_VERIFIED_MEDCALC,MEDCALC,True
MED-0601,VANCOMICINA,EXISTING_VERIFIED_MEDCALC,,,,,,,,,,,,,,,,,,,,,,,,EXISTING_VERIFIED_MEDCALC,MEDCALC,True
MED-0604,VELPATASVIR,EXISTING_VERIFIED_MEDCALC,,,,,,,,,,,,,,,,,,,,,,,,EXISTING_VERIFIED_MEDCALC,MEDCALC,True
MED-0612,VORICONAZOL,EXISTING_VERIFIED_MEDCALC,,,,,,,,,,,,,,,,,,,,,,,,EXISTING_VERIFIED_MEDCALC,MEDCALC,True
MED-0619,CEFTRIAXONA,EXISTING_VERIFIED_MEDCALC,,,,,,,,,,,,,,,,,,,,,,,,EXISTING_VERIFIED_MEDCALC,MEDCALC,True
MED-0620,CEFOTAXIMA,EXISTING_VERIFIED_MEDCALC,,,,,,,,,,,,,,,,,,,,,,,,EXISTING_VERIFIED_MEDCALC,MEDCALC,True
MED-0621,CEFAZOLINA,EXISTING_VERIFIED_MEDCALC,,,,,,,,,,,,,,,,,,,,,,,,EXISTING_VERIFIED_MEDCALC,MEDCALC,True
MED-0622,CEFEPIMA,EXISTING_VERIFIED_MEDCALC,,,,,,,,,,,,,,,,,,,,,,,,EXISTING_VERIFIED_MEDCALC,MEDCALC,True
MED-0623,CEFTAZIDIMA,EXISTING_VERIFIED_MEDCALC,,,,,,,,,,,,,,,,,,,,,,,,EXISTING_VERIFIED_MEDCALC,MEDCALC,True
MED-0624,GENTAMICINA,EXISTING_VERIFIED_MEDCALC,,,,,,,,,,,,,,,,,,,,,,,,EXISTING_VERIFIED_MEDCALC,MEDCALC,True
MED-0625,AMIKACINA,EXISTING_VERIFIED_MEDCALC,,,,,,,,,,,,,,,,,,,,,,,,EXISTING_VERIFIED_MEDCALC,MEDCALC,True
MED-0626,MEROPENEM,EXISTING_VERIFIED_MEDCALC,,,,,,,,,,,,,,,,,,,,,,,,EXISTING_VERIFIED_MEDCALC,MEDCALC,True
MED-0627,ERTAPENEM,EXISTING_VERIFIED_MEDCALC,,,,,,,,,,,,,,,,,,,,,,,,EXISTING_VERIFIED_MEDCALC,MEDCALC,True
MED-0628,IMIPENEM,EXISTING_VERIFIED_MEDCALC,,,,,,,,,,,,,,,,,,,,,,,,EXISTING_VERIFIED_MEDCALC,MEDCALC,True
MED-0629,PIPERACILINA/TAZOBACTAM,EXISTING_VERIFIED_MEDCALC,,,,,,,,,,,,,,,,,,,,,,,,EXISTING_VERIFIED_MEDCALC,MEDCALC,True
MED-0630,AMOXICILINA/ÁCIDO CLAVULÁNICO,EXISTING_VERIFIED_MEDCALC,,,,,,,,,,,,,,,,,,,,,,,,EXISTING_VERIFIED_MEDCALC,MEDCALC,True
MED-0631,AZTREONAM,EXISTING_VERIFIED_MEDCALC,,,,,,,,,,,,,,,,,,,,,,,,EXISTING_VERIFIED_MEDCALC,MEDCALC,True
MED-0632,PENICILINA G,EXISTING_VERIFIED_MEDCALC,,,,,,,,,,,,,,,,,,,,,,,,EXISTING_VERIFIED_MEDCALC,MEDCALC,True
MED-0668,CEFOXITINA,EXISTING_VERIFIED_MEDCALC,,,,,,,,,,,,,,,,,,,,,,,,EXISTING_VERIFIED_MEDCALC,MEDCALC,True
MED-0671,CEFIXIMA,EXISTING_VERIFIED_MEDCALC,,,,,,,,,,,,,,,,,,,,,,,,EXISTING_VERIFIED_MEDCALC,MEDCALC,True
MED-0672,TOBRAMICINA,EXISTING_VERIFIED_MEDCALC,,,,,,,,,,,,,,,,,,,,,,,,EXISTING_VERIFIED_MEDCALC,MEDCALC,True
MED-0673,DAPTOMICINA,EXISTING_VERIFIED_MEDCALC,,,,,,,,,,,,,,,,,,,,,,,,EXISTING_VERIFIED_MEDCALC,MEDCALC,True
MED-0700,CASPOFUNGINA,EXISTING_VERIFIED_MEDCALC,,,,,,,,,,,,,,,,,,,,,,,,EXISTING_VERIFIED_MEDCALC,MEDCALC,True
