med_id,generic_name,resolution,current_source_count,local_support_count,existing_medcalc_verified,dailymed_v3_confirmed,openfda_v4_confirmed,local_renal_biblio_2025,local_ajuste_renal_csv,v2_reason,v4_reason,next_action
MED-0006,ACECLOFENACO,UNRESOLVED,0,0,False,False,False,False,False,FALLBACK_SNIPPET_NOT_RENAL_DOSING_SECTION,NO_OPENFDA_LABEL,CURRENT_SOURCE_REQUIRED
MED-0007,ACETATO DE CIPROTERONA,UNRESOLVED,0,0,False,False,False,False,False,AMBIGUOUS_DAILYMED_MATCH,NO_OPENFDA_LABEL,CURRENT_SOURCE_REQUIRED
MED-0008,ACETATO DE CLORMADINONA,UNRESOLVED,0,0,False,False,False,False,False,AMBIGUOUS_DAILYMED_MATCH,NO_OPENFDA_LABEL,CURRENT_SOURCE_REQUIRED
MED-0009,ACETATO DE INDACATEROL,UNRESOLVED,0,0,False,False,False,False,False,AMBIGUOUS_DAILYMED_MATCH,NO_OPENFDA_LABEL,CURRENT_SOURCE_REQUIRED
MED-0010,ACETATO DE LISINA,UNRESOLVED,0,0,False,False,False,False,False,AMBIGUOUS_DAILYMED_MATCH,NO_OPENFDA_LABEL,CURRENT_SOURCE_REQUIRED
MED-0011,ACETATO DE MEDROXIPROGESTERONA,UNRESOLVED,0,0,False,False,False,False,False,AMBIGUOUS_DAILYMED_MATCH,NO_OPENFDA_IDENTITY_CONFIRMED_LABEL,CURRENT_SOURCE_REQUIRED
MED-0012,ACETATO DE NOMEGESTROL,UNRESOLVED,0,0,False,False,False,False,False,AMBIGUOUS_DAILYMED_MATCH,NO_OPENFDA_LABEL,CURRENT_SOURCE_REQUIRED
MED-0013,ACETATO DE ULIPRISTAL,UNRESOLVED,0,0,False,False,False,False,False,AMBIGUOUS_DAILYMED_MATCH,NO_OPENFDA_LABEL,CURRENT_SOURCE_REQUIRED
MED-0014,ACETAZOLAMIDA,UNRESOLVED,0,0,False,False,False,False,False,NO_DIRECT_RENAL_SECTION_TITLE,NO_OPENFDA_IDENTITY_CONFIRMED_LABEL,CURRENT_SOURCE_REQUIRED
MED-0015,ACETILCISTEINA,UNRESOLVED,0,0,False,False,False,False,False,AMBIGUOUS_DAILYMED_MATCH,NO_OPENFDA_IDENTITY_CONFIRMED_LABEL,CURRENT_SOURCE_REQUIRED
MED-0016,ACETONIDO DE TRIAMCINOLONA,UNRESOLVED,0,0,False,False,False,False,False,HIGH_MATCH_NO_EXPLICIT_RENAL_DOSING_TEXT,NO_OPENFDA_LABEL,CURRENT_SOURCE_REQUIRED
MED-0018,ÁCIDO ACETIL SALICILICO,UNRESOLVED,0,0,False,False,False,False,False,AMBIGUOUS_DAILYMED_MATCH,NO_OPENFDA_IDENTITY_CONFIRMED_LABEL,CURRENT_SOURCE_REQUIRED
MED-0019,ACIDO ALFA LIPOICO,UNRESOLVED,0,0,False,False,False,False,False,AMBIGUOUS_DAILYMED_MATCH,NO_OPENFDA_IDENTITY_CONFIRMED_LABEL,CURRENT_SOURCE_REQUIRED
MED-0020,ACIDO ALGINICO,UNRESOLVED,0,0,False,False,False,False,False,HIGH_MATCH_NO_EXPLICIT_RENAL_DOSING_TEXT,NO_OPENFDA_LABEL,CURRENT_SOURCE_REQUIRED
MED-0021,ACIDO ASCORBICO,UNRESOLVED,0,0,False,False,False,False,False,HIGH_MATCH_NO_EXPLICIT_RENAL_DOSING_TEXT,NO_OPENFDA_IDENTITY_CONFIRMED_LABEL,CURRENT_SOURCE_REQUIRED
MED-0023,ACIDO CITRICO,UNRESOLVED,0,0,False,False,False,False,False,HIGH_MATCH_NO_EXPLICIT_RENAL_DOSING_TEXT,NO_OPENFDA_IDENTITY_CONFIRMED_LABEL,CURRENT_SOURCE_REQUIRED
MED-0024,ÁCIDO CLAVULÁNICO,UNRESOLVED,0,0,False,False,False,False,False,SINGLE_INGREDIENT_MATCHED_COMBINATION_LABEL,NO_OPENFDA_LABEL,CURRENT_SOURCE_REQUIRED
MED-0025,ACIDO COLICO,UNRESOLVED,0,0,False,False,False,False,False,AMBIGUOUS_DAILYMED_MATCH,NO_OPENFDA_LABEL,CURRENT_SOURCE_REQUIRED
MED-0026,ACIDO DECOSA HEXAENOICO,UNRESOLVED,0,0,False,False,False,False,False,AMBIGUOUS_DAILYMED_MATCH,NO_OPENFDA_LABEL,CURRENT_SOURCE_REQUIRED
MED-0027,ÁCIDO FENOFIBRICO,UNRESOLVED,0,0,False,False,False,False,False,AMBIGUOUS_DAILYMED_MATCH,NO_OPENFDA_LABEL,CURRENT_SOURCE_REQUIRED
MED-0028,ÁCIDO FOLICO,UNRESOLVED,0,0,False,False,False,False,False,HIGH_MATCH_NO_EXPLICIT_RENAL_DOSING_TEXT,NO_OPENFDA_LABEL,CURRENT_SOURCE_REQUIRED
MED-0031,ACIDO OROTICO ANHIDRO,UNRESOLVED,0,0,False,False,False,False,False,HIGH_MATCH_NO_EXPLICIT_RENAL_DOSING_TEXT,NO_OPENFDA_LABEL,CURRENT_SOURCE_REQUIRED
MED-0032,ACIDO PIPEMIDICO,UNRESOLVED,0,0,False,False,False,False,False,RXNORM_MATCH_NO_DAILYMED_SPL,NO_OPENFDA_LABEL,CURRENT_SOURCE_REQUIRED
MED-0034,ACIDO TOLFENAMICO,UNRESOLVED,0,0,False,False,False,False,False,RXNORM_MATCH_NO_DAILYMED_SPL,NO_OPENFDA_LABEL,CURRENT_SOURCE_REQUIRED
MED-0036,ACIDO URSODESOXICOLICO,UNRESOLVED,0,0,False,False,False,False,False,AMBIGUOUS_DAILYMED_MATCH,NO_OPENFDA_LABEL,CURRENT_SOURCE_REQUIRED
MED-0038,ÁCIDOS OMEGA 3 ETIL ESTER 84%(EQUIVALENTE A 465 MG DE ÁCIDO EIC...,UNRESOLVED,0,0,False,False,False,False,False,AMBIGUOUS_DAILYMED_MATCH,NO_OPENFDA_IDENTITY_CONFIRMED_LABEL,CURRENT_SOURCE_REQUIRED
MED-0040,AGOMELATINA,UNRESOLVED,0,0,False,False,False,False,False,NO_RXNORM_MATCH,NO_OPENFDA_LABEL,CURRENT_SOURCE_REQUIRED
MED-0041,ALBENDAZOL,UNRESOLVED,0,0,False,False,False,False,False,PK_CAUTION_OR_DIALYSIS_ONLY_NO_DOSING_ACTION,NO_OPENFDA_IDENTITY_CONFIRMED_LABEL,CURRENT_SOURCE_REQUIRED
MED-0044,ALIZAPRIDA,UNRESOLVED,0,0,False,False,False,False,False,RXNORM_MATCH_NO_DAILYMED_SPL,NO_OPENFDA_LABEL,CURRENT_SOURCE_REQUIRED
MED-0046,ALPRAZOLAM,UNRESOLVED,0,0,False,False,False,False,False,HIGH_MATCH_NO_EXPLICIT_RENAL_DOSING_TEXT,NO_RENAL_TEXT,CURRENT_SOURCE_REQUIRED
MED-0049,AMIODARONA,UNRESOLVED,0,0,False,False,False,False,False,NO_DIRECT_RENAL_SECTION_TITLE,NO_OPENFDA_IDENTITY_CONFIRMED_LABEL,CURRENT_SOURCE_REQUIRED
MED-0050,AMISULPRIDA,UNRESOLVED,0,0,False,False,False,False,False,NO_DIRECT_RENAL_SECTION_TITLE,NO_OPENFDA_IDENTITY_CONFIRMED_LABEL,CURRENT_SOURCE_REQUIRED
MED-0051,AMITRIPTILINA,UNRESOLVED,0,0,False,False,False,False,False,FALLBACK_SNIPPET_NOT_RENAL_DOSING_SECTION,NO_OPENFDA_IDENTITY_CONFIRMED_LABEL,CURRENT_SOURCE_REQUIRED
MED-0055,ANAGRALIDA,UNRESOLVED,0,0,False,False,False,False,False,AMBIGUOUS_DAILYMED_MATCH,NO_OPENFDA_LABEL,CURRENT_SOURCE_REQUIRED
MED-0060,ARTEMETER,UNRESOLVED,0,0,False,False,False,False,False,SINGLE_INGREDIENT_MATCHED_COMBINATION_LABEL,NO_OPENFDA_IDENTITY_CONFIRMED_LABEL,CURRENT_SOURCE_REQUIRED
MED-0061,ASCORBATO DE SODIO,UNRESOLVED,0,0,False,False,False,False,False,AMBIGUOUS_DAILYMED_MATCH,NO_OPENFDA_LABEL,CURRENT_SOURCE_REQUIRED
MED-0067,AZATIOPRINA,UNRESOLVED,0,0,False,False,False,False,False,NO_DIRECT_RENAL_SECTION_TITLE,NO_OPENFDA_IDENTITY_CONFIRMED_LABEL,CURRENT_SOURCE_REQUIRED
MED-0071,BELATACEPT,UNRESOLVED,0,0,False,False,False,False,False,NO_DIRECT_RENAL_SECTION_TITLE,RENAL_TEXT_WITHOUT_EXPLICIT_DOSING_ACTION,CURRENT_SOURCE_REQUIRED
MED-0072,BENCIDAMINA,UNRESOLVED,0,0,False,False,False,False,False,RXNORM_MATCH_NO_DAILYMED_SPL,NO_OPENFDA_LABEL,CURRENT_SOURCE_REQUIRED
MED-0073,BENOXINATO,UNRESOLVED,0,0,False,False,False,False,False,AMBIGUOUS_DAILYMED_MATCH,NO_OPENFDA_LABEL,CURRENT_SOURCE_REQUIRED
MED-0074,BENZNIDAZOL,UNRESOLVED,0,0,False,False,False,False,False,PK_CAUTION_OR_DIALYSIS_ONLY_NO_DOSING_ACTION,NO_OPENFDA_IDENTITY_CONFIRMED_LABEL,CURRENT_SOURCE_REQUIRED
MED-0075,BENZOCAINA,UNRESOLVED,0,0,False,False,False,False,False,HIGH_MATCH_NO_EXPLICIT_RENAL_DOSING_TEXT,NO_OPENFDA_IDENTITY_CONFIRMED_LABEL,CURRENT_SOURCE_REQUIRED
MED-0076,BETAHISTINA CLORHIDRATO,UNRESOLVED,0,0,False,False,False,False,False,RXNORM_MATCH_NO_DAILYMED_SPL,NO_OPENFDA_LABEL,CURRENT_SOURCE_REQUIRED
MED-0078,BICARBONATO DE SODIO,UNRESOLVED,0,0,False,False,False,False,False,HIGH_MATCH_NO_EXPLICIT_RENAL_DOSING_TEXT,NO_OPENFDA_LABEL,CURRENT_SOURCE_REQUIRED
MED-0079,BICTEGRAVIR,UNRESOLVED,0,0,False,False,False,False,False,SINGLE_INGREDIENT_MATCHED_COMBINATION_LABEL,NO_OPENFDA_IDENTITY_CONFIRMED_LABEL,CURRENT_SOURCE_REQUIRED
MED-0080,BILASTINA,UNRESOLVED,0,0,False,False,False,False,False,AMBIGUOUS_DAILYMED_MATCH,NO_OPENFDA_LABEL,CURRENT_SOURCE_REQUIRED
MED-0081,BIPERIDENO CLORHIDRATO,UNRESOLVED,0,0,False,False,False,False,False,RXNORM_MATCH_NO_DAILYMED_SPL,NO_OPENFDA_LABEL,CURRENT_SOURCE_REQUIRED
MED-0082,BISACODILO,UNRESOLVED,0,0,False,False,False,False,False,HIGH_MATCH_NO_EXPLICIT_RENAL_DOSING_TEXT,NO_OPENFDA_IDENTITY_CONFIRMED_LABEL,CURRENT_SOURCE_REQUIRED
MED-0089,BROMAZEPAM,UNRESOLVED,0,0,False,False,False,False,False,RXNORM_MATCH_NO_DAILYMED_SPL,NO_OPENFDA_LABEL,CURRENT_SOURCE_REQUIRED
MED-0090,BROMHEXINA,UNRESOLVED,0,0,False,False,False,False,False,HIGH_MATCH_NO_EXPLICIT_RENAL_DOSING_TEXT,NO_OPENFDA_LABEL,CURRENT_SOURCE_REQUIRED
MED-0091,BROMOPRIDA,UNRESOLVED,0,0,False,False,False,False,False,RXNORM_MATCH_NO_DAILYMED_SPL,NO_OPENFDA_LABEL,CURRENT_SOURCE_REQUIRED
MED-0092,BUCLIZINA,UNRESOLVED,0,0,False,False,False,False,False,RXNORM_MATCH_NO_DAILYMED_SPL,NO_OPENFDA_LABEL,CURRENT_SOURCE_REQUIRED
MED-0093,BUDESONIDA,UNRESOLVED,0,0,False,False,False,False,False,NO_DIRECT_RENAL_SECTION_TITLE,NO_OPENFDA_IDENTITY_CONFIRMED_LABEL,CURRENT_SOURCE_REQUIRED
MED-0103,CARBAMAZEPINA,UNRESOLVED,0,0,False,False,False,False,False,NO_DIRECT_RENAL_SECTION_TITLE,NO_OPENFDA_IDENTITY_CONFIRMED_LABEL,CURRENT_SOURCE_REQUIRED
MED-0104,CARBIDOPA,UNRESOLVED,0,0,False,False,False,False,False,HIGH_MATCH_NO_EXPLICIT_RENAL_DOSING_TEXT,NO_RENAL_TEXT,CURRENT_SOURCE_REQUIRED
MED-0105,CARBON ACTIVADO,UNRESOLVED,0,0,False,False,False,False,False,AMBIGUOUS_DAILYMED_MATCH,NO_OPENFDA_IDENTITY_CONFIRMED_LABEL,CURRENT_SOURCE_REQUIRED
MED-0106,CARBONATO DE CALCIO,UNRESOLVED,0,0,False,False,False,False,False,HIGH_MATCH_NO_EXPLICIT_RENAL_DOSING_TEXT,NO_OPENFDA_LABEL,CURRENT_SOURCE_REQUIRED
MED-0111,CEFDITOREN,UNRESOLVED,0,0,False,False,False,False,False,NO_DIRECT_RENAL_SECTION_TITLE,NO_OPENFDA_LABEL,CURRENT_SOURCE_REQUIRED
MED-0113,CEFRADINA,UNRESOLVED,0,0,False,False,False,False,False,RXNORM_MATCH_NO_DAILYMED_SPL,NO_OPENFDA_LABEL,CURRENT_SOURCE_REQUIRED
MED-0117,CETILPIRIDINIO,UNRESOLVED,0,0,False,False,False,False,False,NO_RXNORM_MATCH,NO_OPENFDA_LABEL,CURRENT_SOURCE_REQUIRED
MED-0118,CETIRIZINA,UNRESOLVED,0,0,False,False,False,False,False,HIGH_MATCH_NO_EXPLICIT_RENAL_DOSING_TEXT,NO_OPENFDA_IDENTITY_CONFIRMED_LABEL,CURRENT_SOURCE_REQUIRED
MED-0119,CIANOCOBALAMINA,UNRESOLVED,0,0,False,False,False,False,False,AMBIGUOUS_DAILYMED_MATCH,NO_OPENFDA_IDENTITY_CONFIRMED_LABEL,CURRENT_SOURCE_REQUIRED
MED-0120,CICLOBENZAPRINA,UNRESOLVED,0,0,False,False,False,False,False,NO_DIRECT_RENAL_SECTION_TITLE,NO_OPENFDA_IDENTITY_CONFIRMED_LABEL,CURRENT_SOURCE_REQUIRED
MED-0121,CICLOFOSFAMIDA,UNRESOLVED,0,0,False,False,False,False,False,AMBIGUOUS_DAILYMED_MATCH,NO_OPENFDA_IDENTITY_CONFIRMED_LABEL,CURRENT_SOURCE_REQUIRED
MED-0122,CICLONAMINA (ETAMSILATO),UNRESOLVED,0,0,False,False,False,False,False,AMBIGUOUS_DAILYMED_MATCH,NO_OPENFDA_LABEL,CURRENT_SOURCE_REQUIRED
MED-0126,CINARIZINA,UNRESOLVED,0,0,False,False,False,False,False,RXNORM_MATCH_NO_DAILYMED_SPL,NO_OPENFDA_LABEL,CURRENT_SOURCE_REQUIRED
MED-0127,CINITAPRIDA,UNRESOLVED,0,0,False,False,False,False,False,RXNORM_MATCH_NO_DAILYMED_SPL,NO_OPENFDA_LABEL,CURRENT_SOURCE_REQUIRED
MED-0128,CIPROFIBRATO,UNRESOLVED,0,0,False,False,False,False,False,RXNORM_MATCH_NO_DAILYMED_SPL,NO_OPENFDA_LABEL,CURRENT_SOURCE_REQUIRED
MED-0132,CITICOLINA SODICA,UNRESOLVED,0,0,False,False,False,False,False,HIGH_MATCH_NO_EXPLICIT_RENAL_DOSING_TEXT,NO_OPENFDA_LABEL,CURRENT_SOURCE_REQUIRED
MED-0133,CITRATO DE ALVERINA,UNRESOLVED,0,0,False,False,False,False,False,AMBIGUOUS_DAILYMED_MATCH,NO_OPENFDA_LABEL,CURRENT_SOURCE_REQUIRED
MED-0134,CITRATO DE POTASIO,UNRESOLVED,0,0,False,False,False,False,False,AMBIGUOUS_DAILYMED_MATCH,NO_OPENFDA_LABEL,CURRENT_SOURCE_REQUIRED
MED-0137,CLEMASTINA,UNRESOLVED,0,0,False,False,False,False,False,HIGH_MATCH_NO_EXPLICIT_RENAL_DOSING_TEXT,NO_OPENFDA_IDENTITY_CONFIRMED_LABEL,CURRENT_SOURCE_REQUIRED
MED-0140,CLOMIFENO,UNRESOLVED,0,0,False,False,False,False,False,AMBIGUOUS_DAILYMED_MATCH,NO_OPENFDA_IDENTITY_CONFIRMED_LABEL,CURRENT_SOURCE_REQUIRED
MED-0141,CLOMIPRAMINA,UNRESOLVED,0,0,False,False,False,False,False,HIGH_MATCH_NO_EXPLICIT_RENAL_DOSING_TEXT,NO_OPENFDA_IDENTITY_CONFIRMED_LABEL,CURRENT_SOURCE_REQUIRED
MED-0142,CLONAZEPAM,UNRESOLVED,0,0,False,False,False,False,False,NO_DIRECT_RENAL_SECTION_TITLE,RENAL_TEXT_WITHOUT_EXPLICIT_DOSING_ACTION,CURRENT_SOURCE_REQUIRED
MED-0144,CLONIXINATO DE LISINA,UNRESOLVED,0,0,False,False,False,False,False,AMBIGUOUS_DAILYMED_MATCH,NO_OPENFDA_LABEL,CURRENT_SOURCE_REQUIRED
MED-0146,CLORAMBUCILO,UNRESOLVED,0,0,False,False,False,False,False,NO_DIRECT_RENAL_SECTION_TITLE,NO_OPENFDA_IDENTITY_CONFIRMED_LABEL,CURRENT_SOURCE_REQUIRED
MED-0148,CLORFENAMINA,UNRESOLVED,0,0,False,False,False,False,False,AMBIGUOUS_DAILYMED_MATCH,NO_OPENFDA_IDENTITY_CONFIRMED_LABEL,CURRENT_SOURCE_REQUIRED
MED-0149,CLORHEXIDINA,UNRESOLVED,0,0,False,False,False,False,False,HIGH_MATCH_NO_EXPLICIT_RENAL_DOSING_TEXT,NO_OPENFDA_IDENTITY_CONFIRMED_LABEL,CURRENT_SOURCE_REQUIRED
MED-0152,CLOROQUINA,UNRESOLVED,0,0,False,False,False,False,False,NO_DIRECT_RENAL_SECTION_TITLE,NO_OPENFDA_IDENTITY_CONFIRMED_LABEL,CURRENT_SOURCE_REQUIRED
MED-0153,CLORTALIDONA,UNRESOLVED,0,0,False,False,False,False,False,AMBIGUOUS_DAILYMED_MATCH,NO_OPENFDA_IDENTITY_CONFIRMED_LABEL,CURRENT_SOURCE_REQUIRED
MED-0154,CLORURO DE TROSPIO,UNRESOLVED,0,0,False,False,False,False,False,AMBIGUOUS_DAILYMED_MATCH,NO_OPENFDA_LABEL,CURRENT_SOURCE_REQUIRED
MED-0155,CLOTIAZEPAM,UNRESOLVED,0,0,False,False,False,False,False,RXNORM_MATCH_NO_DAILYMED_SPL,NO_OPENFDA_LABEL,CURRENT_SOURCE_REQUIRED
MED-0156,CLOTRIMAZOL,UNRESOLVED,0,0,False,False,False,False,False,HIGH_MATCH_NO_EXPLICIT_RENAL_DOSING_TEXT,NO_OPENFDA_IDENTITY_CONFIRMED_LABEL,CURRENT_SOURCE_REQUIRED
MED-0157,CLOZAPINA,UNRESOLVED,0,0,False,False,False,False,False,NO_DIRECT_RENAL_SECTION_TITLE,NO_OPENFDA_IDENTITY_CONFIRMED_LABEL,CURRENT_SOURCE_REQUIRED
MED-0159,CODEINA,UNRESOLVED,0,0,False,False,False,False,False,SINGLE_INGREDIENT_MATCHED_COMBINATION_LABEL,NO_OPENFDA_IDENTITY_CONFIRMED_LABEL,CURRENT_SOURCE_REQUIRED
MED-0161,COLECALCIFEROL,UNRESOLVED,0,0,False,False,False,False,False,HIGH_MATCH_NO_EXPLICIT_RENAL_DOSING_TEXT,NO_RENAL_TEXT,CURRENT_SOURCE_REQUIRED
MED-0162,CONDROITINA SULFATO,UNRESOLVED,0,0,False,False,False,False,False,AMBIGUOUS_DAILYMED_MATCH,NO_OPENFDA_LABEL,CURRENT_SOURCE_REQUIRED
MED-0166,DANAZOL,UNRESOLVED,0,0,False,False,False,False,False,HIGH_MATCH_NO_EXPLICIT_RENAL_DOSING_TEXT,NO_RENAL_TEXT,CURRENT_SOURCE_REQUIRED
MED-0169,DAPOXETINA,UNRESOLVED,0,0,False,False,False,False,False,NO_RXNORM_MATCH,NO_OPENFDA_LABEL,CURRENT_SOURCE_REQUIRED
MED-0170,DAPSONA,UNRESOLVED,0,0,False,False,False,False,False,HIGH_MATCH_NO_EXPLICIT_RENAL_DOSING_TEXT,NO_OPENFDA_IDENTITY_CONFIRMED_LABEL,CURRENT_SOURCE_REQUIRED
MED-0175,DECUALINIO,UNRESOLVED,0,0,False,False,False,False,False,NO_RXNORM_MATCH,NO_OPENFDA_LABEL,CURRENT_SOURCE_REQUIRED
MED-0180,DESOGESTREL,UNRESOLVED,0,0,False,False,False,False,False,HIGH_MATCH_NO_EXPLICIT_RENAL_DOSING_TEXT,NO_OPENFDA_IDENTITY_CONFIRMED_LABEL,CURRENT_SOURCE_REQUIRED
MED-0182,DEXAMETASONA,UNRESOLVED,0,0,False,False,False,False,False,HIGH_MATCH_NO_EXPLICIT_RENAL_DOSING_TEXT,NO_OPENFDA_IDENTITY_CONFIRMED_LABEL,CURRENT_SOURCE_REQUIRED
MED-0183,DEXIBUPROFENO,UNRESOLVED,0,0,False,False,False,False,False,NO_RXNORM_MATCH,NO_OPENFDA_LABEL,CURRENT_SOURCE_REQUIRED
MED-0184,DEXKETOPROFENO,UNRESOLVED,0,0,False,False,False,False,False,RXNORM_MATCH_NO_DAILYMED_SPL,NO_OPENFDA_LABEL,CURRENT_SOURCE_REQUIRED
MED-0185,DEXLANSOPRAZOL,UNRESOLVED,0,0,False,False,False,False,False,NO_DIRECT_RENAL_SECTION_TITLE,RENAL_TEXT_WITHOUT_EXPLICIT_DOSING_ACTION,CURRENT_SOURCE_REQUIRED
MED-0186,DEXTROMETORFANO,UNRESOLVED,0,0,False,False,False,False,False,AMBIGUOUS_DAILYMED_MATCH,NO_OPENFDA_IDENTITY_CONFIRMED_LABEL,CURRENT_SOURCE_REQUIRED
MED-0187,DIACEREINA,UNRESOLVED,0,0,False,False,False,False,False,RXNORM_MATCH_NO_DAILYMED_SPL,NO_OPENFDA_LABEL,CURRENT_SOURCE_REQUIRED
MED-0188,DIAZEPAM,UNRESOLVED,0,0,False,False,False,False,False,NO_DIRECT_RENAL_SECTION_TITLE,RENAL_TEXT_WITHOUT_EXPLICIT_DOSING_ACTION,CURRENT_SOURCE_REQUIRED
MED-0189,DICLOFENACO,UNRESOLVED,0,0,False,False,False,False,False,HIGH_MATCH_NO_EXPLICIT_RENAL_DOSING_TEXT,NO_OPENFDA_IDENTITY_CONFIRMED_LABEL,CURRENT_SOURCE_REQUIRED
MED-0190,DICLOXACILINA,UNRESOLVED,0,0,False,False,False,False,False,NO_DIRECT_RENAL_SECTION_TITLE,NO_OPENFDA_IDENTITY_CONFIRMED_LABEL,CURRENT_SOURCE_REQUIRED
MED-0191,DIDROGESTERONA,UNRESOLVED,0,0,False,False,False,False,False,RXNORM_MATCH_NO_DAILYMED_SPL,NO_OPENFDA_LABEL,CURRENT_SOURCE_REQUIRED
MED-0192,DIENOGEST,UNRESOLVED,0,0,False,False,False,False,False,SINGLE_INGREDIENT_MATCHED_COMBINATION_LABEL,NO_OPENFDA_IDENTITY_CONFIRMED_LABEL,CURRENT_SOURCE_REQUIRED
MED-0193,DIFENHIDRAMINA,UNRESOLVED,0,0,False,False,False,False,False,AMBIGUOUS_DAILYMED_MATCH,NO_OPENFDA_IDENTITY_CONFIRMED_LABEL,CURRENT_SOURCE_REQUIRED
MED-0194,DIFENOXILATO,UNRESOLVED,0,0,False,False,False,False,False,AMBIGUOUS_DAILYMED_MATCH,NO_OPENFDA_IDENTITY_CONFIRMED_LABEL,CURRENT_SOURCE_REQUIRED
MED-0197,DIMENHIDRINATO,UNRESOLVED,0,0,False,False,False,False,False,HIGH_MATCH_NO_EXPLICIT_RENAL_DOSING_TEXT,NO_OPENFDA_IDENTITY_CONFIRMED_LABEL,CURRENT_SOURCE_REQUIRED
MED-0198,DIMETIL FUMARATO,UNRESOLVED,0,0,False,False,False,False,False,HIGH_MATCH_NO_EXPLICIT_RENAL_DOSING_TEXT,NO_OPENFDA_IDENTITY_CONFIRMED_LABEL,CURRENT_SOURCE_REQUIRED
MED-0199,DIMETILPOLISILOXANO (DIMETICONA),UNRESOLVED,0,0,False,False,False,False,False,HIGH_MATCH_NO_EXPLICIT_RENAL_DOSING_TEXT,NO_OPENFDA_LABEL,CURRENT_SOURCE_REQUIRED
MED-0200,DINITRATO DE ISOSORBIDE,UNRESOLVED,0,0,False,False,False,False,False,NO_DIRECT_RENAL_SECTION_TITLE,NO_OPENFDA_LABEL,CURRENT_SOURCE_REQUIRED
MED-0201,DIOSMINA,UNRESOLVED,0,0,False,False,False,False,False,HIGH_MATCH_NO_EXPLICIT_RENAL_DOSING_TEXT,NO_OPENFDA_IDENTITY_CONFIRMED_LABEL,CURRENT_SOURCE_REQUIRED
MED-0202,DIPIRONA,UNRESOLVED,0,0,False,False,False,False,False,NO_RXNORM_MATCH,NO_OPENFDA_LABEL,CURRENT_SOURCE_REQUIRED
MED-0203,DOBESILATO CALCICO,UNRESOLVED,0,0,False,False,False,False,False,HIGH_MATCH_NO_EXPLICIT_RENAL_DOSING_TEXT,NO_OPENFDA_LABEL,CURRENT_SOURCE_REQUIRED
MED-0204,DOCUSATO DE SODIO,UNRESOLVED,0,0,False,False,False,False,False,AMBIGUOUS_DAILYMED_MATCH,NO_OPENFDA_LABEL,CURRENT_SOURCE_REQUIRED
MED-0206,DOMPERIDONA,UNRESOLVED,0,0,False,False,False,False,False,HIGH_MATCH_NO_EXPLICIT_RENAL_DOSING_TEXT,NO_OPENFDA_LABEL,CURRENT_SOURCE_REQUIRED
MED-0207,DONEPEZILO,UNRESOLVED,0,0,False,False,False,False,False,NO_DIRECT_RENAL_SECTION_TITLE,NO_OPENFDA_IDENTITY_CONFIRMED_LABEL,CURRENT_SOURCE_REQUIRED
MED-0209,DOXAZOSINA,UNRESOLVED,0,0,False,False,False,False,False,NO_DIRECT_RENAL_SECTION_TITLE,NO_OPENFDA_IDENTITY_CONFIRMED_LABEL,CURRENT_SOURCE_REQUIRED
MED-0210,DOXEPINA,UNRESOLVED,0,0,False,False,False,False,False,NO_DIRECT_RENAL_SECTION_TITLE,NO_OPENFDA_IDENTITY_CONFIRMED_LABEL,CURRENT_SOURCE_REQUIRED
MED-0212,DOXILAMINA,UNRESOLVED,0,0,False,False,False,False,False,AMBIGUOUS_DAILYMED_MATCH,NO_OPENFDA_IDENTITY_CONFIRMED_LABEL,CURRENT_SOURCE_REQUIRED
MED-0213,DOXOFILINA,UNRESOLVED,0,0,False,False,False,False,False,NO_RXNORM_MATCH,NO_OPENFDA_LABEL,CURRENT_SOURCE_REQUIRED
MED-0214,DRONABINOL,UNRESOLVED,0,0,False,False,False,False,False,HIGH_MATCH_NO_EXPLICIT_RENAL_DOSING_TEXT,NO_RENAL_TEXT,CURRENT_SOURCE_REQUIRED
MED-0220,EFAVIRENZ,UNRESOLVED,0,0,False,False,False,False,False,SINGLE_INGREDIENT_MATCHED_COMBINATION_LABEL,RENAL_TEXT_WITHOUT_EXPLICIT_DOSING_ACTION,CURRENT_SOURCE_REQUIRED
MED-0223,ELTROMBOPAG,UNRESOLVED,0,0,False,False,False,False,False,NO_DIRECT_RENAL_SECTION_TITLE,RENAL_TEXT_WITHOUT_EXPLICIT_DOSING_ACTION,CURRENT_SOURCE_REQUIRED
MED-0224,ELVITEGRAVIR,UNRESOLVED,0,0,False,False,False,False,False,SINGLE_INGREDIENT_MATCHED_COMBINATION_LABEL,NO_OPENFDA_IDENTITY_CONFIRMED_LABEL,CURRENT_SOURCE_REQUIRED
MED-0226,EMTRICITABINA,UNRESOLVED,0,0,False,False,False,False,False,SINGLE_INGREDIENT_MATCHED_COMBINATION_LABEL,NO_OPENFDA_IDENTITY_CONFIRMED_LABEL,CURRENT_SOURCE_REQUIRED
MED-0232,EPLERENONA,UNRESOLVED,0,0,False,False,False,False,False,PK_CAUTION_OR_DIALYSIS_ONLY_NO_DOSING_ACTION,NO_OPENFDA_IDENTITY_CONFIRMED_LABEL,CURRENT_SOURCE_REQUIRED
MED-0233,ERGOTAMINA TARTRATO,UNRESOLVED,0,0,False,False,False,False,False,HIGH_MATCH_NO_EXPLICIT_RENAL_DOSING_TEXT,NO_OPENFDA_LABEL,CURRENT_SOURCE_REQUIRED
MED-0236,ESCINA,UNRESOLVED,0,0,False,False,False,False,False,HIGH_MATCH_NO_EXPLICIT_RENAL_DOSING_TEXT,NO_OPENFDA_LABEL,CURRENT_SOURCE_REQUIRED
MED-0238,ESOMEPRAZOL,UNRESOLVED,0,0,False,False,False,False,False,HIGH_MATCH_NO_EXPLICIT_RENAL_DOSING_TEXT,NO_OPENFDA_IDENTITY_CONFIRMED_LABEL,CURRENT_SOURCE_REQUIRED
MED-0239,ESPIRAMICINA BASE,UNRESOLVED,0,0,False,False,False,False,False,AMBIGUOUS_DAILYMED_MATCH,NO_OPENFDA_LABEL,CURRENT_SOURCE_REQUIRED
MED-0240,ESPIRONOLACTONA,UNRESOLVED,0,0,False,False,False,False,False,STRICT_RENAL_DOSING,NO_OPENFDA_IDENTITY_CONFIRMED_LABEL,CURRENT_SOURCE_REQUIRED
MED-0241,ESTRADIOL,UNRESOLVED,0,0,False,False,False,False,False,SINGLE_INGREDIENT_MATCHED_COMBINATION_LABEL,NO_RENAL_TEXT,CURRENT_SOURCE_REQUIRED
MED-0242,ESZOPICLONA,UNRESOLVED,0,0,False,False,False,False,False,NO_DIRECT_RENAL_SECTION_TITLE,NO_OPENFDA_IDENTITY_CONFIRMED_LABEL,CURRENT_SOURCE_REQUIRED
MED-0244,ETINIL ESTRADIOL,UNRESOLVED,0,0,False,False,False,False,False,SINGLE_INGREDIENT_MATCHED_COMBINATION_LABEL,NO_RENAL_TEXT,CURRENT_SOURCE_REQUIRED
MED-0245,ETORICOXIB,UNRESOLVED,0,0,False,False,False,False,False,RXNORM_MATCH_NO_DAILYMED_SPL,NO_OPENFDA_LABEL,CURRENT_SOURCE_REQUIRED
MED-0248,EVOGLIPTINA,UNRESOLVED,0,0,False,False,False,False,False,NO_RXNORM_MATCH,NO_OPENFDA_LABEL,CURRENT_SOURCE_REQUIRED
MED-0253,FENILEFRINA,UNRESOLVED,0,0,False,False,False,False,False,AMBIGUOUS_DAILYMED_MATCH,NO_OPENFDA_IDENTITY_CONFIRMED_LABEL,CURRENT_SOURCE_REQUIRED
MED-0255,FENOBARBITAL,UNRESOLVED,0,0,False,False,False,False,False,NO_DIRECT_RENAL_SECTION_TITLE,NO_OPENFDA_IDENTITY_CONFIRMED_LABEL,CURRENT_SOURCE_REQUIRED
MED-0256,FENOFIBRATO,UNRESOLVED,0,0,False,False,False,False,False,PK_CAUTION_OR_DIALYSIS_ONLY_NO_DOSING_ACTION,NO_OPENFDA_IDENTITY_CONFIRMED_LABEL,CURRENT_SOURCE_REQUIRED
MED-0257,FENOTEROL,UNRESOLVED,0,0,False,False,False,False,False,RXNORM_MATCH_NO_DAILYMED_SPL,NO_OPENFDA_LABEL,CURRENT_SOURCE_REQUIRED
MED-0258,FENOVERINA,UNRESOLVED,0,0,False,False,False,False,False,RXNORM_MATCH_NO_DAILYMED_SPL,NO_OPENFDA_LABEL,CURRENT_SOURCE_REQUIRED
MED-0259,FEXOFENADINA,UNRESOLVED,0,0,False,False,False,False,False,HIGH_MATCH_NO_EXPLICIT_RENAL_DOSING_TEXT,NO_OPENFDA_IDENTITY_CONFIRMED_LABEL,CURRENT_SOURCE_REQUIRED
MED-0262,FLAVONOIDES EXPRESADOS COMO HESPERIDINA MICRONIZADA Y PURIFICADA,UNRESOLVED,0,0,False,False,False,False,False,HIGH_MATCH_NO_EXPLICIT_RENAL_DOSING_TEXT,NO_OPENFDA_IDENTITY_CONFIRMED_LABEL,CURRENT_SOURCE_REQUIRED
MED-0263,FLAVOXATO CLOHIDRATO,UNRESOLVED,0,0,False,False,False,False,False,HIGH_MATCH_NO_EXPLICIT_RENAL_DOSING_TEXT,NO_OPENFDA_LABEL,CURRENT_SOURCE_REQUIRED
MED-0264,FLUBENDAZOL,UNRESOLVED,0,0,False,False,False,False,False,HIGH_MATCH_NO_EXPLICIT_RENAL_DOSING_TEXT,NO_OPENFDA_LABEL,CURRENT_SOURCE_REQUIRED
MED-0267,FLUDROCORTISONA,UNRESOLVED,0,0,False,False,False,False,False,HIGH_MATCH_NO_EXPLICIT_RENAL_DOSING_TEXT,NO_OPENFDA_IDENTITY_CONFIRMED_LABEL,CURRENT_SOURCE_REQUIRED
MED-0268,FLUNARIZINA,UNRESOLVED,0,0,False,False,False,False,False,RXNORM_MATCH_NO_DAILYMED_SPL,NO_OPENFDA_LABEL,CURRENT_SOURCE_REQUIRED
MED-0269,FLUOXETINA,UNRESOLVED,0,0,False,False,False,False,False,NO_DIRECT_RENAL_SECTION_TITLE,NO_OPENFDA_IDENTITY_CONFIRMED_LABEL,CURRENT_SOURCE_REQUIRED
MED-0270,FLURBIPROFENO,UNRESOLVED,0,0,False,False,False,False,False,HIGH_MATCH_NO_EXPLICIT_RENAL_DOSING_TEXT,NO_RENAL_TEXT,CURRENT_SOURCE_REQUIRED
MED-0271,FLUTICASONA,UNRESOLVED,0,0,False,False,False,False,False,PK_CAUTION_OR_DIALYSIS_ONLY_NO_DOSING_ACTION,NO_OPENFDA_IDENTITY_CONFIRMED_LABEL,CURRENT_SOURCE_REQUIRED
MED-0272,FLUVOXAMINA,UNRESOLVED,0,0,False,False,False,False,False,NO_DIRECT_RENAL_SECTION_TITLE,NO_OPENFDA_IDENTITY_CONFIRMED_LABEL,CURRENT_SOURCE_REQUIRED
MED-0273,FORMOTEROL,UNRESOLVED,0,0,False,False,False,False,False,SINGLE_INGREDIENT_MATCHED_COMBINATION_LABEL,RENAL_TEXT_WITHOUT_EXPLICIT_DOSING_ACTION,CURRENT_SOURCE_REQUIRED
MED-0274,FURAZOLIDONA,UNRESOLVED,0,0,False,False,False,False,False,HIGH_MATCH_NO_EXPLICIT_RENAL_DOSING_TEXT,NO_OPENFDA_LABEL,CURRENT_SOURCE_REQUIRED
MED-0275,FUROSEMIDA,UNRESOLVED,0,0,False,False,False,False,False,NO_DIRECT_RENAL_SECTION_TITLE,NO_OPENFDA_IDENTITY_CONFIRMED_LABEL,CURRENT_SOURCE_REQUIRED
MED-0279,GEMFIBROZILO,UNRESOLVED,0,0,False,False,False,False,False,NO_DIRECT_RENAL_SECTION_TITLE,NO_OPENFDA_IDENTITY_CONFIRMED_LABEL,CURRENT_SOURCE_REQUIRED
MED-0280,GESTODENO,UNRESOLVED,0,0,False,False,False,False,False,HIGH_MATCH_NO_EXPLICIT_RENAL_DOSING_TEXT,NO_OPENFDA_LABEL,CURRENT_SOURCE_REQUIRED
MED-0282,GLIBENCLAMIDA,UNRESOLVED,0,0,False,False,False,False,False,AMBIGUOUS_DAILYMED_MATCH,NO_OPENFDA_IDENTITY_CONFIRMED_LABEL,CURRENT_SOURCE_REQUIRED
MED-0283,GLICLAZIDA,UNRESOLVED,0,0,False,False,False,False,False,RXNORM_MATCH_NO_DAILYMED_SPL,NO_OPENFDA_LABEL,CURRENT_SOURCE_REQUIRED
MED-0285,GLUCOSAMINA SULFATO,UNRESOLVED,0,0,False,False,False,False,False,HIGH_MATCH_NO_EXPLICIT_RENAL_DOSING_TEXT,NO_OPENFDA_LABEL,CURRENT_SOURCE_REQUIRED
MED-0286,HALOPERIDOL,UNRESOLVED,0,0,False,False,False,False,False,NO_DIRECT_RENAL_SECTION_TITLE,RENAL_TEXT_WITHOUT_EXPLICIT_DOSING_ACTION,CURRENT_SOURCE_REQUIRED
MED-0287,HESPERIDINA,UNRESOLVED,0,0,False,False,False,False,False,HIGH_MATCH_NO_EXPLICIT_RENAL_DOSING_TEXT,NO_OPENFDA_IDENTITY_CONFIRMED_LABEL,CURRENT_SOURCE_REQUIRED
MED-0288,HIDROCLOROTIAZIDA,UNRESOLVED,0,0,False,False,False,False,False,AMBIGUOUS_DAILYMED_MATCH,NO_OPENFDA_IDENTITY_CONFIRMED_LABEL,CURRENT_SOURCE_REQUIRED
MED-0289,HIDROCODONA,UNRESOLVED,0,0,False,False,False,False,False,AMBIGUOUS_DAILYMED_MATCH,NO_OPENFDA_IDENTITY_CONFIRMED_LABEL,CURRENT_SOURCE_REQUIRED
MED-0290,HIDROCORTISONA,UNRESOLVED,0,0,False,False,False,False,False,HIGH_MATCH_NO_EXPLICIT_RENAL_DOSING_TEXT,NO_OPENFDA_IDENTITY_CONFIRMED_LABEL,CURRENT_SOURCE_REQUIRED
MED-0291,HIDROMORFONA CLORHIDRATO,UNRESOLVED,0,0,False,False,False,False,False,PK_CAUTION_OR_DIALYSIS_ONLY_NO_DOSING_ACTION,NO_OPENFDA_LABEL,CURRENT_SOURCE_REQUIRED
MED-0292,HIDROSMINA,UNRESOLVED,0,0,False,False,False,False,False,NO_RXNORM_MATCH,NO_OPENFDA_LABEL,CURRENT_SOURCE_REQUIRED
MED-0293,HIDROTALCITA,UNRESOLVED,0,0,False,False,False,False,False,AMBIGUOUS_DAILYMED_MATCH,NO_OPENFDA_LABEL,CURRENT_SOURCE_REQUIRED
MED-0294,HIDROXICINA CLORHIDRATO,UNRESOLVED,0,0,False,False,False,False,False,AMBIGUOUS_DAILYMED_MATCH,NO_OPENFDA_LABEL,CURRENT_SOURCE_REQUIRED
MED-0295,HIDROXICLOROQUINA,UNRESOLVED,0,0,False,False,False,False,False,AMBIGUOUS_DAILYMED_MATCH,NO_OPENFDA_IDENTITY_CONFIRMED_LABEL,CURRENT_SOURCE_REQUIRED
MED-0297,ESCOPOLAMINA,UNRESOLVED,0,0,False,False,False,False,False,AMBIGUOUS_DAILYMED_MATCH,NO_OPENFDA_LABEL,CURRENT_SOURCE_REQUIRED
MED-0298,HISTIDINA,UNRESOLVED,0,0,False,False,False,False,False,HIGH_MATCH_NO_EXPLICIT_RENAL_DOSING_TEXT,NO_OPENFDA_IDENTITY_CONFIRMED_LABEL,CURRENT_SOURCE_REQUIRED
MED-0301,IBUPROFENO,UNRESOLVED,0,0,False,False,False,False,False,HIGH_MATCH_NO_EXPLICIT_RENAL_DOSING_TEXT,NO_OPENFDA_IDENTITY_CONFIRMED_LABEL,CURRENT_SOURCE_REQUIRED
MED-0302,ICOSAPENTANOATO DE ETILO,UNRESOLVED,0,0,False,False,False,False,False,AMBIGUOUS_DAILYMED_MATCH,NO_OPENFDA_LABEL,CURRENT_SOURCE_REQUIRED
MED-0304,IMIPRAMINA CLORHIDRATO,UNRESOLVED,0,0,False,False,False,False,False,NO_DIRECT_RENAL_SECTION_TITLE,NO_OPENFDA_LABEL,CURRENT_SOURCE_REQUIRED
MED-0305,INDACATEROL,UNRESOLVED,0,0,False,False,False,False,False,RXNORM_MATCH_NO_DAILYMED_SPL,NO_OPENFDA_LABEL,CURRENT_SOURCE_REQUIRED
MED-0306,INDAPAMIDA,UNRESOLVED,0,0,False,False,False,False,False,SINGLE_INGREDIENT_MATCHED_COMBINATION_LABEL,NO_OPENFDA_IDENTITY_CONFIRMED_LABEL,CURRENT_SOURCE_REQUIRED
MED-0307,INDOMETACINA,UNRESOLVED,0,0,False,False,False,False,False,NO_DIRECT_RENAL_SECTION_TITLE,NO_OPENFDA_IDENTITY_CONFIRMED_LABEL,CURRENT_SOURCE_REQUIRED
MED-0308,IPRATROPIO,UNRESOLVED,0,0,False,False,False,False,False,HIGH_MATCH_NO_EXPLICIT_RENAL_DOSING_TEXT,NO_OPENFDA_IDENTITY_CONFIRMED_LABEL,CURRENT_SOURCE_REQUIRED
MED-0311,ISOFLAVONA,UNRESOLVED,0,0,False,False,False,False,False,RXNORM_MATCH_NO_DAILYMED_SPL,NO_OPENFDA_LABEL,CURRENT_SOURCE_REQUIRED
MED-0312,ISOMETEPTENO MUCATO,UNRESOLVED,0,0,False,False,False,False,False,RXNORM_MATCH_NO_DAILYMED_SPL,NO_OPENFDA_LABEL,CURRENT_SOURCE_REQUIRED
MED-0315,ISOTRETINOINA,UNRESOLVED,0,0,False,False,False,False,False,HIGH_MATCH_NO_EXPLICIT_RENAL_DOSING_TEXT,NO_RENAL_TEXT,CURRENT_SOURCE_REQUIRED
MED-0316,ITOPRIDE CLORHIDRATO,UNRESOLVED,0,0,False,False,False,False,False,AMBIGUOUS_DAILYMED_MATCH,NO_OPENFDA_LABEL,CURRENT_SOURCE_REQUIRED
MED-0319,KETOCONAZOL,UNRESOLVED,0,0,False,False,False,False,False,HIGH_MATCH_NO_EXPLICIT_RENAL_DOSING_TEXT,NO_OPENFDA_IDENTITY_CONFIRMED_LABEL,CURRENT_SOURCE_REQUIRED
MED-0320,KETOPROFENO,UNRESOLVED,0,0,False,False,False,False,False,NO_DIRECT_RENAL_SECTION_TITLE,NO_OPENFDA_IDENTITY_CONFIRMED_LABEL,CURRENT_SOURCE_REQUIRED
MED-0322,L-HISTIDINA,UNRESOLVED,0,0,False,False,False,False,False,HIGH_MATCH_NO_EXPLICIT_RENAL_DOSING_TEXT,NO_OPENFDA_LABEL,CURRENT_SOURCE_REQUIRED
MED-0323,L-TIROSINA,UNRESOLVED,0,0,False,False,False,False,False,AMBIGUOUS_DAILYMED_MATCH,NO_OPENFDA_LABEL,CURRENT_SOURCE_REQUIRED
MED-0324,L-TREONINA,UNRESOLVED,0,0,False,False,False,False,False,AMBIGUOUS_DAILYMED_MATCH,NO_OPENFDA_LABEL,CURRENT_SOURCE_REQUIRED
MED-0325,L-TRIPTOFANO,UNRESOLVED,0,0,False,False,False,False,False,AMBIGUOUS_DAILYMED_MATCH,NO_OPENFDA_LABEL,CURRENT_SOURCE_REQUIRED
MED-0326,LABETALOL,UNRESOLVED,0,0,False,False,False,False,False,NO_DIRECT_RENAL_SECTION_TITLE,RENAL_TEXT_WITHOUT_EXPLICIT_DOSING_ACTION,CURRENT_SOURCE_REQUIRED
MED-0327,LACOSAMIDA,UNRESOLVED,0,0,False,False,False,False,False,STRICT_NO_ADJUSTMENT,NO_OPENFDA_IDENTITY_CONFIRMED_LABEL,CURRENT_SOURCE_REQUIRED
MED-0330,LANATOSIDO C,UNRESOLVED,0,0,False,False,False,False,False,RXNORM_MATCH_NO_DAILYMED_SPL,NO_OPENFDA_LABEL,CURRENT_SOURCE_REQUIRED
MED-0331,LANSOPRAZOL,UNRESOLVED,0,0,False,False,False,False,False,NO_DIRECT_RENAL_SECTION_TITLE,NO_OPENFDA_IDENTITY_CONFIRMED_LABEL,CURRENT_SOURCE_REQUIRED
MED-0334,LEFLUNOMIDA,UNRESOLVED,0,0,False,False,False,False,False,PK_CAUTION_OR_DIALYSIS_ONLY_NO_DOSING_ACTION,NO_OPENFDA_IDENTITY_CONFIRMED_LABEL,CURRENT_SOURCE_REQUIRED
MED-0343,LEVOMEPROMAZINA,UNRESOLVED,0,0,False,False,False,False,False,RXNORM_MATCH_NO_DAILYMED_SPL,NO_OPENFDA_LABEL,CURRENT_SOURCE_REQUIRED
MED-0344,LEVONORGESTREL,UNRESOLVED,0,0,False,False,False,False,False,HIGH_MATCH_NO_EXPLICIT_RENAL_DOSING_TEXT,NO_RENAL_TEXT,CURRENT_SOURCE_REQUIRED
MED-0345,LEVOPANTOPRAZOL,UNRESOLVED,0,0,False,False,False,False,False,NO_RXNORM_MATCH,NO_OPENFDA_LABEL,CURRENT_SOURCE_REQUIRED
MED-0346,LEVOSULPIRIDA,UNRESOLVED,0,0,False,False,False,False,False,NO_RXNORM_MATCH,NO_OPENFDA_LABEL,CURRENT_SOURCE_REQUIRED
MED-0347,LEVOTIROXINA,UNRESOLVED,0,0,False,False,False,False,False,AMBIGUOUS_DAILYMED_MATCH,NO_OPENFDA_LABEL,CURRENT_SOURCE_REQUIRED
MED-0351,LOFEPRAMINA,UNRESOLVED,0,0,False,False,False,False,False,RXNORM_MATCH_NO_DAILYMED_SPL,NO_OPENFDA_LABEL,CURRENT_SOURCE_REQUIRED
MED-0353,LOPERAMIDA CLORHIDRATO,UNRESOLVED,0,0,False,False,False,False,False,HIGH_MATCH_NO_EXPLICIT_RENAL_DOSING_TEXT,NO_OPENFDA_LABEL,CURRENT_SOURCE_REQUIRED
MED-0354,LOPINAVIR,UNRESOLVED,0,0,False,False,False,False,False,SINGLE_INGREDIENT_MATCHED_COMBINATION_LABEL,NO_OPENFDA_IDENTITY_CONFIRMED_LABEL,CURRENT_SOURCE_REQUIRED
MED-0355,LORATADINA,UNRESOLVED,0,0,False,False,False,False,False,HIGH_MATCH_NO_EXPLICIT_RENAL_DOSING_TEXT,NO_OPENFDA_IDENTITY_CONFIRMED_LABEL,CURRENT_SOURCE_REQUIRED
MED-0359,LOXOPROFEN,UNRESOLVED,0,0,False,False,False,False,False,RXNORM_MATCH_NO_DAILYMED_SPL,NO_OPENFDA_LABEL,CURRENT_SOURCE_REQUIRED
MED-0361,LUMEFANTRINA,UNRESOLVED,0,0,False,False,False,False,False,SINGLE_INGREDIENT_MATCHED_COMBINATION_LABEL,NO_OPENFDA_IDENTITY_CONFIRMED_LABEL,CURRENT_SOURCE_REQUIRED
MED-0365,MEBENDAZOL,UNRESOLVED,0,0,False,False,False,False,False,HIGH_MATCH_NO_EXPLICIT_RENAL_DOSING_TEXT,NO_OPENFDA_IDENTITY_CONFIRMED_LABEL,CURRENT_SOURCE_REQUIRED
MED-0366,MEBEVERINA,UNRESOLVED,0,0,False,False,False,False,False,RXNORM_MATCH_NO_DAILYMED_SPL,NO_OPENFDA_LABEL,CURRENT_SOURCE_REQUIRED
MED-0367,MECLIZINA,UNRESOLVED,0,0,False,False,False,False,False,AMBIGUOUS_DAILYMED_MATCH,NO_OPENFDA_LABEL,CURRENT_SOURCE_REQUIRED
MED-0369,MELATONINA,UNRESOLVED,0,0,False,False,False,False,False,HIGH_MATCH_NO_EXPLICIT_RENAL_DOSING_TEXT,NO_OPENFDA_IDENTITY_CONFIRMED_LABEL,CURRENT_SOURCE_REQUIRED
MED-0370,MELFALAN,UNRESOLVED,0,0,False,False,False,False,False,AMBIGUOUS_DAILYMED_MATCH,NO_OPENFDA_IDENTITY_CONFIRMED_LABEL,CURRENT_SOURCE_REQUIRED
MED-0374,MESALAZINA,UNRESOLVED,0,0,False,False,False,False,False,AMBIGUOUS_DAILYMED_MATCH,NO_OPENFDA_IDENTITY_CONFIRMED_LABEL,CURRENT_SOURCE_REQUIRED
MED-0376,METADOXINA,UNRESOLVED,0,0,False,False,False,False,False,NO_RXNORM_MATCH,NO_OPENFDA_LABEL,CURRENT_SOURCE_REQUIRED
MED-0378,METILDOPA,UNRESOLVED,0,0,False,False,False,False,False,AMBIGUOUS_DAILYMED_MATCH,NO_OPENFDA_IDENTITY_CONFIRMED_LABEL,CURRENT_SOURCE_REQUIRED
MED-0379,METILFENIDATO CLORHIDRATO,UNRESOLVED,0,0,False,False,False,False,False,NO_DIRECT_RENAL_SECTION_TITLE,NO_OPENFDA_LABEL,CURRENT_SOURCE_REQUIRED
MED-0380,METILPREDNISOLONA,UNRESOLVED,0,0,False,False,False,False,False,NO_DIRECT_RENAL_SECTION_TITLE,NO_OPENFDA_IDENTITY_CONFIRMED_LABEL,CURRENT_SOURCE_REQUIRED
MED-0381,METILSULFONILMETANO (MSM),UNRESOLVED,0,0,False,False,False,False,False,AMBIGUOUS_DAILYMED_MATCH,NO_OPENFDA_LABEL,CURRENT_SOURCE_REQUIRED
MED-0382,METIMAZOL,UNRESOLVED,0,0,False,False,False,False,False,AMBIGUOUS_DAILYMED_MATCH,NO_OPENFDA_IDENTITY_CONFIRMED_LABEL,CURRENT_SOURCE_REQUIRED
MED-0383,METISOPRINOL,UNRESOLVED,0,0,False,False,False,False,False,RXNORM_MATCH_NO_DAILYMED_SPL,NO_OPENFDA_LABEL,CURRENT_SOURCE_REQUIRED
MED-0384,METOCARBAMOL,UNRESOLVED,0,0,False,False,False,False,False,FALLBACK_SNIPPET_NOT_RENAL_DOSING_SECTION,RENAL_TEXT_WITHOUT_EXPLICIT_DOSING_ACTION,CURRENT_SOURCE_REQUIRED
MED-0387,METOTREXATO,UNRESOLVED,0,0,False,False,False,False,False,STRICT_RENAL_DOSING,NO_OPENFDA_IDENTITY_CONFIRMED_LABEL,CURRENT_SOURCE_REQUIRED
MED-0388,METOXALEM,UNRESOLVED,0,0,False,False,False,False,False,NO_RXNORM_MATCH,NO_OPENFDA_LABEL,CURRENT_SOURCE_REQUIRED
MED-0390,MEXAZOLAM,UNRESOLVED,0,0,False,False,False,False,False,RXNORM_MATCH_NO_DAILYMED_SPL,NO_OPENFDA_LABEL,CURRENT_SOURCE_REQUIRED
MED-0391,MICOFENOLATO DE MOFETILO,UNRESOLVED,0,0,False,False,False,False,False,AMBIGUOUS_DAILYMED_MATCH,NO_OPENFDA_LABEL,CURRENT_SOURCE_REQUIRED
MED-0394,MIDOSTAURINA,UNRESOLVED,0,0,False,False,False,False,False,AMBIGUOUS_DAILYMED_MATCH,NO_OPENFDA_LABEL,CURRENT_SOURCE_REQUIRED
MED-0395,MIFEPRISTONA,UNRESOLVED,0,0,False,False,False,False,False,HIGH_MATCH_NO_EXPLICIT_RENAL_DOSING_TEXT,NO_OPENFDA_IDENTITY_CONFIRMED_LABEL,CURRENT_SOURCE_REQUIRED
MED-0397,MILRINONA,UNRESOLVED,0,0,False,False,False,False,False,NO_DIRECT_RENAL_SECTION_TITLE,NO_OPENFDA_IDENTITY_CONFIRMED_LABEL,CURRENT_SOURCE_REQUIRED
MED-0398,MILTEFOSINA,UNRESOLVED,0,0,False,False,False,False,False,PK_CAUTION_OR_DIALYSIS_ONLY_NO_DOSING_ACTION,NO_OPENFDA_IDENTITY_CONFIRMED_LABEL,CURRENT_SOURCE_REQUIRED
MED-0399,MINOCICLINA,UNRESOLVED,0,0,False,False,False,False,False,AMBIGUOUS_DAILYMED_MATCH,NO_OPENFDA_IDENTITY_CONFIRMED_LABEL,CURRENT_SOURCE_REQUIRED
MED-0404,MITOTANO,UNRESOLVED,0,0,False,False,False,False,False,STRICT_NOT_RECOMMENDED,NO_OPENFDA_IDENTITY_CONFIRMED_LABEL,CURRENT_SOURCE_REQUIRED
MED-0406,MOLIBDENO,UNRESOLVED,0,0,False,False,False,False,False,AMBIGUOUS_DAILYMED_MATCH,NO_OPENFDA_IDENTITY_CONFIRMED_LABEL,CURRENT_SOURCE_REQUIRED
MED-0407,MOLNUPIRAVIR,UNRESOLVED,0,0,False,False,False,False,False,HIGH_MATCH_NO_EXPLICIT_RENAL_DOSING_TEXT,NO_OPENFDA_LABEL,CURRENT_SOURCE_REQUIRED
MED-0408,MOMETASONA,UNRESOLVED,0,0,False,False,False,False,False,HIGH_MATCH_NO_EXPLICIT_RENAL_DOSING_TEXT,NO_OPENFDA_IDENTITY_CONFIRMED_LABEL,CURRENT_SOURCE_REQUIRED
MED-0409,MONOACETATO DE L-LISINA,UNRESOLVED,0,0,False,False,False,False,False,RXNORM_MATCH_NO_DAILYMED_SPL,NO_OPENFDA_LABEL,CURRENT_SOURCE_REQUIRED
MED-0411,MOSAPRIDA CITRATO,UNRESOLVED,0,0,False,False,False,False,False,RXNORM_MATCH_NO_DAILYMED_SPL,NO_OPENFDA_LABEL,CURRENT_SOURCE_REQUIRED
MED-0414,NAPROXENO,UNRESOLVED,0,0,False,False,False,False,False,HIGH_MATCH_NO_EXPLICIT_RENAL_DOSING_TEXT,NO_OPENFDA_IDENTITY_CONFIRMED_LABEL,CURRENT_SOURCE_REQUIRED
MED-0416,NEOMICINA,UNRESOLVED,0,0,False,False,False,False,False,AMBIGUOUS_DAILYMED_MATCH,NO_OPENFDA_IDENTITY_CONFIRMED_LABEL,CURRENT_SOURCE_REQUIRED
MED-0417,NERATINIIB,UNRESOLVED,0,0,False,False,False,False,False,AMBIGUOUS_DAILYMED_MATCH,NO_OPENFDA_LABEL,CURRENT_SOURCE_REQUIRED
MED-0419,NICOTINAMIDA,UNRESOLVED,0,0,False,False,False,False,False,AMBIGUOUS_DAILYMED_MATCH,NO_OPENFDA_IDENTITY_CONFIRMED_LABEL,CURRENT_SOURCE_REQUIRED
MED-0420,NIFEDIPINO,UNRESOLVED,0,0,False,False,False,False,False,NO_DIRECT_RENAL_SECTION_TITLE,NO_OPENFDA_IDENTITY_CONFIRMED_LABEL,CURRENT_SOURCE_REQUIRED
MED-0421,NIFUROXAZIDA,UNRESOLVED,0,0,False,False,False,False,False,RXNORM_MATCH_NO_DAILYMED_SPL,NO_OPENFDA_LABEL,CURRENT_SOURCE_REQUIRED
MED-0422,NILOTINIB,UNRESOLVED,0,0,False,False,False,False,False,NO_DIRECT_RENAL_SECTION_TITLE,RENAL_TEXT_WITHOUT_EXPLICIT_DOSING_ACTION,CURRENT_SOURCE_REQUIRED
MED-0423,NIMESULIDA,UNRESOLVED,0,0,False,False,False,False,False,RXNORM_MATCH_NO_DAILYMED_SPL,NO_OPENFDA_LABEL,CURRENT_SOURCE_REQUIRED
MED-0424,NIMODIPINO,UNRESOLVED,0,0,False,False,False,False,False,FALLBACK_SNIPPET_NOT_RENAL_DOSING_SECTION,NO_OPENFDA_IDENTITY_CONFIRMED_LABEL,CURRENT_SOURCE_REQUIRED
MED-0426,NIRAPARIB,UNRESOLVED,0,0,False,False,False,False,False,NO_DIRECT_RENAL_SECTION_TITLE,RENAL_TEXT_WITHOUT_EXPLICIT_DOSING_ACTION,CURRENT_SOURCE_REQUIRED
MED-0427,NISTATINA,UNRESOLVED,0,0,False,False,False,False,False,AMBIGUOUS_DAILYMED_MATCH,NO_OPENFDA_IDENTITY_CONFIRMED_LABEL,CURRENT_SOURCE_REQUIRED
MED-0428,NITAZOXANIDA,UNRESOLVED,0,0,False,False,False,False,False,NO_DIRECT_RENAL_SECTION_TITLE,NO_OPENFDA_IDENTITY_CONFIRMED_LABEL,CURRENT_SOURCE_REQUIRED
MED-0429,NITISINONA,UNRESOLVED,0,0,False,False,False,False,False,NO_DIRECT_RENAL_SECTION_TITLE,NO_OPENFDA_IDENTITY_CONFIRMED_LABEL,CURRENT_SOURCE_REQUIRED
MED-0431,NORETISTERONA ACETATO,UNRESOLVED,0,0,False,False,False,False,False,SINGLE_INGREDIENT_MATCHED_COMBINATION_LABEL,NO_OPENFDA_LABEL,CURRENT_SOURCE_REQUIRED
MED-0433,NORTRIPTILINA,UNRESOLVED,0,0,False,False,False,False,False,AMBIGUOUS_DAILYMED_MATCH,NO_OPENFDA_LABEL,CURRENT_SOURCE_REQUIRED
MED-0437,OMEPRAZOL,UNRESOLVED,0,0,False,False,False,False,False,NO_DIRECT_RENAL_SECTION_TITLE,NO_OPENFDA_IDENTITY_CONFIRMED_LABEL,CURRENT_SOURCE_REQUIRED
MED-0439,ORLISTAT,UNRESOLVED,0,0,False,False,False,False,False,HIGH_MATCH_NO_EXPLICIT_RENAL_DOSING_TEXT,NO_RENAL_TEXT,CURRENT_SOURCE_REQUIRED
MED-0442,OTILONIO,UNRESOLVED,0,0,False,False,False,False,False,RXNORM_MATCH_NO_DAILYMED_SPL,NO_OPENFDA_LABEL,CURRENT_SOURCE_REQUIRED
MED-0443,OXAPROZINA,UNRESOLVED,0,0,False,False,False,False,False,NO_DIRECT_RENAL_SECTION_TITLE,NO_OPENFDA_IDENTITY_CONFIRMED_LABEL,CURRENT_SOURCE_REQUIRED
MED-0445,OXIBUTINA,UNRESOLVED,0,0,False,False,False,False,False,NO_RXNORM_MATCH,NO_OPENFDA_LABEL,CURRENT_SOURCE_REQUIRED
MED-0447,OXIPURINA,UNRESOLVED,0,0,False,False,False,False,False,NO_RXNORM_MATCH,NO_OPENFDA_LABEL,CURRENT_SOURCE_REQUIRED
MED-0450,PAMOATO DE OXANTEL,UNRESOLVED,0,0,False,False,False,False,False,AMBIGUOUS_DAILYMED_MATCH,NO_OPENFDA_LABEL,CURRENT_SOURCE_REQUIRED
MED-0451,PANCREATINA,UNRESOLVED,0,0,False,False,False,False,False,HIGH_MATCH_NO_EXPLICIT_RENAL_DOSING_TEXT,NO_OPENFDA_IDENTITY_CONFIRMED_LABEL,CURRENT_SOURCE_REQUIRED
MED-0453,PANTOTENATO DE CALCIO,UNRESOLVED,0,0,False,False,False,False,False,AMBIGUOUS_DAILYMED_MATCH,NO_OPENFDA_LABEL,CURRENT_SOURCE_REQUIRED
MED-0454,PARACETAMOL,UNRESOLVED,0,0,False,False,False,False,False,AMBIGUOUS_DAILYMED_MATCH,NO_OPENFDA_IDENTITY_CONFIRMED_LABEL,CURRENT_SOURCE_REQUIRED
MED-0455,PARGEVERINA,UNRESOLVED,0,0,False,False,False,False,False,RXNORM_MATCH_NO_DAILYMED_SPL,NO_OPENFDA_LABEL,CURRENT_SOURCE_REQUIRED
MED-0458,PENTOSAN POLISULFATO DE SODIO,UNRESOLVED,0,0,False,False,False,False,False,HIGH_MATCH_NO_EXPLICIT_RENAL_DOSING_TEXT,NO_OPENFDA_IDENTITY_CONFIRMED_LABEL,CURRENT_SOURCE_REQUIRED
MED-0459,PENTOXIFILINA,UNRESOLVED,0,0,False,False,False,False,False,AMBIGUOUS_DAILYMED_MATCH,NO_OPENFDA_IDENTITY_CONFIRMED_LABEL,CURRENT_SOURCE_REQUIRED
MED-0461,PICOSULFATO SODICO,UNRESOLVED,0,0,False,False,False,False,False,SINGLE_INGREDIENT_MATCHED_COMBINATION_LABEL,NO_OPENFDA_IDENTITY_CONFIRMED_LABEL,CURRENT_SOURCE_REQUIRED
MED-0462,PIDOTIMOD,UNRESOLVED,0,0,False,False,False,False,False,RXNORM_MATCH_NO_DAILYMED_SPL,NO_OPENFDA_LABEL,CURRENT_SOURCE_REQUIRED
MED-0463,PILOCARPINA CLORHIDRATO,UNRESOLVED,0,0,False,False,False,False,False,HIGH_MATCH_NO_EXPLICIT_RENAL_DOSING_TEXT,NO_OPENFDA_LABEL,CURRENT_SOURCE_REQUIRED
MED-0464,PINAVERIO,UNRESOLVED,0,0,False,False,False,False,False,RXNORM_MATCH_NO_DAILYMED_SPL,NO_OPENFDA_LABEL,CURRENT_SOURCE_REQUIRED
MED-0465,PIRACETAM,UNRESOLVED,0,0,False,False,False,False,False,RXNORM_MATCH_NO_DAILYMED_SPL,NO_OPENFDA_LABEL,CURRENT_SOURCE_REQUIRED
MED-0466,PIRANTEL,UNRESOLVED,0,0,False,False,False,False,False,AMBIGUOUS_DAILYMED_MATCH,NO_OPENFDA_IDENTITY_CONFIRMED_LABEL,CURRENT_SOURCE_REQUIRED
MED-0468,PIRIDOSTIGMINA,UNRESOLVED,0,0,False,False,False,False,False,FALLBACK_SNIPPET_NOT_RENAL_DOSING_SECTION,NO_OPENFDA_IDENTITY_CONFIRMED_LABEL,CURRENT_SOURCE_REQUIRED
MED-0469,PIRIDOXINA CLOHIDRATO,UNRESOLVED,0,0,False,False,False,False,False,HIGH_MATCH_NO_EXPLICIT_RENAL_DOSING_TEXT,NO_OPENFDA_LABEL,CURRENT_SOURCE_REQUIRED
MED-0471,PIRITINOL,UNRESOLVED,0,0,False,False,False,False,False,RXNORM_MATCH_NO_DAILYMED_SPL,NO_OPENFDA_LABEL,CURRENT_SOURCE_REQUIRED
MED-0472,PIROXICAM,UNRESOLVED,0,0,False,False,False,False,False,NO_DIRECT_RENAL_SECTION_TITLE,RENAL_TEXT_WITHOUT_EXPLICIT_DOSING_ACTION,CURRENT_SOURCE_REQUIRED
MED-0473,POLIMIXINA B SULFATO,UNRESOLVED,0,0,False,False,False,False,False,HIGH_MATCH_NO_EXPLICIT_RENAL_DOSING_TEXT,NO_OPENFDA_LABEL,CURRENT_SOURCE_REQUIRED
MED-0478,PRAZOSINA,UNRESOLVED,0,0,False,False,False,False,False,FALLBACK_SNIPPET_NOT_RENAL_DOSING_SECTION,NO_OPENFDA_IDENTITY_CONFIRMED_LABEL,CURRENT_SOURCE_REQUIRED
MED-0479,PREDNISOLONA,UNRESOLVED,0,0,False,False,False,False,False,NO_DIRECT_RENAL_SECTION_TITLE,NO_OPENFDA_IDENTITY_CONFIRMED_LABEL,CURRENT_SOURCE_REQUIRED
MED-0480,PREDNISONA,UNRESOLVED,0,0,False,False,False,False,False,HIGH_MATCH_NO_EXPLICIT_RENAL_DOSING_TEXT,NO_OPENFDA_IDENTITY_CONFIRMED_LABEL,CURRENT_SOURCE_REQUIRED
MED-0482,PRIMIDONA,UNRESOLVED,0,0,False,False,False,False,False,HIGH_MATCH_NO_EXPLICIT_RENAL_DOSING_TEXT,NO_OPENFDA_IDENTITY_CONFIRMED_LABEL,CURRENT_SOURCE_REQUIRED
MED-0483,PROGESTERONA,UNRESOLVED,0,0,False,False,False,False,False,NO_DIRECT_RENAL_SECTION_TITLE,NO_OPENFDA_IDENTITY_CONFIRMED_LABEL,CURRENT_SOURCE_REQUIRED
MED-0484,PROPAFENONA CLORHIDRATO,UNRESOLVED,0,0,False,False,False,False,False,NO_DIRECT_RENAL_SECTION_TITLE,NO_OPENFDA_LABEL,CURRENT_SOURCE_REQUIRED
MED-0486,PROPILTIOURACILO,UNRESOLVED,0,0,False,False,False,False,False,HIGH_MATCH_NO_EXPLICIT_RENAL_DOSING_TEXT,NO_OPENFDA_IDENTITY_CONFIRMED_LABEL,CURRENT_SOURCE_REQUIRED
MED-0487,PROPINOX CLORHIDRATO,UNRESOLVED,0,0,False,False,False,False,False,RXNORM_MATCH_NO_DAILYMED_SPL,NO_OPENFDA_LABEL,CURRENT_SOURCE_REQUIRED
MED-0488,PROPIONATO DE FLUTICASONA,UNRESOLVED,0,0,False,False,False,False,False,AMBIGUOUS_DAILYMED_MATCH,NO_OPENFDA_LABEL,CURRENT_SOURCE_REQUIRED
MED-0490,PSEUDOEFEDRINA CLORHIDRATO,UNRESOLVED,0,0,False,False,False,False,False,HIGH_MATCH_NO_EXPLICIT_RENAL_DOSING_TEXT,NO_OPENFDA_LABEL,CURRENT_SOURCE_REQUIRED
MED-0493,RANITIDINA,UNRESOLVED,0,0,False,False,False,False,False,NO_DIRECT_RENAL_SECTION_TITLE,NO_OPENFDA_IDENTITY_CONFIRMED_LABEL,CURRENT_SOURCE_REQUIRED
MED-0496,RETINOL (PALMITATO DE VITAMINA A),UNRESOLVED,0,0,False,False,False,False,False,AMBIGUOUS_DAILYMED_MATCH,NO_OPENFDA_LABEL,CURRENT_SOURCE_REQUIRED
MED-0498,RIBOFLAVINA,UNRESOLVED,0,0,False,False,False,False,False,HIGH_MATCH_NO_EXPLICIT_RENAL_DOSING_TEXT,NO_OPENFDA_IDENTITY_CONFIRMED_LABEL,CURRENT_SOURCE_REQUIRED
MED-0500,RIFAXIMINA,UNRESOLVED,0,0,False,False,False,False,False,PK_CAUTION_OR_DIALYSIS_ONLY_NO_DOSING_ACTION,NO_OPENFDA_IDENTITY_CONFIRMED_LABEL,CURRENT_SOURCE_REQUIRED
MED-0502,RILUZOL,UNRESOLVED,0,0,False,False,False,False,False,HIGH_MATCH_NO_EXPLICIT_RENAL_DOSING_TEXT,NO_OPENFDA_IDENTITY_CONFIRMED_LABEL,CURRENT_SOURCE_REQUIRED
MED-0508,ROCIVERINA,UNRESOLVED,0,0,False,False,False,False,False,NO_RXNORM_MATCH,NO_OPENFDA_LABEL,CURRENT_SOURCE_REQUIRED
MED-0512,RUPATADINA,UNRESOLVED,0,0,False,False,False,False,False,NO_RXNORM_MATCH,NO_OPENFDA_LABEL,CURRENT_SOURCE_REQUIRED
MED-0513,RUTINA,UNRESOLVED,0,0,False,False,False,False,False,AMBIGUOUS_DAILYMED_MATCH,NO_OPENFDA_LABEL,CURRENT_SOURCE_REQUIRED
MED-0516,SAFINAMIDA,UNRESOLVED,0,0,False,False,False,False,False,NO_DIRECT_RENAL_SECTION_TITLE,NO_OPENFDA_IDENTITY_CONFIRMED_LABEL,CURRENT_SOURCE_REQUIRED
MED-0517,SALMETEROL,UNRESOLVED,0,0,False,False,False,False,False,SINGLE_INGREDIENT_MATCHED_COMBINATION_LABEL,NO_RENAL_TEXT,CURRENT_SOURCE_REQUIRED
MED-0518,SECNIDAZOL,UNRESOLVED,0,0,False,False,False,False,False,HIGH_MATCH_NO_EXPLICIT_RENAL_DOSING_TEXT,NO_OPENFDA_IDENTITY_CONFIRMED_LABEL,CURRENT_SOURCE_REQUIRED
MED-0524,SILIMARINA,UNRESOLVED,0,0,False,False,False,False,False,RXNORM_MATCH_NO_DAILYMED_SPL,NO_OPENFDA_LABEL,CURRENT_SOURCE_REQUIRED
MED-0526,SIMETICONA,UNRESOLVED,0,0,False,False,False,False,False,HIGH_MATCH_NO_EXPLICIT_RENAL_DOSING_TEXT,NO_OPENFDA_IDENTITY_CONFIRMED_LABEL,CURRENT_SOURCE_REQUIRED
MED-0531,SOMATOTROPINA,UNRESOLVED,0,0,False,False,False,False,False,AMBIGUOUS_DAILYMED_MATCH,NO_OPENFDA_IDENTITY_CONFIRMED_LABEL,CURRENT_SOURCE_REQUIRED
MED-0534,SUBSALICILATO DE BISMUTO,UNRESOLVED,0,0,False,False,False,False,False,AMBIGUOUS_DAILYMED_MATCH,NO_OPENFDA_LABEL,CURRENT_SOURCE_REQUIRED
MED-0535,SUCRALFATO,UNRESOLVED,0,0,False,False,False,False,False,NO_DIRECT_RENAL_SECTION_TITLE,NO_OPENFDA_IDENTITY_CONFIRMED_LABEL,CURRENT_SOURCE_REQUIRED
MED-0536,SULBUTIAMINA,UNRESOLVED,0,0,False,False,False,False,False,RXNORM_MATCH_NO_DAILYMED_SPL,NO_OPENFDA_LABEL,CURRENT_SOURCE_REQUIRED
MED-0537,SULFADIAZINA,UNRESOLVED,0,0,False,False,False,False,False,HIGH_MATCH_NO_EXPLICIT_RENAL_DOSING_TEXT,NO_OPENFDA_IDENTITY_CONFIRMED_LABEL,CURRENT_SOURCE_REQUIRED
MED-0538,SULFADOXINA,UNRESOLVED,0,0,False,False,False,False,False,RXNORM_MATCH_NO_DAILYMED_SPL,NO_OPENFDA_LABEL,CURRENT_SOURCE_REQUIRED
MED-0539,SULFAMETIZOL,UNRESOLVED,0,0,False,False,False,False,False,RXNORM_MATCH_NO_DAILYMED_SPL,NO_OPENFDA_LABEL,CURRENT_SOURCE_REQUIRED
MED-0541,SULFASALAZINA,UNRESOLVED,0,0,False,False,False,False,False,NO_DIRECT_RENAL_SECTION_TITLE,NO_OPENFDA_IDENTITY_CONFIRMED_LABEL,CURRENT_SOURCE_REQUIRED
MED-0542,SULFATO DE MAGNESIO,UNRESOLVED,0,0,False,False,False,False,False,HIGH_MATCH_NO_EXPLICIT_RENAL_DOSING_TEXT,NO_OPENFDA_IDENTITY_CONFIRMED_LABEL,CURRENT_SOURCE_REQUIRED
MED-0543,SULFATO DE MANGANESO,UNRESOLVED,0,0,False,False,False,False,False,AMBIGUOUS_DAILYMED_MATCH,NO_OPENFDA_LABEL,CURRENT_SOURCE_REQUIRED
MED-0544,SULFATO DE POTASIO,UNRESOLVED,0,0,False,False,False,False,False,NO_DIRECT_RENAL_SECTION_TITLE,NO_OPENFDA_IDENTITY_CONFIRMED_LABEL,CURRENT_SOURCE_REQUIRED
MED-0545,SULFATO DE ZINC,UNRESOLVED,0,0,False,False,False,False,False,HIGH_MATCH_NO_EXPLICIT_RENAL_DOSING_TEXT,NO_RENAL_TEXT,CURRENT_SOURCE_REQUIRED
MED-0546,SULFATO FERROSO,UNRESOLVED,0,0,False,False,False,False,False,NO_DIRECT_RENAL_SECTION_TITLE,NO_OPENFDA_IDENTITY_CONFIRMED_LABEL,CURRENT_SOURCE_REQUIRED
MED-0547,SULPIRIDA,UNRESOLVED,0,0,False,False,False,False,False,HIGH_MATCH_NO_EXPLICIT_RENAL_DOSING_TEXT,NO_OPENFDA_LABEL,CURRENT_SOURCE_REQUIRED
MED-0548,SULTAMICILINA,UNRESOLVED,0,0,False,False,False,False,False,AMBIGUOUS_DAILYMED_MATCH,NO_OPENFDA_LABEL,CURRENT_SOURCE_REQUIRED
MED-0555,TAMOXIFENO,UNRESOLVED,0,0,False,False,False,False,False,HIGH_MATCH_NO_EXPLICIT_RENAL_DOSING_TEXT,NO_OPENFDA_IDENTITY_CONFIRMED_LABEL,CURRENT_SOURCE_REQUIRED
MED-0563,TERBINAFINA,UNRESOLVED,0,0,False,False,False,False,False,HIGH_MATCH_NO_EXPLICIT_RENAL_DOSING_TEXT,NO_OPENFDA_IDENTITY_CONFIRMED_LABEL,CURRENT_SOURCE_REQUIRED
MED-0564,TERBUTALINA SULFATO,UNRESOLVED,0,0,False,False,False,False,False,NO_DIRECT_RENAL_SECTION_TITLE,NO_OPENFDA_LABEL,CURRENT_SOURCE_REQUIRED
MED-0566,TESTOSTERONA UNDECANOATO,UNRESOLVED,0,0,False,False,False,False,False,HIGH_MATCH_NO_EXPLICIT_RENAL_DOSING_TEXT,NO_OPENFDA_LABEL,CURRENT_SOURCE_REQUIRED
MED-0567,TETRABENAZINA,UNRESOLVED,0,0,False,False,False,False,False,NO_DIRECT_RENAL_SECTION_TITLE,NO_OPENFDA_IDENTITY_CONFIRMED_LABEL,CURRENT_SOURCE_REQUIRED
MED-0569,TIAMINA CLORHIDRATO,UNRESOLVED,0,0,False,False,False,False,False,NO_DIRECT_RENAL_SECTION_TITLE,NO_OPENFDA_LABEL,CURRENT_SOURCE_REQUIRED
MED-0570,TIBOLONA,UNRESOLVED,0,0,False,False,False,False,False,RXNORM_MATCH_NO_DAILYMED_SPL,NO_OPENFDA_LABEL,CURRENT_SOURCE_REQUIRED
MED-0573,TIOCOLCHICOSIDO,UNRESOLVED,0,0,False,False,False,False,False,RXNORM_MATCH_NO_DAILYMED_SPL,NO_OPENFDA_LABEL,CURRENT_SOURCE_REQUIRED
MED-0574,TIOGUANINA,UNRESOLVED,0,0,False,False,False,False,False,NO_DIRECT_RENAL_SECTION_TITLE,NO_OPENFDA_IDENTITY_CONFIRMED_LABEL,CURRENT_SOURCE_REQUIRED
MED-0575,TIOTROPIO,UNRESOLVED,0,0,False,False,False,False,False,AMBIGUOUS_DAILYMED_MATCH,NO_OPENFDA_LABEL,CURRENT_SOURCE_REQUIRED
MED-0576,TIROSINA,UNRESOLVED,0,0,False,False,False,False,False,AMBIGUOUS_DAILYMED_MATCH,NO_OPENFDA_IDENTITY_CONFIRMED_LABEL,CURRENT_SOURCE_REQUIRED
MED-0585,TREONINA,UNRESOLVED,0,0,False,False,False,False,False,AMBIGUOUS_DAILYMED_MATCH,NO_OPENFDA_IDENTITY_CONFIRMED_LABEL,CURRENT_SOURCE_REQUIRED
MED-0586,TRETINOINA,UNRESOLVED,0,0,False,False,False,False,False,NO_DIRECT_RENAL_SECTION_TITLE,NO_OPENFDA_IDENTITY_CONFIRMED_LABEL,CURRENT_SOURCE_REQUIRED
MED-0587,TRIAZOLAM,UNRESOLVED,0,0,False,False,False,False,False,HIGH_MATCH_NO_EXPLICIT_RENAL_DOSING_TEXT,NO_RENAL_TEXT,CURRENT_SOURCE_REQUIRED
MED-0588,TRIENTINA CLORHIDRATO,UNRESOLVED,0,0,False,False,False,False,False,HIGH_MATCH_NO_EXPLICIT_RENAL_DOSING_TEXT,NO_OPENFDA_IDENTITY_CONFIRMED_LABEL,CURRENT_SOURCE_REQUIRED
MED-0589,TRIFLUOPERAZINA,UNRESOLVED,0,0,False,False,False,False,False,HIGH_MATCH_NO_EXPLICIT_RENAL_DOSING_TEXT,NO_OPENFDA_IDENTITY_CONFIRMED_LABEL,CURRENT_SOURCE_REQUIRED
MED-0590,TRIMEBUTINA,UNRESOLVED,0,0,False,False,False,False,False,RXNORM_MATCH_NO_DAILYMED_SPL,NO_OPENFDA_LABEL,CURRENT_SOURCE_REQUIRED
MED-0591,TRIMETAZIDINA,UNRESOLVED,0,0,False,False,False,False,False,RXNORM_MATCH_NO_DAILYMED_SPL,NO_OPENFDA_LABEL,CURRENT_SOURCE_REQUIRED
MED-0593,TRIMIPRAMINA,UNRESOLVED,0,0,False,False,False,False,False,NO_DIRECT_RENAL_SECTION_TITLE,NO_OPENFDA_IDENTITY_CONFIRMED_LABEL,CURRENT_SOURCE_REQUIRED
MED-0598,VALERATO DE ESTRADIOL,UNRESOLVED,0,0,False,False,False,False,False,AMBIGUOUS_DAILYMED_MATCH,NO_OPENFDA_LABEL,CURRENT_SOURCE_REQUIRED
MED-0607,VERAPAMILO,UNRESOLVED,0,0,False,False,False,False,False,NO_DIRECT_RENAL_SECTION_TITLE,NO_OPENFDA_IDENTITY_CONFIRMED_LABEL,CURRENT_SOURCE_REQUIRED
MED-0610,VILANTEROL,UNRESOLVED,0,0,False,False,False,False,False,SINGLE_INGREDIENT_MATCHED_COMBINATION_LABEL,NO_OPENFDA_IDENTITY_CONFIRMED_LABEL,CURRENT_SOURCE_REQUIRED
MED-0611,VILDAGLIPTINA,UNRESOLVED,0,0,False,False,False,False,False,RXNORM_MATCH_NO_DAILYMED_SPL,NO_OPENFDA_LABEL,CURRENT_SOURCE_REQUIRED
MED-0616,ZOFENOPRIL,UNRESOLVED,0,0,False,False,False,False,False,RXNORM_MATCH_NO_DAILYMED_SPL,NO_OPENFDA_LABEL,CURRENT_SOURCE_REQUIRED
MED-0618,ZOPLICONA,UNRESOLVED,0,0,False,False,False,False,False,NO_RXNORM_MATCH,NO_OPENFDA_LABEL,CURRENT_SOURCE_REQUIRED
MED-0633,SALBUTAMOL,UNRESOLVED,0,0,False,False,False,False,False,AMBIGUOUS_DAILYMED_MATCH,NO_OPENFDA_IDENTITY_CONFIRMED_LABEL,CURRENT_SOURCE_REQUIRED
MED-0634,EPINEFRINA,UNRESOLVED,0,0,False,False,False,False,False,AMBIGUOUS_DAILYMED_MATCH,NO_OPENFDA_IDENTITY_CONFIRMED_LABEL,CURRENT_SOURCE_REQUIRED
MED-0635,ATROPINA,UNRESOLVED,0,0,False,False,False,False,False,NO_DIRECT_RENAL_SECTION_TITLE,NO_OPENFDA_IDENTITY_CONFIRMED_LABEL,CURRENT_SOURCE_REQUIRED
MED-0636,ADENOSINA,UNRESOLVED,0,0,False,False,False,False,False,FALLBACK_SNIPPET_NOT_RENAL_DOSING_SECTION,NO_OPENFDA_IDENTITY_CONFIRMED_LABEL,CURRENT_SOURCE_REQUIRED
MED-0637,NOREPINEFRINA,UNRESOLVED,0,0,False,False,False,False,False,AMBIGUOUS_DAILYMED_MATCH,NO_OPENFDA_IDENTITY_CONFIRMED_LABEL,CURRENT_SOURCE_REQUIRED
MED-0638,DOPAMINA,UNRESOLVED,0,0,False,False,False,False,False,HIGH_MATCH_NO_EXPLICIT_RENAL_DOSING_TEXT,NO_OPENFDA_IDENTITY_CONFIRMED_LABEL,CURRENT_SOURCE_REQUIRED
MED-0639,DOBUTAMINA,UNRESOLVED,0,0,False,False,False,False,False,NO_DIRECT_RENAL_SECTION_TITLE,NO_OPENFDA_IDENTITY_CONFIRMED_LABEL,CURRENT_SOURCE_REQUIRED
MED-0640,HIDRALAZINA,UNRESOLVED,0,0,False,False,False,False,False,AMBIGUOUS_DAILYMED_MATCH,NO_OPENFDA_IDENTITY_CONFIRMED_LABEL,CURRENT_SOURCE_REQUIRED
MED-0641,NITROGLICERINA,UNRESOLVED,0,0,False,False,False,False,False,HIGH_MATCH_NO_EXPLICIT_RENAL_DOSING_TEXT,NO_OPENFDA_IDENTITY_CONFIRMED_LABEL,CURRENT_SOURCE_REQUIRED
MED-0642,HEPARINA NO FRACCIONADA,UNRESOLVED,0,0,False,False,False,False,False,NO_DIRECT_RENAL_SECTION_TITLE,NO_OPENFDA_LABEL,CURRENT_SOURCE_REQUIRED
MED-0644,INSULINA REGULAR,UNRESOLVED,0,0,False,False,False,False,False,STRICT_RENAL_DOSING_TEXT,NO_OPENFDA_LABEL,CURRENT_SOURCE_REQUIRED
MED-0645,INSULINA NPH,UNRESOLVED,0,0,False,False,False,False,False,STRICT_RENAL_DOSING_TEXT,NO_OPENFDA_LABEL,CURRENT_SOURCE_REQUIRED
MED-0646,GLUCAGÓN,UNRESOLVED,0,0,False,False,False,False,False,HIGH_MATCH_NO_EXPLICIT_RENAL_DOSING_TEXT,NO_RENAL_TEXT,CURRENT_SOURCE_REQUIRED
MED-0647,DEXTROSA,UNRESOLVED,0,0,False,False,False,False,False,AMBIGUOUS_DAILYMED_MATCH,NO_OPENFDA_IDENTITY_CONFIRMED_LABEL,CURRENT_SOURCE_REQUIRED
MED-0648,GLUCONATO DE CALCIO,UNRESOLVED,0,0,False,False,False,False,False,PK_CAUTION_OR_DIALYSIS_ONLY_NO_DOSING_ACTION,NO_OPENFDA_IDENTITY_CONFIRMED_LABEL,CURRENT_SOURCE_REQUIRED
MED-0649,CLORURO DE CALCIO,UNRESOLVED,0,0,False,False,False,False,False,PK_CAUTION_OR_DIALYSIS_ONLY_NO_DOSING_ACTION,NO_OPENFDA_IDENTITY_CONFIRMED_LABEL,CURRENT_SOURCE_REQUIRED
MED-0650,LIDOCAÍNA,UNRESOLVED,0,0,False,False,False,False,False,NO_DIRECT_RENAL_SECTION_TITLE,NO_OPENFDA_IDENTITY_CONFIRMED_LABEL,CURRENT_SOURCE_REQUIRED
MED-0651,BUPIVACAÍNA,UNRESOLVED,0,0,False,False,False,False,False,SINGLE_INGREDIENT_MATCHED_COMBINATION_LABEL,NO_OPENFDA_IDENTITY_CONFIRMED_LABEL,CURRENT_SOURCE_REQUIRED
MED-0652,KETAMINA,UNRESOLVED,0,0,False,False,False,False,False,HIGH_MATCH_NO_EXPLICIT_RENAL_DOSING_TEXT,NO_OPENFDA_IDENTITY_CONFIRMED_LABEL,CURRENT_SOURCE_REQUIRED
MED-0653,PROPOFOL,UNRESOLVED,0,0,False,False,False,False,False,PK_CAUTION_OR_DIALYSIS_ONLY_NO_DOSING_ACTION,RENAL_TEXT_WITHOUT_EXPLICIT_DOSING_ACTION,CURRENT_SOURCE_REQUIRED
MED-0654,MORFINA,UNRESOLVED,0,0,False,False,False,False,False,AMBIGUOUS_DAILYMED_MATCH,NO_OPENFDA_IDENTITY_CONFIRMED_LABEL,CURRENT_SOURCE_REQUIRED
MED-0655,FENTANILO,UNRESOLVED,0,0,False,False,False,False,False,AMBIGUOUS_DAILYMED_MATCH,NO_OPENFDA_IDENTITY_CONFIRMED_LABEL,CURRENT_SOURCE_REQUIRED
MED-0656,ROCURONIO,UNRESOLVED,0,0,False,False,False,False,False,PK_CAUTION_OR_DIALYSIS_ONLY_NO_DOSING_ACTION,NO_OPENFDA_IDENTITY_CONFIRMED_LABEL,CURRENT_SOURCE_REQUIRED
MED-0657,SUCCINILCOLINA,UNRESOLVED,0,0,False,False,False,False,False,AMBIGUOUS_DAILYMED_MATCH,NO_OPENFDA_LABEL,CURRENT_SOURCE_REQUIRED
MED-0658,ETOMIDATO,UNRESOLVED,0,0,False,False,False,False,False,NO_DIRECT_RENAL_SECTION_TITLE,NO_OPENFDA_IDENTITY_CONFIRMED_LABEL,CURRENT_SOURCE_REQUIRED
MED-0659,LACTULOSA,UNRESOLVED,0,0,False,False,False,False,False,FALLBACK_SNIPPET_NOT_RENAL_DOSING_SECTION,NO_OPENFDA_IDENTITY_CONFIRMED_LABEL,CURRENT_SOURCE_REQUIRED
MED-0660,POLIETILENGLICOL 3350,UNRESOLVED,0,0,False,False,False,False,False,NO_RXNORM_MATCH,NO_OPENFDA_LABEL,CURRENT_SOURCE_REQUIRED
MED-0661,SENÓSIDOS,UNRESOLVED,0,0,False,False,False,False,False,AMBIGUOUS_DAILYMED_MATCH,NO_OPENFDA_IDENTITY_CONFIRMED_LABEL,CURRENT_SOURCE_REQUIRED
MED-0662,NALOXONA,UNRESOLVED,0,0,False,False,False,False,False,HIGH_MATCH_NO_EXPLICIT_RENAL_DOSING_TEXT,NO_OPENFDA_IDENTITY_CONFIRMED_LABEL,CURRENT_SOURCE_REQUIRED
MED-0664,PRALIDOXIMA,UNRESOLVED,0,0,False,False,False,False,False,NO_DIRECT_RENAL_SECTION_TITLE,NO_OPENFDA_IDENTITY_CONFIRMED_LABEL,CURRENT_SOURCE_REQUIRED
MED-0665,HIDROXOCOBALAMINA,UNRESOLVED,0,0,False,False,False,False,False,HIGH_MATCH_NO_EXPLICIT_RENAL_DOSING_TEXT,NO_OPENFDA_IDENTITY_CONFIRMED_LABEL,CURRENT_SOURCE_REQUIRED
MED-0666,FOMEPIZOL,UNRESOLVED,0,0,False,False,False,False,False,NO_DIRECT_RENAL_SECTION_TITLE,NO_OPENFDA_IDENTITY_CONFIRMED_LABEL,CURRENT_SOURCE_REQUIRED
MED-0667,AMPICILINA/SULBACTAM,UNRESOLVED,0,0,False,False,False,False,False,AMBIGUOUS_DAILYMED_MATCH,NO_OPENFDA_LABEL,CURRENT_SOURCE_REQUIRED
MED-0674,FOSFOMICINA,UNRESOLVED,0,0,False,False,False,False,False,NO_DIRECT_RENAL_SECTION_TITLE,NO_OPENFDA_IDENTITY_CONFIRMED_LABEL,CURRENT_SOURCE_REQUIRED
MED-0677,DEXMEDETOMIDINA,UNRESOLVED,0,0,False,False,False,False,False,NO_DIRECT_RENAL_SECTION_TITLE,NO_OPENFDA_IDENTITY_CONFIRMED_LABEL,CURRENT_SOURCE_REQUIRED
MED-0678,DROPERIDOL,UNRESOLVED,0,0,False,False,False,False,False,PK_CAUTION_OR_DIALYSIS_ONLY_NO_DOSING_ACTION,RENAL_TEXT_WITHOUT_EXPLICIT_DOSING_ACTION,CURRENT_SOURCE_REQUIRED
MED-0680,OXICODONA,UNRESOLVED,0,0,False,False,False,False,False,AMBIGUOUS_DAILYMED_MATCH,NO_OPENFDA_IDENTITY_CONFIRMED_LABEL,CURRENT_SOURCE_REQUIRED
MED-0681,METADONA,UNRESOLVED,0,0,False,False,False,False,False,AMBIGUOUS_DAILYMED_MATCH,NO_OPENFDA_IDENTITY_CONFIRMED_LABEL,CURRENT_SOURCE_REQUIRED
MED-0682,BUPRENORFINA,UNRESOLVED,0,0,False,False,False,False,False,AMBIGUOUS_DAILYMED_MATCH,NO_OPENFDA_IDENTITY_CONFIRMED_LABEL,CURRENT_SOURCE_REQUIRED
MED-0683,SULFATO DE PROTAMINA,UNRESOLVED,0,0,False,False,False,False,False,HIGH_MATCH_NO_EXPLICIT_RENAL_DOSING_TEXT,NO_OPENFDA_LABEL,CURRENT_SOURCE_REQUIRED
MED-0684,FITOMENADIONA (VITAMINA K1),UNRESOLVED,0,0,False,False,False,False,False,AMBIGUOUS_DAILYMED_MATCH,NO_OPENFDA_IDENTITY_CONFIRMED_LABEL,CURRENT_SOURCE_REQUIRED
MED-0686,ANDEXANET ALFA,UNRESOLVED,0,0,False,False,False,False,False,HIGH_MATCH_NO_EXPLICIT_RENAL_DOSING_TEXT,NO_RENAL_TEXT,CURRENT_SOURCE_REQUIRED
MED-0687,DIGOXINA INMUNE FAB,UNRESOLVED,0,0,False,False,False,False,False,AMBIGUOUS_DAILYMED_MATCH,NO_OPENFDA_LABEL,CURRENT_SOURCE_REQUIRED
MED-0688,AZUL DE METILENO,UNRESOLVED,0,0,False,False,False,False,False,AMBIGUOUS_DAILYMED_MATCH,NO_OPENFDA_IDENTITY_CONFIRMED_LABEL,CURRENT_SOURCE_REQUIRED
MED-0689,CLORURO DE POTASIO,UNRESOLVED,0,0,False,False,False,False,False,HIGH_MATCH_NO_EXPLICIT_RENAL_DOSING_TEXT,NO_OPENFDA_IDENTITY_CONFIRMED_LABEL,CURRENT_SOURCE_REQUIRED
MED-0690,FOSFATO DE POTASIO,UNRESOLVED,0,0,False,False,False,False,False,AMBIGUOUS_DAILYMED_MATCH,NO_OPENFDA_LABEL,CURRENT_SOURCE_REQUIRED
MED-0691,"CLORURO DE SODIO 0,9%",UNRESOLVED,0,0,False,False,False,False,False,AMBIGUOUS_DAILYMED_MATCH,NO_OPENFDA_LABEL,CURRENT_SOURCE_REQUIRED
MED-0692,ALBÚMINA HUMANA,UNRESOLVED,0,0,False,False,False,False,False,AMBIGUOUS_DAILYMED_MATCH,NO_OPENFDA_LABEL,CURRENT_SOURCE_REQUIRED
MED-0693,MANITOL,UNRESOLVED,0,0,False,False,False,False,False,HIGH_MATCH_NO_EXPLICIT_RENAL_DOSING_TEXT,NO_OPENFDA_IDENTITY_CONFIRMED_LABEL,CURRENT_SOURCE_REQUIRED
MED-0695,NICARDIPINO,UNRESOLVED,0,0,False,False,False,False,False,PK_CAUTION_OR_DIALYSIS_ONLY_NO_DOSING_ACTION,NO_OPENFDA_IDENTITY_CONFIRMED_LABEL,CURRENT_SOURCE_REQUIRED
MED-0697,PROCAINAMIDA,UNRESOLVED,0,0,False,False,False,False,False,NO_DIRECT_RENAL_SECTION_TITLE,NO_OPENFDA_IDENTITY_CONFIRMED_LABEL,CURRENT_SOURCE_REQUIRED
MED-0698,VASOPRESINA,UNRESOLVED,0,0,False,False,False,False,False,HIGH_MATCH_NO_EXPLICIT_RENAL_DOSING_TEXT,NO_OPENFDA_IDENTITY_CONFIRMED_LABEL,CURRENT_SOURCE_REQUIRED
MED-0699,CEFTAZIDIMA/AVIBACTAM,LOCAL_SUPPORT_ONLY_NEEDS_CURRENT_SOURCE,0,1,False,False,False,True,False,AMBIGUOUS_DAILYMED_MATCH,NO_OPENFDA_LABEL,CURRENT_SOURCE_REQUIRED_WITH_LOCAL_SUPPORT
MED-0702,ANFOTERICINA B LIPOSOMAL,UNRESOLVED,0,0,False,False,False,False,False,AMBIGUOUS_DAILYMED_MATCH,NO_OPENFDA_LABEL,CURRENT_SOURCE_REQUIRED
MED-0704,NITROPRUSIATO DE SODIO,UNRESOLVED,0,0,False,False,False,False,False,AMBIGUOUS_DAILYMED_MATCH,NO_OPENFDA_LABEL,CURRENT_SOURCE_REQUIRED
MED-0706,VECURONIO,UNRESOLVED,0,0,False,False,False,False,False,NO_DIRECT_RENAL_SECTION_TITLE,NO_OPENFDA_IDENTITY_CONFIRMED_LABEL,CURRENT_SOURCE_REQUIRED
MED-0707,ATOVACUONA/PROGUANIL,UNRESOLVED,0,0,False,False,False,False,False,AMBIGUOUS_DAILYMED_MATCH,NO_OPENFDA_LABEL,CURRENT_SOURCE_REQUIRED
MED-0709,CLOXACILINA,UNRESOLVED,0,0,False,False,False,False,False,HIGH_MATCH_NO_EXPLICIT_RENAL_DOSING_TEXT,NO_OPENFDA_LABEL,CURRENT_SOURCE_REQUIRED
MED-0710,FENOXIMETILPENICILINA BENZATINA,UNRESOLVED,0,0,False,False,False,False,False,NO_DIRECT_RENAL_SECTION_TITLE,NO_OPENFDA_LABEL,CURRENT_SOURCE_REQUIRED
MED-0711,FENOXIMETILPENICILINA POTÁSICA,UNRESOLVED,0,0,False,False,False,False,False,SINGLE_INGREDIENT_MATCHED_COMBINATION_LABEL,NO_OPENFDA_IDENTITY_CONFIRMED_LABEL,CURRENT_SOURCE_REQUIRED
MED-0712,GRISEOFULVINA,UNRESOLVED,0,0,False,False,False,False,False,HIGH_MATCH_NO_EXPLICIT_RENAL_DOSING_TEXT,NO_RENAL_TEXT,CURRENT_SOURCE_REQUIRED
MED-0714,IVERMECTINA,LOCAL_SUPPORT_ONLY_NEEDS_CURRENT_SOURCE,0,1,False,False,False,True,False,HIGH_MATCH_NO_EXPLICIT_RENAL_DOSING_TEXT,NO_OPENFDA_IDENTITY_CONFIRMED_LABEL,CURRENT_SOURCE_REQUIRED_WITH_LOCAL_SUPPORT
MED-0715,JOSAMICINA,UNRESOLVED,0,0,False,False,False,False,False,RXNORM_MATCH_NO_DAILYMED_SPL,NO_OPENFDA_LABEL,CURRENT_SOURCE_REQUIRED
MED-0716,MICONAZOL,UNRESOLVED,0,0,False,False,False,False,False,HIGH_MATCH_NO_EXPLICIT_RENAL_DOSING_TEXT,NO_RENAL_TEXT,CURRENT_SOURCE_REQUIRED
MED-0717,MIDECAMICINA,UNRESOLVED,0,0,False,False,False,False,False,RXNORM_MATCH_NO_DAILYMED_SPL,NO_OPENFDA_LABEL,CURRENT_SOURCE_REQUIRED
MED-0719,AMBROXOL,UNRESOLVED,0,0,False,False,False,False,False,HIGH_MATCH_NO_EXPLICIT_RENAL_DOSING_TEXT,NO_OPENFDA_LABEL,CURRENT_SOURCE_REQUIRED
MED-0720,CLOPERASTINA,UNRESOLVED,0,0,False,False,False,False,False,HIGH_MATCH_NO_EXPLICIT_RENAL_DOSING_TEXT,NO_OPENFDA_LABEL,CURRENT_SOURCE_REQUIRED
MED-0721,DESMOPRESINA,UNRESOLVED,0,0,False,False,False,False,False,PK_CAUTION_OR_DIALYSIS_ONLY_NO_DOSING_ACTION,NO_OPENFDA_IDENTITY_CONFIRMED_LABEL,CURRENT_SOURCE_REQUIRED
MED-0722,DEXCLORFENIRAMINA,UNRESOLVED,0,0,False,False,False,False,False,AMBIGUOUS_DAILYMED_MATCH,NO_OPENFDA_IDENTITY_CONFIRMED_LABEL,CURRENT_SOURCE_REQUIRED
MED-0723,EBASTINA,UNRESOLVED,0,0,False,False,False,False,False,RXNORM_MATCH_NO_DAILYMED_SPL,NO_OPENFDA_LABEL,CURRENT_SOURCE_REQUIRED
MED-0724,KETOTIFENO,UNRESOLVED,0,0,False,False,False,False,False,HIGH_MATCH_NO_EXPLICIT_RENAL_DOSING_TEXT,NO_OPENFDA_IDENTITY_CONFIRMED_LABEL,CURRENT_SOURCE_REQUIRED
MED-0725,LEVODROPROPIZINA,UNRESOLVED,0,0,False,False,False,False,False,RXNORM_MATCH_NO_DAILYMED_SPL,NO_OPENFDA_LABEL,CURRENT_SOURCE_REQUIRED
MED-0726,LISDEXANFETAMINA,UNRESOLVED,0,0,False,False,False,False,False,AMBIGUOUS_DAILYMED_MATCH,NO_OPENFDA_LABEL,CURRENT_SOURCE_REQUIRED
MED-0727,PARAFINA LÍQUIDA,UNRESOLVED,0,0,False,False,False,False,False,NO_DIRECT_RENAL_SECTION_TITLE,NO_OPENFDA_LABEL,CURRENT_SOURCE_REQUIRED
MED-0728,POLIETILENGLICOL 4000,UNRESOLVED,0,0,False,False,False,False,False,NO_RXNORM_MATCH,NO_OPENFDA_LABEL,CURRENT_SOURCE_REQUIRED
MED-0729,RACECADOTRILO,UNRESOLVED,0,0,False,False,False,False,False,RXNORM_MATCH_NO_DAILYMED_SPL,NO_OPENFDA_LABEL,CURRENT_SOURCE_REQUIRED
MED-0730,ACETATO DE RETINOL,UNRESOLVED,0,0,False,False,False,False,False,HIGH_MATCH_NO_EXPLICIT_RENAL_DOSING_TEXT,NO_OPENFDA_LABEL,CURRENT_SOURCE_REQUIRED
MED-0731,ÁCIDO AZELAICO,UNRESOLVED,0,0,False,False,False,False,False,HIGH_MATCH_NO_EXPLICIT_RENAL_DOSING_TEXT,NO_OPENFDA_LABEL,CURRENT_SOURCE_REQUIRED
MED-0732,ÁCIDO FUSÍDICO,UNRESOLVED,0,0,False,False,False,False,False,HIGH_MATCH_NO_EXPLICIT_RENAL_DOSING_TEXT,NO_OPENFDA_LABEL,CURRENT_SOURCE_REQUIRED
MED-0733,ADAPALENO,UNRESOLVED,0,0,False,False,False,False,False,HIGH_MATCH_NO_EXPLICIT_RENAL_DOSING_TEXT,NO_OPENFDA_IDENTITY_CONFIRMED_LABEL,CURRENT_SOURCE_REQUIRED
MED-0734,ADAPALENO/PERÓXIDO DE BENZOILO,UNRESOLVED,0,0,False,False,False,False,False,HIGH_MATCH_NO_EXPLICIT_RENAL_DOSING_TEXT,NO_OPENFDA_LABEL,CURRENT_SOURCE_REQUIRED
MED-0735,AZELASTINA,UNRESOLVED,0,0,False,False,False,False,False,NO_DIRECT_RENAL_SECTION_TITLE,NO_OPENFDA_IDENTITY_CONFIRMED_LABEL,CURRENT_SOURCE_REQUIRED
MED-0736,BECLOMETASONA,UNRESOLVED,0,0,False,False,False,False,False,AMBIGUOUS_DAILYMED_MATCH,NO_OPENFDA_LABEL,CURRENT_SOURCE_REQUIRED
MED-0737,BETAMETASONA,UNRESOLVED,0,0,False,False,False,False,False,HIGH_MATCH_NO_EXPLICIT_RENAL_DOSING_TEXT,NO_OPENFDA_IDENTITY_CONFIRMED_LABEL,CURRENT_SOURCE_REQUIRED
MED-0738,BETAMETASONA/ÁCIDO FUSÍDICO,UNRESOLVED,0,0,False,False,False,False,False,AMBIGUOUS_DAILYMED_MATCH,NO_OPENFDA_LABEL,CURRENT_SOURCE_REQUIRED
MED-0739,BETAMETASONA/CLOTRIMAZOL,UNRESOLVED,0,0,False,False,False,False,False,AMBIGUOUS_DAILYMED_MATCH,NO_OPENFDA_LABEL,CURRENT_SOURCE_REQUIRED
MED-0740,BETAMETASONA/GENTAMICINA,UNRESOLVED,0,0,False,False,False,False,False,HIGH_MATCH_NO_EXPLICIT_RENAL_DOSING_TEXT,NO_OPENFDA_LABEL,CURRENT_SOURCE_REQUIRED
MED-0741,CICLOPIROX,UNRESOLVED,0,0,False,False,False,False,False,HIGH_MATCH_NO_EXPLICIT_RENAL_DOSING_TEXT,NO_RENAL_TEXT,CURRENT_SOURCE_REQUIRED
MED-0742,CIPROFLOXACINO/FLUOCINOLONA,UNRESOLVED,0,0,False,False,False,False,False,HIGH_MATCH_NO_EXPLICIT_RENAL_DOSING_TEXT,NO_OPENFDA_LABEL,CURRENT_SOURCE_REQUIRED
MED-0743,CLINDAMICINA/PERÓXIDO DE BENZOILO,UNRESOLVED,0,0,False,False,False,False,False,HIGH_MATCH_NO_EXPLICIT_RENAL_DOSING_TEXT,NO_OPENFDA_LABEL,CURRENT_SOURCE_REQUIRED
MED-0744,CLINDAMICINA/TRETINOÍNA,UNRESOLVED,0,0,False,False,False,False,False,HIGH_MATCH_NO_EXPLICIT_RENAL_DOSING_TEXT,NO_OPENFDA_LABEL,CURRENT_SOURCE_REQUIRED
MED-0745,CLIOQUINOL/BECLOMETASONA,UNRESOLVED,0,0,False,False,False,False,False,RXNORM_MATCH_NO_DAILYMED_SPL,NO_OPENFDA_LABEL,CURRENT_SOURCE_REQUIRED
MED-0746,CLOBETASONA,UNRESOLVED,0,0,False,False,False,False,False,RXNORM_MATCH_NO_DAILYMED_SPL,NO_OPENFDA_LABEL,CURRENT_SOURCE_REQUIRED
MED-0747,CLORTETRACICLINA,UNRESOLVED,0,0,False,False,False,False,False,AMBIGUOUS_DAILYMED_MATCH,NO_OPENFDA_LABEL,CURRENT_SOURCE_REQUIRED
MED-0748,DEXAMETASONA/TOBRAMICINA,UNRESOLVED,0,0,False,False,False,False,False,HIGH_MATCH_NO_EXPLICIT_RENAL_DOSING_TEXT,NO_OPENFDA_LABEL,CURRENT_SOURCE_REQUIRED
MED-0749,FLUOCINOLONA,UNRESOLVED,0,0,False,False,False,False,False,HIGH_MATCH_NO_EXPLICIT_RENAL_DOSING_TEXT,NO_OPENFDA_IDENTITY_CONFIRMED_LABEL,CURRENT_SOURCE_REQUIRED
MED-0750,FLUOROMETOLONA,UNRESOLVED,0,0,False,False,False,False,False,HIGH_MATCH_NO_EXPLICIT_RENAL_DOSING_TEXT,NO_OPENFDA_IDENTITY_CONFIRMED_LABEL,CURRENT_SOURCE_REQUIRED
MED-0751,GRAMICIDINA/POLIMIXINA B/NEOMICINA,UNRESOLVED,0,0,False,False,False,False,False,AMBIGUOUS_DAILYMED_MATCH,NO_OPENFDA_LABEL,CURRENT_SOURCE_REQUIRED
MED-0752,HIDROCORTISONA ACEPONATO,UNRESOLVED,0,0,False,False,False,False,False,HIGH_MATCH_NO_EXPLICIT_RENAL_DOSING_TEXT,NO_OPENFDA_LABEL,CURRENT_SOURCE_REQUIRED
MED-0753,HIDROCORTISONA/ÁCIDO FUSÍDICO,UNRESOLVED,0,0,False,False,False,False,False,RXNORM_MATCH_NO_DAILYMED_SPL,NO_OPENFDA_LABEL,CURRENT_SOURCE_REQUIRED
MED-0754,HIDROCORTISONA BUTIRATO,UNRESOLVED,0,0,False,False,False,False,False,HIGH_MATCH_NO_EXPLICIT_RENAL_DOSING_TEXT,NO_OPENFDA_LABEL,CURRENT_SOURCE_REQUIRED
MED-0755,HIDROCORTISONA/MICONAZOL,UNRESOLVED,0,0,False,False,False,False,False,AMBIGUOUS_DAILYMED_MATCH,NO_OPENFDA_LABEL,CURRENT_SOURCE_REQUIRED
MED-0756,HIDROCORTISONA/OXITETRACICLINA,UNRESOLVED,0,0,False,False,False,False,False,AMBIGUOUS_DAILYMED_MATCH,NO_OPENFDA_LABEL,CURRENT_SOURCE_REQUIRED
MED-0757,HIDRÓXIDO DE POTASIO,UNRESOLVED,0,0,False,False,False,False,False,AMBIGUOUS_DAILYMED_MATCH,NO_OPENFDA_LABEL,CURRENT_SOURCE_REQUIRED
MED-0758,IDOXURIDINA,UNRESOLVED,0,0,False,False,False,False,False,HIGH_MATCH_NO_EXPLICIT_RENAL_DOSING_TEXT,NO_OPENFDA_LABEL,CURRENT_SOURCE_REQUIRED
MED-0759,LEVOCABASTINA,UNRESOLVED,0,0,False,False,False,False,False,RXNORM_MATCH_NO_DAILYMED_SPL,NO_OPENFDA_LABEL,CURRENT_SOURCE_REQUIRED
MED-0760,MUPIROCINA,UNRESOLVED,0,0,False,False,False,False,False,HIGH_MATCH_NO_EXPLICIT_RENAL_DOSING_TEXT,NO_OPENFDA_IDENTITY_CONFIRMED_LABEL,CURRENT_SOURCE_REQUIRED
MED-0761,NEDOCROMILO,UNRESOLVED,0,0,False,False,False,False,False,RXNORM_MATCH_NO_DAILYMED_SPL,NO_OPENFDA_LABEL,CURRENT_SOURCE_REQUIRED
MED-0762,OLOPATADINA,UNRESOLVED,0,0,False,False,False,False,False,HIGH_MATCH_NO_EXPLICIT_RENAL_DOSING_TEXT,NO_OPENFDA_IDENTITY_CONFIRMED_LABEL,CURRENT_SOURCE_REQUIRED
MED-0763,OXICONAZOL,UNRESOLVED,0,0,False,False,False,False,False,HIGH_MATCH_NO_EXPLICIT_RENAL_DOSING_TEXT,NO_OPENFDA_IDENTITY_CONFIRMED_LABEL,CURRENT_SOURCE_REQUIRED
MED-0764,OZENOXACINO,UNRESOLVED,0,0,False,False,False,False,False,RXNORM_MATCH_NO_DAILYMED_SPL,NO_OPENFDA_LABEL,CURRENT_SOURCE_REQUIRED
MED-0765,PERMETRINA,UNRESOLVED,0,0,False,False,False,False,False,HIGH_MATCH_NO_EXPLICIT_RENAL_DOSING_TEXT,NO_OPENFDA_IDENTITY_CONFIRMED_LABEL,CURRENT_SOURCE_REQUIRED
MED-0766,PERÓXIDO DE BENZOILO,UNRESOLVED,0,0,False,False,False,False,False,AMBIGUOUS_DAILYMED_MATCH,NO_OPENFDA_IDENTITY_CONFIRMED_LABEL,CURRENT_SOURCE_REQUIRED
MED-0767,PIMECROLIMUS,UNRESOLVED,0,0,False,False,False,False,False,HIGH_MATCH_NO_EXPLICIT_RENAL_DOSING_TEXT,NO_RENAL_TEXT,CURRENT_SOURCE_REQUIRED
MED-0768,PREDNICARBATO,UNRESOLVED,0,0,False,False,False,False,False,RXNORM_MATCH_NO_DAILYMED_SPL,NO_OPENFDA_LABEL,CURRENT_SOURCE_REQUIRED
MED-0769,SULFADIAZINA ARGÉNTICA,UNRESOLVED,0,0,False,False,False,False,False,HIGH_MATCH_NO_EXPLICIT_RENAL_DOSING_TEXT,NO_OPENFDA_LABEL,CURRENT_SOURCE_REQUIRED
MED-0770,RINGER LACTATO,UNRESOLVED,0,0,False,False,False,False,False,AMBIGUOUS_DAILYMED_MATCH,NO_OPENFDA_LABEL,CURRENT_SOURCE_REQUIRED
MED-0771,VITAMINA E (TOCOFEROL),UNRESOLVED,0,0,False,False,False,False,False,AMBIGUOUS_DAILYMED_MATCH,NO_OPENFDA_LABEL,CURRENT_SOURCE_REQUIRED
MED-0772,AMINOFILINA,UNRESOLVED,0,0,False,False,False,False,False,AMBIGUOUS_DAILYMED_MATCH,NO_OPENFDA_IDENTITY_CONFIRMED_LABEL,CURRENT_SOURCE_REQUIRED
MED-0773,SALES DE REHIDRATACIÓN ORAL (SRO),UNRESOLVED,0,0,False,False,False,False,False,AMBIGUOUS_DAILYMED_MATCH,NO_OPENFDA_LABEL,CURRENT_SOURCE_REQUIRED
MED-0775,ARTESUNATO,UNRESOLVED,0,0,False,False,False,False,False,RXNORM_MATCH_NO_DAILYMED_SPL,NO_OPENFDA_LABEL,CURRENT_SOURCE_REQUIRED
MED-0776,QUININA DICLORHIDRATO,UNRESOLVED,0,0,False,False,False,False,False,PK_CAUTION_OR_DIALYSIS_ONLY_NO_DOSING_ACTION,NO_OPENFDA_LABEL,CURRENT_SOURCE_REQUIRED
MED-0777,PENICILINA G BENZATINA,UNRESOLVED,0,0,False,False,False,False,False,AMBIGUOUS_DAILYMED_MATCH,NO_OPENFDA_IDENTITY_CONFIRMED_LABEL,CURRENT_SOURCE_REQUIRED
MED-0778,ÁCIDO SALICÍLICO,UNRESOLVED,0,0,False,False,False,False,False,HIGH_MATCH_NO_EXPLICIT_RENAL_DOSING_TEXT,NO_OPENFDA_IDENTITY_CONFIRMED_LABEL,CURRENT_SOURCE_REQUIRED
MED-0780,CITRATO DE CAFEÍNA,UNRESOLVED,0,0,False,False,False,False,False,AMBIGUOUS_DAILYMED_MATCH,NO_OPENFDA_IDENTITY_CONFIRMED_LABEL,CURRENT_SOURCE_REQUIRED
MED-0781,COTRIMOXAZOL,UNRESOLVED,0,0,False,False,False,False,False,NO_RXNORM_MATCH,NO_OPENFDA_LABEL,CURRENT_SOURCE_REQUIRED
MED-0782,DORNASA ALFA,UNRESOLVED,0,0,False,False,False,False,False,HIGH_MATCH_NO_EXPLICIT_RENAL_DOSING_TEXT,NO_OPENFDA_IDENTITY_CONFIRMED_LABEL,CURRENT_SOURCE_REQUIRED
MED-0783,ÓXIDO NÍTRICO INHALADO,UNRESOLVED,0,0,False,False,False,False,False,HIGH_MATCH_NO_EXPLICIT_RENAL_DOSING_TEXT,NO_OPENFDA_LABEL,CURRENT_SOURCE_REQUIRED
MED-0785,SURFACTANTE PULMONAR PORCINO,UNRESOLVED,0,0,False,False,False,False,False,AMBIGUOUS_DAILYMED_MATCH,NO_OPENFDA_LABEL,CURRENT_SOURCE_REQUIRED
MED-0787,BUTILESCOPOLAMINA,UNRESOLVED,0,0,False,False,False,False,False,AMBIGUOUS_DAILYMED_MATCH,NO_OPENFDA_LABEL,CURRENT_SOURCE_REQUIRED
MED-0788,FLUTICASONA/FORMOTEROL,UNRESOLVED,0,0,False,False,False,False,False,AMBIGUOUS_DAILYMED_MATCH,NO_OPENFDA_LABEL,CURRENT_SOURCE_REQUIRED
MED-0789,FLUTICASONA/SALMETEROL,UNRESOLVED,0,0,False,False,False,False,False,PK_CAUTION_OR_DIALYSIS_ONLY_NO_DOSING_ACTION,NO_OPENFDA_LABEL,CURRENT_SOURCE_REQUIRED
MED-0790,FLUTICASONA/VILANTEROL,UNRESOLVED,0,0,False,False,False,False,False,AMBIGUOUS_DAILYMED_MATCH,NO_OPENFDA_LABEL,CURRENT_SOURCE_REQUIRED
MED-0791,INSULINA ASPART/INSULINA ASPART-PROTAMINA,UNRESOLVED,0,0,False,False,False,False,False,AMBIGUOUS_DAILYMED_MATCH,NO_OPENFDA_LABEL,CURRENT_SOURCE_REQUIRED
MED-0792,INSULINA INTERMEDIA/INSULINA ASPART,UNRESOLVED,0,0,False,False,False,False,False,STRICT_RENAL_DOSING,NO_OPENFDA_LABEL,CURRENT_SOURCE_REQUIRED
MED-0795,LAURILSULFOACETATO DE SODIO/CITRATO TRISODICO,UNRESOLVED,0,0,False,False,False,False,False,AMBIGUOUS_DAILYMED_MATCH,NO_OPENFDA_LABEL,CURRENT_SOURCE_REQUIRED
MED-0796,LOPINAVIR/RITONAVIR,LOCAL_SUPPORT_ONLY_NEEDS_CURRENT_SOURCE,0,1,False,False,False,True,False,NO_DIRECT_RENAL_SECTION_TITLE,NO_OPENFDA_LABEL,CURRENT_SOURCE_REQUIRED_WITH_LOCAL_SUPPORT
MED-0797,LUMACAFTOR/IVACAFTOR,UNRESOLVED,0,0,False,False,False,False,False,AMBIGUOUS_DAILYMED_MATCH,NO_OPENFDA_LABEL,CURRENT_SOURCE_REQUIRED
MED-0798,MACROGOL 3350/ELECTROLITOS,UNRESOLVED,0,0,False,False,False,False,False,AMBIGUOUS_DAILYMED_MATCH,NO_OPENFDA_IDENTITY_CONFIRMED_LABEL,CURRENT_SOURCE_REQUIRED
MED-0799,MACROGOL 3350/SODIO SULFATO,UNRESOLVED,0,0,False,False,False,False,False,AMBIGUOUS_DAILYMED_MATCH,NO_OPENFDA_LABEL,CURRENT_SOURCE_REQUIRED
MED-0800,MACROGOL 4000/SODIO SULFATO,UNRESOLVED,0,0,False,False,False,False,False,AMBIGUOUS_DAILYMED_MATCH,NO_OPENFDA_LABEL,CURRENT_SOURCE_REQUIRED
MED-0801,MACROGOL 4000/SODIO SULFATO/SODIO FOSFATO,UNRESOLVED,0,0,False,False,False,False,False,AMBIGUOUS_DAILYMED_MATCH,NO_OPENFDA_LABEL,CURRENT_SOURCE_REQUIRED
MED-0802,PANCREATINA/DIMETICONA,UNRESOLVED,0,0,False,False,False,False,False,HIGH_MATCH_NO_EXPLICIT_RENAL_DOSING_TEXT,NO_OPENFDA_IDENTITY_CONFIRMED_LABEL,CURRENT_SOURCE_REQUIRED
MED-0803,PARAFINA LIQUIDA/PICOSULFATO SODICO,UNRESOLVED,0,0,False,False,False,False,False,AMBIGUOUS_DAILYMED_MATCH,NO_OPENFDA_IDENTITY_CONFIRMED_LABEL,CURRENT_SOURCE_REQUIRED
MED-0804,PICOSULFATO SODICO/CITRATO DE MAGNESIO,UNRESOLVED,0,0,False,False,False,False,False,AMBIGUOUS_DAILYMED_MATCH,NO_OPENFDA_LABEL,CURRENT_SOURCE_REQUIRED
MED-0805,SALBUTAMOL/BECLOMETASONA,UNRESOLVED,0,0,False,False,False,False,False,AMBIGUOUS_DAILYMED_MATCH,NO_OPENFDA_LABEL,CURRENT_SOURCE_REQUIRED
MED-0806,SALES DE MAGNESIO (CARBONATO/FOSFATO/OXIDO),UNRESOLVED,0,0,False,False,False,False,False,AMBIGUOUS_DAILYMED_MATCH,NO_OPENFDA_LABEL,CURRENT_SOURCE_REQUIRED
MED-0807,SODIO SULFATO/SODIO FOSFATO,UNRESOLVED,0,0,False,False,False,False,False,AMBIGUOUS_DAILYMED_MATCH,NO_OPENFDA_LABEL,CURRENT_SOURCE_REQUIRED
MED-0808,RETINOL/GENTAMICINA/METIONINA,UNRESOLVED,0,0,False,False,False,False,False,AMBIGUOUS_DAILYMED_MATCH,NO_OPENFDA_IDENTITY_CONFIRMED_LABEL,CURRENT_SOURCE_REQUIRED
MED-0809,BECLOMETASONA/NEOMICINA,UNRESOLVED,0,0,False,False,False,False,False,AMBIGUOUS_DAILYMED_MATCH,NO_OPENFDA_LABEL,CURRENT_SOURCE_REQUIRED
MED-0810,ESPIRAMICINA/METRONIDAZOL,UNRESOLVED,0,0,False,False,False,False,False,RXNORM_MATCH_NO_DAILYMED_SPL,NO_OPENFDA_LABEL,CURRENT_SOURCE_REQUIRED
MED-0811,CARBONATO DE CALCIO/COLECALCIFEROL,UNRESOLVED,0,0,False,False,False,False,False,AMBIGUOUS_DAILYMED_MATCH,NO_OPENFDA_LABEL,CURRENT_SOURCE_REQUIRED
MED-0812,CEFTOLOZANO/TAZOBACTAM,LOCAL_SUPPORT_ONLY_NEEDS_CURRENT_SOURCE,0,1,False,False,False,True,False,AMBIGUOUS_DAILYMED_MATCH,NO_OPENFDA_LABEL,CURRENT_SOURCE_REQUIRED_WITH_LOCAL_SUPPORT
MED-0813,ABATACEPT,UNRESOLVED,0,0,False,False,False,False,False,HIGH_MATCH_NO_EXPLICIT_RENAL_DOSING_TEXT,NO_RENAL_TEXT,CURRENT_SOURCE_REQUIRED
MED-0815,ACENOCUMAROL,UNRESOLVED,0,0,False,False,False,False,False,RXNORM_MATCH_NO_DAILYMED_SPL,NO_OPENFDA_LABEL,CURRENT_SOURCE_REQUIRED
MED-0816,ACEPONATO DE METILPREDNISOLONA,UNRESOLVED,0,0,False,False,False,False,False,AMBIGUOUS_DAILYMED_MATCH,NO_OPENFDA_LABEL,CURRENT_SOURCE_REQUIRED
MED-0817,ACETATO CÁLCICO,UNRESOLVED,0,0,False,False,False,False,False,NO_DIRECT_RENAL_SECTION_TITLE,NO_OPENFDA_IDENTITY_CONFIRMED_LABEL,CURRENT_SOURCE_REQUIRED
MED-0818,ACETATO DE MEGESTROL,UNRESOLVED,0,0,False,False,False,False,False,NO_DIRECT_RENAL_SECTION_TITLE,RENAL_TEXT_WITHOUT_EXPLICIT_DOSING_ACTION,CURRENT_SOURCE_REQUIRED
MED-0819,ACETATO DE ZINC,UNRESOLVED,0,0,False,False,False,False,False,HIGH_MATCH_NO_EXPLICIT_RENAL_DOSING_TEXT,NO_RENAL_TEXT,CURRENT_SOURCE_REQUIRED
MED-0820,ACETILCOLINA,UNRESOLVED,0,0,False,False,False,False,False,AMBIGUOUS_DAILYMED_MATCH,NO_OPENFDA_LABEL,CURRENT_SOURCE_REQUIRED
MED-0821,ÁCIDO ESPAGLÚMICO,UNRESOLVED,0,0,False,False,False,False,False,AMBIGUOUS_DAILYMED_MATCH,NO_OPENFDA_LABEL,CURRENT_SOURCE_REQUIRED
MED-0822,ÁCIDO FOLÍNICO / FOLINATO CÁLCICO,UNRESOLVED,0,0,False,False,False,False,False,NO_DIRECT_RENAL_SECTION_TITLE,NO_OPENFDA_LABEL,CURRENT_SOURCE_REQUIRED
MED-0823,ÁCIDO PARAAMINOSALICÍLICO (PAS),UNRESOLVED,0,0,False,False,False,False,False,HIGH_MATCH_NO_EXPLICIT_RENAL_DOSING_TEXT,NO_OPENFDA_LABEL,CURRENT_SOURCE_REQUIRED
MED-0824,ÁCIDO ZOLEDRÓNICO,UNRESOLVED,0,0,False,False,False,False,False,STRICT_NO_ADJUSTMENT,NO_OPENFDA_IDENTITY_CONFIRMED_LABEL,CURRENT_SOURCE_REQUIRED
MED-0825,ACTH/CORTICOTROPINA,UNRESOLVED,0,0,False,False,False,False,False,HIGH_MATCH_NO_EXPLICIT_RENAL_DOSING_TEXT,NO_OPENFDA_LABEL,CURRENT_SOURCE_REQUIRED
MED-0826,ACTINOMICINA D,UNRESOLVED,0,0,False,False,False,False,False,AMBIGUOUS_DAILYMED_MATCH,NO_OPENFDA_LABEL,CURRENT_SOURCE_REQUIRED
MED-0827,ADALIMUMAB,UNRESOLVED,0,0,False,False,False,False,False,NO_DIRECT_RENAL_SECTION_TITLE,RENAL_TEXT_WITHOUT_EXPLICIT_DOSING_ACTION,CURRENT_SOURCE_REQUIRED
MED-0829,AGALSIDASA ALFA,UNRESOLVED,0,0,False,False,False,False,False,HIGH_MATCH_NO_EXPLICIT_RENAL_DOSING_TEXT,NO_OPENFDA_LABEL,CURRENT_SOURCE_REQUIRED
MED-0830,AGALSIDASA BETA,UNRESOLVED,0,0,False,False,False,False,False,NO_DIRECT_RENAL_SECTION_TITLE,NO_OPENFDA_IDENTITY_CONFIRMED_LABEL,CURRENT_SOURCE_REQUIRED
MED-0831,AJMALINA,UNRESOLVED,0,0,False,False,False,False,False,RXNORM_MATCH_NO_DAILYMED_SPL,NO_OPENFDA_LABEL,CURRENT_SOURCE_REQUIRED
MED-0832,ALEMTUZUMAB,UNRESOLVED,0,0,False,False,False,False,False,HIGH_MATCH_NO_EXPLICIT_RENAL_DOSING_TEXT,NO_RENAL_TEXT,CURRENT_SOURCE_REQUIRED
MED-0833,ALFACALCIDOL,UNRESOLVED,0,0,False,False,False,False,False,RXNORM_MATCH_NO_DAILYMED_SPL,NO_OPENFDA_LABEL,CURRENT_SOURCE_REQUIRED
MED-0834,ALIMEMAZINA,UNRESOLVED,0,0,False,False,False,False,False,AMBIGUOUS_DAILYMED_MATCH,NO_OPENFDA_LABEL,CURRENT_SOURCE_REQUIRED
MED-0835,ALMAGATO,UNRESOLVED,0,0,False,False,False,False,False,HIGH_MATCH_NO_EXPLICIT_RENAL_DOSING_TEXT,NO_OPENFDA_LABEL,CURRENT_SOURCE_REQUIRED
MED-0838,AMODIAQUINA,UNRESOLVED,0,0,False,False,False,False,False,RXNORM_MATCH_NO_DAILYMED_SPL,NO_OPENFDA_LABEL,CURRENT_SOURCE_REQUIRED
MED-0839,AMOROLFINA,UNRESOLVED,0,0,False,False,False,False,False,RXNORM_MATCH_NO_DAILYMED_SPL,NO_OPENFDA_LABEL,CURRENT_SOURCE_REQUIRED
MED-0840,AMSACRINA,UNRESOLVED,0,0,False,False,False,False,False,RXNORM_MATCH_NO_DAILYMED_SPL,NO_OPENFDA_LABEL,CURRENT_SOURCE_REQUIRED
MED-0843,ANTICUERPOS ANTIDIGOXINA,UNRESOLVED,0,0,False,False,False,False,False,NO_RXNORM_MATCH,NO_OPENFDA_LABEL,CURRENT_SOURCE_REQUIRED
MED-0844,ANTIMONIATO DE MEGLUMINA,UNRESOLVED,0,0,False,False,False,False,False,RXNORM_MATCH_NO_DAILYMED_SPL,NO_OPENFDA_LABEL,CURRENT_SOURCE_REQUIRED
MED-0845,ANTITROMBINA III,UNRESOLVED,0,0,False,False,False,False,False,HIGH_MATCH_NO_EXPLICIT_RENAL_DOSING_TEXT,NO_OPENFDA_LABEL,CURRENT_SOURCE_REQUIRED
MED-0847,ARGININA,UNRESOLVED,0,0,False,False,False,False,False,HIGH_MATCH_NO_EXPLICIT_RENAL_DOSING_TEXT,NO_OPENFDA_IDENTITY_CONFIRMED_LABEL,CURRENT_SOURCE_REQUIRED
MED-0848,ASPARAGINASA,UNRESOLVED,0,0,False,False,False,False,False,HIGH_MATCH_NO_EXPLICIT_RENAL_DOSING_TEXT,NO_OPENFDA_IDENTITY_CONFIRMED_LABEL,CURRENT_SOURCE_REQUIRED
MED-0849,ASPARAGINASA PEGILADA,UNRESOLVED,0,0,False,False,False,False,False,HIGH_MATCH_NO_EXPLICIT_RENAL_DOSING_TEXT,NO_OPENFDA_IDENTITY_CONFIRMED_LABEL,CURRENT_SOURCE_REQUIRED
MED-0850,ASPARAGINASA-ERWINIA,UNRESOLVED,0,0,False,False,False,False,False,AMBIGUOUS_DAILYMED_MATCH,NO_OPENFDA_LABEL,CURRENT_SOURCE_REQUIRED
MED-0851,ATOMOXETINA,UNRESOLVED,0,0,False,False,False,False,False,NO_DIRECT_RENAL_SECTION_TITLE,NO_OPENFDA_IDENTITY_CONFIRMED_LABEL,CURRENT_SOURCE_REQUIRED
MED-0852,ATOVACUONA,UNRESOLVED,0,0,False,False,False,False,False,AMBIGUOUS_DAILYMED_MATCH,NO_OPENFDA_IDENTITY_CONFIRMED_LABEL,CURRENT_SOURCE_REQUIRED
MED-0853,AZACITIDINA,UNRESOLVED,0,0,False,False,False,False,False,NO_DIRECT_RENAL_SECTION_TITLE,NO_OPENFDA_IDENTITY_CONFIRMED_LABEL,CURRENT_SOURCE_REQUIRED
MED-0854,BACITRACINA,UNRESOLVED,0,0,False,False,False,False,False,HIGH_MATCH_NO_EXPLICIT_RENAL_DOSING_TEXT,NO_OPENFDA_IDENTITY_CONFIRMED_LABEL,CURRENT_SOURCE_REQUIRED
MED-0855,BAMBUTEROL,UNRESOLVED,0,0,False,False,False,False,False,RXNORM_MATCH_NO_DAILYMED_SPL,NO_OPENFDA_LABEL,CURRENT_SOURCE_REQUIRED
MED-0856,BASILIXIMAB,UNRESOLVED,0,0,False,False,False,False,False,NO_DIRECT_RENAL_SECTION_TITLE,NO_RENAL_TEXT,CURRENT_SOURCE_REQUIRED
MED-0859,BENZOATO SÓDICO,UNRESOLVED,0,0,False,False,False,False,False,SINGLE_INGREDIENT_MATCHED_COMBINATION_LABEL,NO_OPENFDA_IDENTITY_CONFIRMED_LABEL,CURRENT_SOURCE_REQUIRED
MED-0860,BETAÍNA ANHIDRA,UNRESOLVED,0,0,False,False,False,False,False,HIGH_MATCH_NO_EXPLICIT_RENAL_DOSING_TEXT,NO_OPENFDA_IDENTITY_CONFIRMED_LABEL,CURRENT_SOURCE_REQUIRED
MED-0861,BEVACIZUMAB,UNRESOLVED,0,0,False,False,False,False,False,HIGH_MATCH_NO_EXPLICIT_RENAL_DOSING_TEXT,NO_RENAL_TEXT,CURRENT_SOURCE_REQUIRED
MED-0862,BIFONAZOL,UNRESOLVED,0,0,False,False,False,False,False,RXNORM_MATCH_NO_DAILYMED_SPL,NO_OPENFDA_LABEL,CURRENT_SOURCE_REQUIRED
MED-0863,BIOTINA,UNRESOLVED,0,0,False,False,False,False,False,HIGH_MATCH_NO_EXPLICIT_RENAL_DOSING_TEXT,NO_OPENFDA_IDENTITY_CONFIRMED_LABEL,CURRENT_SOURCE_REQUIRED
MED-0864,BISMUTO SUBCITRATO,UNRESOLVED,0,0,False,False,False,False,False,AMBIGUOUS_DAILYMED_MATCH,NO_OPENFDA_IDENTITY_CONFIRMED_LABEL,CURRENT_SOURCE_REQUIRED
MED-0865,BLEOMICINA,UNRESOLVED,0,0,False,False,False,False,False,NO_DIRECT_RENAL_SECTION_TITLE,NO_OPENFDA_IDENTITY_CONFIRMED_LABEL,CURRENT_SOURCE_REQUIRED
MED-0868,CALCITONINA,UNRESOLVED,0,0,False,False,False,False,False,AMBIGUOUS_DAILYMED_MATCH,NO_OPENFDA_LABEL,CURRENT_SOURCE_REQUIRED
MED-0869,CANAKINUMAB,UNRESOLVED,0,0,False,False,False,False,False,HIGH_MATCH_NO_EXPLICIT_RENAL_DOSING_TEXT,NO_RENAL_TEXT,CURRENT_SOURCE_REQUIRED
MED-0870,CANREONATO POTÁSICO,UNRESOLVED,0,0,False,False,False,False,False,SINGLE_INGREDIENT_MATCHED_COMBINATION_LABEL,NO_OPENFDA_IDENTITY_CONFIRMED_LABEL,CURRENT_SOURCE_REQUIRED
MED-0871,CAPREOMICINA,UNRESOLVED,0,0,False,False,False,False,False,RXNORM_MATCH_NO_DAILYMED_SPL,NO_OPENFDA_LABEL,CURRENT_SOURCE_REQUIRED
MED-0872,CARBIMAZOL,UNRESOLVED,0,0,False,False,False,False,False,HIGH_MATCH_NO_EXPLICIT_RENAL_DOSING_TEXT,NO_OPENFDA_LABEL,CURRENT_SOURCE_REQUIRED
MED-0873,CARBOCISTEÍNA,UNRESOLVED,0,0,False,False,False,False,False,RXNORM_MATCH_NO_DAILYMED_SPL,NO_OPENFDA_LABEL,CURRENT_SOURCE_REQUIRED
MED-0874,CARBOPLATINO,UNRESOLVED,0,0,False,False,False,False,False,NO_DIRECT_RENAL_SECTION_TITLE,NO_OPENFDA_IDENTITY_CONFIRMED_LABEL,CURRENT_SOURCE_REQUIRED
MED-0875,CARMUSTINA,UNRESOLVED,0,0,False,False,False,False,False,NO_DIRECT_RENAL_SECTION_TITLE,NO_OPENFDA_IDENTITY_CONFIRMED_LABEL,CURRENT_SOURCE_REQUIRED
MED-0876,CEFONICID,UNRESOLVED,0,0,False,False,False,False,False,RXNORM_MATCH_NO_DAILYMED_SPL,NO_OPENFDA_LABEL,CURRENT_SOURCE_REQUIRED
MED-0877,CEFTAROLINA,UNRESOLVED,0,0,False,False,False,False,False,AMBIGUOUS_DAILYMED_MATCH,NO_OPENFDA_LABEL,CURRENT_SOURCE_REQUIRED
MED-0879,CICLESONIDA,UNRESOLVED,0,0,False,False,False,False,False,NO_DIRECT_RENAL_SECTION_TITLE,NO_OPENFDA_IDENTITY_CONFIRMED_LABEL,CURRENT_SOURCE_REQUIRED
MED-0880,CICLOPENTOLATO,UNRESOLVED,0,0,False,False,False,False,False,HIGH_MATCH_NO_EXPLICIT_RENAL_DOSING_TEXT,NO_OPENFDA_IDENTITY_CONFIRMED_LABEL,CURRENT_SOURCE_REQUIRED
MED-0881,CICLOSERINA,UNRESOLVED,0,0,False,False,False,False,False,AMBIGUOUS_DAILYMED_MATCH,NO_OPENFDA_IDENTITY_CONFIRMED_LABEL,CURRENT_SOURCE_REQUIRED
MED-0883,CIMETIDINA,UNRESOLVED,0,0,False,False,False,False,False,HIGH_MATCH_NO_EXPLICIT_RENAL_DOSING_TEXT,NO_OPENFDA_IDENTITY_CONFIRMED_LABEL,CURRENT_SOURCE_REQUIRED
MED-0884,CIPROHEPTADINA,UNRESOLVED,0,0,False,False,False,False,False,HIGH_MATCH_NO_EXPLICIT_RENAL_DOSING_TEXT,NO_OPENFDA_IDENTITY_CONFIRMED_LABEL,CURRENT_SOURCE_REQUIRED
MED-0885,CISATRACURIO,UNRESOLVED,0,0,False,False,False,False,False,STRICT_RENAL_DOSING,NO_OPENFDA_IDENTITY_CONFIRMED_LABEL,CURRENT_SOURCE_REQUIRED
MED-0886,CISPLATINO,UNRESOLVED,0,0,False,False,False,False,False,PK_CAUTION_OR_DIALYSIS_ONLY_NO_DOSING_ACTION,NO_OPENFDA_IDENTITY_CONFIRMED_LABEL,CURRENT_SOURCE_REQUIRED
MED-0887,CITARABINA,UNRESOLVED,0,0,False,False,False,False,False,AMBIGUOUS_DAILYMED_MATCH,NO_OPENFDA_IDENTITY_CONFIRMED_LABEL,CURRENT_SOURCE_REQUIRED
MED-0888,CLEBOPRIDA,UNRESOLVED,0,0,False,False,False,False,False,RXNORM_MATCH_NO_DAILYMED_SPL,NO_OPENFDA_LABEL,CURRENT_SOURCE_REQUIRED
MED-0890,CLOFAZIMINA,UNRESOLVED,0,0,False,False,False,False,False,PK_CAUTION_OR_DIALYSIS_ONLY_NO_DOSING_ACTION,NO_OPENFDA_IDENTITY_CONFIRMED_LABEL,CURRENT_SOURCE_REQUIRED
MED-0891,CLORAZEPATO DIPOTÁSICO,UNRESOLVED,0,0,False,False,False,False,False,AMBIGUOUS_DAILYMED_MATCH,NO_OPENFDA_LABEL,CURRENT_SOURCE_REQUIRED
MED-0892,CLORHIDRATO DE GUANFACINA,UNRESOLVED,0,0,False,False,False,False,False,NO_DIRECT_RENAL_SECTION_TITLE,NO_OPENFDA_LABEL,CURRENT_SOURCE_REQUIRED
MED-0893,CLORPROMAZINA,UNRESOLVED,0,0,False,False,False,False,False,HIGH_MATCH_NO_EXPLICIT_RENAL_DOSING_TEXT,NO_OPENFDA_IDENTITY_CONFIRMED_LABEL,CURRENT_SOURCE_REQUIRED
MED-0894,COENZIMA Q10 (UBIDECARENONA),UNRESOLVED,0,0,False,False,False,False,False,PK_CAUTION_OR_DIALYSIS_ONLY_NO_DOSING_ACTION,NO_OPENFDA_LABEL,CURRENT_SOURCE_REQUIRED
MED-0895,COLISTINA,LOCAL_SUPPORT_ONLY_NEEDS_CURRENT_SOURCE,0,1,False,False,False,True,False,HIGH_MATCH_NO_EXPLICIT_RENAL_DOSING_TEXT,NO_OPENFDA_IDENTITY_CONFIRMED_LABEL,CURRENT_SOURCE_REQUIRED_WITH_LOCAL_SUPPORT
MED-0896,COMPLEJO COAGULANTE ANTIINHIBIDOR,UNRESOLVED,0,0,False,False,False,False,False,AMBIGUOUS_DAILYMED_MATCH,NO_OPENFDA_LABEL,CURRENT_SOURCE_REQUIRED
MED-0897,COMPLEJO HIDROXIAPATITA OSEÍNA,UNRESOLVED,0,0,False,False,False,False,False,AMBIGUOUS_DAILYMED_MATCH,NO_OPENFDA_LABEL,CURRENT_SOURCE_REQUIRED
MED-0898,CROMOCARBO,UNRESOLVED,0,0,False,False,False,False,False,RXNORM_MATCH_NO_DAILYMED_SPL,NO_OPENFDA_LABEL,CURRENT_SOURCE_REQUIRED
MED-0899,CROMOGLICATO (NEBULIZADO),UNRESOLVED,0,0,False,False,False,False,False,AMBIGUOUS_DAILYMED_MATCH,NO_OPENFDA_LABEL,CURRENT_SOURCE_REQUIRED
MED-0900,DACARBAZINA,UNRESOLVED,0,0,False,False,False,False,False,FALLBACK_SNIPPET_NOT_RENAL_DOSING_SECTION,NO_OPENFDA_IDENTITY_CONFIRMED_LABEL,CURRENT_SOURCE_REQUIRED
MED-0902,DANTROLENO,UNRESOLVED,0,0,False,False,False,False,False,FALLBACK_SNIPPET_NOT_RENAL_DOSING_SECTION,NO_OPENFDA_IDENTITY_CONFIRMED_LABEL,CURRENT_SOURCE_REQUIRED
MED-0904,DEFEROXAMINA,UNRESOLVED,0,0,False,False,False,False,False,PK_CAUTION_OR_DIALYSIS_ONLY_NO_DOSING_ACTION,NO_OPENFDA_IDENTITY_CONFIRMED_LABEL,CURRENT_SOURCE_REQUIRED
MED-0905,DELAMANIDA,UNRESOLVED,0,0,False,False,False,False,False,NO_RXNORM_MATCH,NO_OPENFDA_LABEL,CURRENT_SOURCE_REQUIRED
MED-0906,DENILEUKIN DIFTITOX,UNRESOLVED,0,0,False,False,False,False,False,NO_DIRECT_RENAL_SECTION_TITLE,RENAL_TEXT_WITHOUT_EXPLICIT_DOSING_ACTION,CURRENT_SOURCE_REQUIRED
MED-0907,DESRAZOXANO,UNRESOLVED,0,0,False,False,False,False,False,AMBIGUOUS_DAILYMED_MATCH,NO_OPENFDA_IDENTITY_CONFIRMED_LABEL,CURRENT_SOURCE_REQUIRED
MED-0908,DIAZÓXIDO,UNRESOLVED,0,0,False,False,False,False,False,NO_DIRECT_RENAL_SECTION_TITLE,NO_OPENFDA_IDENTITY_CONFIRMED_LABEL,CURRENT_SOURCE_REQUIRED
MED-0909,DICICLOVERINA,UNRESOLVED,0,0,False,False,False,False,False,AMBIGUOUS_DAILYMED_MATCH,NO_OPENFDA_IDENTITY_CONFIRMED_LABEL,CURRENT_SOURCE_REQUIRED
MED-0910,DICLOROACETATO SÓDICO,UNRESOLVED,0,0,False,False,False,False,False,HIGH_MATCH_NO_EXPLICIT_RENAL_DOSING_TEXT,NO_OPENFDA_LABEL,CURRENT_SOURCE_REQUIRED
MED-0911,DIETILCARBAMAZINA,UNRESOLVED,0,0,False,False,False,False,False,HIGH_MATCH_NO_EXPLICIT_RENAL_DOSING_TEXT,NO_OPENFDA_LABEL,CURRENT_SOURCE_REQUIRED
MED-0912,DIFLORASONA,UNRESOLVED,0,0,False,False,False,False,False,HIGH_MATCH_NO_EXPLICIT_RENAL_DOSING_TEXT,NO_OPENFDA_IDENTITY_CONFIRMED_LABEL,CURRENT_SOURCE_REQUIRED
MED-0913,DIHIDROARTEMISININA,UNRESOLVED,0,0,False,False,False,False,False,AMBIGUOUS_DAILYMED_MATCH,NO_OPENFDA_LABEL,CURRENT_SOURCE_REQUIRED
MED-0914,DIHIDROEMETINA,UNRESOLVED,0,0,False,False,False,False,False,RXNORM_MATCH_NO_DAILYMED_SPL,NO_OPENFDA_LABEL,CURRENT_SOURCE_REQUIRED
MED-0915,DIMERCAPROL,UNRESOLVED,0,0,False,False,False,False,False,HIGH_MATCH_NO_EXPLICIT_RENAL_DOSING_TEXT,NO_OPENFDA_LABEL,CURRENT_SOURCE_REQUIRED
MED-0916,DIPIRIDAMOL,UNRESOLVED,0,0,False,False,False,False,False,SINGLE_INGREDIENT_MATCHED_COMBINATION_LABEL,NO_OPENFDA_IDENTITY_CONFIRMED_LABEL,CURRENT_SOURCE_REQUIRED
MED-0917,DISOPIRAMIDA,UNRESOLVED,0,0,False,False,False,False,False,AMBIGUOUS_DAILYMED_MATCH,NO_OPENFDA_IDENTITY_CONFIRMED_LABEL,CURRENT_SOURCE_REQUIRED
MED-0918,DORIPENEM,UNRESOLVED,0,0,False,False,False,False,False,RXNORM_MATCH_NO_DAILYMED_SPL,NO_OPENFDA_LABEL,CURRENT_SOURCE_REQUIRED
MED-0919,DORZOLAMIDA,UNRESOLVED,0,0,False,False,False,False,False,SINGLE_INGREDIENT_MATCHED_COMBINATION_LABEL,NO_OPENFDA_IDENTITY_CONFIRMED_LABEL,CURRENT_SOURCE_REQUIRED
MED-0920,ECONAZOL,UNRESOLVED,0,0,False,False,False,False,False,HIGH_MATCH_NO_EXPLICIT_RENAL_DOSING_TEXT,NO_OPENFDA_IDENTITY_CONFIRMED_LABEL,CURRENT_SOURCE_REQUIRED
MED-0922,EFLORNITINA,UNRESOLVED,0,0,False,False,False,False,False,AMBIGUOUS_DAILYMED_MATCH,NO_OPENFDA_LABEL,CURRENT_SOURCE_REQUIRED
MED-0923,ELOSULFASA ALFA,UNRESOLVED,0,0,False,False,False,False,False,AMBIGUOUS_DAILYMED_MATCH,NO_OPENFDA_LABEL,CURRENT_SOURCE_REQUIRED
MED-0924,EMEDASTINA OFTÁLMICA,UNRESOLVED,0,0,False,False,False,False,False,RXNORM_MATCH_NO_DAILYMED_SPL,NO_OPENFDA_LABEL,CURRENT_SOURCE_REQUIRED
MED-0925,ENFUVIRTIDA,UNRESOLVED,0,0,False,False,False,False,False,RXNORM_MATCH_NO_DAILYMED_SPL,NO_OPENFDA_LABEL,CURRENT_SOURCE_REQUIRED
MED-0926,ENOXIMONA,UNRESOLVED,0,0,False,False,False,False,False,RXNORM_MATCH_NO_DAILYMED_SPL,NO_OPENFDA_LABEL,CURRENT_SOURCE_REQUIRED
MED-0927,EPINASTINA,UNRESOLVED,0,0,False,False,False,False,False,HIGH_MATCH_NO_EXPLICIT_RENAL_DOSING_TEXT,NO_OPENFDA_IDENTITY_CONFIRMED_LABEL,CURRENT_SOURCE_REQUIRED
MED-0930,EPOETINA ZETA,UNRESOLVED,0,0,False,False,False,False,False,NO_DIRECT_RENAL_SECTION_TITLE,NO_OPENFDA_IDENTITY_CONFIRMED_LABEL,CURRENT_SOURCE_REQUIRED
MED-0931,EPOPROSTENOL,UNRESOLVED,0,0,False,False,False,False,False,HIGH_MATCH_NO_EXPLICIT_RENAL_DOSING_TEXT,NO_RENAL_TEXT,CURRENT_SOURCE_REQUIRED
MED-0934,ESTREPTOMICINA,LOCAL_SUPPORT_ONLY_NEEDS_CURRENT_SOURCE,0,1,False,False,False,True,False,NO_DIRECT_RENAL_SECTION_TITLE,NO_OPENFDA_IDENTITY_CONFIRMED_LABEL,CURRENT_SOURCE_REQUIRED_WITH_LOCAL_SUPPORT
MED-0935,ETANERCEPT,UNRESOLVED,0,0,False,False,False,False,False,HIGH_MATCH_NO_EXPLICIT_RENAL_DOSING_TEXT,NO_RENAL_TEXT,CURRENT_SOURCE_REQUIRED
MED-0936,ETANOL,UNRESOLVED,0,0,False,False,False,False,False,HIGH_MATCH_NO_EXPLICIT_RENAL_DOSING_TEXT,NO_OPENFDA_IDENTITY_CONFIRMED_LABEL,CURRENT_SOURCE_REQUIRED
MED-0937,ETIONAMIDA,LOCAL_SUPPORT_ONLY_NEEDS_CURRENT_SOURCE,0,1,False,False,False,True,False,RXNORM_MATCH_NO_DAILYMED_SPL,NO_OPENFDA_LABEL,CURRENT_SOURCE_REQUIRED_WITH_LOCAL_SUPPORT
MED-0938,ETONOGESTREL,UNRESOLVED,0,0,False,False,False,False,False,SINGLE_INGREDIENT_MATCHED_COMBINATION_LABEL,NO_RENAL_TEXT,CURRENT_SOURCE_REQUIRED
MED-0939,ETOPÓSIDO,UNRESOLVED,0,0,False,False,False,False,False,NO_DIRECT_RENAL_SECTION_TITLE,NO_OPENFDA_IDENTITY_CONFIRMED_LABEL,CURRENT_SOURCE_REQUIRED
MED-0940,ETOSUXIMIDA,UNRESOLVED,0,0,False,False,False,False,False,FALLBACK_SNIPPET_NOT_RENAL_DOSING_SECTION,NO_OPENFDA_IDENTITY_CONFIRMED_LABEL,CURRENT_SOURCE_REQUIRED
MED-0941,FACTOR IX,UNRESOLVED,0,0,False,False,False,False,False,FALLBACK_SNIPPET_NOT_RENAL_DOSING_SECTION,NO_RENAL_TEXT,CURRENT_SOURCE_REQUIRED
MED-0942,FACTOR IX - NONACOG ALFA,UNRESOLVED,0,0,False,False,False,False,False,FALLBACK_SNIPPET_NOT_RENAL_DOSING_SECTION,NO_OPENFDA_LABEL,CURRENT_SOURCE_REQUIRED
MED-0943,FACTOR VIIA RECOMBINANTE EPTACOG ALFA ACTIVADO,UNRESOLVED,0,0,False,False,False,False,False,HIGH_MATCH_NO_EXPLICIT_RENAL_DOSING_TEXT,NO_RENAL_TEXT,CURRENT_SOURCE_REQUIRED
MED-0944,FACTOR VIII/FACTOR VON WILLEBRAND,UNRESOLVED,0,0,False,False,False,False,False,HIGH_MATCH_NO_EXPLICIT_RENAL_DOSING_TEXT,NO_OPENFDA_LABEL,CURRENT_SOURCE_REQUIRED
MED-0945,FACTOR VIIIR MOROCTOCOG ALFA,UNRESOLVED,0,0,False,False,False,False,False,HIGH_MATCH_NO_EXPLICIT_RENAL_DOSING_TEXT,NO_OPENFDA_LABEL,CURRENT_SOURCE_REQUIRED
MED-0946,FACTOR XI-HEMOLEVEN,UNRESOLVED,0,0,False,False,False,False,False,HIGH_MATCH_NO_EXPLICIT_RENAL_DOSING_TEXT,NO_OPENFDA_IDENTITY_CONFIRMED_LABEL,CURRENT_SOURCE_REQUIRED
MED-0947,FACTOR XIII-FIBROGAMMIN P,UNRESOLVED,0,0,False,False,False,False,False,AMBIGUOUS_DAILYMED_MATCH,NO_OPENFDA_LABEL,CURRENT_SOURCE_REQUIRED
MED-0948,FENILACETATO SÓDICO Y BENZOATO SÓDICO,UNRESOLVED,0,0,False,False,False,False,False,AMBIGUOUS_DAILYMED_MATCH,NO_OPENFDA_IDENTITY_CONFIRMED_LABEL,CURRENT_SOURCE_REQUIRED
MED-0949,FENILBUTAZONA,UNRESOLVED,0,0,False,False,False,False,False,AMBIGUOUS_DAILYMED_MATCH,NO_OPENFDA_IDENTITY_CONFIRMED_LABEL,CURRENT_SOURCE_REQUIRED
MED-0950,FENILBUTIRATO,UNRESOLVED,0,0,False,False,False,False,False,NO_RXNORM_MATCH,NO_OPENFDA_LABEL,CURRENT_SOURCE_REQUIRED
MED-0951,FENILBUTIRATO DE GLICEROL,UNRESOLVED,0,0,False,False,False,False,False,AMBIGUOUS_DAILYMED_MATCH,NO_OPENFDA_LABEL,CURRENT_SOURCE_REQUIRED
MED-0952,FENOXIBENZAMINA,UNRESOLVED,0,0,False,False,False,False,False,AMBIGUOUS_DAILYMED_MATCH,NO_OPENFDA_IDENTITY_CONFIRMED_LABEL,CURRENT_SOURCE_REQUIRED
MED-0953,FENTICONAZOL,UNRESOLVED,0,0,False,False,False,False,False,RXNORM_MATCH_NO_DAILYMED_SPL,NO_OPENFDA_LABEL,CURRENT_SOURCE_REQUIRED
MED-0954,FENTOLAMINA,UNRESOLVED,0,0,False,False,False,False,False,AMBIGUOUS_DAILYMED_MATCH,NO_OPENFDA_IDENTITY_CONFIRMED_LABEL,CURRENT_SOURCE_REQUIRED
MED-0956,FIBRINÓGENO HUMANO,UNRESOLVED,0,0,False,False,False,False,False,AMBIGUOUS_DAILYMED_MATCH,NO_OPENFDA_LABEL,CURRENT_SOURCE_REQUIRED
MED-0957,FIDAXOMICINA,UNRESOLVED,0,0,False,False,False,False,False,NO_DIRECT_RENAL_SECTION_TITLE,NO_OPENFDA_IDENTITY_CONFIRMED_LABEL,CURRENT_SOURCE_REQUIRED
MED-0959,FISOSTIGMINA,UNRESOLVED,0,0,False,False,False,False,False,RXNORM_MATCH_NO_DAILYMED_SPL,NO_OPENFDA_LABEL,CURRENT_SOURCE_REQUIRED
MED-0960,FLECAINIDA,UNRESOLVED,0,0,False,False,False,False,False,NO_DIRECT_RENAL_SECTION_TITLE,NO_OPENFDA_IDENTITY_CONFIRMED_LABEL,CURRENT_SOURCE_REQUIRED
MED-0962,FLUOCINONIDA,UNRESOLVED,0,0,False,False,False,False,False,HIGH_MATCH_NO_EXPLICIT_RENAL_DOSING_TEXT,NO_OPENFDA_IDENTITY_CONFIRMED_LABEL,CURRENT_SOURCE_REQUIRED
MED-0963,FLUOCORTINA,UNRESOLVED,0,0,False,False,False,False,False,RXNORM_MATCH_NO_DAILYMED_SPL,NO_OPENFDA_LABEL,CURRENT_SOURCE_REQUIRED
MED-0964,FLUORACILO,UNRESOLVED,0,0,False,False,False,False,False,HIGH_MATCH_NO_EXPLICIT_RENAL_DOSING_TEXT,NO_OPENFDA_LABEL,CURRENT_SOURCE_REQUIRED
MED-0965,FLUTRIMAZOL,UNRESOLVED,0,0,False,False,False,False,False,RXNORM_MATCH_NO_DAILYMED_SPL,NO_OPENFDA_LABEL,CURRENT_SOURCE_REQUIRED
MED-0966,FOSAMPRENAVIR,UNRESOLVED,0,0,False,False,False,False,False,NO_DIRECT_RENAL_SECTION_TITLE,RENAL_TEXT_WITHOUT_EXPLICIT_DOSING_ACTION,CURRENT_SOURCE_REQUIRED
MED-0968,FOSFATO CÁLCICO,UNRESOLVED,0,0,False,False,False,False,False,HIGH_MATCH_NO_EXPLICIT_RENAL_DOSING_TEXT,NO_OPENFDA_IDENTITY_CONFIRMED_LABEL,CURRENT_SOURCE_REQUIRED
MED-0969,GALSULFASA,UNRESOLVED,0,0,False,False,False,False,False,HIGH_MATCH_NO_EXPLICIT_RENAL_DOSING_TEXT,NO_OPENFDA_IDENTITY_CONFIRMED_LABEL,CURRENT_SOURCE_REQUIRED
MED-0971,GEMCITABINA,UNRESOLVED,0,0,False,False,False,False,False,NO_DIRECT_RENAL_SECTION_TITLE,NO_OPENFDA_IDENTITY_CONFIRMED_LABEL,CURRENT_SOURCE_REQUIRED
MED-0972,GLICEROL,UNRESOLVED,0,0,False,False,False,False,False,AMBIGUOUS_DAILYMED_MATCH,NO_OPENFDA_LABEL,CURRENT_SOURCE_REQUIRED
MED-0973,GLICOPIRROLATO,UNRESOLVED,0,0,False,False,False,False,False,AMBIGUOUS_DAILYMED_MATCH,NO_OPENFDA_IDENTITY_CONFIRMED_LABEL,CURRENT_SOURCE_REQUIRED
MED-0974,GLICOPIRRONIO,UNRESOLVED,0,0,False,False,False,False,False,AMBIGUOUS_DAILYMED_MATCH,NO_OPENFDA_IDENTITY_CONFIRMED_LABEL,CURRENT_SOURCE_REQUIRED
MED-0975,GLUBIONATO CÁLCICO (GLUCOBIONATO O LACTOGLUCONATO CÁLCICO),UNRESOLVED,0,0,False,False,False,False,False,AMBIGUOUS_DAILYMED_MATCH,NO_OPENFDA_LABEL,CURRENT_SOURCE_REQUIRED
MED-0977,GOLIMUMAB,UNRESOLVED,0,0,False,False,False,False,False,HIGH_MATCH_NO_EXPLICIT_RENAL_DOSING_TEXT,NO_RENAL_TEXT,CURRENT_SOURCE_REQUIRED
MED-0979,HIDRATO DE CLORAL,UNRESOLVED,0,0,False,False,False,False,False,AMBIGUOUS_DAILYMED_MATCH,NO_OPENFDA_LABEL,CURRENT_SOURCE_REQUIRED
MED-0980,HIDROCLORURO DE L-LISINA,UNRESOLVED,0,0,False,False,False,False,False,RXNORM_MATCH_NO_DAILYMED_SPL,NO_OPENFDA_LABEL,CURRENT_SOURCE_REQUIRED
MED-0981,"HIERRO (III), HIDRÓXIDO-SACAROSA",UNRESOLVED,0,0,False,False,False,False,False,NO_DIRECT_RENAL_SECTION_TITLE,NO_OPENFDA_LABEL,CURRENT_SOURCE_REQUIRED
MED-0982,HIERRO CARBOXIMALTOSA,UNRESOLVED,0,0,False,False,False,False,False,AMBIGUOUS_DAILYMED_MATCH,NO_OPENFDA_IDENTITY_CONFIRMED_LABEL,CURRENT_SOURCE_REQUIRED
MED-0983,IDEBENONA,UNRESOLVED,0,0,False,False,False,False,False,HIGH_MATCH_NO_EXPLICIT_RENAL_DOSING_TEXT,NO_OPENFDA_LABEL,CURRENT_SOURCE_REQUIRED
MED-0984,IDURSULFASA,UNRESOLVED,0,0,False,False,False,False,False,HIGH_MATCH_NO_EXPLICIT_RENAL_DOSING_TEXT,NO_OPENFDA_IDENTITY_CONFIRMED_LABEL,CURRENT_SOURCE_REQUIRED
MED-0985,IFOSFAMIDA,UNRESOLVED,0,0,False,False,False,False,False,HIGH_MATCH_NO_EXPLICIT_RENAL_DOSING_TEXT,NO_OPENFDA_IDENTITY_CONFIRMED_LABEL,CURRENT_SOURCE_REQUIRED
MED-0987,IMIGLUCERASA,UNRESOLVED,0,0,False,False,False,False,False,HIGH_MATCH_NO_EXPLICIT_RENAL_DOSING_TEXT,NO_OPENFDA_IDENTITY_CONFIRMED_LABEL,CURRENT_SOURCE_REQUIRED
MED-0988,INDINAVIR,LOCAL_SUPPORT_ONLY_NEEDS_CURRENT_SOURCE,0,1,False,False,False,True,False,NO_DIRECT_RENAL_SECTION_TITLE,NO_OPENFDA_LABEL,CURRENT_SOURCE_REQUIRED_WITH_LOCAL_SUPPORT
MED-0989,INFLIXIMAB,UNRESOLVED,0,0,False,False,False,False,False,NO_DIRECT_RENAL_SECTION_TITLE,RENAL_TEXT_WITHOUT_EXPLICIT_DOSING_ACTION,CURRENT_SOURCE_REQUIRED
MED-0990,INMUNOGLOBULINA HUMANA INESPECÍFICA INTRAVENOSA (IGIV),UNRESOLVED,0,0,False,False,False,False,False,NO_DIRECT_RENAL_SECTION_TITLE,NO_OPENFDA_LABEL,CURRENT_SOURCE_REQUIRED
MED-0995,INSULINA GLULISINA,UNRESOLVED,0,0,False,False,False,False,False,STRICT_RENAL_DOSING_TEXT,NO_OPENFDA_LABEL,CURRENT_SOURCE_REQUIRED
MED-0997,INTERFERÓN ALFA-2B,UNRESOLVED,0,0,False,False,False,False,False,RXNORM_MATCH_NO_DAILYMED_SPL,NO_OPENFDA_LABEL,CURRENT_SOURCE_REQUIRED
MED-0998,INTERFERÓN GAMMA-1B,UNRESOLVED,0,0,False,False,False,False,False,HIGH_MATCH_NO_EXPLICIT_RENAL_DOSING_TEXT,NO_RENAL_TEXT,CURRENT_SOURCE_REQUIRED
MED-0999,INTERLEUCINA 2,UNRESOLVED,0,0,False,False,False,False,False,AMBIGUOUS_DAILYMED_MATCH,NO_OPENFDA_LABEL,CURRENT_SOURCE_REQUIRED
MED-1000,IPECACUANA,UNRESOLVED,0,0,False,False,False,False,False,HIGH_MATCH_NO_EXPLICIT_RENAL_DOSING_TEXT,NO_OPENFDA_IDENTITY_CONFIRMED_LABEL,CURRENT_SOURCE_REQUIRED
MED-1001,IRINOTECAN,UNRESOLVED,0,0,False,False,False,False,False,PK_CAUTION_OR_DIALYSIS_ONLY_NO_DOSING_ACTION,RENAL_TEXT_WITHOUT_EXPLICIT_DOSING_ACTION,CURRENT_SOURCE_REQUIRED
MED-1002,ISOPRENALINA/ISOPROTERENOL,UNRESOLVED,0,0,False,False,False,False,False,AMBIGUOUS_DAILYMED_MATCH,NO_OPENFDA_LABEL,CURRENT_SOURCE_REQUIRED
MED-1003,ISRADIPINO,UNRESOLVED,0,0,False,False,False,False,False,NO_DIRECT_RENAL_SECTION_TITLE,NO_OPENFDA_IDENTITY_CONFIRMED_LABEL,CURRENT_SOURCE_REQUIRED
MED-1005,KANAMICINA,UNRESOLVED,0,0,False,False,False,False,False,AMBIGUOUS_DAILYMED_MATCH,NO_OPENFDA_LABEL,CURRENT_SOURCE_REQUIRED
MED-1006,L-CARNITINA,UNRESOLVED,0,0,False,False,False,False,False,AMBIGUOUS_DAILYMED_MATCH,NO_OPENFDA_LABEL,CURRENT_SOURCE_REQUIRED
MED-1007,L-CITRULINA,UNRESOLVED,0,0,False,False,False,False,False,AMBIGUOUS_DAILYMED_MATCH,NO_OPENFDA_LABEL,CURRENT_SOURCE_REQUIRED
MED-1008,LACTITOL,UNRESOLVED,0,0,False,False,False,False,False,HIGH_MATCH_NO_EXPLICIT_RENAL_DOSING_TEXT,NO_OPENFDA_LABEL,CURRENT_SOURCE_REQUIRED
MED-1009,LARONIDASA,UNRESOLVED,0,0,False,False,False,False,False,HIGH_MATCH_NO_EXPLICIT_RENAL_DOSING_TEXT,NO_OPENFDA_LABEL,CURRENT_SOURCE_REQUIRED
MED-1010,LENOGRASTIM,UNRESOLVED,0,0,False,False,False,False,False,HIGH_MATCH_NO_EXPLICIT_RENAL_DOSING_TEXT,NO_RENAL_TEXT,CURRENT_SOURCE_REQUIRED
MED-1011,LEVOSIMENDÁN,UNRESOLVED,0,0,False,False,False,False,False,RXNORM_MATCH_NO_DAILYMED_SPL,NO_OPENFDA_LABEL,CURRENT_SOURCE_REQUIRED
MED-1012,LINCOMICINA,UNRESOLVED,0,0,False,False,False,False,False,NO_DIRECT_RENAL_SECTION_TITLE,NO_OPENFDA_IDENTITY_CONFIRMED_LABEL,CURRENT_SOURCE_REQUIRED
MED-1013,LODOXAMIDA OFTÁLMICA,UNRESOLVED,0,0,False,False,False,False,False,RXNORM_MATCH_NO_DAILYMED_SPL,NO_OPENFDA_LABEL,CURRENT_SOURCE_REQUIRED
MED-1014,LOMUSTINA,UNRESOLVED,0,0,False,False,False,False,False,NO_DIRECT_RENAL_SECTION_TITLE,NO_OPENFDA_IDENTITY_CONFIRMED_LABEL,CURRENT_SOURCE_REQUIRED
MED-1015,MAGALDRATO,UNRESOLVED,0,0,False,False,False,False,False,NO_DIRECT_RENAL_SECTION_TITLE,NO_OPENFDA_LABEL,CURRENT_SOURCE_REQUIRED
MED-1016,MAGNESIO HIDRÓXIDO,UNRESOLVED,0,0,False,False,False,False,False,HIGH_MATCH_NO_EXPLICIT_RENAL_DOSING_TEXT,NO_OPENFDA_IDENTITY_CONFIRMED_LABEL,CURRENT_SOURCE_REQUIRED
MED-1017,MALATIÓN,UNRESOLVED,0,0,False,False,False,False,False,STRICT_NO_ADJUSTMENT,NO_OPENFDA_IDENTITY_CONFIRMED_LABEL,CURRENT_SOURCE_REQUIRED
MED-1018,MECASERMINA,UNRESOLVED,0,0,False,False,False,False,False,NO_DIRECT_RENAL_SECTION_TITLE,NO_OPENFDA_IDENTITY_CONFIRMED_LABEL,CURRENT_SOURCE_REQUIRED
MED-1019,MEFLOQUINA,UNRESOLVED,0,0,False,False,False,False,False,NO_DIRECT_RENAL_SECTION_TITLE,NO_OPENFDA_IDENTITY_CONFIRMED_LABEL,CURRENT_SOURCE_REQUIRED
MED-1020,MELARSOPROL,UNRESOLVED,0,0,False,False,False,False,False,NO_RXNORM_MATCH,NO_OPENFDA_LABEL,CURRENT_SOURCE_REQUIRED
MED-1021,MEPERIDINA,UNRESOLVED,0,0,False,False,False,False,False,PK_CAUTION_OR_DIALYSIS_ONLY_NO_DOSING_ACTION,NO_OPENFDA_IDENTITY_CONFIRMED_LABEL,CURRENT_SOURCE_REQUIRED
MED-1022,MESNA,UNRESOLVED,0,0,False,False,False,False,False,PK_CAUTION_OR_DIALYSIS_ONLY_NO_DOSING_ACTION,RENAL_TEXT_WITHOUT_EXPLICIT_DOSING_ACTION,CURRENT_SOURCE_REQUIRED
MED-1023,METILCELULOSA,UNRESOLVED,0,0,False,False,False,False,False,AMBIGUOUS_DAILYMED_MATCH,NO_OPENFDA_IDENTITY_CONFIRMED_LABEL,CURRENT_SOURCE_REQUIRED
MED-1024,METILNALTREXONA,UNRESOLVED,0,0,False,False,False,False,False,AMBIGUOUS_DAILYMED_MATCH,NO_OPENFDA_LABEL,CURRENT_SOURCE_REQUIRED
MED-1025,METOXI-POLIETILENGLICOL-EPOETINA BETA,UNRESOLVED,0,0,False,False,False,False,False,AMBIGUOUS_DAILYMED_MATCH,NO_OPENFDA_IDENTITY_CONFIRMED_LABEL,CURRENT_SOURCE_REQUIRED
MED-1026,MEXILETINA,UNRESOLVED,0,0,False,False,False,False,False,NO_DIRECT_RENAL_SECTION_TITLE,NO_OPENFDA_IDENTITY_CONFIRMED_LABEL,CURRENT_SOURCE_REQUIRED
MED-1027,MIFAMURTIDA,UNRESOLVED,0,0,False,False,False,False,False,NO_RXNORM_MATCH,NO_OPENFDA_LABEL,CURRENT_SOURCE_REQUIRED
MED-1029,MITOXANTRONA,UNRESOLVED,0,0,False,False,False,False,False,PK_CAUTION_OR_DIALYSIS_ONLY_NO_DOSING_ACTION,NO_OPENFDA_IDENTITY_CONFIRMED_LABEL,CURRENT_SOURCE_REQUIRED
MED-1030,MIVACURIO,UNRESOLVED,0,0,False,False,False,False,False,RXNORM_MATCH_NO_DAILYMED_SPL,NO_OPENFDA_LABEL,CURRENT_SOURCE_REQUIRED
MED-1031,MIZOLASTINA,UNRESOLVED,0,0,False,False,False,False,False,RXNORM_MATCH_NO_DAILYMED_SPL,NO_OPENFDA_LABEL,CURRENT_SOURCE_REQUIRED
MED-1032,MUROMONAB / OK-T3,UNRESOLVED,0,0,False,False,False,False,False,RXNORM_MATCH_NO_DAILYMED_SPL,NO_OPENFDA_LABEL,CURRENT_SOURCE_REQUIRED
MED-1034,NAFAZOLINA OFTÁLMICA,UNRESOLVED,0,0,False,False,False,False,False,HIGH_MATCH_NO_EXPLICIT_RENAL_DOSING_TEXT,NO_OPENFDA_LABEL,CURRENT_SOURCE_REQUIRED
MED-1036,NATALIZUMAB,UNRESOLVED,0,0,False,False,False,False,False,HIGH_MATCH_NO_EXPLICIT_RENAL_DOSING_TEXT,NO_RENAL_TEXT,CURRENT_SOURCE_REQUIRED
MED-1039,NEOSTIGMINA,UNRESOLVED,0,0,False,False,False,False,False,PK_CAUTION_OR_DIALYSIS_ONLY_NO_DOSING_ACTION,NO_OPENFDA_IDENTITY_CONFIRMED_LABEL,CURRENT_SOURCE_REQUIRED
MED-1040,NESIRITIDA,UNRESOLVED,0,0,False,False,False,False,False,RXNORM_MATCH_NO_DAILYMED_SPL,NO_OPENFDA_LABEL,CURRENT_SOURCE_REQUIRED
MED-1041,NICLOSAMIDA,UNRESOLVED,0,0,False,False,False,False,False,RXNORM_MATCH_NO_DAILYMED_SPL,NO_OPENFDA_LABEL,CURRENT_SOURCE_REQUIRED
MED-1042,NIFURTIMOX,UNRESOLVED,0,0,False,False,False,False,False,PK_CAUTION_OR_DIALYSIS_ONLY_NO_DOSING_ACTION,RENAL_TEXT_WITHOUT_EXPLICIT_DOSING_ACTION,CURRENT_SOURCE_REQUIRED
MED-1043,NOMEGESTROL,UNRESOLVED,0,0,False,False,False,False,False,RXNORM_MATCH_NO_DAILYMED_SPL,NO_OPENFDA_LABEL,CURRENT_SOURCE_REQUIRED
MED-1044,NORELGESTROMINA,UNRESOLVED,0,0,False,False,False,False,False,HIGH_MATCH_NO_EXPLICIT_RENAL_DOSING_TEXT,NO_OPENFDA_IDENTITY_CONFIRMED_LABEL,CURRENT_SOURCE_REQUIRED
MED-1045,NORGESTIMATO,UNRESOLVED,0,0,False,False,False,False,False,SINGLE_INGREDIENT_MATCHED_COMBINATION_LABEL,NO_OPENFDA_IDENTITY_CONFIRMED_LABEL,CURRENT_SOURCE_REQUIRED
MED-1046,OCTOCOG ALFA,UNRESOLVED,0,0,False,False,False,False,False,AMBIGUOUS_DAILYMED_MATCH,NO_OPENFDA_LABEL,CURRENT_SOURCE_REQUIRED
MED-1048,OFLOXACINO,LOCAL_SUPPORT_ONLY_NEEDS_CURRENT_SOURCE,0,1,False,False,False,True,False,HIGH_MATCH_NO_EXPLICIT_RENAL_DOSING_TEXT,NO_OPENFDA_IDENTITY_CONFIRMED_LABEL,CURRENT_SOURCE_REQUIRED_WITH_LOCAL_SUPPORT
MED-1049,OMALIZUMAB,UNRESOLVED,0,0,False,False,False,False,False,HIGH_MATCH_NO_EXPLICIT_RENAL_DOSING_TEXT,NO_RENAL_TEXT,CURRENT_SOURCE_REQUIRED
MED-1050,ORITAVANCINA,UNRESOLVED,0,0,False,False,False,False,False,AMBIGUOUS_DAILYMED_MATCH,NO_OPENFDA_LABEL,CURRENT_SOURCE_REQUIRED
MED-1052,OXAMNIQUINA,UNRESOLVED,0,0,False,False,False,False,False,RXNORM_MATCH_NO_DAILYMED_SPL,NO_OPENFDA_LABEL,CURRENT_SOURCE_REQUIRED
MED-1053,OXIBATO SÓDICO,UNRESOLVED,0,0,False,False,False,False,False,AMBIGUOUS_DAILYMED_MATCH,NO_OPENFDA_LABEL,CURRENT_SOURCE_REQUIRED
MED-1054,OXIBUPROCAÍNA,UNRESOLVED,0,0,False,False,False,False,False,AMBIGUOUS_DAILYMED_MATCH,NO_OPENFDA_IDENTITY_CONFIRMED_LABEL,CURRENT_SOURCE_REQUIRED
MED-1055,OXITETRACICLINA,UNRESOLVED,0,0,False,False,False,False,False,AMBIGUOUS_DAILYMED_MATCH,NO_OPENFDA_LABEL,CURRENT_SOURCE_REQUIRED
MED-1056,PAMIDRONATO,UNRESOLVED,0,0,False,False,False,False,False,AMBIGUOUS_DAILYMED_MATCH,NO_OPENFDA_LABEL,CURRENT_SOURCE_REQUIRED
MED-1057,PAROMOMICINA,UNRESOLVED,0,0,False,False,False,False,False,HIGH_MATCH_NO_EXPLICIT_RENAL_DOSING_TEXT,NO_OPENFDA_IDENTITY_CONFIRMED_LABEL,CURRENT_SOURCE_REQUIRED
MED-1058,PEGFILGRASTIM,UNRESOLVED,0,0,False,False,False,False,False,NO_DIRECT_RENAL_SECTION_TITLE,RENAL_TEXT_WITHOUT_EXPLICIT_DOSING_ACTION,CURRENT_SOURCE_REQUIRED
MED-1059,PENCICLOVIR,UNRESOLVED,0,0,False,False,False,False,False,HIGH_MATCH_NO_EXPLICIT_RENAL_DOSING_TEXT,NO_RENAL_TEXT,CURRENT_SOURCE_REQUIRED
MED-1060,PENICILAMINA (D-PENICILAMINA),UNRESOLVED,0,0,False,False,False,False,False,HIGH_MATCH_NO_EXPLICIT_RENAL_DOSING_TEXT,NO_OPENFDA_LABEL,CURRENT_SOURCE_REQUIRED
MED-1061,PENTAMIDINA (ISETIONATO DE PENTAMIDINA),UNRESOLVED,0,0,False,False,False,False,False,NO_DIRECT_RENAL_SECTION_TITLE,NO_OPENFDA_LABEL,CURRENT_SOURCE_REQUIRED
MED-1062,PENTOBARBITAL,UNRESOLVED,0,0,False,False,False,False,False,NO_DIRECT_RENAL_SECTION_TITLE,RENAL_TEXT_WITHOUT_EXPLICIT_DOSING_ACTION,CURRENT_SOURCE_REQUIRED
MED-1063,PENTOSTATINA,UNRESOLVED,0,0,False,False,False,False,False,NO_DIRECT_RENAL_SECTION_TITLE,NO_OPENFDA_IDENTITY_CONFIRMED_LABEL,CURRENT_SOURCE_REQUIRED
MED-1064,PIMOZIDA,UNRESOLVED,0,0,False,False,False,False,False,NO_DIRECT_RENAL_SECTION_TITLE,NO_OPENFDA_IDENTITY_CONFIRMED_LABEL,CURRENT_SOURCE_REQUIRED
MED-1065,PIPERAQUINA,UNRESOLVED,0,0,False,False,False,False,False,NO_RXNORM_MATCH,NO_OPENFDA_LABEL,CURRENT_SOURCE_REQUIRED
MED-1066,PIRIDOXAL FOSFATO,UNRESOLVED,0,0,False,False,False,False,False,HIGH_MATCH_NO_EXPLICIT_RENAL_DOSING_TEXT,NO_OPENFDA_LABEL,CURRENT_SOURCE_REQUIRED
MED-1067,PIZOTIFENO,UNRESOLVED,0,0,False,False,False,False,False,RXNORM_MATCH_NO_DAILYMED_SPL,NO_OPENFDA_LABEL,CURRENT_SOURCE_REQUIRED
MED-1068,PLANTAGO OVATA,UNRESOLVED,0,0,False,False,False,False,False,HIGH_MATCH_NO_EXPLICIT_RENAL_DOSING_TEXT,NO_OPENFDA_LABEL,CURRENT_SOURCE_REQUIRED
MED-1069,PODOFILOTOXINA,UNRESOLVED,0,0,False,False,False,False,False,NO_RXNORM_MATCH,NO_OPENFDA_LABEL,CURRENT_SOURCE_REQUIRED
MED-1071,PROCARBAZINA,UNRESOLVED,0,0,False,False,False,False,False,HIGH_MATCH_NO_EXPLICIT_RENAL_DOSING_TEXT,NO_OPENFDA_IDENTITY_CONFIRMED_LABEL,CURRENT_SOURCE_REQUIRED
MED-1072,PROMETAZINA TÓPICA,UNRESOLVED,0,0,False,False,False,False,False,FALLBACK_SNIPPET_NOT_RENAL_DOSING_SECTION,NO_OPENFDA_LABEL,CURRENT_SOURCE_REQUIRED
MED-1073,PROPIFENAZONA,UNRESOLVED,0,0,False,False,False,False,False,AMBIGUOUS_DAILYMED_MATCH,NO_OPENFDA_IDENTITY_CONFIRMED_LABEL,CURRENT_SOURCE_REQUIRED
MED-1074,PROTIONAMIDA,UNRESOLVED,0,0,False,False,False,False,False,RXNORM_MATCH_NO_DAILYMED_SPL,NO_OPENFDA_LABEL,CURRENT_SOURCE_REQUIRED
MED-1075,QUINIDINA,UNRESOLVED,0,0,False,False,False,False,False,SINGLE_INGREDIENT_MATCHED_COMBINATION_LABEL,NO_OPENFDA_IDENTITY_CONFIRMED_LABEL,CURRENT_SOURCE_REQUIRED
MED-1076,RASBURICASA,UNRESOLVED,0,0,False,False,False,False,False,NO_DIRECT_RENAL_SECTION_TITLE,NO_OPENFDA_IDENTITY_CONFIRMED_LABEL,CURRENT_SOURCE_REQUIRED
MED-1077,REBOXETINA,UNRESOLVED,0,0,False,False,False,False,False,RXNORM_MATCH_NO_DAILYMED_SPL,NO_OPENFDA_LABEL,CURRENT_SOURCE_REQUIRED
MED-1079,RESINCALCIO,UNRESOLVED,0,0,False,False,False,False,False,NO_RXNORM_MATCH,NO_OPENFDA_LABEL,CURRENT_SOURCE_REQUIRED
MED-1080,RESINSODIO,UNRESOLVED,0,0,False,False,False,False,False,NO_RXNORM_MATCH,NO_OPENFDA_LABEL,CURRENT_SOURCE_REQUIRED
MED-1081,RETAPAMULINA,UNRESOLVED,0,0,False,False,False,False,False,HIGH_MATCH_NO_EXPLICIT_RENAL_DOSING_TEXT,NO_OPENFDA_LABEL,CURRENT_SOURCE_REQUIRED
MED-1082,RIBAVIRINA,LOCAL_SUPPORT_ONLY_NEEDS_CURRENT_SOURCE,0,1,False,False,False,True,False,NO_DIRECT_RENAL_SECTION_TITLE,NO_OPENFDA_IDENTITY_CONFIRMED_LABEL,CURRENT_SOURCE_REQUIRED_WITH_LOCAL_SUPPORT
MED-1083,RIFAPENTINA,LOCAL_SUPPORT_ONLY_NEEDS_CURRENT_SOURCE,0,1,False,False,False,True,False,NO_DIRECT_RENAL_SECTION_TITLE,NO_OPENFDA_IDENTITY_CONFIRMED_LABEL,CURRENT_SOURCE_REQUIRED_WITH_LOCAL_SUPPORT
MED-1086,ROMIPLOSTIM,UNRESOLVED,0,0,False,False,False,False,False,HIGH_MATCH_NO_EXPLICIT_RENAL_DOSING_TEXT,NO_RENAL_TEXT,CURRENT_SOURCE_REQUIRED
MED-1087,ROPIVACAÍNA,UNRESOLVED,0,0,False,False,False,False,False,PK_CAUTION_OR_DIALYSIS_ONLY_NO_DOSING_ACTION,NO_OPENFDA_IDENTITY_CONFIRMED_LABEL,CURRENT_SOURCE_REQUIRED
MED-1088,ROXITROMICINA,LOCAL_SUPPORT_ONLY_NEEDS_CURRENT_SOURCE,0,1,False,False,False,True,False,RXNORM_MATCH_NO_DAILYMED_SPL,NO_OPENFDA_LABEL,CURRENT_SOURCE_REQUIRED_WITH_LOCAL_SUPPORT
MED-1089,SAPROPTERINA DIHIDROCLORURO,UNRESOLVED,0,0,False,False,False,False,False,HIGH_MATCH_NO_EXPLICIT_RENAL_DOSING_TEXT,NO_OPENFDA_LABEL,CURRENT_SOURCE_REQUIRED
MED-1092,SEBELIPASA,UNRESOLVED,0,0,False,False,False,False,False,HIGH_MATCH_NO_EXPLICIT_RENAL_DOSING_TEXT,NO_OPENFDA_LABEL,CURRENT_SOURCE_REQUIRED
MED-1093,SECUKINUMAB,UNRESOLVED,0,0,False,False,False,False,False,NO_DIRECT_RENAL_SECTION_TITLE,RENAL_TEXT_WITHOUT_EXPLICIT_DOSING_ACTION,CURRENT_SOURCE_REQUIRED
MED-1094,SERTACONAZOL,UNRESOLVED,0,0,False,False,False,False,False,HIGH_MATCH_NO_EXPLICIT_RENAL_DOSING_TEXT,NO_RENAL_TEXT,CURRENT_SOURCE_REQUIRED
MED-1095,SIROLIMUS/RAPAMICINA,UNRESOLVED,0,0,False,False,False,False,False,AMBIGUOUS_DAILYMED_MATCH,NO_OPENFDA_IDENTITY_CONFIRMED_LABEL,CURRENT_SOURCE_REQUIRED
MED-1096,SODIO FOSFATO,UNRESOLVED,0,0,False,False,False,False,False,AMBIGUOUS_DAILYMED_MATCH,NO_OPENFDA_LABEL,CURRENT_SOURCE_REQUIRED
MED-1097,SODIO SULFATO,UNRESOLVED,0,0,False,False,False,False,False,NO_DIRECT_RENAL_SECTION_TITLE,NO_OPENFDA_IDENTITY_CONFIRMED_LABEL,CURRENT_SOURCE_REQUIRED
MED-1098,SOMATOSTATINA,UNRESOLVED,0,0,False,False,False,False,False,RXNORM_MATCH_NO_DAILYMED_SPL,NO_OPENFDA_LABEL,CURRENT_SOURCE_REQUIRED
MED-1099,SULTIAMO,UNRESOLVED,0,0,False,False,False,False,False,RXNORM_MATCH_NO_DAILYMED_SPL,NO_OPENFDA_LABEL,CURRENT_SOURCE_REQUIRED
MED-1100,SURAMINA,UNRESOLVED,0,0,False,False,False,False,False,RXNORM_MATCH_NO_DAILYMED_SPL,NO_OPENFDA_LABEL,CURRENT_SOURCE_REQUIRED
MED-1101,TALIDOMIDA,UNRESOLVED,0,0,False,False,False,False,False,NO_DIRECT_RENAL_SECTION_TITLE,NO_OPENFDA_IDENTITY_CONFIRMED_LABEL,CURRENT_SOURCE_REQUIRED
MED-1103,TEICOPLANINA,LOCAL_SUPPORT_ONLY_NEEDS_CURRENT_SOURCE,0,1,False,False,False,True,False,RXNORM_MATCH_NO_DAILYMED_SPL,NO_OPENFDA_LABEL,CURRENT_SOURCE_REQUIRED_WITH_LOCAL_SUPPORT
MED-1105,TENIPÓSIDO,UNRESOLVED,0,0,False,False,False,False,False,RXNORM_MATCH_NO_DAILYMED_SPL,NO_OPENFDA_LABEL,CURRENT_SOURCE_REQUIRED
MED-1106,TENOFOVIR ALAFENAMIDA,LOCAL_SUPPORT_ONLY_NEEDS_CURRENT_SOURCE,0,1,False,False,False,True,False,AMBIGUOUS_DAILYMED_MATCH,NO_OPENFDA_LABEL,CURRENT_SOURCE_REQUIRED_WITH_LOCAL_SUPPORT
MED-1107,TERLIPRESINA,UNRESOLVED,0,0,False,False,False,False,False,NO_DIRECT_RENAL_SECTION_TITLE,NO_OPENFDA_IDENTITY_CONFIRMED_LABEL,CURRENT_SOURCE_REQUIRED
MED-1108,TETRIZOLINA OFTÁLMICA,UNRESOLVED,0,0,False,False,False,False,False,HIGH_MATCH_NO_EXPLICIT_RENAL_DOSING_TEXT,NO_OPENFDA_LABEL,CURRENT_SOURCE_REQUIRED
MED-1109,TIAPRIDA,UNRESOLVED,0,0,False,False,False,False,False,RXNORM_MATCH_NO_DAILYMED_SPL,NO_OPENFDA_LABEL,CURRENT_SOURCE_REQUIRED
MED-1110,TIGECICLINA,LOCAL_SUPPORT_ONLY_NEEDS_CURRENT_SOURCE,0,1,False,False,False,True,False,AMBIGUOUS_DAILYMED_MATCH,NO_OPENFDA_IDENTITY_CONFIRMED_LABEL,CURRENT_SOURCE_REQUIRED_WITH_LOCAL_SUPPORT
MED-1112,TIOCONAZOL,UNRESOLVED,0,0,False,False,False,False,False,HIGH_MATCH_NO_EXPLICIT_RENAL_DOSING_TEXT,NO_OPENFDA_IDENTITY_CONFIRMED_LABEL,CURRENT_SOURCE_REQUIRED
MED-1113,TIOPENTAL,UNRESOLVED,0,0,False,False,False,False,False,RXNORM_MATCH_NO_DAILYMED_SPL,NO_OPENFDA_LABEL,CURRENT_SOURCE_REQUIRED
MED-1115,TIPRANAVIR (TPV),UNRESOLVED,0,0,False,False,False,False,False,AMBIGUOUS_DAILYMED_MATCH,NO_OPENFDA_LABEL,CURRENT_SOURCE_REQUIRED
MED-1116,TISAGENLECLEUCEL,UNRESOLVED,0,0,False,False,False,False,False,NO_DIRECT_RENAL_SECTION_TITLE,RENAL_TEXT_WITHOUT_EXPLICIT_DOSING_ACTION,CURRENT_SOURCE_REQUIRED
MED-1118,TOLMETINA,UNRESOLVED,0,0,False,False,False,False,False,NO_DIRECT_RENAL_SECTION_TITLE,NO_OPENFDA_IDENTITY_CONFIRMED_LABEL,CURRENT_SOURCE_REQUIRED
MED-1119,TOLNAFTATO,UNRESOLVED,0,0,False,False,False,False,False,HIGH_MATCH_NO_EXPLICIT_RENAL_DOSING_TEXT,NO_OPENFDA_IDENTITY_CONFIRMED_LABEL,CURRENT_SOURCE_REQUIRED
MED-1122,TORASEMIDA / TORSEMIDA,UNRESOLVED,0,0,False,False,False,False,False,PK_CAUTION_OR_DIALYSIS_ONLY_NO_DOSING_ACTION,NO_OPENFDA_LABEL,CURRENT_SOURCE_REQUIRED
MED-1123,TOXINA BOTULÍNICA A,UNRESOLVED,0,0,False,False,False,False,False,AMBIGUOUS_DAILYMED_MATCH,NO_OPENFDA_IDENTITY_CONFIRMED_LABEL,CURRENT_SOURCE_REQUIRED
MED-1124,TRICLABENDAZOL,UNRESOLVED,0,0,False,False,False,False,False,PK_CAUTION_OR_DIALYSIS_ONLY_NO_DOSING_ACTION,RENAL_TEXT_WITHOUT_EXPLICIT_DOSING_ACTION,CURRENT_SOURCE_REQUIRED
MED-1125,TRIHEXIFENIDILO,UNRESOLVED,0,0,False,False,False,False,False,AMBIGUOUS_DAILYMED_MATCH,NO_OPENFDA_IDENTITY_CONFIRMED_LABEL,CURRENT_SOURCE_REQUIRED
MED-1127,TRIPELENAMINA HIDROCLORURO,UNRESOLVED,0,0,False,False,False,False,False,AMBIGUOUS_DAILYMED_MATCH,NO_OPENFDA_LABEL,CURRENT_SOURCE_REQUIRED
MED-1129,TROFOSFAMIDA,UNRESOLVED,0,0,False,False,False,False,False,RXNORM_MATCH_NO_DAILYMED_SPL,NO_OPENFDA_LABEL,CURRENT_SOURCE_REQUIRED
MED-1130,TROPICAMIDA,UNRESOLVED,0,0,False,False,False,False,False,HIGH_MATCH_NO_EXPLICIT_RENAL_DOSING_TEXT,NO_OPENFDA_IDENTITY_CONFIRMED_LABEL,CURRENT_SOURCE_REQUIRED
MED-1131,URAPIDIL,UNRESOLVED,0,0,False,False,False,False,False,RXNORM_MATCH_NO_DAILYMED_SPL,NO_OPENFDA_LABEL,CURRENT_SOURCE_REQUIRED
MED-1132,UROQUINASA,UNRESOLVED,0,0,False,False,False,False,False,AMBIGUOUS_DAILYMED_MATCH,NO_OPENFDA_LABEL,CURRENT_SOURCE_REQUIRED
MED-1133,USTEKINUMAB,UNRESOLVED,0,0,False,False,False,False,False,HIGH_MATCH_NO_EXPLICIT_RENAL_DOSING_TEXT,NO_RENAL_TEXT,CURRENT_SOURCE_REQUIRED
MED-1134,VEDOLIZUMAB,UNRESOLVED,0,0,False,False,False,False,False,HIGH_MATCH_NO_EXPLICIT_RENAL_DOSING_TEXT,NO_RENAL_TEXT,CURRENT_SOURCE_REQUIRED
MED-1135,VELAGLUCERASA ALFA,UNRESOLVED,0,0,False,False,False,False,False,HIGH_MATCH_NO_EXPLICIT_RENAL_DOSING_TEXT,NO_OPENFDA_IDENTITY_CONFIRMED_LABEL,CURRENT_SOURCE_REQUIRED
MED-1136,VESTRONIDASA ALFA,UNRESOLVED,0,0,False,False,False,False,False,AMBIGUOUS_DAILYMED_MATCH,NO_OPENFDA_LABEL,CURRENT_SOURCE_REQUIRED
MED-1137,VINBLASTINA,UNRESOLVED,0,0,False,False,False,False,False,NO_DIRECT_RENAL_SECTION_TITLE,NO_OPENFDA_IDENTITY_CONFIRMED_LABEL,CURRENT_SOURCE_REQUIRED
MED-1138,VINCRISTINA,UNRESOLVED,0,0,False,False,False,False,False,NO_DIRECT_RENAL_SECTION_TITLE,NO_OPENFDA_IDENTITY_CONFIRMED_LABEL,CURRENT_SOURCE_REQUIRED
MED-1139,VINDESINA,UNRESOLVED,0,0,False,False,False,False,False,RXNORM_MATCH_NO_DAILYMED_SPL,NO_OPENFDA_LABEL,CURRENT_SOURCE_REQUIRED
MED-1140,VINORELBINA,UNRESOLVED,0,0,False,False,False,False,False,HIGH_MATCH_NO_EXPLICIT_RENAL_DOSING_TEXT,NO_OPENFDA_IDENTITY_CONFIRMED_LABEL,CURRENT_SOURCE_REQUIRED
MED-1142,ZOLMITRIPTÁN,UNRESOLVED,0,0,False,False,False,False,False,PK_CAUTION_OR_DIALYSIS_ONLY_NO_DOSING_ACTION,RENAL_TEXT_WITHOUT_EXPLICIT_DOSING_ACTION,CURRENT_SOURCE_REQUIRED
MED-1144,DIFENIDOL,UNRESOLVED,0,0,False,False,False,False,False,RXNORM_MATCH_NO_DAILYMED_SPL,NO_OPENFDA_LABEL,CURRENT_SOURCE_REQUIRED
MED-0243,ETAMBUTOL CLORHIDRATO,UNRESOLVED,0,0,False,False,False,False,False,NO_DIRECT_RENAL_SECTION_TITLE,NO_OPENFDA_LABEL,CURRENT_SOURCE_REQUIRED
MED-0037,ACIDO VALPROICO,UNRESOLVED,0,0,False,False,False,False,False,NO_DIRECT_RENAL_SECTION_TITLE,NO_OPENFDA_LABEL,CURRENT_SOURCE_REQUIRED
MED-0052,AMLODIPINO,UNRESOLVED,0,0,False,False,False,False,False,SINGLE_INGREDIENT_MATCHED_COMBINATION_LABEL,NO_OPENFDA_IDENTITY_CONFIRMED_LABEL,CURRENT_SOURCE_REQUIRED
MED-0056,ANASTRAZOL,UNRESOLVED,0,0,False,False,False,False,False,AMBIGUOUS_DAILYMED_MATCH,NO_OPENFDA_IDENTITY_CONFIRMED_LABEL,CURRENT_SOURCE_REQUIRED
MED-0069,BACLOFENO,UNRESOLVED,0,0,False,False,False,False,False,NO_DIRECT_RENAL_SECTION_TITLE,NO_OPENFDA_IDENTITY_CONFIRMED_LABEL,CURRENT_SOURCE_REQUIRED
MED-0095,CABERGOLINA,UNRESOLVED,0,0,False,False,False,False,False,NO_DIRECT_RENAL_SECTION_TITLE,NO_OPENFDA_IDENTITY_CONFIRMED_LABEL,CURRENT_SOURCE_REQUIRED
MED-0107,CARBONATO DE LITIO,UNRESOLVED,0,0,False,False,False,False,False,AMBIGUOUS_DAILYMED_MATCH,NO_OPENFDA_LABEL,CURRENT_SOURCE_REQUIRED
MED-0108,CARVEDILOL,UNRESOLVED,0,0,False,False,False,False,False,PK_CAUTION_OR_DIALYSIS_ONLY_NO_DOSING_ACTION,RENAL_TEXT_WITHOUT_EXPLICIT_DOSING_ACTION,CURRENT_SOURCE_REQUIRED
MED-0110,CEFALEXINA,LOCAL_SUPPORT_ONLY_NEEDS_CURRENT_SOURCE,0,1,False,False,False,False,True,AMBIGUOUS_DAILYMED_MATCH,NO_OPENFDA_IDENTITY_CONFIRMED_LABEL,CURRENT_SOURCE_REQUIRED_WITH_LOCAL_SUPPORT
MED-0123,CICLOSPORINA,UNRESOLVED,0,0,False,False,False,False,False,AMBIGUOUS_DAILYMED_MATCH,NO_OPENFDA_IDENTITY_CONFIRMED_LABEL,CURRENT_SOURCE_REQUIRED
MED-0143,CLONIDINA,UNRESOLVED,0,0,False,False,False,False,False,NO_DIRECT_RENAL_SECTION_TITLE,NO_OPENFDA_IDENTITY_CONFIRMED_LABEL,CURRENT_SOURCE_REQUIRED
MED-0160,COLCHICINA,UNRESOLVED,0,0,False,False,False,False,False,NO_DIRECT_RENAL_SECTION_TITLE,NO_OPENFDA_IDENTITY_CONFIRMED_LABEL,CURRENT_SOURCE_REQUIRED
MED-0208,DORAVIRINA,UNRESOLVED,0,0,False,False,False,False,False,AMBIGUOUS_DAILYMED_MATCH,NO_OPENFDA_LABEL,CURRENT_SOURCE_REQUIRED
MED-0225,EMPAGLIFOZINA,UNRESOLVED,0,0,False,False,False,False,False,SINGLE_INGREDIENT_MATCHED_COMBINATION_LABEL,NO_OPENFDA_IDENTITY_CONFIRMED_LABEL,CURRENT_SOURCE_REQUIRED
MED-0228,ENTACAPONA,UNRESOLVED,0,0,False,False,False,False,False,SINGLE_INGREDIENT_MATCHED_COMBINATION_LABEL,NO_OPENFDA_IDENTITY_CONFIRMED_LABEL,CURRENT_SOURCE_REQUIRED
MED-0251,FAMOTIDINA,LOCAL_SUPPORT_ONLY_NEEDS_CURRENT_SOURCE,0,1,False,False,False,False,True,STRICT_NO_ADJUSTMENT,NO_OPENFDA_IDENTITY_CONFIRMED_LABEL,CURRENT_SOURCE_REQUIRED_WITH_LOCAL_SUPPORT
MED-0254,FENITOINA SODICA,UNRESOLVED,0,0,False,False,False,False,False,NO_DIRECT_RENAL_SECTION_TITLE,NO_OPENFDA_LABEL,CURRENT_SOURCE_REQUIRED
MED-0276,GABAPENTINA,LOCAL_SUPPORT_ONLY_NEEDS_CURRENT_SOURCE,0,1,False,False,False,False,True,STRICT_RENAL_DOSING,NO_OPENFDA_IDENTITY_CONFIRMED_LABEL,CURRENT_SOURCE_REQUIRED_WITH_LOCAL_SUPPORT
MED-0296,HIDROXIUREA,UNRESOLVED,0,0,False,False,False,False,False,AMBIGUOUS_DAILYMED_MATCH,NO_OPENFDA_IDENTITY_CONFIRMED_LABEL,CURRENT_SOURCE_REQUIRED
MED-0321,KETOROLACO,UNRESOLVED,0,0,False,False,False,False,False,NO_DIRECT_RENAL_SECTION_TITLE,NO_OPENFDA_IDENTITY_CONFIRMED_LABEL,CURRENT_SOURCE_REQUIRED
MED-0348,LINAGLIPTINA,UNRESOLVED,0,0,False,False,False,False,False,SINGLE_INGREDIENT_MATCHED_COMBINATION_LABEL,NO_OPENFDA_IDENTITY_CONFIRMED_LABEL,CURRENT_SOURCE_REQUIRED
MED-0358,LOVASTATINA,UNRESOLVED,0,0,False,False,False,False,False,NO_DIRECT_RENAL_SECTION_TITLE,NO_OPENFDA_IDENTITY_CONFIRMED_LABEL,CURRENT_SOURCE_REQUIRED
MED-0377,METFORMINA,LOCAL_SUPPORT_ONLY_NEEDS_CURRENT_SOURCE,0,1,False,False,False,False,True,STRICT_NOT_RECOMMENDED,NO_OPENFDA_IDENTITY_CONFIRMED_LABEL,CURRENT_SOURCE_REQUIRED_WITH_LOCAL_SUPPORT
MED-0385,METOCLOPRAMIDA,LOCAL_SUPPORT_ONLY_NEEDS_CURRENT_SOURCE,0,1,False,False,False,False,True,STRICT_NOT_RECOMMENDED,NO_OPENFDA_IDENTITY_CONFIRMED_LABEL,CURRENT_SOURCE_REQUIRED_WITH_LOCAL_SUPPORT
MED-0393,MIDODRINA CLORHIDRATO,UNRESOLVED,0,0,False,False,False,False,False,NO_DIRECT_RENAL_SECTION_TITLE,NO_OPENFDA_LABEL,CURRENT_SOURCE_REQUIRED
MED-0402,MIRTAZAPINA,UNRESOLVED,0,0,False,False,False,False,False,NO_DIRECT_RENAL_SECTION_TITLE,NO_OPENFDA_IDENTITY_CONFIRMED_LABEL,CURRENT_SOURCE_REQUIRED
MED-0434,OLANZAPINA,UNRESOLVED,0,0,False,False,False,False,False,NO_DIRECT_RENAL_SECTION_TITLE,NO_OPENFDA_IDENTITY_CONFIRMED_LABEL,CURRENT_SOURCE_REQUIRED
MED-0444,OXCARBAZEPINA,UNRESOLVED,0,0,False,False,False,False,False,STRICT_NOT_RECOMMENDED,NO_OPENFDA_IDENTITY_CONFIRMED_LABEL,CURRENT_SOURCE_REQUIRED
MED-0452,PANTOPRAZOL,UNRESOLVED,0,0,False,False,False,False,False,NO_DIRECT_RENAL_SECTION_TITLE,NO_OPENFDA_IDENTITY_CONFIRMED_LABEL,CURRENT_SOURCE_REQUIRED
MED-0457,PAROXETINA,UNRESOLVED,0,0,False,False,False,False,False,PK_CAUTION_OR_DIALYSIS_ONLY_NO_DOSING_ACTION,NO_OPENFDA_IDENTITY_CONFIRMED_LABEL,CURRENT_SOURCE_REQUIRED
MED-0491,QUETIAPINA,UNRESOLVED,0,0,False,False,False,False,False,STRICT_RENAL_DOSING_TEXT,NO_OPENFDA_IDENTITY_CONFIRMED_LABEL,CURRENT_SOURCE_REQUIRED
MED-0504,RISPERIDONA,UNRESOLVED,0,0,False,False,False,False,False,PK_CAUTION_OR_DIALYSIS_ONLY_NO_DOSING_ACTION,NO_OPENFDA_IDENTITY_CONFIRMED_LABEL,CURRENT_SOURCE_REQUIRED
MED-0515,SACUBITRIL VALSARTAN,UNRESOLVED,0,0,False,False,False,False,False,SINGLE_INGREDIENT_MATCHED_COMBINATION_LABEL,NO_OPENFDA_LABEL,CURRENT_SOURCE_REQUIRED
MED-0520,SEMAGLUTIDA,UNRESOLVED,0,0,False,False,False,False,False,AMBIGUOUS_DAILYMED_MATCH,NO_OPENFDA_LABEL,CURRENT_SOURCE_REQUIRED
MED-0528,SITAGLIPTINA,LOCAL_SUPPORT_ONLY_NEEDS_CURRENT_SOURCE,0,1,False,False,False,False,True,STRICT_NO_ADJUSTMENT,NO_OPENFDA_IDENTITY_CONFIRMED_LABEL,CURRENT_SOURCE_REQUIRED_WITH_LOCAL_SUPPORT
MED-0530,SOLIFENACINA,UNRESOLVED,0,0,False,False,False,False,False,PK_CAUTION_OR_DIALYSIS_ONLY_NO_DOSING_ACTION,NO_OPENFDA_IDENTITY_CONFIRMED_LABEL,CURRENT_SOURCE_REQUIRED
MED-0553,TADALAFILO,UNRESOLVED,0,0,False,False,False,False,False,STRICT_NOT_RECOMMENDED,NO_OPENFDA_IDENTITY_CONFIRMED_LABEL,CURRENT_SOURCE_REQUIRED
MED-0556,TAMSULOSINA CLORHIDRATO,UNRESOLVED,0,0,False,False,False,False,False,PK_CAUTION_OR_DIALYSIS_ONLY_NO_DOSING_ACTION,NO_OPENFDA_IDENTITY_CONFIRMED_LABEL,CURRENT_SOURCE_REQUIRED
MED-0561,TEOFILINA ANHIDRA,UNRESOLVED,0,0,False,False,False,False,False,NO_DIRECT_RENAL_SECTION_TITLE,NO_OPENFDA_LABEL,CURRENT_SOURCE_REQUIRED
MED-0562,TERAZOSINA,UNRESOLVED,0,0,False,False,False,False,False,NO_DIRECT_RENAL_SECTION_TITLE,NO_OPENFDA_IDENTITY_CONFIRMED_LABEL,CURRENT_SOURCE_REQUIRED
MED-0577,TIZANIDINA,UNRESOLVED,0,0,False,False,False,False,False,STRICT_RENAL_DOSING,NO_OPENFDA_IDENTITY_CONFIRMED_LABEL,CURRENT_SOURCE_REQUIRED
MED-0579,TOLTERODINA L-TARTRATO,UNRESOLVED,0,0,False,False,False,False,False,AMBIGUOUS_DAILYMED_MATCH,NO_OPENFDA_LABEL,CURRENT_SOURCE_REQUIRED
MED-0580,TOPIRAMATO,LOCAL_SUPPORT_ONLY_NEEDS_CURRENT_SOURCE,0,1,False,False,False,False,True,STRICT_RENAL_DOSING,NO_OPENFDA_IDENTITY_CONFIRMED_LABEL,CURRENT_SOURCE_REQUIRED_WITH_LOCAL_SUPPORT
MED-0584,TRAZODONA,UNRESOLVED,0,0,False,False,False,False,False,PK_CAUTION_OR_DIALYSIS_ONLY_NO_DOSING_ACTION,NO_OPENFDA_IDENTITY_CONFIRMED_LABEL,CURRENT_SOURCE_REQUIRED
MED-0596,UMECLIDINIO,UNRESOLVED,0,0,False,False,False,False,False,SINGLE_INGREDIENT_MATCHED_COMBINATION_LABEL,NO_OPENFDA_IDENTITY_CONFIRMED_LABEL,CURRENT_SOURCE_REQUIRED
MED-0603,VARENICLINA TARTRATO,UNRESOLVED,0,0,False,False,False,False,False,PK_CAUTION_OR_DIALYSIS_ONLY_NO_DOSING_ACTION,NO_OPENFDA_IDENTITY_CONFIRMED_LABEL,CURRENT_SOURCE_REQUIRED
MED-0613,VORTIOXETINA,UNRESOLVED,0,0,False,False,False,False,False,NO_DIRECT_RENAL_SECTION_TITLE,NO_OPENFDA_IDENTITY_CONFIRMED_LABEL,CURRENT_SOURCE_REQUIRED
MED-0615,ZIDOVUDINA,UNRESOLVED,0,0,False,False,False,False,False,SINGLE_INGREDIENT_MATCHED_COMBINATION_LABEL,NO_OPENFDA_IDENTITY_CONFIRMED_LABEL,CURRENT_SOURCE_REQUIRED
MED-0670,CEFPODOXIMA,UNRESOLVED,0,0,False,False,False,False,False,NO_DIRECT_RENAL_SECTION_TITLE,NO_OPENFDA_IDENTITY_CONFIRMED_LABEL,CURRENT_SOURCE_REQUIRED
